seq1,seq2,tier
VDHDHPE,LWH,Tier1
YYQ,GPGGFI,Tier1
PHY,YIY,Tier1
LHS,GEGSGA,Tier1
LLPHHH,SGAF,Tier1
DSGVT,AGWNI,Tier1
LQPGQGQQG,LHF,Tier1
AYY,YFY,Tier1
TRTGDPFF,PGVPWP,Tier1
PAGY,LAC,Tier1
NHH,GEGSGA,Tier1
LYY,PIAAEVYEHTEGSTTSY,Tier1
TERGY,ETTL,Tier1
LQSGDALRVPSGTTYY,NHRYDR,Tier1
RHG,AGWNI,Tier1
NHRYDR,VECYGPNRPQF,Tier1
RHA,YYR,Tier1
LHS,YPPAK,Tier1
LHE,WYSLAM,Tier1
LHL,SDF,Tier1
FLHRP,RYL,Tier1
PPK,GAH,Tier1
LYEGY,LANAK,Tier1
PHD,WYSL,Tier1
HHPLL,SDRDLLGPNNQYLPK,Tier1
IAPNYNTRATKL,YQEP,Tier1
HYH,CSQAPLA,Tier1
NGPLQAGQPGER,HLPH,Tier1
YYL,FFAPGRNPTSFS,Tier1
PYY,YFY,Tier1
LHR,WYSLAM,Tier1
NHRYDR,WHNVSGSP,Tier1
RHK,YQIGL,Tier1
IKK,RADHP,Tier1
HYY,GALAAH,Tier1
PLHH,AYFYPEL,Tier1
RHW,LPF,Tier1
RHL,YYQ,Tier1
WYSLA,FHNMEK,Tier1
FLNDFLHV,LFC,Tier1
IYY,LNGDVW,Tier1
VECYG,YYV,Tier1
DSGVT,WYT,Tier1
DPALATEPDPMPF,QYDQGV,Tier1
FRDEHKK,RYY,Tier1
LPL,CAQ,Tier1
YHY,ALEPDHR,Tier1
TIIPLPV,YWVTSGPK,Tier1
PWF,GAWA,Tier1
PHY,YMY,Tier1
SNAAC,LAC,Tier1
GGE,IYIEQGNGITGM,Tier1
GWNIP,TEVWDSNEQ,Tier1
YQEP,VFPW,Tier1
PHW,IYY,Tier1
RNDDLNYIQ,GFGPEL,Tier1
NADFGLNGLEGLA,LHD,Tier1
LWF,PWV,Tier1
LPTSEAAKY,GQVPP,Tier1
WYSLAMA,LNLPTAVYMVT,Tier1
RHPHP,GQVPP,Tier1
YTY,YYDPL,Tier1
IKL,IQW,Tier1
LWM,LANAK,Tier1
GALAAH,VECYGPNRPQF,Tier1
LWH,IAPNYNTRATKL,Tier1
RHE,ISELWG,Tier1
VNPHDHQN,WHNVSGSP,Tier1
GGE,TETWNPNHPEL,Tier1
RWL,LSGYGP,Tier1
LHY,LRGIKNYRVAVL,Tier1
LSGYGP,AYFYPEL,Tier1
PWV,NHH,Tier1
RHI,HQIYPV,Tier1
GIISHR,AEEEYPDL,Tier1
AHK,IVEYF,Tier1
EFIQ,YVGD,Tier1
FYPEL,LWH,Tier1
SVYT,YQEPVLGP,Tier1
PNRPQF,YGY,Tier1
YNY,CAQ,Tier1
HHPLL,LLPHH,Tier1
HHLP,YQL,Tier1
PHE,KFPE,Tier1
PHI,TIASGEP,Tier1
RHN,WIRGCRL,Tier1
GAWA,SGQYFL,Tier1
WNIP,YLGY,Tier1
RYY,AEEEYPDL,Tier1
MHH,PSIPA,Tier1
HQIYPV,VFPW,Tier1
GPLGLLGFLGPLGLS,AEERYP,Tier1
LWV,NHK,Tier1
YVY,YYM,Tier1
LPTSEAAKY,TGGGNV,Tier1
PEL,DWDPK,Tier1
FYY,LTC,Tier1
LYY,DWDPK,Tier1
VKL,LLPH,Tier1
PLFQNKLAHAK,YYV,Tier1
DSGVT,HPLH,Tier1
LLPH,MWL,Tier1
NYY,STMMEERRMKVY,Tier1
VKEAMPK,YQL,Tier1
YRY,AEEEYPDL,Tier1
PHN,MHI,Tier1
RYQ,CHI,Tier1
YYG,RYQ,Tier1
WHH,SIITMTKEAKLPQLWKQIACRLYNTC,Tier1
LHG,LHL,Tier1
ARHPHPHLSFM,VPNSYP,Tier1
FIPGLRRLFATVVPTVVCAINKLPPG,WNIP,Tier1
PSKYEPFV,ARHPHP,Tier1
LEELEEELEGCE,LHM,Tier1
ESTTVPERTHPACPDFN,AADNANELFPPN,Tier1
LWE,SYY,Tier1
WHH,HYH,Tier1
TERGY,LANAK,Tier1
PWA,AGWNI,Tier1
RWQ,VKEAMPK,Tier1
TYY,FHNMEK,Tier1
LYPY,VKCFR,Tier1
LHM,AWIRGCRL,Tier1
LGLNGDDVN,QYP,Tier1
KAI,LHF,Tier1
RHQ,GYY,Tier1
SIITMTKEAKLPQLWKQIACRLYNTC,YQL,Tier1
YKY,YLKT,Tier1
PLFQNKLAHAK,QYDQGV,Tier1
RHM,WYSLA,Tier1
VHHANEN,AIRQGDVF,Tier1
GAWA,FDEQE,Tier1
ISELGW,WNIP,Tier1
YIPIQY,YLL,Tier1
PWY,WHH,Tier1
YYK,EEEQVGQGYETIRARL,Tier1
PNRPQF,WYGPD,Tier1
LEELEEELEGCE,MPACGSS,Tier1
CYGPNR,WVYY,Tier1
LGLNGDDVN,IYIEQGNGITGM,Tier1
GYLEQ,SAEHGSLH,Tier1
RHE,GIISHR,Tier1
CYGPNR,PYSFK,Tier1
HLHP,HDH,Tier1
HHLP,KDVPP,Tier1
HPLH,YYF,Tier1
LWT,AMRLTYNRPCIYAT,Tier1
YMY,LPM,Tier1
RCMAFLLSDGAAAAQQLLPQYW,VLVPK,Tier1
PPQ,LPHH,Tier1
PIAAEVYEHTEGSTTSY,TEVWDSNEQ,Tier1
GIFE,GEC,Tier1
VHDY,WYT,Tier1
EYY,WVYY,Tier1
QYY,GAWA,Tier1
PHM,TIIPLPV,Tier1
NHAV,LDY,Tier1
HPHL,WYT,Tier1
VKV,YWVTSGPK,Tier1
LHQ,CQC,Tier1
YLYP,PSLVGRPPVGKLTL,Tier1
YKY,NFHPQ,Tier1
PHN,GAWA,Tier1
HHLP,VCSV,Tier1
YYQ,RADHPF,Tier1
RHE,YGYTGA,Tier1
GPLGLLGFLGPLGLS,MTEEY,Tier1
IPAGM,YQK,Tier1
VVKL,YYDPL,Tier1
AAVGGYRVAVL,LTC,Tier1
LHV,PHR,Tier1
LWN,GAH,Tier1
LWA,IQW,Tier1
RHA,GPP,Tier1
VLPVPQK,RYLG,Tier1
KYY,EWPAQ,Tier1
DYY,GAH,Tier1
YVGD,TRTGDPFF,Tier1
VKAGFAWTANQQLS,YTY,Tier1
LHE,WNIP,Tier1
FDSGPAGVL,AMTGLDA,Tier1
VNPHDHQN,QWPAQ,Tier1
PHL,LARL,Tier1
RHI,VKP,Tier1
VIPMGL,WRNRCKGTD,Tier1
VKV,LAC,Tier1
LYPY,LWH,Tier1
PWQ,GEGSGA,Tier1
VPSIDDQEELM,RADHPF,Tier1
SDRDLLGPNNQYLPK,DLEE,Tier1
PWN,VPYPQ,Tier1
AKYIPIQYVLSRYPSY,PHG,Tier1
FEQI,YQIGL,Tier1
PPQ,ADF,Tier1
KYY,TYY,Tier1
LHT,ARHPHPHLSFM,Tier1
SIITMTKEAKLPQLWKQIACRLYNTC,WEN,Tier1
PWY,GYY,Tier1
RHK,RWI,Tier1
VDHDHPE,GLLDSVKEGLKKVAGQLLDTLKCKISGCTPA,Tier1
RWN,HEKVC,Tier1
SYY,DDPDKGMLKWKNDFFQEF,Tier1
RHG,GALAAH,Tier1
LWD,LQGM,Tier1
HLPLPL,SRYPS,Tier1
QHH,YAY,Tier1
CAAP,VAMVPPFET,Tier1
YYL,IPAGV,Tier1
SHDAHPE,YIY,Tier1
HFH,VFPW,Tier1
VKEAMPK,SWN,Tier1
HLPH,VKEAMPK,Tier1
MQFHT,GFGPEL,Tier1
HNPI,LANAK,Tier1
PHHADS,HDHPVC,Tier1
LWN,VHDY,Tier1
RWL,KLSDW,Tier1
HLPLPL,GAWA,Tier1
LWE,GQVPP,Tier1
LMGQW,WISELGW,Tier1
WVYY,ISELGF,Tier1
VVGGDGDV,YLG,Tier1
LWN,LNLPTAVYMVT,Tier1
WHH,CHI,Tier1
FDSGPAGVL,YCY,Tier1
VHH,ISELGF,Tier1
YLGAK,SNAAC,Tier1
HHY,SALAM,Tier1
HLPH,VPNSYP,Tier1
WVYY,MWL,Tier1
PHD,NHAV,Tier1
LALPA,LSGYGP,Tier1
YSTA,AKAWGIPPHVIPQIVPVRIRPLCGNV,Tier1
LVDTGRGPIMY,AADNANELFPPN,Tier1
PHG,LTC,Tier1
HYH,AGWNIPIGT,Tier1
RWE,WYSLA,Tier1
NEN,VPKVK,Tier1
HVRETALV,AMRLTYNRPCLGAT,Tier1
AHK,IRGCRL,Tier1
WSRRGEREEEDERRR,EFLQ,Tier1
KYY,VPYPQ,Tier1
WYGPD,YLGY,Tier1
VSYT,YAKPA,Tier1
YKY,VVGGDGDV,Tier1
RHT,RYQ,Tier1
HHP,YVEEL,Tier1
GFPSG,DVFRELRVQ,Tier1
LHF,YYF,Tier1
YVY,EFQL,Tier1
PWL,NHH,Tier1
VDHDHPE,HGPLGPL,Tier1
YYQ,TIASGEP,Tier1
HPHL,YQKFPQY,Tier1
SFGAKNAVKNGLQKLRNQCQANNYQGPFCDIFKKNP,WDDMEK,Tier1
HHF,QCH,Tier1
FPLEMMPF,LAPSLPGKPKPD,Tier1
YYN,HNPI,Tier1
VIPAGYP,PWN,Tier1
LWA,LGFEY,Tier1
RWH,IYY,Tier1
LVMFLDNQHRVIRH,DEDTQAMP,Tier1
LGLNGDDVN,LFC,Tier1
LWW,TYY,Tier1
PHQ,MEMK,Tier1
LVMFLDNQHRVIRH,GIISHR,Tier1
QKW,KDVPP,Tier1
WSY,VKCFR,Tier1
TSQLLSDQ,FPQY,Tier1
LGFEYY,IRGCRL,Tier1
RHF,YLMSR,Tier1
TEFTK,TIASGEP,Tier1
YYM,LPHSGY,Tier1
AMTGLDA,GGLEPINFN,Tier1
QYY,YQKFP,Tier1
GPGGFI,SVMPVVA,Tier1
LPYY,ISELGW,Tier1
YYF,GPP,Tier1
IEEAF,GFPSG,Tier1
HLHP,QYP,Tier1
PHW,PWS,Tier1
WYY,QGAR,Tier1
PWV,YRY,Tier1
LPTSEAAKY,SFGAKNAVKNGLQKLRNQCQANNYQGPFCDIFKKNP,Tier1
MWL,FRSGILKLASKIPSVLCAVLKNC,Tier1
GTQY,MPACGSS,Tier1
LMCH,CVHWMTNTARTACIAP,Tier1
YEY,AGWNIPIGT,Tier1
LEQQVDDLEGSLEQEKK,IYIEQGNGITGM,Tier1
YPEL,QCH,Tier1
WYSLAM,GYLEQ,Tier1
LQSGDALRVPSGTTYY,PHCKRM,Tier1
LRGIKNYRVAVL,AIRQGDVF,Tier1
PIAAEVYEHTEGSTTSY,SNAAC,Tier1
GLTSK,RYLGY,Tier1
LYY,FYQL,Tier1
IYY,GVPLT,Tier1
ISELGF,YQL,Tier1
VDYP,LEQQVDDLEGSLEQEKK,Tier1
YPPAK,AMRLTGNRPGLYAT,Tier1
RHN,ARHPHP,Tier1
PHG,LPF,Tier1
PAGY,FALPQYLK,Tier1
QCL,GQFNDKRWIPFG,Tier1
PAGY,LHPH,Tier1
PHS,GWNIP,Tier1
RWW,YSEMPPGK,Tier1
LGLNGDDVN,PSDHDHE,Tier1
YFE,WYSLA,Tier1
RYY,FDEQE,Tier1
YSTA,TCSP,Tier1
NHRYDR,WYSLA,Tier1
YYS,AGWNIP,Tier1
LPHH,SRYPS,Tier1
FYPEL,AEEEYPDL,Tier1
LVGDEQAVPAVCVP,CAAP,Tier1
HHLP,YLY,Tier1
AQIPQQ,NQE,Tier1
QHH,YYM,Tier1
YPEL,PWV,Tier1
PHF,QYY,Tier1
LWM,RYQ,Tier1
AYY,QCL,Tier1
RPPGFSPFR,YAKPA,Tier1
RNR,YPIL,Tier1
YLG,YLGY,Tier1
LWM,RHL,Tier1
LWD,LEEAF,Tier1
PKAVHE,RCMAFLLSDGAAAAQQLLPQYW,Tier1
PSIPA,QCH,Tier1
WSVPQPK,WPL,Tier1
LYPY,NHH,Tier1
YYG,GQFNDKRWIPFG,Tier1
LHS,HVRETALV,Tier1
LWV,GFYPPP,Tier1
AKYIPIQYVLSRYPSY,ECA,Tier1
PVMGA,KFPE,Tier1
RADHP,GWNIP,Tier1
HHLP,NFHPQ,Tier1
VPSGK,FLQEFLHV,Tier1
AGWNIPIGT,LGNTDYAVH,Tier1
LHY,WISELG,Tier1
YQEP,LYEGY,Tier1
PWV,ISELWG,Tier1
RWH,GGIF,Tier1
FLNDFLHV,VPKVK,Tier1
YGLN,SNAAC,Tier1
ISELGF,YAKPA,Tier1
DPALATEPDPMPF,GQFNDKRWIPFG,Tier1
MYY,YNI,Tier1
HLH,VKEAMPK,Tier1
YYN,TDY,Tier1
LVMFLDNQHRVIRH,LPM,Tier1
WYSLA,AYFYPE,Tier1
VDYP,YPPAK,Tier1
LNGDVW,LAPSLPGKPKPD,Tier1
RWW,FYQL,Tier1
YHY,IKK,Tier1
VQYPVEHPNKFLKFGMTPSKGVLFY,VECYGPNRPQF,Tier1
AVPYPQR,GQVPP,Tier1
FIGP,YLL,Tier1
PKAV,AEERYP,Tier1
LLPHH,YHH,Tier1
YQY,SIITMTKEAKLPQLWKQIACRLYNTC,Tier1
YVGD,GTW,Tier1
YNY,YQLD,Tier1
HMPVTK,DHG,Tier1
LQPGQGQQ,LHF,Tier1
VYY,IIENGEKWS,Tier1
YYN,AMRLTGNRPGLYAT,Tier1
EFQI,KGLWE,Tier1
YPIL,RYQ,Tier1
GIISHR,IQW,Tier1
FLHRP,LGFEY,Tier1
MWL,AWIRGCRL,Tier1
PHCKRM,WHNVSGSP,Tier1
WEGPK,EFQI,Tier1
WYY,YTY,Tier1
LWV,HFH,Tier1
LWT,WYT,Tier1
HEH,FLPF,Tier1
HYH,YYH,Tier1
AMTGLDA,YGLN,Tier1
WPP,ETTL,Tier1
MHIRL,PKLPPVKK,Tier1
LHQ,HWH,Tier1
YYI,EEEQVGQGYETIRARL,Tier1
RWN,TTYY,Tier1
FVAGK,IPAGM,Tier1
PHF,LPF,Tier1
NGPLQAGQPGER,GSGGL,Tier1
PSKYEPFV,IQW,Tier1
PHF,YLAGMN,Tier1
LHT,DHG,Tier1
VPSGK,KYL,Tier1
YGYTGA,RYPS,Tier1
FLKPLFNAALKLLP,YPELF,Tier1
RWY,VECYGPNRPQF,Tier1
VKAGFAWTANQQLS,YYS,Tier1
LWK,RDMPIQ,Tier1
PMDYMVT,QYDQGV,Tier1
YLYP,VGDI,Tier1
ESTVPERTHPACPDFN,CHI,Tier1
PWQ,PWT,Tier1
EFLQ,CQC,Tier1
LLPHH,SYY,Tier1
LWS,CME,Tier1
AMRLTYNKPCLYGT,YLG,Tier1
YYA,GQVPP,Tier1
WYSLAM,GIFE,Tier1
VKCFR,TDY,Tier1
YEADARSFHDLAEHDIRV,DWDPK,Tier1
IPAGV,GWNI,Tier1
AEAQKQLR,NEN,Tier1
LHN,AYFYPE,Tier1
YYD,RYY,Tier1
LPHH,GAH,Tier1
RHD,YGY,Tier1
RWA,SDRDLLGPNNQYLPK,Tier1
HPH,RHD,Tier1
VHHANEN,AKAWGIPPHVIPQIVPVRIRPLCGNV,Tier1
TDY,VLVPK,Tier1
WEIKPSSLTGKSPYFSNNHGKL,SRYPS,Tier1
IEAEGE,YYY,Tier1
MHIRL,VAVDKHDYEPLGHSDIGVY,Tier1
LLPH,WHNVSGSP,Tier1
YWY,GAH,Tier1
GHH,ETTL,Tier1
LWM,LGFEY,Tier1
YVY,LSGNK,Tier1
PWQ,PHYL,Tier1
PLHH,PWE,Tier1
AEAQKQLR,RHN,Tier1
SVYT,KDVPP,Tier1
VAVDKHDYEPLGHSDIGVY,NEN,Tier1
PHD,QLGNLGV,Tier1
EFLQ,RHPHP,Tier1
GPP,AADNANELFPPN,Tier1
TETWNPNHPEL,AEEEYPDL,Tier1
GPLGLLGFLGPLGLS,RNDDLNYIQ,Tier1
HLHP,DGVVYY,Tier1
PPQ,NPYVPR,Tier1
YNI,RYL,Tier1
PKAVHE,YSY,Tier1
LHD,YYV,Tier1
QCH,AWDPE,Tier1
PEL,ACFL,Tier1
NQE,CHI,Tier1
RWG,SRYPS,Tier1
VKP,PVDENDEG,Tier1
RWT,NHRYDR,Tier1
ISELGF,ADGF,Tier1
LHD,VGDI,Tier1
QHGV,SRYPS,Tier1
QWPAQ,AKAWGIPPHVIPQIVPVRIRPLCGNV,Tier1
LHW,FEQL,Tier1
RHH,HVCYMF,Tier1
DDPDKGMLKWKNDFFQEF,AGTTCLFTPLALPYDYSH,Tier1
VAVDKHDYEPLGHSDIGVY,QYDQGV,Tier1
YAEERYPIL,AWIRGCRL,Tier1
LHH,FDEQE,Tier1
YYS,LPL,Tier1
LWN,EFIQ,Tier1
AMRLTYNRPCIYAT,STMMEERRMKVY,Tier1
VHH,MPACGSS,Tier1
GFFDRIKALTKNVTLELLNTITCKLPVTPP,FHNMEK,Tier1
PSKYEPFV,IHH,Tier1
YQEP,DEDTQAMP,Tier1
VKP,MPDAHL,Tier1
VKAGFAWTANQQLS,DYY,Tier1
GALAAH,WIRGCRL,Tier1
PHM,HGGEGGRPYHLGEES,Tier1
GPLGLLGFLGPLGLS,YQKFP,Tier1
VDYP,LWW,Tier1
YGY,AYFYPEL,Tier1
RHF,LEEAF,Tier1
FVAGK,WRNRCKGTD,Tier1
FRSGILKLASKIPSVLCAVLKNC,SDRDLLGPNNQYLPK,Tier1
LHF,YVY,Tier1
LWK,YSEMPPGK,Tier1
LWR,PWW,Tier1
WEIKPSSLTGKSPYFSNNHGKL,MPDAHL,Tier1
GVPLT,GFGPEL,Tier1
CVHWMTNTARTACIAP,LLR,Tier1
YYN,YAKP,Tier1
MEMK,WRNRCKGTD,Tier1
PWH,QGAR,Tier1
YHH,IVEYF,Tier1
PHT,PYSFK,Tier1
HLPH,FIGP,Tier1
VECYGPNRPQF,SFGAKNAVKNGLQKLRNQCQANNYQGPFCDIFKKNP,Tier1
GALAAH,LSGYGP,Tier1
VHHANEN,MHIRL,Tier1
LRGIKNYRVAVL,AWDPE,Tier1
LGNTDYAVH,WYGPD,Tier1
PWQ,MILMR,Tier1
HEKVC,LMGQW,Tier1
MTEEY,SDRDLLGPNNQYLPK,Tier1
WYS,WDDMEK,Tier1
FHH,VSYT,Tier1
QYY,DYK,Tier1
YWY,QGAR,Tier1
PPK,FIPGLRRLFATVVPTVVCAINKLPPG,Tier1
LQL,RYQ,Tier1
WYSLAMA,YGGFL,Tier1
PWT,AGTTCLFTPLALPYDYSH,Tier1
YAEERYPIL,PHF,Tier1
SAEHGSLH,SGAF,Tier1
LHQ,HDHPVC,Tier1
LHQ,SVMPVVA,Tier1
MEMK,YYIVS,Tier1
KAI,PWG,Tier1
PWY,GFWDSVKEGLKNAAVTILNKIKCKISECPPA,Tier1
HPH,RYPS,Tier1
GAWA,TGGGNV,Tier1
HLHP,VPW,Tier1
SWN,LPF,Tier1
WSY,WYSLAM,Tier1
FYQL,HYVPV,Tier1
VPSIDDQEELM,HHLP,Tier1
YYF,HGGEGGRPYHLGEES,Tier1
LHA,YYI,Tier1
LHM,WISELGW,Tier1
LHQ,PYFNK,Tier1
RHQ,AAVGGYRVAVL,Tier1
VDYP,HGPLGPL,Tier1
VECYG,LNGDVW,Tier1
IAPNYNTRATKL,SDF,Tier1
PYPQ,VPNSYP,Tier1
PWI,YYQ,Tier1
DDPDKGMLKWKNDFFQEF,GIISHR,Tier1
RWR,ECA,Tier1
RHV,RWG,Tier1
HHPLL,AYFYPE,Tier1
YNY,LQGM,Tier1
FFGFN,TEVWDSNEQ,Tier1
PWF,YYY,Tier1
YCY,YSEMPPGK,Tier1
YPFPG,LYEGY,Tier1
VKV,YAKPA,Tier1
HGGEGGRPYHLGEES,GLTSK,Tier1
YLYP,RHE,Tier1
LMGQW,VKP,Tier1
AAVGGYRVAVL,AWDPE,Tier1
YSY,AIEWEGIESGSVEQA,Tier1
IPAGM,MEMK,Tier1
NHH,FPLEMMPF,Tier1
LWA,LLR,Tier1
GYY,WYSLAMA,Tier1
SDF,DYK,Tier1
LVDTGRGPIMY,EQC,Tier1
LELHKLRSSHWFSRR,LVDTGRGPIMY,Tier1
GPGGFI,TIIPLPV,Tier1
VVKL,ECA,Tier1
HFGDPFH,YLG,Tier1
WSRRGEREEEDERRR,DHTKE,Tier1
FYY,YLGY,Tier1
IYY,PHCKRM,Tier1
WHH,YSY,Tier1
LHL,PHV,Tier1
PPQ,LALPA,Tier1
DAQEKLE,FLKPLFNAALKLLP,Tier1
YQIGL,WYGPD,Tier1
LHA,PHM,Tier1
LVDTGRGPIMY,YSTA,Tier1
RWG,CVHWMTNTARTACIAP,Tier1
PHN,MHH,Tier1
FRADHPFL,AEEEYPDL,Tier1
FVPH,GIISHR,Tier1
RHM,GVPLT,Tier1
NRVYIHPFHLLVYS,TVYQ,Tier1
LVDTGRGPIMY,TGGGNV,Tier1
LWM,RHPHP,Tier1
LYPY,PWD,Tier1
YYA,WPL,Tier1
FRADHPFL,LFC,Tier1
LHA,PYVRYL,Tier1
FVAGK,GAH,Tier1
PHA,LANAK,Tier1
YPIL,FDEQE,Tier1
LARL,IYIEQGNGITGM,Tier1
ADHP,WYSLAMA,Tier1
LWD,YWY,Tier1
VDHDHPE,AYPS,Tier1
YFE,LAC,Tier1
VYY,AYFYPE,Tier1
PSYV,LVMFLDNQHRVIRH,Tier1
IPAGM,AKAWGIPPHVIPQIVPVRIRPLCGNV,Tier1
LWQ,PWA,Tier1
WYSLAMAASDI,NGPLQAGQPGER,Tier1
EFLQ,RASDPLLSV,Tier1
LHL,LWN,Tier1
YYF,PSLVGRPPVGKLTL,Tier1
PHS,DRVYIHPF,Tier1
RADHP,WHNVSGSP,Tier1
PIAAEVYEHTEGSTTSY,QYP,Tier1
PWY,AWDPE,Tier1
LHN,SFGAKNAVKNGLQKLRNQCQANNYQGPFCDIFKKNP,Tier1
LGNTDYAVH,VPKVK,Tier1
AVPYPQR,FRSGILKLASKIPSVLCAVLKNC,Tier1
IEAEGE,RADHP,Tier1
YYK,PYFNK,Tier1
YYW,VLYEE,Tier1
LHN,YQEPVLGP,Tier1
YPI,LSGNK,Tier1
LEELEEELEGCE,SDF,Tier1
FIGP,VPW,Tier1
LWY,WHH,Tier1
LHD,FDEQE,Tier1
YHY,PKLPPVKK,Tier1
PEL,LGLNGDDVN,Tier1
YYN,QWPAQ,Tier1
PHE,GEC,Tier1
HHLP,YDY,Tier1
YYD,LTC,Tier1
YYH,AGGF,Tier1
YFY,SWN,Tier1
PWN,GQVPP,Tier1
VHHANEN,AMTGLDA,Tier1
PHL,PWH,Tier1
YSY,QYP,Tier1
LWF,RWE,Tier1
PKAVHE,PHM,Tier1
KAI,ADF,Tier1
NYY,DWDPK,Tier1
KVI,EFIQ,Tier1
RWE,GAWA,Tier1
LVGDEQAVPAVCVP,PHF,Tier1
AGWNIP,YYIVS,Tier1
LPTSEAAKY,LWK,Tier1
TERGY,YQLD,Tier1
YQEP,LTTLDSE,Tier1
LWE,APIRMWYMYRKLTDMEPKPVA,Tier1
NHK,RPNYTDA,Tier1
VYY,YQEPVLGPVRGPFPIIV,Tier1
PPK,GGLEPINFN,Tier1
HVRETALV,YWVTSGPK,Tier1
AQIPQQ,LEELEEELEGCE,Tier1
YEDCTDCGN,YPELF,Tier1
LWD,LGFEYY,Tier1
PYFNK,DHG,Tier1
YLYP,HLHP,Tier1
VSYT,LGY,Tier1
FRDEHKK,PWN,Tier1
PHF,GPGGFI,Tier1
IRGCRL,ADGF,Tier1
LNGDVW,WYSLAMA,Tier1
GIISHR,PKLPPVKK,Tier1
IIENGEKWS,WHNVSGSP,Tier1
TRTGDPFF,RYLG,Tier1
LHN,VPYPQ,Tier1
LWM,WRNRCKGTD,Tier1
YYR,VPYPQ,Tier1
YYL,NHK,Tier1
ESTTVPERTHPACPDFN,GFFDRIKALTKNVTLELLNTITCKLPVTPP,Tier1
VFPW,WHNVSGSP,Tier1
LHI,CVHWMTNTARTACIAP,Tier1
PSLPA,VIPMGL,Tier1
YPFPG,PSLPA,Tier1
PWV,PYPQ,Tier1
KHNRGDEF,VLSRYPS,Tier1
LLPHH,LHD,Tier1
LHF,NPYVPR,Tier1
LHK,QVVPYPQ,Tier1
PHL,YLL,Tier1
AEAQKQLR,AGGF,Tier1
LWY,HVCYMF,Tier1
ARHPHPHLSFM,FIPGLRRLFATVVPTVVCAINKLPPG,Tier1
VKAGFAWTANQQLS,WNIP,Tier1
HGGEGGRPYHLGEES,GFYPPP,Tier1
PSIPA,PHCKRM,Tier1
LHV,CSQAPLA,Tier1
YHY,LSGYGP,Tier1
PWY,TVYQ,Tier1
LWD,YLY,Tier1
CAAP,YLL,Tier1
LWM,YPI,Tier1
VKEAMPK,KYL,Tier1
YYA,GWNI,Tier1
LAC,VAGTWY,Tier1
PKAVHE,LFC,Tier1
GALAAH,AYFYPEL,Tier1
VDYP,RWR,Tier1
GVPLT,LALPA,Tier1
ESTTVPERTHPACPDFN,MQFHT,Tier1
LQSGDALRVPSGTTYY,RWT,Tier1
PWF,ECA,Tier1
HLPH,QYDQGV,Tier1
AQIPQQ,PWE,Tier1
LHD,GIISHR,Tier1
YYR,IYPF,Tier1
PIAAEVYEHTEGSTTSY,WHNVSGSP,Tier1
RHE,FLQEFLHV,Tier1
PSIPA,RADHPF,Tier1
LNGDVW,CLV,Tier1
HHP,GQVPP,Tier1
LVGDEQAVPAVCVP,RHA,Tier1
HFGDPFH,RHE,Tier1
LPHH,GPP,Tier1
AIEWEGIESGSVEQA,VKCFR,Tier1
YQL,YLGY,Tier1
SFGAKNAVKNGLQKLRNQCQANNYQGPFCDIFKKNP,VKP,Tier1
YYR,GVPLT,Tier1
LWK,VPVTST,Tier1
LMGQW,VPYPQ,Tier1
LWG,YVEEL,Tier1
YIPIQY,APIRMWYMYRKLTDMEPKPVA,Tier1
FEQI,TYQTF,Tier1
NGPLQAGQPGER,LYY,Tier1
PYVRYL,IVEYF,Tier1
VKL,LKQELEDLLEKQE,Tier1
EYY,HVRETALV,Tier1
PHV,RYY,Tier1
YPFPG,FFAPGRNPTSFS,Tier1
LWT,YFE,Tier1
VKL,FFGFN,Tier1
RWG,VPYPQ,Tier1
PHK,WYSLAM,Tier1
FYY,KFPE,Tier1
TETWNPNHPEL,QKW,Tier1
PLHH,ARHPHPHLSFM,Tier1
IPIQYVL,WPL,Tier1
FYPEL,ISELGF,Tier1
LPYY,LYEGY,Tier1
PSLPA,QCH,Tier1
GWNI,KYL,Tier1
AMRLTGNRPGLYAT,IRW,Tier1
LWM,FFAPGRNPTSFS,Tier1
PEL,AMRLTGNRPGLYAT,Tier1
RHW,LNGDVW,Tier1
YQEP,VAMVPPFET,Tier1
LHH,ISELGY,Tier1
LHY,YYN,Tier1
ISELGF,ETTL,Tier1
QYDQGV,GVQEGAGHYALL,Tier1
HHPLL,TIIPLPV,Tier1
EFQL,ESTTVPERTHPACPDFN,Tier1
VYY,QWPAQ,Tier1
LLHH,RHS,Tier1
LWK,VGGRP,Tier1
VGGRP,GIISHR,Tier1
HWH,VCSV,Tier1
PWN,MQFHT,Tier1
LHT,YYW,Tier1
PWI,RPPGFSPFR,Tier1
RWA,GHH,Tier1
PWV,PGVPWP,Tier1
LYPY,RWI,Tier1
LVMFLDNQHRVIRH,RNDDLNYIQ,Tier1
QCL,WYGPD,Tier1
TERGY,GEC,Tier1
WYT,YNI,Tier1
PWS,SVMPVVA,Tier1
HPLH,RYPS,Tier1
LPAGV,VKP,Tier1
GPGGFI,VKRRGQDCIHGFCSD,Tier1
VECYG,PHCKRM,Tier1
YLYP,LSGYGP,Tier1
EFQL,YSEMPPGK,Tier1
WYSLAMAASDI,NHK,Tier1
CYGPNR,YPIL,Tier1
LLHH,WSRRGEREEEDERRR,Tier1
LHA,YQEPVLGPVRGPFPIIV,Tier1
LSGYGP,VLVPK,Tier1
FPLEMMPF,FHNMEK,Tier1
LTC,KLSDW,Tier1
AKYIPIQYVLSRYPSY,TEFTK,Tier1
IHH,DYK,Tier1
VSYT,RYLG,Tier1
YQLD,FVPH,Tier1
LMCH,PWS,Tier1
LHT,TDY,Tier1
HHP,EWPAQ,Tier1
RHY,TSQLLSDQ,Tier1
PPQ,YYM,Tier1
GPLGLLGFLGPLGLS,QLGNLGV,Tier1
GIFE,GVQEGAGHYALL,Tier1
RHF,AYFYPE,Tier1
SALAM,QVVPYPQ,Tier1
MHIRL,YGGFM,Tier1
TGGGNV,AKAWGIPPHVIPQIVPVRIRPLCGNV,Tier1
LVGDEQAVPAVCVP,DGVVYY,Tier1
FRDEHKK,GPAGPAG,Tier1
LHG,HVCYMF,Tier1
YGGFL,CME,Tier1
YYS,YVEEL,Tier1
PWR,RYLGY,Tier1
LPHH,QWPAQ,Tier1
PWD,DLEE,Tier1
EFQL,CAAP,Tier1
PHK,IQY,Tier1
HHP,KDVPP,Tier1
EFQL,QKW,Tier1
SWN,IYPF,Tier1
PHG,TYQTF,Tier1
LHF,WNIP,Tier1
YQEP,PYSFK,Tier1
YFYPEL,YQEPVLGP,Tier1
RWR,LALPA,Tier1
YRY,FLQEFLHV,Tier1
HYH,YQL,Tier1
PHV,YYA,Tier1
LPYY,PWY,Tier1
LHR,LVDTGRGPIMY,Tier1
LSGYGP,AEEEYPDL,Tier1
WYSLAMAASDI,TYQTF,Tier1
PHM,YPPAK,Tier1
IYPF,PKLPPVKK,Tier1
PWW,RHK,Tier1
RHN,RWT,Tier1
PPK,GPLGLLGFLGPLGLS,Tier1
YQIGL,FIPGLRRLFATVVPTVVCAINKLPPG,Tier1
NYY,PYFNK,Tier1
YGYTGA,YQKFPQY,Tier1
YWY,TERGY,Tier1
QYY,LPF,Tier1
LALPA,RYPS,Tier1
HWH,YPI,Tier1
FLKPLFNAALKLLP,MHI,Tier1
VLPVPQK,YSEMPPGK,Tier1
LQGM,SAEHGSLH,Tier1
IANNEADAISLDGGQVFEAG,SGQYFL,Tier1
RHI,QHH,Tier1
PHW,RYLG,Tier1
LVGDEQAVPAVCVP,YSY,Tier1
ADHP,YLKT,Tier1
LHT,LTC,Tier1
PHD,EERYP,Tier1
LHPH,YGYTGA,Tier1
RHH,GVPLT,Tier1
TEFTK,LTTLDSE,Tier1
PWL,ISELGY,Tier1
LHD,YAY,Tier1
VCSV,TDY,Tier1
PAGY,SFGAKNAVKNGLQKLRNQCQANNYQGPFCDIFKKNP,Tier1
ESTVPERTHPACPDFN,TIIPLPV,Tier1
HQIYPV,SAEHGSLH,Tier1
YYW,YGGFL,Tier1
LPHH,PYPQ,Tier1
PHHADS,YLY,Tier1
LHN,YNL,Tier1
PWI,GFPSG,Tier1
HLPLPL,PHV,Tier1
WSRRGEREEEDERRR,YAKP,Tier1
PHY,RYPS,Tier1
TERGY,VPKVK,Tier1
VIPAGYP,PYY,Tier1
FYPEL,RPPGFSPFR,Tier1
PWR,YYR,Tier1
IRGCRL,AYFYPEL,Tier1
WNIP,SGQYFL,Tier1
LWG,VAVDKHDYEPLGHSDIGVY,Tier1
NYY,HVRETALV,Tier1
NADFGLNGLEGLA,LWW,Tier1
QYY,PIAAEVYEHTEGSTTSY,Tier1
PSYV,LDY,Tier1
LWG,ALEPDHR,Tier1
FLPF,PKLPPVKK,Tier1
KVI,DVFRELRVQ,Tier1
YQY,EQC,Tier1
PWG,WEIKPSSLTGKSPYFSNNHGKL,Tier1
VHH,GWNI,Tier1
VKEAMAPK,YQEPVLGPVRGPFPIIV,Tier1
YNY,MHI,Tier1
AHH,AMRLTYNKPCLYGT,Tier1
LLPHH,GVQEGAGHYALL,Tier1
HPLH,TTYY,Tier1
YYIVS,LSGNK,Tier1
YPEL,LTC,Tier1
AIRQGDVF,SRYPS,Tier1
PPK,YGGFM,Tier1
YYT,HQIYPV,Tier1
KVI,FIKK,Tier1
HPLH,LMGQW,Tier1
LHV,YNY,Tier1
HEKVC,KGLWE,Tier1
FDSGPAGVL,PHQ,Tier1
PHCKRM,GLTSK,Tier1
RWG,TGGGNV,Tier1
LVMFLDNQHRVIRH,YPELF,Tier1
PHS,RWW,Tier1
YAEERYPIL,IAPNYNTRATKL,Tier1
PPK,SHH,Tier1
AKYIPIQYVLSRYPSY,QHH,Tier1
EFQL,WYT,Tier1
VPW,DVFRELRVQ,Tier1
RYQ,MTEEY,Tier1
YAEERYPIL,YYT,Tier1
YHH,ISELGW,Tier1
NADFGLNGLEGLA,FIKK,Tier1
GVPLT,HDHPVC,Tier1
PHD,YPI,Tier1
HNPI,ISELGY,Tier1
YGGFL,SVMPVVA,Tier1
AHH,ESTTVPERTHPACPDFN,Tier1
DHTKE,FFGFN,Tier1
YPI,PVDENDEG,Tier1
HHPL,GALAAH,Tier1
HHPLL,AIEWEGIESGSVEQA,Tier1
VPYPQ,PGVPWP,Tier1
RWR,GEGSGA,Tier1
IAPNYNTRATKL,FEQL,Tier1
PYY,LHT,Tier1
LVDTGRGPIMY,YFE,Tier1
EFQI,YLMSR,Tier1
LGFEYY,RYLGY,Tier1
RHQ,PYFNK,Tier1
MQFHT,MILMR,Tier1
IPIQYVL,VKEAMAPK,Tier1
ISELWG,YQEPVLGPVRGPFPIIV,Tier1
CYGPNR,GPGGFI,Tier1
HPH,AMRLTYNRPCLGAT,Tier1
SALAM,LTTLDSE,Tier1
AQIPQQ,RHG,Tier1
PWF,LGY,Tier1
EELDNALN,GPLGLLGFLGPLGLS,Tier1
KHNRGDEF,PHF,Tier1
YYW,RADHPFL,Tier1
YQEP,QGAR,Tier1
IEAEGE,CAQ,Tier1
PWW,RYLG,Tier1
RADHP,TEFTK,Tier1
ADHP,PYFNK,Tier1
LLHH,KYL,Tier1
PHV,WDR,Tier1
RADHPFL,VPW,Tier1
VKEAMPK,WVYY,Tier1
LWK,TYY,Tier1
PKAVHE,HDH,Tier1
ALEPDHR,DEDTQAMP,Tier1
YGGFM,ACQ,Tier1
LWR,LARL,Tier1
PSDHDHE,YLMSR,Tier1
YRY,YQK,Tier1
ISELGW,DHG,Tier1
LWY,QHH,Tier1
YLYP,PHS,Tier1
RHY,NHK,Tier1
LLPHHH,VLYEE,Tier1
IEEAF,PVMGA,Tier1
PMDYMVT,AWIRGCRL,Tier1
EEYFPVGGDRPESF,MPACGSS,Tier1
RHE,NHAV,Tier1
RWE,YQEP,Tier1
YLY,PYSFK,Tier1
LWW,MHH,Tier1
PHY,GYY,Tier1
PKAVHE,RNDDLNYIQ,Tier1
TTYY,LTC,Tier1
YPIL,KKY,Tier1
ARHPHP,WRNRCKGTD,Tier1
PHK,YQK,Tier1
FRDEHKK,HLH,Tier1
LALPA,VPW,Tier1
YPELF,YYIVS,Tier1
GFWDSVKEGLKNAAVTILNKIKCKISECPPA,FIPGLRRLFATVVPTVVCAINKLPPG,Tier1
YLYP,EQC,Tier1
PHE,WSY,Tier1
YLYP,TEFTK,Tier1
GTQY,AEERYP,Tier1
PHI,FLHRP,Tier1
WRNRCKGTD,AWDPE,Tier1
PHK,RWW,Tier1
WISELG,SAEHGSLH,Tier1
LKQELEDLLEKQE,PHD,Tier1
PWV,DEDTQAMP,Tier1
RHM,EFLQ,Tier1
RHI,YNI,Tier1
YVY,LDK,Tier1
YVEEL,PVDENDEG,Tier1
HHPLL,YSY,Tier1
HHY,WRNRCKGTD,Tier1
PHE,GPGGFI,Tier1
LPAGV,YQEPVLGPVRGPFPIIV,Tier1
LHF,LPF,Tier1
RHS,SAEHGSLH,Tier1
KLSDW,GQFNDKRWIPFG,Tier1
PWW,RHW,Tier1
TCSP,RYLG,Tier1
AKYIPIQYVLSRYPSY,QCL,Tier1
VDYP,LPHH,Tier1
NGPLQAGQPGER,CHI,Tier1
KYY,GAWA,Tier1
AMRLTYNKPCLYGT,DYK,Tier1
AQIPQQ,FFGFN,Tier1
FFAPGRNPTSFS,GEGSGA,Tier1
IPAGM,LLR,Tier1
YYQ,AMRLTYNRPCLGAT,Tier1
YEADARSFHDLAEHDIRV,WHNVSGSP,Tier1
AEAQKQLR,HPHL,Tier1
RHE,SVMPVVA,Tier1
CVHWMTNTARTACIAP,YGLN,Tier1
DYY,LVMFLDNQHRVIRH,Tier1
VECYGPNRPQF,YLGY,Tier1
PWG,PSLPA,Tier1
YNL,LMGQW,Tier1
PHL,VFPW,Tier1
RADHP,DVFRELRVQ,Tier1
LHY,ACQ,Tier1
YQY,YNL,Tier1
LWY,GTQY,Tier1
GALAAH,TEFTK,Tier1
PWD,YYM,Tier1
LGLNGDDVN,LHL,Tier1
EEYFPVGGDRPESF,FPLEMMPF,Tier1
IANNEADAISLDGGQVFEAG,VPKVK,Tier1
RHG,SYY,Tier1
YFE,CSQAPLA,Tier1
WHH,PSLPA,Tier1
RHG,MPDAHL,Tier1
ARHPHP,DVFRELRVQ,Tier1
FEQI,MPDAHL,Tier1
PSHDAHPE,FFGFN,Tier1
LHA,YVL,Tier1
LDY,TRTGDPFF,Tier1
YYR,YNY,Tier1
VKEAMAPK,TEVWDSNEQ,Tier1
NGLEGLK,LGLNGDDVN,Tier1
VLPVPQK,LAPSLPGKPKPD,Tier1
SRYPS,PKLPPVKK,Tier1
ISELGW,LANAK,Tier1
VVKL,LWD,Tier1
PHR,VPNSYP,Tier1
GAH,FRADHPFL,Tier1
FRADHPFL,AADNANELFPPN,Tier1
NGPLQAGQPGER,QYDQGV,Tier1
VKAGFAWTANQQLS,LPM,Tier1
HHF,ACQ,Tier1
YQEPVLGP,IQW,Tier1
YLYP,VAVDKHDYEPLGHSDIGVY,Tier1
YGGFL,TSQLLSDQ,Tier1
TDY,AWIRGCRL,Tier1
AVPYPQR,YQKFPQY,Tier1
LWS,PHI,Tier1
LHL,FALPQYLK,Tier1
ESTTVPERTHPACPDFN,HQIYPV,Tier1
FRADHPFL,CME,Tier1
PWG,NHH,Tier1
GFGPEL,PGVPWP,Tier1
YEDCTDCGN,TETWNPNHPEL,Tier1
NQE,NGPLQAGQPGER,Tier1
QWPAQ,VLSRYPS,Tier1
MEMK,PVDENDEG,Tier1
PWQ,YLG,Tier1
PWA,DVFRELRVQ,Tier1
YFE,FPQY,Tier1
RHK,YNL,Tier1
AAVGGYRVAVL,YVL,Tier1
YPPAK,APIRMWYMYRKLTDMEPKPVA,Tier1
LSGYGP,GFGPEL,Tier1
LGNTDYAVH,KFPE,Tier1
AAVGGYRVAVL,CQC,Tier1
LQPGQGQQ,TIASGEP,Tier1
HDHPVC,YPIL,Tier1
LWF,AMRLTYNKPCLYGT,Tier1
FEQI,TEVWDSNEQ,Tier1
PAGY,PKLPPVKK,Tier1
GAWA,VLSRYPS,Tier1
CSQAPLA,RCMAFLLSDGAAAAQQLLPQYW,Tier1
VKAGFAWTANQQLS,YYL,Tier1
RLKKY,TEVWDSNEQ,Tier1
RHV,GVQEGAGHYALL,Tier1
PWN,WYSLAM,Tier1
DSGVT,YYG,Tier1
LWF,KKY,Tier1
FYPEL,YHH,Tier1
WVYY,FLKPLFNAALKLLP,Tier1
PWT,IANNEADAISLDGGQVFEAG,Tier1
DYY,GLLDSVKEGLKKVAGQLLDTLKCKISGCTPA,Tier1
FIPGLRRLFATVVPTVVCAINKLPPG,FVPH,Tier1
AYPS,YQK,Tier1
LMCH,PHW,Tier1
YYD,PVDENDEG,Tier1
LNGDVW,LAC,Tier1
RDMPIQ,YYIVS,Tier1
WVYY,IYPF,Tier1
RWA,LYEGY,Tier1
KTFCGRH,KFPE,Tier1
ARHPHPHLSFM,GLTSK,Tier1
GAH,AYFYPE,Tier1
HYH,YGLN,Tier1
YMY,VKEAMPK,Tier1
LRGIKNYRVAVL,CME,Tier1
YVY,YEADARSFHDLAEHDIRV,Tier1
YYD,VAVDKHDYEPLGHSDIGVY,Tier1
WSY,YVGD,Tier1
VCSV,RLKKY,Tier1
GSGGL,WEN,Tier1
LWW,HGGEGGRPYHLGEES,Tier1
MTEEY,KYL,Tier1
WYSLA,PYVRYL,Tier1
PWI,LMGQW,Tier1
IPIQYVL,EEYFPVGGDRPESF,Tier1
HHPLL,HGGEGGRPYHLGEES,Tier1
LDK,VKP,Tier1
RPPGFSPFR,YPELF,Tier1
SHH,YRY,Tier1
WEGPK,SNAAC,Tier1
GPP,ACQ,Tier1
LWE,PHV,Tier1
AGGF,VPKVK,Tier1
YGY,YYG,Tier1
LGLNGDDVN,GIISHR,Tier1
YYA,YFY,Tier1
LVGDEQAVPAVCVP,LHQ,Tier1
MWL,GFFDRIKALTKNVTLELLNTITCKLPVTPP,Tier1
LHQ,YAKP,Tier1
VIPAGYP,PHV,Tier1
RHE,AWIRGCRL,Tier1
SIITMTKEAKLPQLWKQIACRLYNTC,YQLD,Tier1
QHH,GYLEQ,Tier1
HGGEGGRPYHLGEES,FEQL,Tier1
PLFQNKLAHAK,ISELGW,Tier1
PHH,KYL,Tier1
YYY,LLPF,Tier1
WYSLAMAASDI,RWG,Tier1
RWH,IRW,Tier1
YAEERYPIL,WPL,Tier1
HDH,AGTTCLFTPLALPYDYSH,Tier1
WYSLAMAASDI,FFAPGRNPTSFS,Tier1
VKV,LRGIKNYRVAVL,Tier1
CLV,RYLGY,Tier1
LWA,GFPSG,Tier1
YGYTGA,FDEQE,Tier1
GVQEGAGHYALL,MTEEY,Tier1
PHR,RNDDLNYIQ,Tier1
RHPHP,TSQLLSDQ,Tier1
HFH,GVPLT,Tier1
LWI,MWL,Tier1
RHK,YWVTSGPK,Tier1
HDH,NRVYIHPFHLLVYS,Tier1
FVAGK,TCSP,Tier1
LVDTGRGPIMY,CLV,Tier1
RWG,HFH,Tier1
AMRLTYNRPCLGAT,YQKFPQY,Tier1
VIPMGL,DVFRELRVQ,Tier1
HLH,YFE,Tier1
LHI,QYDQGV,Tier1
PWA,HEH,Tier1
EFIQ,GYLEQ,Tier1
LQSGDALRVPSGTTYY,SYY,Tier1
VHDY,QGAR,Tier1
YYW,MILMR,Tier1
GALAAH,HVCYMF,Tier1
IPAGM,DLEE,Tier1
IKL,KKY,Tier1
VHDY,FGHPY,Tier1
LMCH,YYW,Tier1
LWS,YAKPA,Tier1
RHG,SVYT,Tier1
AMRLTYNRPCLGAT,SAEHGSLH,Tier1
LWR,LEEAF,Tier1
LVDTGRGPIMY,YPI,Tier1
PHQ,IYY,Tier1
PWV,RDMPIQ,Tier1
FDEQE,YLG,Tier1
HQIYPV,CVHWMTNTARTACIAP,Tier1
AYPS,WIRGCRL,Tier1
AYY,PSLVGRPPVGKLTL,Tier1
YYM,GQVPP,Tier1
LPHH,YYIVS,Tier1
MILMR,SGQYFL,Tier1
LPYY,YQEP,Tier1
LWH,QCL,Tier1
LMCH,VAWRNRCKGTD,Tier1
THH,TRTGDPFF,Tier1
LANAK,KKY,Tier1
PWR,RHM,Tier1
YFE,YLGAK,Tier1
LWQ,VKP,Tier1
YDY,TEVWDSNEQ,Tier1
LHD,YVGD,Tier1
YLMSR,VGGRP,Tier1
LKQELEDLLEKQE,WHNVSGSP,Tier1
PHN,LTTLDSE,Tier1
CVHWMTNTARTACIAP,MEMK,Tier1
PNRPQF,QCL,Tier1
FHNMEK,QKW,Tier1
LELHKLRSSHWFSRR,FEQI,Tier1
YCY,TIIPLPV,Tier1
VNPHDHQN,AYY,Tier1
HPHL,RCMAFLLSDGAAAAQQLLPQYW,Tier1
NGPLQAGQPGER,WNIP,Tier1
LPTSEAAKY,FLHRP,Tier1
AEAQKQLR,HYVPV,Tier1
HHLP,YAKP,Tier1
DSGVT,WSRRGEREEEDERRR,Tier1
RWR,AKAWGIPPHVIPQIVPVRIRPLCGNV,Tier1
PHS,AGWNIPIGT,Tier1
PYPQ,LQGM,Tier1
WYS,TERGY,Tier1
HLHP,WSVPQPK,Tier1
PHQ,AEEEYPDL,Tier1
LWS,QHGV,Tier1
RWL,PSLVGRPPVGKLTL,Tier1
YVL,YYDPL,Tier1
PHG,YIY,Tier1
VNPHDHQN,PSHDAHPE,Tier1
LRGIKNYRVAVL,FVNQPYLLYSVHMK,Tier1
AIEWEGIESGSVEQA,LSGNK,Tier1
WYSLA,ELLI,Tier1
FYY,YYM,Tier1
LDK,VAMVPPFET,Tier1
PWY,FIGP,Tier1
LWI,FHH,Tier1
DSGVT,PIAAEVYEHTEGSTTSY,Tier1
KVI,YQEPVLGPVRGPFPIIV,Tier1
YEY,YNY,Tier1
KHNRGDEF,LHR,Tier1
DAQEKLE,VLVPK,Tier1
MILMR,DGVVYY,Tier1
NGLEGLK,YYQ,Tier1
FDSGPAGVL,YEDCTDCGN,Tier1
YWY,QLGNLGV,Tier1
YYK,AEEEYPDL,Tier1
VECYG,PWA,Tier1
FFAPGRNPTSFS,RPNYTDA,Tier1
YWY,QCH,Tier1
YNL,CSQAPLA,Tier1
FEQL,DGVVYY,Tier1
GYY,IPAGM,Tier1
PWF,GGLEPINFN,Tier1
VYY,GFFDRIKALTKNVTLELLNTITCKLPVTPP,Tier1
GPGGFI,NHAV,Tier1
LEELEEELEGCE,LFC,Tier1
RWG,VKRRGQDCIHGFCSD,Tier1
VIPMGL,YLL,Tier1
NADFGLNGLEGLA,AGTTCLFTPLALPYDYSH,Tier1
FLHRP,WYSLAMA,Tier1
YNL,WPP,Tier1
AKAWGIPPHVIPQIVPVRIRPLCGNV,AMRLTYNKPCLYGT,Tier1
PWQ,NHAV,Tier1
RWY,IYPF,Tier1
RYQ,PSLVGRPPVGKLTL,Tier1
YVY,YNY,Tier1
PWG,NHAV,Tier1
PNRPQF,FVNQPYLLYSVHMK,Tier1
GLLDSVKEGLKKVAGQLLDTLKCKISGCTPA,ACQ,Tier1
AMRLTYNKPCLYGT,LFC,Tier1
PHR,WDR,Tier1
YYG,DRVYIHPF,Tier1
DYY,YPFPG,Tier1
HHPLL,MWL,Tier1
LHE,FLPF,Tier1
VKAGFAWTANQQLS,YHH,Tier1
DPALATEPDPMPF,WYS,Tier1
RYLGY,RYLG,Tier1
PPQ,HPHL,Tier1
IHH,AWDPE,Tier1
YYK,QKW,Tier1
YYE,YPELF,Tier1
LPAGV,HEKVC,Tier1
KAI,RYY,Tier1
LWR,WHH,Tier1
YYG,YPELF,Tier1
EYY,RYL,Tier1
YGY,WPL,Tier1
VSYT,SDRDLLGPNNQYLPK,Tier1
MHIRL,WYSLAM,Tier1
GTQY,LPF,Tier1
FEQI,SDF,Tier1
FFGFN,LTTLDSE,Tier1
LHM,GTQY,Tier1
IEEAF,RYPS,Tier1
DYY,RADHP,Tier1
PSLPA,GFFDRIKALTKNVTLELLNTITCKLPVTPP,Tier1
NGPLQAGQPGER,CQC,Tier1
PWI,VYY,Tier1
KVI,VHDY,Tier1
IQW,IYIEQGNGITGM,Tier1
IRW,WYGPD,Tier1
PWV,LVDTGRGPIMY,Tier1
HHW,HVCYMF,Tier1
FYY,WYSLA,Tier1
MYY,LPM,Tier1
ALEPDHR,AWIRGCRL,Tier1
NRVYIHPFHLLVYS,TCSP,Tier1
YVGD,DHG,Tier1
RHS,VAMVPPFET,Tier1
RHT,PHCKRM,Tier1
PWA,GLTSK,Tier1
RWY,YVGD,Tier1
PLFQNKLAHAK,MPACGSS,Tier1
DAQEKLE,GVQEGAGHYALL,Tier1
NGLEGLK,HPH,Tier1
LQSGDALRVPSGTTYY,GLLDSVKEGLKKVAGQLLDTLKCKISGCTPA,Tier1
PHV,WYY,Tier1
HPLH,PWS,Tier1
VKV,AYY,Tier1
WDDMEK,TRTGDPFF,Tier1
AEAQKQLR,HQIYPV,Tier1
LLR,FYQL,Tier1
LQSGDALRVPSGTTYY,KVI,Tier1
ELLI,WRNRCKGTD,Tier1
VPSGK,DDPDKGMLKWKNDFFQEF,Tier1
LQPGQGQQ,WDR,Tier1
GPGGFI,FLPF,Tier1
LQPGQGQQ,WSRRGEREEEDERRR,Tier1
VPYPQ,SAEHGSLH,Tier1
LWA,RWN,Tier1
LHK,GVQEGAGHYALL,Tier1
PWQ,YNY,Tier1
HYH,TYQTF,Tier1
YYS,ARHPHPHLSFM,Tier1
GALAAH,WPL,Tier1
HHPLL,HQIYPV,Tier1
AMRLTYNRPCLGAT,LYEGY,Tier1
YYN,GEC,Tier1
YYA,NHAV,Tier1
DSGVT,HLHP,Tier1
LHF,AMRLTYNRPCLGAT,Tier1
WYS,WYSLA,Tier1
YQLD,SDRDLLGPNNQYLPK,Tier1
VKV,VECYG,Tier1
HHPL,RHW,Tier1
WISELGW,ALEPDHR,Tier1
HDHPVC,ECA,Tier1
LHI,SGQYFL,Tier1
IPIQYVL,FYY,Tier1
RYY,CAQ,Tier1
WEGPK,TIASGEP,Tier1
HGPLGPL,HPH,Tier1
KVLPVPQK,MTEEY,Tier1
IEAEGE,QCL,Tier1
RWN,LPL,Tier1
KVI,YYD,Tier1
PWG,AWDPE,Tier1
LLHH,VPW,Tier1
RHK,AAVGGYRVAVL,Tier1
YNY,QCL,Tier1
LEQQVDDLEGSLEQEKK,CAQ,Tier1
HDHPVC,QYP,Tier1
PWA,FPLEMMPF,Tier1
HHPLL,TETWNPNHPEL,Tier1
ESTVPERTHPACPDFN,LDK,Tier1
LHM,ISELGY,Tier1
LYPY,YYY,Tier1
VECYGPNRPQF,RYLG,Tier1
KDVPP,VAGTWY,Tier1
YSTA,WPL,Tier1
LQPGQGQQG,GVPLT,Tier1
TDY,DHG,Tier1
YYL,FKK,Tier1
WSVPQPK,IQW,Tier1
HDH,NPYVPR,Tier1
WYSLAM,ADGF,Tier1
LLPHH,LVDTGRGPIMY,Tier1
YLYP,YMY,Tier1
HHPL,DPALATEPDPMPF,Tier1
PWW,WYSLAM,Tier1
PWW,LEQQVDDLEGSLEQEKK,Tier1
WSY,TTYY,Tier1
LHD,LWA,Tier1
VIPAGYP,FEQI,Tier1
FGHPY,VLYEE,Tier1
LHS,FLNDFLHV,Tier1
LLPHHH,PHN,Tier1
AHH,VPNSYP,Tier1
TERGY,LFC,Tier1
VPVTST,GTW,Tier1
LHT,FRSGILKLASKIPSVLCAVLKNC,Tier1
PKAVHE,PHH,Tier1
ARHPHPHLSFM,LTC,Tier1
LHF,PKLPPVKK,Tier1
LNGDVW,DGVVYY,Tier1
VPSGK,LNLPTAVYMVT,Tier1
WEIKPSSLTGKSPYFSNNHGKL,GFFDRIKALTKNVTLELLNTITCKLPVTPP,Tier1
HHP,DRVYIHPF,Tier1
YYG,QKW,Tier1
GGLEPINFN,DYK,Tier1
RHT,WYSLAM,Tier1
PHY,RHT,Tier1
ACFL,HVRETALV,Tier1
DPALATEPDPMPF,RASDPLLSV,Tier1
PSYV,PWI,Tier1
RNR,ISELWG,Tier1
FIGP,AGWNIP,Tier1
AAVGGYRVAVL,YGLN,Tier1
LLHH,TTYY,Tier1
YMY,YTY,Tier1
AGTTCLFTPLALPYDYSH,VLVPK,Tier1
HHW,LDY,Tier1
LWA,PHS,Tier1
LQSGDALRVPSGTTYY,EFLQ,Tier1
HEKVC,TIIPLPV,Tier1
HVCYMF,WYSLAM,Tier1
GPAGPAG,SVMPVVA,Tier1
VPYPQ,VLVPK,Tier1
PHT,NHAV,Tier1
FEQL,RYLGY,Tier1
MHH,YPELF,Tier1
RWI,WVYY,Tier1
YNL,VPW,Tier1
WEIKPSSLTGKSPYFSNNHGKL,DHG,Tier1
YYG,QCH,Tier1
NYKQM,IYPF,Tier1
KVLPVPQK,YVL,Tier1
LWK,YQIGL,Tier1
QHH,QCL,Tier1
GEGSGA,GQFNDKRWIPFG,Tier1
RWR,AWIRGCRL,Tier1
PAGY,YSEMPPGK,Tier1
HYY,GPLGLLGFLGPLGLS,Tier1
HHLP,WEIKPSSLTGKSPYFSNNHGKL,Tier1
AKAWGIPPHVIPQIVPVRIRPLCGNV,ALEPDHR,Tier1
PHY,LPAGV,Tier1
YQY,YYS,Tier1
PWW,WNIP,Tier1
YLYP,WYS,Tier1
TERGY,DGVVYY,Tier1
YPELF,DLEE,Tier1
QYDQGV,LLPF,Tier1
IANNEADAISLDGGQVFEAG,NFHPQ,Tier1
YAEERYPIL,MTEEY,Tier1
FGHPY,LANAK,Tier1
LLPHH,VLVPK,Tier1
RHQ,IKK,Tier1
FDSGPAGVL,FPQY,Tier1
HNPI,CQC,Tier1
HDHPVC,VPYPQ,Tier1
PKAV,LHY,Tier1
LHM,VQYPVEHPNKFLKFGMTPSKGVLFY,Tier1
YAY,VGGRP,Tier1
PVDENDEG,CME,Tier1
QCH,KLSDW,Tier1
VYY,YLMSR,Tier1
PYPQ,VLEANPRSF,Tier1
FVNQPYLLYSVHMK,DWDPK,Tier1
PWS,TETWNPNHPEL,Tier1
VDHDHPE,LMGQW,Tier1
LHW,LLR,Tier1
LVDTGRGPIMY,CVHWMTNTARTACIAP,Tier1
LLPHH,LWN,Tier1
PWE,QHGV,Tier1
PSIPA,EWPAQ,Tier1
YEY,WDDMEK,Tier1
LLR,GGLEPINFN,Tier1
QHGV,YQLD,Tier1
LHL,GPLGLLGFLGPLGLS,Tier1
YNL,LVSK,Tier1
KHNRGDEF,NHAV,Tier1
FDSGPAGVL,LWM,Tier1
PSHDAHPE,EWPAQ,Tier1
LWE,RHM,Tier1
YYN,EERYP,Tier1
RWE,SDRDLLGPNNQYLPK,Tier1
RHG,MWL,Tier1
LGFEYY,WEN,Tier1
YYY,FHNMEK,Tier1
RWY,AMRLTGNRPGLYAT,Tier1
VDYP,TIIPLPV,Tier1
GHH,VAGTWY,Tier1
TEFTK,GQFNDKRWIPFG,Tier1
LEQQVDDLEGSLEQEKK,GWNI,Tier1
LVNPHDHQN,YRY,Tier1
YDY,VKEAMPK,Tier1
PSYV,CSQAPLA,Tier1
LHS,LANAK,Tier1
AHH,FRADHPFL,Tier1
HHY,NYKQM,Tier1
LWK,LDY,Tier1
LARL,LGNTDYAVH,Tier1
PSLPA,SGQYFL,Tier1
DRVYIHPF,PKLPPVKK,Tier1
IQY,YQKFPQY,Tier1
LWK,AWDPE,Tier1
QHGV,PHCKRM,Tier1
RHY,LDY,Tier1
YEADARSFHDLAEHDIRV,YQEPVLGPVRGPFPIIV,Tier1
HHP,SGAF,Tier1
PHR,PSLPA,Tier1
LWR,QYY,Tier1
LWQ,IPAGV,Tier1
RWQ,HQIYPV,Tier1
PWD,VVGGDGDV,Tier1
DRVYIHPF,IANNEADAISLDGGQVFEAG,Tier1
PHW,GQVPP,Tier1
QGAR,EQC,Tier1
HDH,WNIP,Tier1
YIPIQY,PSLVGRPPVGKLTL,Tier1
RWA,GTW,Tier1
RHQ,LGNTDYAVH,Tier1
PWA,VAVDKHDYEPLGHSDIGVY,Tier1
AHH,LPL,Tier1
ESTVPERTHPACPDFN,TDY,Tier1
VKV,SDF,Tier1
PHT,YQKFP,Tier1
HHF,FPLEMMPF,Tier1
TRTGDPFF,ACQ,Tier1
AKAWGIPPHVIPQIVPVRIRPLCGNV,LAPSLPGKPKPD,Tier1
CVHWMTNTARTACIAP,VGDI,Tier1
PYFNK,YVGD,Tier1
HHPL,RNR,Tier1
AQIPQQ,GEC,Tier1
LYY,YLAGMN,Tier1
IEAEGE,GPGGFI,Tier1
YVY,PSLVGRPPVGKLTL,Tier1
RHS,VAVDKHDYEPLGHSDIGVY,Tier1
LDY,ECA,Tier1
AGTTCLFTPLALPYDYSH,WIRGCRL,Tier1
LWI,VVGGDGDV,Tier1
LWK,KKY,Tier1
DPALATEPDPMPF,MTEEY,Tier1
RADHPFL,MPACGSS,Tier1
AKYIPIQYVLSRYPSY,FLKPLFNAALKLLP,Tier1
AYY,GLTSK,Tier1
LHS,LGFEY,Tier1
YYM,YEADARSFHDLAEHDIRV,Tier1
IEAEGE,TEFTK,Tier1
GGE,QHGV,Tier1
LLPHHH,QLGNLGV,Tier1
LWR,GYY,Tier1
HYY,DWDPK,Tier1
MQFHT,AYFYPE,Tier1
RHN,GWNIP,Tier1
PHY,VPKVK,Tier1
PLFQNKLAHAK,LPM,Tier1
MQFHT,KFPE,Tier1
KVLPVPQK,PKLPPVKK,Tier1
RHS,SNAAC,Tier1
YLAGMN,EFIQ,Tier1
FFAPGRNPTSFS,KKY,Tier1
GALAAH,STMMEERRMKVY,Tier1
LHI,PHS,Tier1
PLFQNKLAHAK,DDPDKGMLKWKNDFFQEF,Tier1
PHF,AMTGLDA,Tier1
PHN,TYY,Tier1
PWI,VSYT,Tier1
YYM,YVL,Tier1
PWE,LGNTDYAVH,Tier1
ACFL,CSQAPLA,Tier1
WSVPQPK,SFGAKNAVKNGLQKLRNQCQANNYQGPFCDIFKKNP,Tier1
LYPY,NHK,Tier1
LHF,AADNANELFPPN,Tier1
NHRYDR,DVFRELRVQ,Tier1
YFE,FYQL,Tier1
VHHANEN,KGLWE,Tier1
LHF,YWVTSGPK,Tier1
PSYV,ADF,Tier1
VPW,LLPF,Tier1
AYY,GWNI,Tier1
RYY,LAPSLPGKPKPD,Tier1
DPALATEPDPMPF,YNI,Tier1
YVEEL,TCSP,Tier1
VAWRNRCKGTD,CSQAPLA,Tier1
PHL,ECA,Tier1
EWPAQ,YQKFP,Tier1
HGPLGPL,NGLEGLK,Tier1
LHN,LYEGY,Tier1
KVI,PHD,Tier1
RHE,FLKPLFNAALKLLP,Tier1
AHK,MEMK,Tier1
THH,GWNIP,Tier1
PHN,IPAGM,Tier1
RHF,GSGGL,Tier1
LHF,TTYY,Tier1
HHPL,YSY,Tier1
RHN,ADHP,Tier1
LVGDEQAVPAVCVP,TIIPLPV,Tier1
YWY,IPAGV,Tier1
LHD,GWNI,Tier1
VHH,LHI,Tier1
YKY,GYLEQ,Tier1
LPYY,PHN,Tier1
YYA,APIRMWYMYRKLTDMEPKPVA,Tier1
VLYEE,PVDENDEG,Tier1
VVKL,VKV,Tier1
LWV,EWPAQ,Tier1
PHN,AGWNI,Tier1
LLPH,RDMPIQ,Tier1
YYV,QGAR,Tier1
PHH,LHS,Tier1
LHT,PSLPA,Tier1
AAVGGYRVAVL,YPI,Tier1
PHV,LQGM,Tier1
PHQ,PWF,Tier1
HHLP,GIISHR,Tier1
VVKL,CQC,Tier1
RHM,AYFYPE,Tier1
MQFHT,SVMPVVA,Tier1
PWT,YKY,Tier1
DDPDKGMLKWKNDFFQEF,VPKVK,Tier1
YYK,VKCFR,Tier1
HLH,LHQ,Tier1
PHA,PWA,Tier1
FPLEMMPF,ETTL,Tier1
MQFHT,GWNI,Tier1
PWA,LPL,Tier1
YYM,AMTGLDA,Tier1
HHP,SYY,Tier1
IQW,DVPPYM,Tier1
GFYPPP,LGY,Tier1
PAGY,YGYTGA,Tier1
YDY,HVRETALV,Tier1
DEDTQAMP,YLGY,Tier1
FHH,GFGPEL,Tier1
LVDTGRGPIMY,IQY,Tier1
PSKYEPFV,YGY,Tier1
YGGFL,LAPSLPGKPKPD,Tier1
LWI,YNY,Tier1
ALEPDHR,VLVPK,Tier1
LLPH,SGQYFL,Tier1
VPSGK,TTYY,Tier1
PHN,WSY,Tier1
YGGFM,NEN,Tier1
FRADHPFL,AGWNIPIGT,Tier1
RHY,GLTSK,Tier1
HPHL,AYPS,Tier1
LQPGQGQQ,AWDPE,Tier1
FVAGK,HPLH,Tier1
YYR,LARL,Tier1
PPQ,AEAQKQLR,Tier1
VPW,NFHPQ,Tier1
WSRRGEREEEDERRR,FVPH,Tier1
CVHWMTNTARTACIAP,WNIP,Tier1
HHPL,YEDCTDCGN,Tier1
LANAK,PSLVGRPPVGKLTL,Tier1
PWV,VPKVK,Tier1
LHPH,NHRYDR,Tier1
HHPLL,EFQL,Tier1
DYY,VVGGDGDV,Tier1
RHA,LANAK,Tier1
YSTA,VLEANPRSF,Tier1
FRDEHKK,AGGF,Tier1
EFQL,ISELGY,Tier1
PNRPQF,QYY,Tier1
HLH,YYQ,Tier1
LWN,WISELGW,Tier1
WHNVSGSP,YQK,Tier1
LKQELEDLLEKQE,AYFYPEL,Tier1
RWG,LALPA,Tier1
VPSGK,LWT,Tier1
IKL,PHV,Tier1
RHL,DHTKE,Tier1
PVMGA,GIFE,Tier1
LPHSGY,AEERYP,Tier1
RHQ,ADHP,Tier1
PHF,ACFL,Tier1
LQPGQGQQG,LWR,Tier1
GFPSG,GWNI,Tier1
GPP,GVQEGAGHYALL,Tier1
LPTSEAAKY,GGE,Tier1
LLHH,CHI,Tier1
WDDMEK,DHTKE,Tier1
FGHPY,VVGGDGDV,Tier1
LKQELEDLLEKQE,ALEPDHR,Tier1
RHQ,CAQ,Tier1
RHE,YPI,Tier1
LHT,YPFPG,Tier1
LWN,KYL,Tier1
YYL,GFGPEL,Tier1
VHHANEN,FDSGPAGVL,Tier1
VPSGK,YYQ,Tier1
HGPLGPL,YAKP,Tier1
SALAM,QGAR,Tier1
PWR,RWN,Tier1
VPSIDDQEELM,IQW,Tier1
YLY,PIAAEVYEHTEGSTTSY,Tier1
SYY,VSYT,Tier1
IEEAF,AMRLTYNKPCLYGT,Tier1
LPYY,WEGPK,Tier1
QVVPYPQ,DYK,Tier1
LWT,SAEHGSLH,Tier1
LVGDEQAVPAVCVP,RWN,Tier1
YIY,EERYP,Tier1
HGPLGPL,QYDQGV,Tier1
HHLP,YAKPA,Tier1
MHIRL,LEEAF,Tier1
MEMK,IQW,Tier1
VVKL,YPIL,Tier1
MHH,WEIKPSSLTGKSPYFSNNHGKL,Tier1
EFLQ,QCL,Tier1
YYG,LVMFLDNQHRVIRH,Tier1
YPIL,VKRRGQDCIHGFCSD,Tier1
HHW,RNDDLNYIQ,Tier1
MYY,GLTSK,Tier1
LQSGDALRVPSGTTYY,PWS,Tier1
SHDAHPE,GFWDSVKEGLKNAAVTILNKIKCKISECPPA,Tier1
YFY,HYVPV,Tier1
VKV,LDK,Tier1
VHH,GFPSG,Tier1
SVYT,IYPF,Tier1
LHV,YDY,Tier1
NYY,WDR,Tier1
PIAAEVYEHTEGSTTSY,VGDI,Tier1
AEAQKQLR,PWE,Tier1
LHF,AVPYPQR,Tier1
PPK,YYY,Tier1
GLLDSVKEGLKKVAGQLLDTLKCKISGCTPA,YLGAK,Tier1
QVVPYPQ,YWVTSGPK,Tier1
HHP,KLSDW,Tier1
LHI,TRTGDPFF,Tier1
PHQ,FALPQYLK,Tier1
HPH,GQFNDKRWIPFG,Tier1
LMCH,CLV,Tier1
PHL,ISELWG,Tier1
GYY,WEIKPSSLTGKSPYFSNNHGKL,Tier1
VHDY,LPL,Tier1
YSTA,YVL,Tier1
LQL,LVSK,Tier1
YWY,GPP,Tier1
HPH,THH,Tier1
PHT,IYIEQGNGITGM,Tier1
LWE,RHA,Tier1
LHY,RHM,Tier1
TEFTK,GTQY,Tier1
WVYY,SIITMTKEAKLPQLWKQIACRLYNTC,Tier1
LWV,FLPF,Tier1
YYD,ADF,Tier1
FEQI,NHK,Tier1
GAWA,FVNQPYLLYSVHMK,Tier1
LHA,LWT,Tier1
RHE,EFLQ,Tier1
NQE,RYLGY,Tier1
YYR,YFE,Tier1
LHD,PWN,Tier1
SYY,FKK,Tier1
TIIPLPV,LTTLDSE,Tier1
HFGDPFH,AAVGGYRVAVL,Tier1
RWE,PSDHDHE,Tier1
AQIPQQ,AMRLTGNRPGLYAT,Tier1
LVSK,YLL,Tier1
TYY,AWIRGCRL,Tier1
LHG,FHNMEK,Tier1
LHS,PWA,Tier1
VPSGK,LWW,Tier1
LMCH,YAY,Tier1
PHL,GHH,Tier1
QVVPYPQ,QYDQGV,Tier1
HHP,DLEE,Tier1
LPHSGY,AGGF,Tier1
LELHKLRSSHWFSRR,HPH,Tier1
PMDYMVT,GHH,Tier1
PHI,PYFNK,Tier1
LHE,HDHPVC,Tier1
IPIQYVL,LWY,Tier1
LGLNGDDVN,YSEMPPGK,Tier1
RHS,KYL,Tier1
PYVRYL,WISELG,Tier1
LQPGQGQQG,DHTKE,Tier1
LQGM,LGFEYY,Tier1
RHY,ARHPHPHLSFM,Tier1
AHH,YRY,Tier1
GPGGFI,AVPYPQR,Tier1
PWQ,YLMSR,Tier1
EELDNALN,VAGTWY,Tier1
MYY,LVDTGRGPIMY,Tier1
DDPDKGMLKWKNDFFQEF,MPDAHL,Tier1
YPELF,AWIRGCRL,Tier1
LEELEEELEGCE,LLPHHH,Tier1
AVPYPQR,QGAR,Tier1
PHV,PIAAEVYEHTEGSTTSY,Tier1
QHH,YYIVS,Tier1
TYY,MTEEY,Tier1
FYPEL,LQGM,Tier1
SDF,RLKKY,Tier1
YQKFP,LSGNK,Tier1
FLHRP,ECA,Tier1
VSYT,SAEHGSLH,Tier1
FLNDFLHV,DRVYIHPF,Tier1
PKAVHE,RWR,Tier1
YNL,PKLPPVKK,Tier1
LQPGQGQQG,IYY,Tier1
PNRPQF,KVLPVPQK,Tier1
YAKP,WDR,Tier1
ADF,IYIEQGNGITGM,Tier1
RHG,YFY,Tier1
LHQ,YYM,Tier1
YNY,PHYL,Tier1
VECYG,LPF,Tier1
IYY,QCH,Tier1
IKK,DRVYIHPF,Tier1
RWA,RWH,Tier1
GYY,GQFNDKRWIPFG,Tier1
LQL,SDF,Tier1
PHHADS,VKRRGQDCIHGFCSD,Tier1
PHCKRM,CLV,Tier1
PWE,QCL,Tier1
IHH,CQC,Tier1
RASDPLLSV,MPACGSS,Tier1
WYSLAMAASDI,DHG,Tier1
VECYG,LHA,Tier1
YFY,PGVPWP,Tier1
YPEL,IYY,Tier1
RDMPIQ,TYQTF,Tier1
AHK,HDHPVC,Tier1
SHH,VAGTWY,Tier1
PHL,VECYGPNRPQF,Tier1
RWI,EFIQ,Tier1
LELHKLRSSHWFSRR,PLFQNKLAHAK,Tier1
PWN,AGGF,Tier1
LWG,PWE,Tier1
YQIGL,YYIVS,Tier1
HPHL,HQIYPV,Tier1
TIIPLPV,AGGF,Tier1
LHR,YPPAK,Tier1
IPAGM,YNI,Tier1
PHT,RHE,Tier1
ISELGY,YIPIQY,Tier1
RWE,WSY,Tier1
ACQ,VAGTWY,Tier1
YIY,FIKK,Tier1
RWG,ETTL,Tier1
SVYT,WYSL,Tier1
PHG,IIENGEKWS,Tier1
VHH,RWI,Tier1
VLEANPRSF,KKY,Tier1
IEAEGE,CLV,Tier1
RWW,PGVPWP,Tier1
LQL,YQK,Tier1
VYY,ECA,Tier1
LHV,DHTKE,Tier1
PWD,HDHPVC,Tier1
LPYY,NYY,Tier1
LHH,RNR,Tier1
GFPSG,MILMR,Tier1
IKL,GAWA,Tier1
HYY,TYY,Tier1
HPLH,CAAP,Tier1
LWD,RPPGFSPFR,Tier1
VHH,NGLEGLK,Tier1
YGGFL,GPLGLLGFLGPLGLS,Tier1
RHQ,PIAAEVYEHTEGSTTSY,Tier1
GFFDRIKALTKNVTLELLNTITCKLPVTPP,RASDPLLSV,Tier1
MQFHT,WYSL,Tier1
WSVPQPK,GLTSK,Tier1
LHR,YPELF,Tier1
YVY,CSQAPLA,Tier1
RHK,NHK,Tier1
DAQEKLE,YLYP,Tier1
YPEL,IIENGEKWS,Tier1
VHDY,YNL,Tier1
YLYP,LHW,Tier1
RHV,KTFCGRH,Tier1
RHH,WSVPQPK,Tier1
HPH,VAWRNRCKGTD,Tier1
LHF,TGGGNV,Tier1
VLVPK,VAGTWY,Tier1
AQIPQQ,LLR,Tier1
RHM,VPNSYP,Tier1
WISELGW,YLGY,Tier1
ESTVPERTHPACPDFN,RHD,Tier1
LHR,HDHPVC,Tier1
WHH,YDY,Tier1
GFWDSVKEGLKNAAVTILNKIKCKISECPPA,LTC,Tier1
GAWA,QYP,Tier1
VLPVPQK,YEADARSFHDLAEHDIRV,Tier1
LHK,NYY,Tier1
HFGDPFH,YVL,Tier1
WIRGCRL,DYK,Tier1
PWW,DHG,Tier1
PSKYEPFV,TTYY,Tier1
VNPHDHQN,VIPMGL,Tier1
LLPHHH,IIENGEKWS,Tier1
RLKKY,GFYPPP,Tier1
LHL,QHH,Tier1
PKAVHE,YEY,Tier1
RHV,WEIKPSSLTGKSPYFSNNHGKL,Tier1
LPHH,RYQ,Tier1
LWN,FEQI,Tier1
VPW,AYPS,Tier1
GAWA,YVGD,Tier1
LHD,LSGNK,Tier1
HEH,YGGFM,Tier1
RADHP,WYSLAMA,Tier1
AHH,RADHPF,Tier1
FDSGPAGVL,YLMSR,Tier1
GGE,SVMPVVA,Tier1
GGE,YAKPA,Tier1
YYA,ACFL,Tier1
LMCH,QCL,Tier1
LHL,PWS,Tier1
LLPHH,FLHRP,Tier1
GFFDRIKALTKNVTLELLNTITCKLPVTPP,HYVPV,Tier1
YYI,ETTL,Tier1
LEELEEELEGCE,IQW,Tier1
YGGFM,GIFE,Tier1
IANNEADAISLDGGQVFEAG,FLPF,Tier1
TIASGEP,KKY,Tier1
YYW,YQLD,Tier1
HHPLL,AAVGGYRVAVL,Tier1
EELDNALN,PYVRYL,Tier1
SAEHGSLH,MHI,Tier1
AEERYP,DYK,Tier1
LWV,PWL,Tier1
RWA,TERGY,Tier1
RNR,RYY,Tier1
PHF,HFH,Tier1
IPIQYVL,WNIP,Tier1
HHPLL,ISELWG,Tier1
PWN,SHH,Tier1
VQYPVEHPNKFLKFGMTPSKGVLFY,KDVPP,Tier1
KHNRGDEF,IEEAF,Tier1
LLPHHH,DRVYIHPF,Tier1
WPL,YLL,Tier1
NYKQM,SDRDLLGPNNQYLPK,Tier1
FIGP,YLGAK,Tier1
VPSGK,YWVTSGPK,Tier1
GIFE,AWDPE,Tier1
LWI,PIAAEVYEHTEGSTTSY,Tier1
PWR,SFGAKNAVKNGLQKLRNQCQANNYQGPFCDIFKKNP,Tier1
PWN,CAQ,Tier1
DLEE,DWDPK,Tier1
LHQ,LHY,Tier1
LHR,CQC,Tier1
ISELGW,FLPF,Tier1
FLHRP,FIPGLRRLFATVVPTVVCAINKLPPG,Tier1
GAH,QGAR,Tier1
YQL,DYK,Tier1
RYQ,AYFYPEL,Tier1
WYSLAMAASDI,RHY,Tier1
FIGP,AADNANELFPPN,Tier1
PWG,AYFYPEL,Tier1
HLPLPL,YEDCTDCGN,Tier1
HDHPVC,TIIPLPV,Tier1
HFGDPFH,NYY,Tier1
ACFL,TIASGEP,Tier1
YPEL,QVVPYPQ,Tier1
LPAGV,TCSP,Tier1
KVLPVPQK,LEEAF,Tier1
LHM,VGDI,Tier1
PHR,YYL,Tier1
NHAV,VKCFR,Tier1
ACFL,FEQL,Tier1
AMRLTYNKPCLYGT,RYLG,Tier1
PHH,IHH,Tier1
RYY,VKP,Tier1
SIITMTKEAKLPQLWKQIACRLYNTC,YQKFP,Tier1
HQIYPV,EERYP,Tier1
VECYG,DVFRELRVQ,Tier1
FRDEHKK,RHF,Tier1
LEEAF,NFHPQ,Tier1
PHS,AMRLTYNRPCIYAT,Tier1
GVQEGAGHYALL,NEN,Tier1
VDYP,RWA,Tier1
HFH,MHH,Tier1
PNRPQF,TYY,Tier1
IEAEGE,MEMK,Tier1
LGLNGDDVN,TTYY,Tier1
NHH,GSGGL,Tier1
YPIL,LVMFLDNQHRVIRH,Tier1
WPL,TRTGDPFF,Tier1
AQIPQQ,PHA,Tier1
YQY,QVVPYPQ,Tier1
YVGD,VLVPK,Tier1
RWI,YLMSR,Tier1
VLSRYPS,AGGF,Tier1
CAAP,WRNRCKGTD,Tier1
RHL,FLHRP,Tier1
LHA,VQYPVEHPNKFLKFGMTPSKGVLFY,Tier1
PHHADS,YGYTGA,Tier1
HFGDPFH,YGGFL,Tier1
RHK,DYK,Tier1
YRY,VYY,Tier1
YEY,YVY,Tier1
ACFL,GFWDSVKEGLKNAAVTILNKIKCKISECPPA,Tier1
YPEL,LTTLDSE,Tier1
VKV,VLSRYPS,Tier1
PHN,RWA,Tier1
VVKL,DVPPYM,Tier1
YLY,YYS,Tier1
IPAGV,LGY,Tier1
GPGGFI,WNIP,Tier1
VCSV,IYPF,Tier1
YYS,LYEGY,Tier1
AYY,GTQY,Tier1
IPAGM,GGLEPINFN,Tier1
WPL,IYIEQGNGITGM,Tier1
VKL,LHS,Tier1
PYPQ,VVGGDGDV,Tier1
LAC,VLVPK,Tier1
MHIRL,AYFYPEL,Tier1
LWD,LRGIKNYRVAVL,Tier1
LPTSEAAKY,TVYQ,Tier1
AMTGLDA,YPPAK,Tier1
AMTGLDA,LNGDVW,Tier1
VHDY,LRGIKNYRVAVL,Tier1
PWR,IHH,Tier1
YNY,AEERYP,Tier1
CYGPNR,GFYPPP,Tier1
IEEAF,AMRLTYNRPCIYAT,Tier1
PKAVHE,PWA,Tier1
LVDTGRGPIMY,FFGFN,Tier1
LPHSGY,IANNEADAISLDGGQVFEAG,Tier1
DRVYIHPF,AMRLTGNRPGLYAT,Tier1
VPSIDDQEELM,TEVWDSNEQ,Tier1
WHH,DYK,Tier1
YAY,EWPAQ,Tier1
YQLD,LLPF,Tier1
SDF,LSGYGP,Tier1
RHV,NHAV,Tier1
RWT,CME,Tier1
LHL,IAPNYNTRATKL,Tier1
PHI,AYPS,Tier1
VQYPVEHPNKFLKFGMTPSKGVLFY,QKW,Tier1
RWQ,GFPSG,Tier1
PHH,YAY,Tier1
YIY,IKK,Tier1
SVYT,AGWNIPIGT,Tier1
HDHPVC,ADHP,Tier1
PSDHDHE,ADGF,Tier1
IIENGEKWS,FVNQPYLLYSVHMK,Tier1
LWR,SRYPS,Tier1
ESTVPERTHPACPDFN,TEVWDSNEQ,Tier1
LLPH,KLSDW,Tier1
HHF,YAKP,Tier1
LWT,TETWNPNHPEL,Tier1
WYSLAMA,WDR,Tier1
LRGIKNYRVAVL,GFFDRIKALTKNVTLELLNTITCKLPVTPP,Tier1
PSKYEPFV,PWS,Tier1
PHV,MHH,Tier1
KTFCGRH,GFWDSVKEGLKNAAVTILNKIKCKISECPPA,Tier1
LDY,LPM,Tier1
PWF,WYT,Tier1
HLHP,RWR,Tier1
HEKVC,FYQL,Tier1
RWI,PSLPA,Tier1
LVNPHDHQN,PNRPQF,Tier1
GSGGL,NHK,Tier1
RHS,HYY,Tier1
RHF,CHI,Tier1
LHH,LGNTDYAVH,Tier1
PHK,YQEPVLGPVRGPFPIIV,Tier1
GWNI,WISELGW,Tier1
AMRLTYNRPCIYAT,GWNI,Tier1
QGAR,GYLEQ,Tier1
LVNPHDHQN,WYSLAMAASDI,Tier1
QHH,LPF,Tier1
FVAGK,HQIYPV,Tier1
VSYT,GIISHR,Tier1
YFYPEL,YHH,Tier1
LVNPHDHQN,SYY,Tier1
YYA,FLHRP,Tier1
PHK,PSIPA,Tier1
LHT,QGAR,Tier1
RPNYTDA,DWDPK,Tier1
RNR,EFQI,Tier1
NGPLQAGQPGER,PMDYMVT,Tier1
EEYFPVGGDRPESF,LRGIKNYRVAVL,Tier1
WDDMEK,YLGAK,Tier1
GVQEGAGHYALL,GQVPP,Tier1
TCSP,WISELGW,Tier1
PHR,KTFCGRH,Tier1
SDF,LGNTDYAVH,Tier1
RHM,IHH,Tier1
FYPEL,AMRLTYNRPCIYAT,Tier1
YLY,YYL,Tier1
PHM,RYY,Tier1
LELHKLRSSHWFSRR,ETTL,Tier1
RHT,TSQLLSDQ,Tier1
PHA,RADHPFL,Tier1
WYSLAMAASDI,WSVPQPK,Tier1
YPFPG,LLPF,Tier1
NGLEGLK,VLVPK,Tier1
NGLEGLK,LWD,Tier1
YPEL,NGLEGLK,Tier1
LWN,AMRLTYNKPCLYGT,Tier1
WYSLAM,PYFNK,Tier1
PHA,VAWRNRCKGTD,Tier1
YYS,VLSRYPS,Tier1
PWV,YDY,Tier1
VKV,HVRETALV,Tier1
LHR,AGWNIPIGT,Tier1
FLNDFLHV,YLGAK,Tier1
PHV,YLG,Tier1
LHW,IANNEADAISLDGGQVFEAG,Tier1
LWR,VVGGDGDV,Tier1
LWK,MHIRL,Tier1
LHY,FFGFN,Tier1
NHH,AYFYPEL,Tier1
QHH,GGE,Tier1
SHH,GIFE,Tier1
ADF,GFWDSVKEGLKNAAVTILNKIKCKISECPPA,Tier1
RHH,LVDTGRGPIMY,Tier1
PPQ,IRGCRL,Tier1
YYD,DHTKE,Tier1
MWL,YLKT,Tier1
VHHANEN,YYF,Tier1
EAK,PHH,Tier1
LWG,KYL,Tier1
PWQ,RNDDLNYIQ,Tier1
LHA,VVGGDGDV,Tier1
HPH,LHR,Tier1
WYY,RPPGFSPFR,Tier1
EEEQVGQGYETIRARL,MEMK,Tier1
GAH,LVMFLDNQHRVIRH,Tier1
LGLNGDDVN,LHQ,Tier1
PPQ,RWE,Tier1
EEYFPVGGDRPESF,FGHPY,Tier1
PSLPA,LGFEYY,Tier1
LHI,LWN,Tier1
VKV,NGPLQAGQPGER,Tier1
PHW,RHV,Tier1
SWN,ADF,Tier1
DPALATEPDPMPF,GPLGLLGFLGPLGLS,Tier1
LHF,QVVPYPQ,Tier1
RWQ,KTFCGRH,Tier1
LWK,QYDQGV,Tier1
HNPI,MEMK,Tier1
GPP,LNLPTAVYMVT,Tier1
AGWNIP,RDMPIQ,Tier1
LWI,RHQ,Tier1
PLFQNKLAHAK,PHN,Tier1
LHV,RHG,Tier1
AMRLTYNKPCLYGT,SGAF,Tier1
LLR,NEN,Tier1
RWT,GPLGLLGFLGPLGLS,Tier1
WYSLA,YQKFPQY,Tier1
SDF,YQK,Tier1
VDYP,PHL,Tier1
LWI,DDPDKGMLKWKNDFFQEF,Tier1
HGPLGPL,FLKPLFNAALKLLP,Tier1
PSYV,VHDY,Tier1
VPSGK,WVYY,Tier1
WPP,CHI,Tier1
YLY,GEC,Tier1
TGGGNV,PVDENDEG,Tier1
LHI,GIFE,Tier1
SYY,WISELG,Tier1
LDK,TVYQ,Tier1
PWQ,LNLPTAVYMVT,Tier1
CME,FPQY,Tier1
IKL,PSKYEPFV,Tier1
RHD,TRTGDPFF,Tier1
RYPS,AGTTCLFTPLALPYDYSH,Tier1
HPH,RHN,Tier1
FEQL,VGDI,Tier1
YNY,MWL,Tier1
LGLNGDDVN,NHRYDR,Tier1
YIY,LSGYGP,Tier1
WYSL,AWIRGCRL,Tier1
YYF,AADNANELFPPN,Tier1
HHPLL,LYEGY,Tier1
PYFNK,KKY,Tier1
LHH,HMPVTK,Tier1
MILMR,MPDAHL,Tier1
LWS,WYT,Tier1
YFYPEL,FFGFN,Tier1
LHT,AMRLTYNRPCIYAT,Tier1
VPSIDDQEELM,GLLDSVKEGLKKVAGQLLDTLKCKISGCTPA,Tier1
WIRGCRL,LFC,Tier1
AHK,LHD,Tier1
EFLQ,RYL,Tier1
PYSFK,ACQ,Tier1
YEY,MEMK,Tier1
FLQEFLHV,SALAM,Tier1
PSKYEPFV,YIY,Tier1
HDHPVC,FDEQE,Tier1
WEN,GFYPPP,Tier1
SALAM,RYQ,Tier1
LWK,LVSK,Tier1
LHL,YAY,Tier1
VHHANEN,FLQEFLHV,Tier1
WEIKPSSLTGKSPYFSNNHGKL,IKK,Tier1
GGIF,VAWRNRCKGTD,Tier1
LHY,HQIYPV,Tier1
NGPLQAGQPGER,RHM,Tier1
PWA,RASDPLLSV,Tier1
LWA,GFWDSVKEGLKNAAVTILNKIKCKISECPPA,Tier1
YCY,YQKFPQY,Tier1
IHH,HHW,Tier1
LWV,YVL,Tier1
YYR,LDY,Tier1
YHH,TGGGNV,Tier1
LWD,SFGAKNAVKNGLQKLRNQCQANNYQGPFCDIFKKNP,Tier1
HGPLGPL,DWDPK,Tier1
PHA,TDY,Tier1
LDY,ETTL,Tier1
PHR,TSQLLSDQ,Tier1
LVNPHDHQN,MPDAHL,Tier1
NGLEGLK,GIISHR,Tier1
WISELG,IQW,Tier1
LLR,ADGF,Tier1
RWI,PYSFK,Tier1
RWA,RCMAFLLSDGAAAAQQLLPQYW,Tier1
LHV,PHI,Tier1
YGGFM,GFYPPP,Tier1
VSYT,YLG,Tier1
FPLEMMPF,TSQLLSDQ,Tier1
IANNEADAISLDGGQVFEAG,AYFYPEL,Tier1
SYY,GSGGL,Tier1
EWPAQ,VPW,Tier1
IIENGEKWS,LVSK,Tier1
PHQ,PHW,Tier1
GLLDSVKEGLKKVAGQLLDTLKCKISGCTPA,PGVPWP,Tier1
AAVGGYRVAVL,VPVTST,Tier1
WVYY,VAWRNRCKGTD,Tier1
YYK,IQW,Tier1
MHH,HYY,Tier1
EEYFPVGGDRPESF,LMGQW,Tier1
PHN,RWL,Tier1
RPNYTDA,MPACGSS,Tier1
LWN,YNI,Tier1
PHCKRM,ACQ,Tier1
RLKKY,DLEE,Tier1
IRW,MHI,Tier1
ISELGW,LPF,Tier1
EAK,AGWNI,Tier1
LWA,GIFE,Tier1
VDHDHPE,WYSLAMA,Tier1
ESTVPERTHPACPDFN,PWH,Tier1
VECYG,QHH,Tier1
RHH,GALAAH,Tier1
YSY,WSRRGEREEEDERRR,Tier1
LMCH,PWI,Tier1
DYY,LVDTGRGPIMY,Tier1
IEAEGE,HYVPV,Tier1
SDF,LVSK,Tier1
LHS,VPKVK,Tier1
YLY,ACQ,Tier1
LEQQVDDLEGSLEQEKK,LAC,Tier1
NYY,VVGGDGDV,Tier1
NADFGLNGLEGLA,HGGEGGRPYHLGEES,Tier1
WYSLAMA,YGGFM,Tier1
PSLPA,AMRLTYNKPCLYGT,Tier1
PSKYEPFV,SDRDLLGPNNQYLPK,Tier1
EAK,YTY,Tier1
THH,VKCFR,Tier1
YVY,YPI,Tier1
GLTSK,DWDPK,Tier1
HHY,RYLGY,Tier1
HWH,IIENGEKWS,Tier1
RWI,TERGY,Tier1
HPH,AHH,Tier1
RWA,STMMEERRMKVY,Tier1
LWT,WYS,Tier1
NQE,GWNIP,Tier1
VKEAMPK,YLL,Tier1
PHL,GAH,Tier1
RHH,IYIEQGNGITGM,Tier1
VIPAGYP,YPFPG,Tier1
MWL,GTQY,Tier1
PPQ,PWY,Tier1
PWW,YNI,Tier1
VKAGFAWTANQQLS,PKLPPVKK,Tier1
HVRETALV,VPKVK,Tier1
DHG,KKY,Tier1
ADF,AWIRGCRL,Tier1
HPHL,LQL,Tier1
LYY,YYIVS,Tier1
RWY,GGLEPINFN,Tier1
HPLH,TRTGDPFF,Tier1
RHG,CVHWMTNTARTACIAP,Tier1
LANAK,MTEEY,Tier1
LHE,AMRLTYNRPCIYAT,Tier1
VYY,VCSV,Tier1
YKY,HDHPVC,Tier1
HDHPVC,TTYY,Tier1
AYY,IAPNYNTRATKL,Tier1
TIASGEP,GIISHR,Tier1
LWM,LDK,Tier1
YNY,YLMSR,Tier1
YYN,VAGTWY,Tier1
PPQ,FEQL,Tier1
LWK,WYSLAMA,Tier1
RPPGFSPFR,YGGFL,Tier1
MHIRL,QYP,Tier1
VDHDHPE,AEERYP,Tier1
PYPQ,STMMEERRMKVY,Tier1
YLMSR,PYSFK,Tier1
PPK,YIPIQY,Tier1
HFH,EEEQVGQGYETIRARL,Tier1
FEQL,STMMEERRMKVY,Tier1
HHPL,LHK,Tier1
RNR,PSLVGRPPVGKLTL,Tier1
VKL,LPF,Tier1
FRDEHKK,KYY,Tier1
YKY,AIEWEGIESGSVEQA,Tier1
ISELWG,PSLVGRPPVGKLTL,Tier1
PLHH,PWW,Tier1
SHDAHPE,LYEGY,Tier1
WYSLAMAASDI,HDHPVC,Tier1
YLYP,LLPHHH,Tier1
PSKYEPFV,RWL,Tier1
YTY,CME,Tier1
LLPH,EQC,Tier1
YYL,VQYPVEHPNKFLKFGMTPSKGVLFY,Tier1
DRVYIHPF,FRSGILKLASKIPSVLCAVLKNC,Tier1
AMRLTGNRPGLYAT,TDY,Tier1
WYT,WISELG,Tier1
LQPGQGQQ,LEQQVDDLEGSLEQEKK,Tier1
LWS,LLPF,Tier1
LQSGDALRVPSGTTYY,PSYV,Tier1
NGPLQAGQPGER,ADGF,Tier1
HPHL,ADF,Tier1
LHY,SAEHGSLH,Tier1
FFAPGRNPTSFS,HVRETALV,Tier1
HLH,YLGY,Tier1
VLPVPQK,GPLGLLGFLGPLGLS,Tier1
WYSLAMA,PYVRYL,Tier1
AQIPQQ,VLSRYPS,Tier1
RHD,LPF,Tier1
PHT,LYY,Tier1
VLEANPRSF,GEGSGA,Tier1
PWG,LVDTGRGPIMY,Tier1
LRGIKNYRVAVL,HQIYPV,Tier1
PWD,GTW,Tier1
AKYIPIQYVLSRYPSY,PHA,Tier1
VIPAGYP,KKY,Tier1
FALPQYLK,GQVPP,Tier1
PSLVGRPPVGKLTL,VAWRNRCKGTD,Tier1
LLPHH,IPAGV,Tier1
KYY,FLHRP,Tier1
RYY,GLLDSVKEGLKKVAGQLLDTLKCKISGCTPA,Tier1
PWE,VPVTST,Tier1
RHH,RWY,Tier1
VYY,YYS,Tier1
LWM,HWH,Tier1
RWT,CAQ,Tier1
PSKYEPFV,WIRGCRL,Tier1
YSEMPPGK,WIRGCRL,Tier1
HPHL,EEYFPVGGDRPESF,Tier1
KHNRGDEF,YSY,Tier1
LHM,GHH,Tier1
YIPIQY,KLSDW,Tier1
MWL,FIKK,Tier1
PHI,YYF,Tier1
LHQ,YGYTGA,Tier1
HLPH,HWH,Tier1
LQL,YQL,Tier1
SWN,TDY,Tier1
EFQI,IYIEQGNGITGM,Tier1
PWV,ECA,Tier1
YQIGL,CAQ,Tier1
WYT,GWNIP,Tier1
LVNPHDHQN,RHS,Tier1
YMY,PSLPA,Tier1
VYY,ISELGF,Tier1
AMTGLDA,FGHPY,Tier1
PHR,HDHPVC,Tier1
FHNMEK,RLKKY,Tier1
SDF,YLMSR,Tier1
IPAGV,YIPIQY,Tier1
LWE,WRNRCKGTD,Tier1
RWG,YLGY,Tier1
LPHH,KVLPVPQK,Tier1
PWA,SNAAC,Tier1
HHY,GGE,Tier1
LYPY,LLHH,Tier1
FYPEL,LSGYGP,Tier1
AQIPQQ,KGLWE,Tier1
AMRLTGNRPGLYAT,RCMAFLLSDGAAAAQQLLPQYW,Tier1
YHY,SGAF,Tier1
YAEERYPIL,WRNRCKGTD,Tier1
PSDHDHE,MTEEY,Tier1
YAKP,AEEEYPDL,Tier1
PWQ,FRADHPFL,Tier1
YIY,IQY,Tier1
EEYFPVGGDRPESF,ETTL,Tier1
PHR,LVMFLDNQHRVIRH,Tier1
FVPH,VGGRP,Tier1
LHA,WPL,Tier1
SALAM,SAEHGSLH,Tier1
PKAV,QYY,Tier1
RHN,VAGTWY,Tier1
PWA,STMMEERRMKVY,Tier1
RHG,YLMSR,Tier1
RWN,ECA,Tier1
PWI,ECA,Tier1
SDF,YGLN,Tier1
NQE,IYY,Tier1
YYY,FYQL,Tier1
PSYV,GAH,Tier1
YWY,RADHPF,Tier1
IPIQYVL,YEY,Tier1
TTYY,DEDTQAMP,Tier1
DRVYIHPF,RYPS,Tier1
HGPLGPL,FDEQE,Tier1
PPQ,EFIQ,Tier1
LHT,GGLEPINFN,Tier1
GGE,GSGGL,Tier1
LSGNK,RCMAFLLSDGAAAAQQLLPQYW,Tier1
RWE,LPM,Tier1
IYPF,WYSL,Tier1
FRADHPFL,AWDPE,Tier1
LPYY,AEERYP,Tier1
YTY,IYPF,Tier1
VKEAMAPK,AMRLTYNRPCLGAT,Tier1
LMGQW,YIPIQY,Tier1
TVYQ,RYL,Tier1
LQSGDALRVPSGTTYY,FVPH,Tier1
PHY,SVMPVVA,Tier1
RHN,FYY,Tier1
LLHH,STMMEERRMKVY,Tier1
RYY,KVLPVPQK,Tier1
PWR,AHH,Tier1
RHE,YQEP,Tier1
LWS,PGVPWP,Tier1
FYY,SFGAKNAVKNGLQKLRNQCQANNYQGPFCDIFKKNP,Tier1
LWK,MWL,Tier1
YPELF,TVYQ,Tier1
KYY,YPELF,Tier1
RHI,SGAF,Tier1
LELHKLRSSHWFSRR,FIPGLRRLFATVVPTVVCAINKLPPG,Tier1
PPK,YYN,Tier1
PHG,KYL,Tier1
RHH,GQFNDKRWIPFG,Tier1
PHR,VPVTST,Tier1
PPQ,KKY,Tier1
VECYG,PWL,Tier1
RHQ,VQYPVEHPNKFLKFGMTPSKGVLFY,Tier1
RWR,AEERYP,Tier1
AMRLTYNRPCLGAT,IVEYF,Tier1
FYPEL,QCL,Tier1
LLPHH,YVEEL,Tier1
YYH,TERGY,Tier1
AYPS,YLGY,Tier1
RHV,TVYQ,Tier1
IYY,FIPGLRRLFATVVPTVVCAINKLPPG,Tier1
PWF,DVPPYM,Tier1
RWW,DLEE,Tier1
GAH,VVGGDGDV,Tier1
RNR,KTFCGRH,Tier1
WHNVSGSP,GQVPP,Tier1
HHLP,SGAF,Tier1
FYY,WYSL,Tier1
PHN,LNLPTAVYMVT,Tier1
KVI,LWE,Tier1
THH,GIFE,Tier1
PIAAEVYEHTEGSTTSY,TSQLLSDQ,Tier1
PWR,YLG,Tier1
LHK,RWI,Tier1
YQLD,YQEPVLGPVRGPFPIIV,Tier1
HLPLPL,GFYPPP,Tier1
RPNYTDA,ELLI,Tier1
LHF,LWR,Tier1
PHL,TVYQ,Tier1
AEEEYPDL,RYLGY,Tier1
VHH,VPNSYP,Tier1
AGWNIPIGT,GGIF,Tier1
PPK,RADHP,Tier1
GWNI,WDR,Tier1
YYV,TVYQ,Tier1
CAAP,WYSLAMA,Tier1
QCH,ETTL,Tier1
LHM,LGFEY,Tier1
PHR,YCY,Tier1
YFY,GYLEQ,Tier1
LHPH,YVEEL,Tier1
MTEEY,DGVVYY,Tier1
NRVYIHPFHLLVYS,AKAWGIPPHVIPQIVPVRIRPLCGNV,Tier1
VIPAGYP,FHH,Tier1
VKL,CSQAPLA,Tier1
LWR,GIFE,Tier1
VKL,YLGAK,Tier1
YDY,WSVPQPK,Tier1
WYT,AKAWGIPPHVIPQIVPVRIRPLCGNV,Tier1
LWA,YQEP,Tier1
PWY,LGFEYY,Tier1
YYT,ADGF,Tier1
VHDY,FLPF,Tier1
WNIP,GEC,Tier1
FRADHPFL,YQK,Tier1
FIGP,WPL,Tier1
DYY,GFFDRIKALTKNVTLELLNTITCKLPVTPP,Tier1
SDRDLLGPNNQYLPK,LFC,Tier1
RWN,LLR,Tier1
RADHP,QKW,Tier1
YGLN,GTW,Tier1
YYT,SVYT,Tier1
FLHRP,CSQAPLA,Tier1
PHW,VPW,Tier1
LWS,FYY,Tier1
RHI,MILMR,Tier1
LHQ,YRY,Tier1
QYDQGV,PYSFK,Tier1
TGGGNV,AWIRGCRL,Tier1
LVGDEQAVPAVCVP,VAGTWY,Tier1
RHH,LEQQVDDLEGSLEQEKK,Tier1
VIPAGYP,LHD,Tier1
PWH,AYPS,Tier1
ISELWG,GFYPPP,Tier1
LPTSEAAKY,LHH,Tier1
YAY,GGE,Tier1
PYY,RADHP,Tier1
WYSLAMAASDI,AYFYPEL,Tier1
FPLEMMPF,QYDQGV,Tier1
GGLEPINFN,VAGTWY,Tier1
WSRRGEREEEDERRR,PKLPPVKK,Tier1
CYGPNR,RWG,Tier1
QLGNLGV,LAPSLPGKPKPD,Tier1
PKAV,SHH,Tier1
ISELGW,DEDTQAMP,Tier1
DAQEKLE,HHF,Tier1
VGGRP,IVEYF,Tier1
YYY,EERYP,Tier1
RHT,YQEPVLGPVRGPFPIIV,Tier1
VPSIDDQEELM,FGHPY,Tier1
AHK,QYY,Tier1
HLH,RHE,Tier1
FIGP,HNPI,Tier1
VKEAMAPK,PYVRYL,Tier1
AMRLTYNRPCLGAT,AGGF,Tier1
MHH,DEDTQAMP,Tier1
KAI,HHLP,Tier1
LHA,WIRGCRL,Tier1
YGYTGA,QKW,Tier1
QHGV,DLEE,Tier1
AMTGLDA,PVMGA,Tier1
YYA,YLG,Tier1
HHF,FDEQE,Tier1
AMRLTYNRPCIYAT,EQC,Tier1
LVNPHDHQN,VHDY,Tier1
RWG,SIITMTKEAKLPQLWKQIACRLYNTC,Tier1
LWA,NFHPQ,Tier1
HPHL,QKW,Tier1
IIENGEKWS,RPNYTDA,Tier1
LWQ,VECYGPNRPQF,Tier1
NRVYIHPFHLLVYS,LTTLDSE,Tier1
PSLVGRPPVGKLTL,EQC,Tier1
YSY,VKCFR,Tier1
WYS,CQC,Tier1
YYN,YGLN,Tier1
ESTTVPERTHPACPDFN,YWVTSGPK,Tier1
VAMVPPFET,AGGF,Tier1
PHHADS,TVYQ,Tier1
LWQ,VQYPVEHPNKFLKFGMTPSKGVLFY,Tier1
HPLH,LQGM,Tier1
LYY,FYY,Tier1
WYT,GLLDSVKEGLKKVAGQLLDTLKCKISGCTPA,Tier1
VKEAMAPK,EERYP,Tier1
VKV,FLPF,Tier1
SYY,GGE,Tier1
LHF,HGGEGGRPYHLGEES,Tier1
KTFCGRH,VFPW,Tier1
LYPY,LTC,Tier1
RWL,YQLD,Tier1
WVYY,ARHPHPHLSFM,Tier1
AYY,KYL,Tier1
RWQ,ACFL,Tier1
WHH,MPDAHL,Tier1
QHH,YYF,Tier1
YQY,GAWA,Tier1
YEY,YYV,Tier1
THH,TYY,Tier1
RHA,FKK,Tier1
LWA,LWT,Tier1
HHPLL,RASDPLLSV,Tier1
LQSGDALRVPSGTTYY,VAGTWY,Tier1
IPIQYVL,HYVPV,Tier1
ADHP,TVYQ,Tier1
LPL,RASDPLLSV,Tier1
GPGGFI,EQC,Tier1
RWQ,DHG,Tier1
AVPYPQR,VVGGDGDV,Tier1
YAY,VPW,Tier1
PHI,CHI,Tier1
PSKYEPFV,YYIVS,Tier1
WNIP,RDMPIQ,Tier1
IEAEGE,QYP,Tier1
PVMGA,SAEHGSLH,Tier1
RWE,FALPQYLK,Tier1
LWV,LDY,Tier1
VAMVPPFET,DEDTQAMP,Tier1
VVKL,WYT,Tier1
VPSGK,KYY,Tier1
WYSLA,KLSDW,Tier1
LHR,NYKQM,Tier1
YQEP,FPQY,Tier1
AHH,LPHSGY,Tier1
GGE,IRGCRL,Tier1
GYY,ACFL,Tier1
AYPS,FPQY,Tier1
EWPAQ,FRADHPFL,Tier1
RWY,MPDAHL,Tier1
KYY,AIEWEGIESGSVEQA,Tier1
QVVPYPQ,PIAAEVYEHTEGSTTSY,Tier1
YQIGL,QYDQGV,Tier1
AVPYPQR,TDY,Tier1
RWR,DYK,Tier1
PHM,QCH,Tier1
LHQ,YYV,Tier1
YYW,FLNDFLHV,Tier1
NPYVPR,GTW,Tier1
HHW,WYSLAMA,Tier1
PWI,PWR,Tier1
VKV,RYQ,Tier1
RWH,AGWNIP,Tier1
PHR,ALEPDHR,Tier1
AEERYP,LPF,Tier1
WYT,YIPIQY,Tier1
YSY,NHAV,Tier1
ACQ,CLV,Tier1
NADFGLNGLEGLA,VPW,Tier1
LHN,RHL,Tier1
AEAQKQLR,YYR,Tier1
YCY,YQLD,Tier1
LHK,TEFTK,Tier1
PSDHDHE,GPAGPAG,Tier1
FGHPY,TTYY,Tier1
LFC,WEN,Tier1
NRVYIHPFHLLVYS,FLHRP,Tier1
YPEL,DDPDKGMLKWKNDFFQEF,Tier1
LWW,MQFHT,Tier1
NHH,YLG,Tier1
QCH,CHI,Tier1
RWE,SNAAC,Tier1
YGYTGA,IKK,Tier1
LNGDVW,VGGRP,Tier1
MILMR,FYQL,Tier1
HHPLL,WYSLAMA,Tier1
WSRRGEREEEDERRR,VAGTWY,Tier1
PWH,FVNQPYLLYSVHMK,Tier1
RNR,TCSP,Tier1
AGWNIP,FPQY,Tier1
AMRLTGNRPGLYAT,DYK,Tier1
PLHH,PYY,Tier1
RHI,EWPAQ,Tier1
YYL,WVYY,Tier1
WEIKPSSLTGKSPYFSNNHGKL,WSY,Tier1
GALAAH,RYLG,Tier1
WEGPK,PYVRYL,Tier1
YQEPVLGP,VLYEE,Tier1
GGLEPINFN,AWDPE,Tier1
GFFDRIKALTKNVTLELLNTITCKLPVTPP,TDY,Tier1
RNR,RWY,Tier1
PSHDAHPE,PHE,Tier1
YYF,YTY,Tier1
PYY,KYY,Tier1
RHQ,WPL,Tier1
LHI,LHT,Tier1
LPTSEAAKY,RYQ,Tier1
PSKYEPFV,IRGCRL,Tier1
PKAVHE,WPL,Tier1
LHPH,GVQEGAGHYALL,Tier1
LHV,LARL,Tier1
HHP,RHA,Tier1
LALPA,AIRQGDVF,Tier1
YYV,YYM,Tier1
YVEEL,VKCFR,Tier1
PHF,PHM,Tier1
RHV,TYQTF,Tier1
VDYP,EELDNALN,Tier1
NYKQM,FIKK,Tier1
ARHPHP,YQLD,Tier1
GPP,QYP,Tier1
VLYEE,IRGCRL,Tier1
PHS,AEEEYPDL,Tier1
RWI,VKRRGQDCIHGFCSD,Tier1
MEMK,PKLPPVKK,Tier1
ISELWG,QCL,Tier1
GVQEGAGHYALL,LPF,Tier1
EFQL,PVMGA,Tier1
TVYQ,AEEEYPDL,Tier1
PHH,YYI,Tier1
FEQI,VKP,Tier1
FRADHPFL,GLLDSVKEGLKKVAGQLLDTLKCKISGCTPA,Tier1
RHA,PSDHDHE,Tier1
PKAV,LPAGV,Tier1
AHK,GIFE,Tier1
PHT,FLHRP,Tier1
WSRRGEREEEDERRR,RYPS,Tier1
VVKL,LLPF,Tier1
GYLEQ,VGDI,Tier1
VKV,AAVGGYRVAVL,Tier1
YLAGMN,VPYPQ,Tier1
WYY,PKLPPVKK,Tier1
VKL,IRGCRL,Tier1
FHH,HQIYPV,Tier1
DDPDKGMLKWKNDFFQEF,LAC,Tier1
PYVRYL,ISELGY,Tier1
RHL,TYY,Tier1
WYSL,AIRQGDVF,Tier1
LYY,GGE,Tier1
PYY,AGWNI,Tier1
YGY,AEERYP,Tier1
GPP,FPQY,Tier1
YGYTGA,ELLI,Tier1
ACFL,GLLDSVKEGLKKVAGQLLDTLKCKISGCTPA,Tier1
HHLP,IHH,Tier1
PHT,RWW,Tier1
LWG,FFAPGRNPTSFS,Tier1
LVSK,WDDMEK,Tier1
GPP,VGDI,Tier1
IHH,FEQL,Tier1
FYPEL,PWT,Tier1
HFGDPFH,LLPF,Tier1
LELHKLRSSHWFSRR,HDH,Tier1
LHS,VLPVPQK,Tier1
PHE,ACFL,Tier1
VVKL,GPLGLLGFLGPLGLS,Tier1
LHA,YFY,Tier1
KAI,PWS,Tier1
YYK,RNDDLNYIQ,Tier1
KTFCGRH,AGWNIPIGT,Tier1
PSIPA,MPDAHL,Tier1
ADHP,FVNQPYLLYSVHMK,Tier1
DSGVT,MWL,Tier1
HLHP,PWI,Tier1
VECYG,PHYL,Tier1
PLHH,IQY,Tier1
SRYPS,MTEEY,Tier1
RWT,HYH,Tier1
YSY,WYSLAMA,Tier1
SYY,LNLPTAVYMVT,Tier1
YYM,VKCFR,Tier1
DAQEKLE,NHH,Tier1
LHG,VAMVPPFET,Tier1
YYE,GGLEPINFN,Tier1
LEQQVDDLEGSLEQEKK,RYQ,Tier1
PSIPA,YNI,Tier1
IPIQYVL,RHF,Tier1
GGLEPINFN,WIRGCRL,Tier1
LWY,YYT,Tier1
LRGIKNYRVAVL,YLKT,Tier1
NHH,TTYY,Tier1
LVGDEQAVPAVCVP,AYY,Tier1
LWI,YYW,Tier1
LNGDVW,WISELGW,Tier1
KAI,RNR,Tier1
FIGP,IYIEQGNGITGM,Tier1
LWT,TIIPLPV,Tier1
VKV,YYG,Tier1
IPIQYVL,KGLWE,Tier1
TIASGEP,GQVPP,Tier1
PWY,ADHP,Tier1
PHH,SYY,Tier1
RHE,ALEPDHR,Tier1
LHD,TGGGNV,Tier1
PWW,FKK,Tier1
LWA,LANAK,Tier1
PHE,FYQL,Tier1
YFY,WSY,Tier1
PVMGA,CME,Tier1
HFH,QLGNLGV,Tier1
PEL,WYS,Tier1
PHR,ADF,Tier1
PPQ,YSY,Tier1
IIENGEKWS,QKW,Tier1
LGNTDYAVH,MPACGSS,Tier1
WHH,CAQ,Tier1
AHH,MTEEY,Tier1
EFIQ,QHGV,Tier1
GPGGFI,RHPHP,Tier1
LTC,IVEYF,Tier1
HHLP,RHH,Tier1
PWY,GIISHR,Tier1
LVDTGRGPIMY,TEFTK,Tier1
GGE,HYVPV,Tier1
RADHPFL,WHNVSGSP,Tier1
AHK,NFHPQ,Tier1
HEH,WYSLA,Tier1
FYPEL,SALAM,Tier1
QYY,FEQL,Tier1
PSYV,SNAAC,Tier1
WHH,YGGFM,Tier1
FFGFN,GVQEGAGHYALL,Tier1
PWW,WRNRCKGTD,Tier1
MHIRL,FPQY,Tier1
YNI,GFWDSVKEGLKNAAVTILNKIKCKISECPPA,Tier1
LWG,VSYT,Tier1
LHK,GIFE,Tier1
PPK,KHNRGDEF,Tier1
PHK,RWL,Tier1
DSGVT,SHH,Tier1
LWA,YQL,Tier1
LHN,HYH,Tier1
DSGVT,MHI,Tier1
DRVYIHPF,LGNTDYAVH,Tier1
YYIVS,SGAF,Tier1
HFGDPFH,RPPGFSPFR,Tier1
VYY,RADHPFL,Tier1
LLPH,YLG,Tier1
EAK,YYE,Tier1
PYY,VGDI,Tier1
LEELEEELEGCE,RHPHP,Tier1
TTYY,CME,Tier1
YPIL,CVHWMTNTARTACIAP,Tier1
PNRPQF,PHYL,Tier1
NQE,YYDPL,Tier1
LLPH,EFLQ,Tier1
LPYY,YYH,Tier1
LHL,PVDENDEG,Tier1
LHR,WYY,Tier1
LNLPTAVYMVT,ELLI,Tier1
WHH,HFH,Tier1
SYY,YYIVS,Tier1
RWN,LPM,Tier1
LHY,CVHWMTNTARTACIAP,Tier1
ADF,CHI,Tier1
VIPMGL,YWVTSGPK,Tier1
LHV,RHQ,Tier1
YEDCTDCGN,TSQLLSDQ,Tier1
RHE,TCSP,Tier1
LPF,GFYPPP,Tier1
PHCKRM,VKCFR,Tier1
LPL,AWIRGCRL,Tier1
LNGDVW,ADHP,Tier1
GLLDSVKEGLKKVAGQLLDTLKCKISGCTPA,VPYPQ,Tier1
EFIQ,AYFYPEL,Tier1
YNY,CQC,Tier1
YRY,GEGSGA,Tier1
WSVPQPK,AWIRGCRL,Tier1
YCY,FGHPY,Tier1
HMPVTK,LVSK,Tier1
AHK,WPL,Tier1
EELDNALN,YGYTGA,Tier1
KVI,GQVPP,Tier1
PHS,DEDTQAMP,Tier1
LQSGDALRVPSGTTYY,IPAGM,Tier1
YAY,NHAV,Tier1
YRY,LPL,Tier1
LELHKLRSSHWFSRR,FIGP,Tier1
VVGGDGDV,IQW,Tier1
YLL,MHI,Tier1
PWY,DYK,Tier1
WYSLAMAASDI,LHG,Tier1
FKK,VAMVPPFET,Tier1
PHW,RHA,Tier1
GAWA,RADHPFL,Tier1
TYY,DLEE,Tier1
YFY,RPPGFSPFR,Tier1
LHE,NHAV,Tier1
HNPI,MHI,Tier1
YYK,NEN,Tier1
LPYY,LNGDVW,Tier1
RWA,LLR,Tier1
FYQL,CHI,Tier1
LHI,KDVPP,Tier1
WYSLAMAASDI,NHAV,Tier1
WYSLAMA,CHI,Tier1
VECYG,HHPLL,Tier1
GPAGPAG,QHGV,Tier1
AMRLTYNKPCLYGT,WISELGW,Tier1
LWV,YYI,Tier1
IKL,PGVPWP,Tier1
PSKYEPFV,LQGM,Tier1
IPAGV,GVQEGAGHYALL,Tier1
AKYIPIQYVLSRYPSY,YNL,Tier1
AEEEYPDL,GEC,Tier1
PWR,YSTA,Tier1
VYY,SAEHGSLH,Tier1
LGLNGDDVN,PWV,Tier1
YVL,YLMSR,Tier1
QCH,KDVPP,Tier1
LHA,TSQLLSDQ,Tier1
YAY,NPYVPR,Tier1
FFAPGRNPTSFS,FALPQYLK,Tier1
PHN,PWN,Tier1
HHPL,YPPAK,Tier1
YQLD,DYK,Tier1
HFGDPFH,IRGCRL,Tier1
LARL,VFPW,Tier1
LLPHH,VFPW,Tier1
WISELGW,FVPH,Tier1
PHL,PHS,Tier1
YLKT,QKW,Tier1
GHH,FYQL,Tier1
PYVRYL,DYK,Tier1
HHW,LAC,Tier1
GVQEGAGHYALL,VPKVK,Tier1
YYG,YMY,Tier1
PLHH,PHYL,Tier1
EFIQ,VPYPQ,Tier1
PHH,QCH,Tier1
LWI,GFFDRIKALTKNVTLELLNTITCKLPVTPP,Tier1
FRADHPFL,WNIP,Tier1
YHH,QHGV,Tier1
FEQL,FLHRP,Tier1
SHDAHPE,VLVPK,Tier1
RHT,IPAGV,Tier1
CAAP,VKP,Tier1
PWI,FLKPLFNAALKLLP,Tier1
FDSGPAGVL,YWY,Tier1
QHH,HQIYPV,Tier1
LLPHH,RHA,Tier1
PSKYEPFV,LWI,Tier1
PWN,YYG,Tier1
FVAGK,HGGEGGRPYHLGEES,Tier1
LWG,EWPAQ,Tier1
IPAGV,TEFTK,Tier1
PSHDAHPE,AYPS,Tier1
HYY,HDHPVC,Tier1
RYY,PSLVGRPPVGKLTL,Tier1
DYY,GLTSK,Tier1
VQYPVEHPNKFLKFGMTPSKGVLFY,GIFE,Tier1
LLR,IRGCRL,Tier1
YFYPEL,PWD,Tier1
IYPF,DLEE,Tier1
PPK,TYQTF,Tier1
RHV,YPFPG,Tier1
AEAQKQLR,YVEEL,Tier1
MHH,WEGPK,Tier1
ESTVPERTHPACPDFN,YAKPA,Tier1
VVKL,KHNRGDEF,Tier1
WEGPK,DRVYIHPF,Tier1
LWD,FGHPY,Tier1
FYPEL,YLAGMN,Tier1
WYY,YGGFL,Tier1
WYSLAM,PYSFK,Tier1
LHN,WYT,Tier1
YQKFP,PKLPPVKK,Tier1
LHH,ELLI,Tier1
HDH,NHH,Tier1
LDY,TETWNPNHPEL,Tier1
LELHKLRSSHWFSRR,LAC,Tier1
IPAGV,WDR,Tier1
QWPAQ,LGNTDYAVH,Tier1
RHD,YVL,Tier1
YFYPEL,PVMGA,Tier1
PHCKRM,IKK,Tier1
YYW,IPAGM,Tier1
FIGP,FVPH,Tier1
LMCH,NRVYIHPFHLLVYS,Tier1
LQPGQGQQG,YGGFM,Tier1
AVPYPQR,GTW,Tier1
PWT,YVY,Tier1
FLQEFLHV,YVL,Tier1
LLPHHH,PHV,Tier1
LQGM,GGLEPINFN,Tier1
YYI,FPQY,Tier1
YNY,IRW,Tier1
PWV,KKY,Tier1
PSIPA,LGFEYY,Tier1
HVCYMF,RYLG,Tier1
TERGY,MPACGSS,Tier1
PHM,YEY,Tier1
PHW,KLSDW,Tier1
THH,HYVPV,Tier1
PHW,LALPA,Tier1
PHS,GVQEGAGHYALL,Tier1
PWH,VPYPQ,Tier1
RHE,GEC,Tier1
HPLH,LQL,Tier1
KFPE,LFC,Tier1
LWS,RWY,Tier1
PWI,LQL,Tier1
LQPGQGQQG,YNL,Tier1
DDPDKGMLKWKNDFFQEF,GFFDRIKALTKNVTLELLNTITCKLPVTPP,Tier1
LPAGV,VKCFR,Tier1
PWT,GSGGL,Tier1
LWA,IHH,Tier1
PHM,HEH,Tier1
PKAVHE,YQK,Tier1
GALAAH,YLG,Tier1
CAQ,FPQY,Tier1
WYY,GQVPP,Tier1
WYY,YYY,Tier1
PKAVHE,SDF,Tier1
PYY,GYLEQ,Tier1
PHR,SAEHGSLH,Tier1
RYPS,RYLG,Tier1
RWY,HQIYPV,Tier1
YGGFM,VGDI,Tier1
PHV,VLSRYPS,Tier1
RHL,HFH,Tier1
IEAEGE,YYA,Tier1
KAI,AKAWGIPPHVIPQIVPVRIRPLCGNV,Tier1
FLNDFLHV,GLLDSVKEGLKKVAGQLLDTLKCKISGCTPA,Tier1
THH,YAY,Tier1
FRDEHKK,EYY,Tier1
RWI,QLGNLGV,Tier1
LNGDVW,LGNTDYAVH,Tier1
YMY,LDY,Tier1
AMRLTGNRPGLYAT,VIPMGL,Tier1
AKYIPIQYVLSRYPSY,LGY,Tier1
PSLPA,WYSLAM,Tier1
FALPQYLK,YQK,Tier1
DYK,VLVPK,Tier1
WPP,LANAK,Tier1
HLPLPL,GGLEPINFN,Tier1
LWE,NHK,Tier1
IPIQYVL,MEMK,Tier1
MYY,PVDENDEG,Tier1
TIIPLPV,PSLVGRPPVGKLTL,Tier1
PPQ,CME,Tier1
YGGFM,EERYP,Tier1
HFGDPFH,WHH,Tier1
WEIKPSSLTGKSPYFSNNHGKL,SVMPVVA,Tier1
EFLQ,VPW,Tier1
ISELGW,YSEMPPGK,Tier1
RHQ,AGWNI,Tier1
IIENGEKWS,FPQY,Tier1
PSKYEPFV,AEERYP,Tier1
PWE,FVNQPYLLYSVHMK,Tier1
LHA,NHK,Tier1
LWI,TETWNPNHPEL,Tier1
RWR,ADGF,Tier1
PHS,GLTSK,Tier1
YVL,GFFDRIKALTKNVTLELLNTITCKLPVTPP,Tier1
EFIQ,TDY,Tier1
VDHDHPE,RWN,Tier1
WHNVSGSP,SGAF,Tier1
SHH,FDEQE,Tier1
LHA,YSY,Tier1
RHL,EFIQ,Tier1
LHD,PHA,Tier1
LWK,TEFTK,Tier1
LLPHH,YQEPVLGP,Tier1
FPLEMMPF,GVQEGAGHYALL,Tier1
VVGGDGDV,YQK,Tier1
RHG,WYSL,Tier1
WYSLAM,AWIRGCRL,Tier1
PPK,RHV,Tier1
GFPSG,ECA,Tier1
PWR,RHK,Tier1
PWH,RWN,Tier1
VKAGFAWTANQQLS,PIAAEVYEHTEGSTTSY,Tier1
FEQI,LALPA,Tier1
VAVDKHDYEPLGHSDIGVY,YLMSR,Tier1
LWR,RWT,Tier1
PHM,THH,Tier1
VNPHDHQN,YYT,Tier1
FFGFN,MPDAHL,Tier1
VIPAGYP,MTEEY,Tier1
RNDDLNYIQ,LGY,Tier1
YYK,NYY,Tier1
YQLD,DWDPK,Tier1
GFWDSVKEGLKNAAVTILNKIKCKISECPPA,WHNVSGSP,Tier1
PYY,VKP,Tier1
GFYPPP,DVPPYM,Tier1
LQSGDALRVPSGTTYY,YYQ,Tier1
NHRYDR,VAWRNRCKGTD,Tier1
YYD,LFC,Tier1
HFGDPFH,HEH,Tier1
LKQELEDLLEKQE,PWN,Tier1
YAEERYPIL,VCSV,Tier1
IEAEGE,PWH,Tier1
CSQAPLA,RYLGY,Tier1
LRGIKNYRVAVL,HDHPVC,Tier1
HFGDPFH,LLPHHH,Tier1
LWE,AMRLTYNKPCLYGT,Tier1
RHI,RWL,Tier1
KKY,KDVPP,Tier1
RWI,ACQ,Tier1
WDDMEK,RCMAFLLSDGAAAAQQLLPQYW,Tier1
LHF,AAVGGYRVAVL,Tier1
YNI,YPIL,Tier1
HPLH,WYSLA,Tier1
VIPMGL,AWIRGCRL,Tier1
PMDYMVT,YLAGMN,Tier1
PHR,AYPS,Tier1
LWW,GPGGFI,Tier1
HVCYMF,TYQTF,Tier1
GFFDRIKALTKNVTLELLNTITCKLPVTPP,WPP,Tier1
PNRPQF,YQK,Tier1
LWE,DYK,Tier1
LLPHHH,YYDPL,Tier1
YGLN,RYLG,Tier1
HGGEGGRPYHLGEES,VIPMGL,Tier1
WSY,AYFYPEL,Tier1
LPHSGY,YYIVS,Tier1
ARHPHPHLSFM,EQC,Tier1
DHTKE,CQC,Tier1
FFGFN,YLGAK,Tier1
RWR,RASDPLLSV,Tier1
YFY,AYFYPE,Tier1
HWH,EEYFPVGGDRPESF,Tier1
VHH,LWS,Tier1
SHDAHPE,YAKPA,Tier1
LWR,YYD,Tier1
SFGAKNAVKNGLQKLRNQCQANNYQGPFCDIFKKNP,VPKVK,Tier1
NGPLQAGQPGER,GFFDRIKALTKNVTLELLNTITCKLPVTPP,Tier1
QWPAQ,CAAP,Tier1
YHY,WEN,Tier1
IKL,SHH,Tier1
YCY,VLPVPQK,Tier1
HPLH,FEQI,Tier1
NHAV,NFHPQ,Tier1
EFIQ,AWIRGCRL,Tier1
LQSGDALRVPSGTTYY,LWK,Tier1
QWPAQ,FLQEFLHV,Tier1
TIIPLPV,NEN,Tier1
VDYP,VPKVK,Tier1
RWG,HWH,Tier1
MWL,TGGGNV,Tier1
VLSRYPS,YPELF,Tier1
VPSIDDQEELM,PHT,Tier1
RHA,TVYQ,Tier1
VAMVPPFET,LANAK,Tier1
GFPSG,FHNMEK,Tier1
VECYG,GFFDRIKALTKNVTLELLNTITCKLPVTPP,Tier1
AAVGGYRVAVL,GGLEPINFN,Tier1
WYT,GEC,Tier1
FLPF,GTW,Tier1
FYPEL,YYE,Tier1
HDHPVC,CSQAPLA,Tier1
FRDEHKK,ARHPHPHLSFM,Tier1
PWQ,KVLPVPQK,Tier1
AQIPQQ,ESTTVPERTHPACPDFN,Tier1
WSVPQPK,LLPF,Tier1
RHN,MHI,Tier1
LEQQVDDLEGSLEQEKK,YLG,Tier1
AHH,KDVPP,Tier1
LWQ,FEQI,Tier1
DSGVT,LPL,Tier1
GPP,GFFDRIKALTKNVTLELLNTITCKLPVTPP,Tier1
HLH,DHTKE,Tier1
NYY,ADHP,Tier1
IPAGM,NHK,Tier1
YYH,WPP,Tier1
RWG,IPAGM,Tier1
LWH,PYPQ,Tier1
WYSLAMAASDI,SHH,Tier1
LHE,PYFNK,Tier1
VDHDHPE,NFHPQ,Tier1
LLR,TETWNPNHPEL,Tier1
PWW,WHH,Tier1
VECYGPNRPQF,YGLN,Tier1
EFQL,GVQEGAGHYALL,Tier1
PWF,YFE,Tier1
LHM,EERYP,Tier1
PHN,YDY,Tier1
YAEERYPIL,LYEGY,Tier1
YGGFM,GGIF,Tier1
LVNPHDHQN,LWN,Tier1
FDSGPAGVL,LEEAF,Tier1
LLPHHH,VLVPK,Tier1
QWPAQ,ARHPHP,Tier1
HGPLGPL,LHT,Tier1
PSIPA,GGLEPINFN,Tier1
PSHDAHPE,CSQAPLA,Tier1
HYY,PSIPA,Tier1
MHH,FEQL,Tier1
HFH,WSRRGEREEEDERRR,Tier1
AMTGLDA,KFPE,Tier1
YNL,FLKPLFNAALKLLP,Tier1
LWR,GVPLT,Tier1
PWQ,RHE,Tier1
LWM,GSGGL,Tier1
KAI,WEN,Tier1
LHS,STMMEERRMKVY,Tier1
YEY,MPACGSS,Tier1
CAAP,WIRGCRL,Tier1
WEGPK,YNL,Tier1
PWD,YVEEL,Tier1
YYQ,KYL,Tier1
LLPH,RHW,Tier1
LEEAF,FPQY,Tier1
TGGGNV,QYP,Tier1
LGLNGDDVN,PYFNK,Tier1
LGLNGDDVN,AYPS,Tier1
LHY,QGAR,Tier1
PSKYEPFV,HLH,Tier1
IQY,LGFEYY,Tier1
RWN,GQVPP,Tier1
YLMSR,GQFNDKRWIPFG,Tier1
PSIPA,FKK,Tier1
GHH,HEKVC,Tier1
HHPLL,LPF,Tier1
YAKPA,CLV,Tier1
LHF,PHM,Tier1
LHL,RHPHP,Tier1
EFQL,WDDMEK,Tier1
YAKPA,SRYPS,Tier1
YLY,YYY,Tier1
PWG,VQYPVEHPNKFLKFGMTPSKGVLFY,Tier1
SALAM,IQY,Tier1
RWQ,MWL,Tier1
LNGDVW,WHNVSGSP,Tier1
LQPGQGQQG,FYQL,Tier1
PMDYMVT,TIASGEP,Tier1
LWI,MQFHT,Tier1
YSEMPPGK,YPELF,Tier1
RHV,MHIRL,Tier1
QHGV,RYL,Tier1
PHG,EQC,Tier1
LHT,PYSFK,Tier1
LWA,AMRLTYNRPCLGAT,Tier1
NYKQM,YLL,Tier1
LLPH,IPAGM,Tier1
YSEMPPGK,KFPE,Tier1
QYDQGV,SGAF,Tier1
QYY,GFFDRIKALTKNVTLELLNTITCKLPVTPP,Tier1
YYN,IRGCRL,Tier1
RHF,TVYQ,Tier1
FRDEHKK,FPLEMMPF,Tier1
YYE,VECYGPNRPQF,Tier1
VPNSYP,VKRRGQDCIHGFCSD,Tier1
ISELWG,CAQ,Tier1
KTFCGRH,LSGNK,Tier1
RWA,YYW,Tier1
LPYY,KYL,Tier1
LWM,YIPIQY,Tier1
GQFNDKRWIPFG,GQVPP,Tier1
NYKQM,FVNQPYLLYSVHMK,Tier1
LHL,GTW,Tier1
RWH,VLYEE,Tier1
FEQI,AMRLTYNRPCLGAT,Tier1
HLPH,DGVVYY,Tier1
LEELEEELEGCE,LAPSLPGKPKPD,Tier1
LHA,YYK,Tier1
PHY,KLSDW,Tier1
AHK,PWL,Tier1
PWQ,LVSK,Tier1
WEIKPSSLTGKSPYFSNNHGKL,ELLI,Tier1
AIRQGDVF,VPKVK,Tier1
MILMR,CSQAPLA,Tier1
HHW,YDY,Tier1
AAVGGYRVAVL,WSY,Tier1
EFLQ,LPM,Tier1
FLHRP,ISELWG,Tier1
PHH,DLEE,Tier1
VVKL,YQK,Tier1
AMRLTYNRPCIYAT,VGGRP,Tier1
LMCH,RADHPF,Tier1
ESTVPERTHPACPDFN,WIRGCRL,Tier1
AHK,WEN,Tier1
LWF,SDF,Tier1
AQIPQQ,VLPVPQK,Tier1
YYF,NPYVPR,Tier1
FALPQYLK,SGAF,Tier1
LQL,LQGM,Tier1
WYSLAMA,AMRLTYNRPCLGAT,Tier1
ISELWG,GEGSGA,Tier1
RWA,RYY,Tier1
PHY,TIASGEP,Tier1
IHH,GTW,Tier1
FGHPY,FPLEMMPF,Tier1
PWW,IRW,Tier1
PHE,VAVDKHDYEPLGHSDIGVY,Tier1
IKL,PHR,Tier1
KVI,PLHH,Tier1
PWG,YIPIQY,Tier1
PHT,ISELGY,Tier1
HHP,PHV,Tier1
CVHWMTNTARTACIAP,WDDMEK,Tier1
LGFEY,RYL,Tier1
RWR,FDEQE,Tier1
AIEWEGIESGSVEQA,GFGPEL,Tier1
TEFTK,SDRDLLGPNNQYLPK,Tier1
IKK,FPLEMMPF,Tier1
HDH,YYA,Tier1
AIEWEGIESGSVEQA,RYLG,Tier1
GYY,MPDAHL,Tier1
ACFL,FVPH,Tier1
FIPGLRRLFATVVPTVVCAINKLPPG,GLTSK,Tier1
RADHPFL,CHI,Tier1
DAQEKLE,WYSLAMAASDI,Tier1
LLR,CLV,Tier1
LWI,YPIL,Tier1
TVYQ,KLSDW,Tier1
PYY,PWE,Tier1
AVPYPQR,TYQTF,Tier1
YAKPA,AEERYP,Tier1
HHPLL,GIFE,Tier1
LHH,AYFYPE,Tier1
MYY,YAKP,Tier1
LPYY,AEEEYPDL,Tier1
PSIPA,WYGPD,Tier1
ESTVPERTHPACPDFN,FPQY,Tier1
EWPAQ,LLPF,Tier1
IKL,RYPS,Tier1
WHNVSGSP,VPVTST,Tier1
RYPS,KYL,Tier1
HDHPVC,AGWNIP,Tier1
IIENGEKWS,VKEAMAPK,Tier1
RNR,FFAPGRNPTSFS,Tier1
VPSIDDQEELM,PKLPPVKK,Tier1
LEELEEELEGCE,PSDHDHE,Tier1
RYQ,RCMAFLLSDGAAAAQQLLPQYW,Tier1
RHT,KKY,Tier1
VKAGFAWTANQQLS,WEIKPSSLTGKSPYFSNNHGKL,Tier1
PAGY,WSRRGEREEEDERRR,Tier1
HHPL,YQKFP,Tier1
PHF,TRTGDPFF,Tier1
LLHH,NHRYDR,Tier1
PHN,YYS,Tier1
KVLPVPQK,VPKVK,Tier1
NRVYIHPFHLLVYS,GPGGFI,Tier1
FVAGK,LWH,Tier1
RWE,RYL,Tier1
PWS,VKRRGQDCIHGFCSD,Tier1
RADHPF,MILMR,Tier1
RWG,VHDY,Tier1
YYW,YQKFP,Tier1
RWT,SGQYFL,Tier1
IEAEGE,EWPAQ,Tier1
HHP,PWH,Tier1
PWW,KDVPP,Tier1
GLLDSVKEGLKKVAGQLLDTLKCKISGCTPA,AGTTCLFTPLALPYDYSH,Tier1
NYY,QGAR,Tier1
RNR,SVMPVVA,Tier1
KYY,CSQAPLA,Tier1
PSKYEPFV,LMGQW,Tier1
LVGDEQAVPAVCVP,RNR,Tier1
VFPW,LVMFLDNQHRVIRH,Tier1
HVRETALV,YQLD,Tier1
YQLD,KFPE,Tier1
YWY,WYSLA,Tier1
AIRQGDVF,VLSRYPS,Tier1
PWH,LARL,Tier1
ISELWG,GIISHR,Tier1
VPSGK,VAVDKHDYEPLGHSDIGVY,Tier1
LQGM,TERGY,Tier1
WYT,WDR,Tier1
AKYIPIQYVLSRYPSY,LHL,Tier1
ARHPHPHLSFM,ELLI,Tier1
NPYVPR,YQKFPQY,Tier1
GVPLT,GFPSG,Tier1
GALAAH,FLNDFLHV,Tier1
LHM,YPFPG,Tier1
VLEANPRSF,IYIEQGNGITGM,Tier1
YQY,YSEMPPGK,Tier1
HHF,DWDPK,Tier1
TCSP,YLGAK,Tier1
RWR,PSLPA,Tier1
PKAV,VAWRNRCKGTD,Tier1
VVKL,HPLH,Tier1
LHM,WPP,Tier1
LHV,YLMSR,Tier1
IYY,MQFHT,Tier1
YTY,YVEEL,Tier1
DAQEKLE,HFH,Tier1
SHDAHPE,LHE,Tier1
CYGPNR,VLVPK,Tier1
YYK,IVEYF,Tier1
LWT,LWW,Tier1
HLH,RYLG,Tier1
PHL,WSVPQPK,Tier1
HEH,ECA,Tier1
LWG,RWY,Tier1
YYT,IIENGEKWS,Tier1
LYPY,ARHPHP,Tier1
AMTGLDA,WHNVSGSP,Tier1
EFIQ,VIPMGL,Tier1
RHI,NRVYIHPFHLLVYS,Tier1
YLYP,AMTGLDA,Tier1
LMCH,LQGM,Tier1
HEKVC,DRVYIHPF,Tier1
AEAQKQLR,VQYPVEHPNKFLKFGMTPSKGVLFY,Tier1
RWL,GAWA,Tier1
HLPH,FLKPLFNAALKLLP,Tier1
MHH,VGDI,Tier1
YVL,AYFYPE,Tier1
RWL,VGDI,Tier1
LWE,PWG,Tier1
VPNSYP,QYP,Tier1
AYY,VAGTWY,Tier1
LHY,VKP,Tier1
LHT,LPHSGY,Tier1
EELDNALN,HPHL,Tier1
LLPH,DYK,Tier1
YSY,YLMSR,Tier1
FYPEL,FFGFN,Tier1
AHK,PWQ,Tier1
WYSLAMAASDI,AIRQGDVF,Tier1
PWT,PHYL,Tier1
HVCYMF,VLEANPRSF,Tier1
VNPHDHQN,EQC,Tier1
DHG,DVFRELRVQ,Tier1
ISELGF,RDMPIQ,Tier1
HLPH,AMRLTYNRPCIYAT,Tier1
YYA,QYP,Tier1
VNPHDHQN,FPLEMMPF,Tier1
LWW,TVYQ,Tier1
FLPF,CAQ,Tier1
QWPAQ,SDF,Tier1
LPAGV,QYDQGV,Tier1
LKQELEDLLEKQE,LHA,Tier1
FRADHPFL,LLPF,Tier1
HLHP,VECYGPNRPQF,Tier1
FFAPGRNPTSFS,LYEGY,Tier1
RWH,THH,Tier1
PPQ,LTC,Tier1
YHH,FPLEMMPF,Tier1
AAVGGYRVAVL,AIRQGDVF,Tier1
LWA,SDF,Tier1
HHP,YIPIQY,Tier1
WHH,GPLGLLGFLGPLGLS,Tier1
VPSIDDQEELM,PWA,Tier1
VDHDHPE,HFH,Tier1
QYY,APIRMWYMYRKLTDMEPKPVA,Tier1
LEQQVDDLEGSLEQEKK,YVGD,Tier1
PSYV,QYP,Tier1
FEQI,ALEPDHR,Tier1
TEFTK,LPF,Tier1
KVI,YAEERYPIL,Tier1
VECYG,ESTTVPERTHPACPDFN,Tier1
IPIQYVL,TCSP,Tier1
LWS,AMRLTYNRPCLGAT,Tier1
RYY,GIFE,Tier1
YWVTSGPK,LANAK,Tier1
PWQ,WYGPD,Tier1
PLHH,YFY,Tier1
YAEERYPIL,PWD,Tier1
FYPEL,YVGD,Tier1
NGPLQAGQPGER,AYPS,Tier1
PHL,YYG,Tier1
FVAGK,RHY,Tier1
LGLNGDDVN,SVYT,Tier1
LHL,MEMK,Tier1
RHV,YQKFPQY,Tier1
LPTSEAAKY,VKRRGQDCIHGFCSD,Tier1
LHY,LWK,Tier1
FFGFN,KDVPP,Tier1
LYY,VPKVK,Tier1
PSYV,THH,Tier1
TCSP,LGFEYY,Tier1
LNGDVW,YEDCTDCGN,Tier1
LWV,QCH,Tier1
PHV,GEGSGA,Tier1
YKY,VSYT,Tier1
NGPLQAGQPGER,APIRMWYMYRKLTDMEPKPVA,Tier1
RWA,GFPSG,Tier1
PSYV,LWV,Tier1
PWD,GSGGL,Tier1
RHS,CVHWMTNTARTACIAP,Tier1
RADHPF,IQW,Tier1
RHM,QLGNLGV,Tier1
YYN,KGLWE,Tier1
NQE,PHQ,Tier1
LHQ,FPQY,Tier1
RHE,IYPF,Tier1
KVI,YIPIQY,Tier1
LQSGDALRVPSGTTYY,HLHP,Tier1
VKL,RWN,Tier1
PHH,APIRMWYMYRKLTDMEPKPVA,Tier1
YVEEL,AMRLTYNKPCLYGT,Tier1
PHF,YQLD,Tier1
PWF,YEY,Tier1
WEGPK,GIFE,Tier1
DDPDKGMLKWKNDFFQEF,TDY,Tier1
RWE,QYY,Tier1
WYSLAMAASDI,YQKFPQY,Tier1
RWR,GQVPP,Tier1
ALEPDHR,YQK,Tier1
LHH,HVRETALV,Tier1
QHGV,IANNEADAISLDGGQVFEAG,Tier1
LVNPHDHQN,CME,Tier1
HYH,YYW,Tier1
LWR,WDR,Tier1
LHI,YQEP,Tier1
IYY,LVMFLDNQHRVIRH,Tier1
YYE,AMTGLDA,Tier1
ESTVPERTHPACPDFN,HWH,Tier1
LWI,PWQ,Tier1
VLSRYPS,FFGFN,Tier1
RHG,RWH,Tier1
PPK,PSKYEPFV,Tier1
YGYTGA,SALAM,Tier1
HYY,ISELWG,Tier1
YTY,GPAGPAG,Tier1
PPK,WHNVSGSP,Tier1
LVGDEQAVPAVCVP,LHV,Tier1
RWH,PSLVGRPPVGKLTL,Tier1
VDYP,RHE,Tier1
YQKFP,DVFRELRVQ,Tier1
LLPH,LWN,Tier1
YYF,VLYEE,Tier1
WYGPD,GQFNDKRWIPFG,Tier1
NYKQM,PIAAEVYEHTEGSTTSY,Tier1
NHH,NYKQM,Tier1
LWF,FYY,Tier1
YYL,NYKQM,Tier1
LHM,GYY,Tier1
QHH,GLLDSVKEGLKKVAGQLLDTLKCKISGCTPA,Tier1
LYY,WSVPQPK,Tier1
YLYP,AYPS,Tier1
YQKFP,ADGF,Tier1
PSKYEPFV,ISELGF,Tier1
PWH,YYH,Tier1
FDEQE,AYFYPE,Tier1
RWL,YGGFM,Tier1
PHT,HQIYPV,Tier1
HWH,LDY,Tier1
FLNDFLHV,SDF,Tier1
THH,GFPSG,Tier1
DSGVT,PHG,Tier1
PHT,KVLPVPQK,Tier1
LWG,YAKPA,Tier1
IANNEADAISLDGGQVFEAG,YWVTSGPK,Tier1
RHW,EWPAQ,Tier1
LYY,LVDTGRGPIMY,Tier1
RHD,RYL,Tier1
RHV,YQK,Tier1
IQW,CSQAPLA,Tier1
HLH,FYY,Tier1
DDPDKGMLKWKNDFFQEF,GGIF,Tier1
YYH,YVGD,Tier1
RYQ,VKRRGQDCIHGFCSD,Tier1
VKEAMPK,FHNMEK,Tier1
FVAGK,GWNIP,Tier1
YMY,YYM,Tier1
YFE,WISELGW,Tier1
YAY,WYGPD,Tier1
PWQ,VKRRGQDCIHGFCSD,Tier1
VIPAGYP,KYL,Tier1
FDSGPAGVL,IRW,Tier1
NQE,SRYPS,Tier1
DAQEKLE,TSQLLSDQ,Tier1
LGFEY,GIISHR,Tier1
FALPQYLK,YPELF,Tier1
LHM,LVSK,Tier1
YNY,AGTTCLFTPLALPYDYSH,Tier1
LHPH,CME,Tier1
VPSGK,SIITMTKEAKLPQLWKQIACRLYNTC,Tier1
PHN,AYY,Tier1
LVDTGRGPIMY,SDF,Tier1
LHA,QYY,Tier1
KVI,RLKKY,Tier1
RHI,IPAGV,Tier1
LYEGY,MHI,Tier1
SHDAHPE,TEVWDSNEQ,Tier1
FDEQE,FVNQPYLLYSVHMK,Tier1
PHW,AMRLTYNRPCLGAT,Tier1
HEH,RADHP,Tier1
VHH,LVMFLDNQHRVIRH,Tier1
LLPH,LNLPTAVYMVT,Tier1
HEKVC,GIISHR,Tier1
IEAEGE,EEEQVGQGYETIRARL,Tier1
FLNDFLHV,LGFEYY,Tier1
MPACGSS,FPQY,Tier1
YYD,QCH,Tier1
HLHP,GFPSG,Tier1
LKQELEDLLEKQE,DVFRELRVQ,Tier1
VKAGFAWTANQQLS,SALAM,Tier1
LWG,QGAR,Tier1
FRADHPFL,YAKPA,Tier1
NQE,FRADHPFL,Tier1
RWG,RADHPFL,Tier1
KHNRGDEF,QKW,Tier1
EYY,LAC,Tier1
PHW,GPAGPAG,Tier1
QYY,AEEEYPDL,Tier1
HYY,KLSDW,Tier1
YVY,FEQL,Tier1
GALAAH,VKEAMAPK,Tier1
WNIP,RPNYTDA,Tier1
PSKYEPFV,AMTGLDA,Tier1
PSYV,QVVPYPQ,Tier1
LMGQW,LVSK,Tier1
YQL,FVPH,Tier1
LWY,TYQTF,Tier1
SRYPS,ELLI,Tier1
YLAGMN,KFPE,Tier1
YPI,NHK,Tier1
FRDEHKK,IHH,Tier1
LLPHHH,LDY,Tier1
HLHP,VLEANPRSF,Tier1
RWN,VAVDKHDYEPLGHSDIGVY,Tier1
LLHH,LWE,Tier1
RHM,FIGP,Tier1
LWH,PWN,Tier1
PWS,DHTKE,Tier1
EYY,GGLEPINFN,Tier1
PSHDAHPE,IAPNYNTRATKL,Tier1
AMRLTYNKPCLYGT,HYVPV,Tier1
PHN,VLSRYPS,Tier1
PVMGA,AGWNIPIGT,Tier1
PEL,PYFNK,Tier1
FHH,WEIKPSSLTGKSPYFSNNHGKL,Tier1
LELHKLRSSHWFSRR,PSYV,Tier1
YYY,YLGAK,Tier1
GFPSG,DDPDKGMLKWKNDFFQEF,Tier1
EWPAQ,RCMAFLLSDGAAAAQQLLPQYW,Tier1
YSTA,YQL,Tier1
WDR,APIRMWYMYRKLTDMEPKPVA,Tier1
EFLQ,LDY,Tier1
PHN,CAQ,Tier1
RHW,EFQI,Tier1
YYI,PSDHDHE,Tier1
ADHP,YGLN,Tier1
NADFGLNGLEGLA,VAVDKHDYEPLGHSDIGVY,Tier1
PWN,VKEAMAPK,Tier1
YGYTGA,WDDMEK,Tier1
RHH,RHQ,Tier1
RWG,RWW,Tier1
PWW,RHI,Tier1
LWQ,NYY,Tier1
AKYIPIQYVLSRYPSY,WSY,Tier1
PHF,EQC,Tier1
PSDHDHE,FLKPLFNAALKLLP,Tier1
RWY,RADHPF,Tier1
YDY,ACQ,Tier1
EELDNALN,WSY,Tier1
PWN,FLHRP,Tier1
QVVPYPQ,TERGY,Tier1
RHK,AEEEYPDL,Tier1
HVRETALV,LPF,Tier1
VDHDHPE,LWW,Tier1
AMRLTGNRPGLYAT,ALEPDHR,Tier1
PWH,YWVTSGPK,Tier1
RHA,IEEAF,Tier1
LVNPHDHQN,GLTSK,Tier1
HDHPVC,LSGYGP,Tier1
LVDTGRGPIMY,VLSRYPS,Tier1
FFAPGRNPTSFS,KYL,Tier1
PWL,GEC,Tier1
TGGGNV,VKP,Tier1
LWI,YPELF,Tier1
NQE,PHY,Tier1
LWQ,WRNRCKGTD,Tier1
VDHDHPE,FEQI,Tier1
LYY,YEDCTDCGN,Tier1
FIKK,YLMSR,Tier1
LHE,YSTA,Tier1
LKQELEDLLEKQE,LGY,Tier1
HHF,TEVWDSNEQ,Tier1
YAY,TYQTF,Tier1
HHW,NHRYDR,Tier1
PSHDAHPE,LHPH,Tier1
YLMSR,SNAAC,Tier1
LLPHHH,VPVTST,Tier1
HHF,FALPQYLK,Tier1
LQL,DHG,Tier1
VECYG,VVGGDGDV,Tier1
TTYY,VPW,Tier1
PWN,VIPMGL,Tier1
RADHPF,YGGFL,Tier1
VPSGK,QVVPYPQ,Tier1
YGYTGA,LMGQW,Tier1
FEQI,MQFHT,Tier1
YLMSR,LAC,Tier1
LLPHHH,YYR,Tier1
CVHWMTNTARTACIAP,PYFNK,Tier1
VAVDKHDYEPLGHSDIGVY,VKCFR,Tier1
RHL,AIEWEGIESGSVEQA,Tier1
PHY,SFGAKNAVKNGLQKLRNQCQANNYQGPFCDIFKKNP,Tier1
AWDPE,DGVVYY,Tier1
HLH,PWG,Tier1
YYD,LPAGV,Tier1
TIASGEP,WPP,Tier1
FRDEHKK,GFPSG,Tier1
WSVPQPK,SGAF,Tier1
LQSGDALRVPSGTTYY,LHH,Tier1
GVPLT,GFWDSVKEGLKNAAVTILNKIKCKISECPPA,Tier1
RWG,SFGAKNAVKNGLQKLRNQCQANNYQGPFCDIFKKNP,Tier1
FHNMEK,YLL,Tier1
PHV,CLV,Tier1
HDH,QHH,Tier1
FFAPGRNPTSFS,WYSLAMA,Tier1
DHG,LTC,Tier1
IPIQYVL,IPAGM,Tier1
EFLQ,ADGF,Tier1
RNDDLNYIQ,QKW,Tier1
YLY,FVNQPYLLYSVHMK,Tier1
VHHANEN,PAGY,Tier1
PWW,LARL,Tier1
NHAV,YAKP,Tier1
PHD,HGGEGGRPYHLGEES,Tier1
RWN,IRW,Tier1
YYQ,VGDI,Tier1
VDYP,LWT,Tier1
AMTGLDA,RASDPLLSV,Tier1
KHNRGDEF,IVEYF,Tier1
YQEP,KGLWE,Tier1
YLKT,ECA,Tier1
VQYPVEHPNKFLKFGMTPSKGVLFY,ISELGF,Tier1
LWT,YQLD,Tier1
HQIYPV,VPVTST,Tier1
LQPGQGQQ,QCH,Tier1
RHK,LPHSGY,Tier1
PNRPQF,KGLWE,Tier1
PWI,IEEAF,Tier1
PHS,YSEMPPGK,Tier1
RHL,FIKK,Tier1
ESTVPERTHPACPDFN,GVPLT,Tier1
TTYY,PIAAEVYEHTEGSTTSY,Tier1
NGLEGLK,FKK,Tier1
FFAPGRNPTSFS,WEIKPSSLTGKSPYFSNNHGKL,Tier1
LLHH,WDR,Tier1
HWH,STMMEERRMKVY,Tier1
LHG,RWQ,Tier1
RNR,IVEYF,Tier1
YNI,MTEEY,Tier1
HVRETALV,WYT,Tier1
WEGPK,YQEPVLGP,Tier1
LHK,LLPF,Tier1
PHCKRM,WYGPD,Tier1
EAK,PWG,Tier1
PHV,DEDTQAMP,Tier1
VLPVPQK,QVVPYPQ,Tier1
DDPDKGMLKWKNDFFQEF,YQKFP,Tier1
RHK,VECYGPNRPQF,Tier1
LHS,AYY,Tier1
PWY,RPNYTDA,Tier1
IHH,VYY,Tier1
QKW,VAGTWY,Tier1
YYIVS,ELLI,Tier1
LWK,WRNRCKGTD,Tier1
IRW,VAMVPPFET,Tier1
LLHH,LWQ,Tier1
LQPGQGQQ,PHM,Tier1
QHGV,RLKKY,Tier1
PSIPA,YQEPVLGP,Tier1
PHY,VKP,Tier1
GIFE,PKLPPVKK,Tier1
RHY,KTFCGRH,Tier1
VDYP,EFLQ,Tier1
LWS,YAY,Tier1
PHI,PWE,Tier1
YYI,SVYT,Tier1
PHE,HYY,Tier1
HHPLL,PHL,Tier1
LWH,LGFEY,Tier1
FYPEL,LPYY,Tier1
VPNSYP,YGLN,Tier1
IPIQYVL,HHY,Tier1
IEAEGE,LWD,Tier1
LTTLDSE,APIRMWYMYRKLTDMEPKPVA,Tier1
PLFQNKLAHAK,RYPS,Tier1
LWS,YYT,Tier1
PPK,FRDEHKK,Tier1
PKAV,HVRETALV,Tier1
LHK,PHA,Tier1
YDY,PGVPWP,Tier1
QHH,AWDPE,Tier1
HEH,MQFHT,Tier1
VDYP,LHA,Tier1
PWI,NHRYDR,Tier1
QHGV,WYGPD,Tier1
RHH,PHCKRM,Tier1
TETWNPNHPEL,FPQY,Tier1
YQY,TRTGDPFF,Tier1
HPLH,LPM,Tier1
LHN,RCMAFLLSDGAAAAQQLLPQYW,Tier1
FVAGK,YYDPL,Tier1
HYH,YYK,Tier1
RHW,VLPVPQK,Tier1
LVNPHDHQN,PSLVGRPPVGKLTL,Tier1
LHN,YRY,Tier1
TIASGEP,TSQLLSDQ,Tier1
RADHPFL,ETTL,Tier1
HEH,SVMPVVA,Tier1
LWA,RWT,Tier1
IKK,WYSLA,Tier1
YRY,AIEWEGIESGSVEQA,Tier1
YYL,STMMEERRMKVY,Tier1
LWI,FRSGILKLASKIPSVLCAVLKNC,Tier1
PHA,WVYY,Tier1
LWF,GTQY,Tier1
PHT,YLGAK,Tier1
TTYY,AGTTCLFTPLALPYDYSH,Tier1
VAVDKHDYEPLGHSDIGVY,LFC,Tier1
NQE,HHPL,Tier1
YFE,RNDDLNYIQ,Tier1
YVEEL,MEMK,Tier1
PSIPA,GFYPPP,Tier1
YYA,PYFNK,Tier1
FRSGILKLASKIPSVLCAVLKNC,LTC,Tier1
EEYFPVGGDRPESF,GWNIP,Tier1
HLPH,FHH,Tier1
YPI,YQLD,Tier1
EAK,RWN,Tier1
LHW,VGDI,Tier1
TIIPLPV,GPLGLLGFLGPLGLS,Tier1
LLPHH,GIFE,Tier1
LWT,PWF,Tier1
PYVRYL,QYDQGV,Tier1
LHS,SGAF,Tier1
PMDYMVT,RHS,Tier1
NHH,SALAM,Tier1
MHH,TGGGNV,Tier1
AMRLTYNRPCIYAT,KDVPP,Tier1
LWY,YFY,Tier1
AIEWEGIESGSVEQA,ALEPDHR,Tier1
VKEAMPK,KGLWE,Tier1
GVPLT,APIRMWYMYRKLTDMEPKPVA,Tier1
FKK,HNPI,Tier1
YQLD,RYLGY,Tier1
AMRLTGNRPGLYAT,YQKFP,Tier1
VKEAMPK,VVGGDGDV,Tier1
PWL,FDEQE,Tier1
LWD,LWY,Tier1
YSY,LGNTDYAVH,Tier1
WYY,FFGFN,Tier1
LQPGQGQQG,PHR,Tier1
ESTVPERTHPACPDFN,LHN,Tier1
HPLH,MPDAHL,Tier1
PAGY,RWN,Tier1
LQGM,RYLG,Tier1
PWV,YSTA,Tier1
LHK,LPAGV,Tier1
LLHH,YLGAK,Tier1
GTQY,RASDPLLSV,Tier1
SHH,IAPNYNTRATKL,Tier1
DHG,FFGFN,Tier1
VHDY,TSQLLSDQ,Tier1
EWPAQ,MPACGSS,Tier1
QYP,GLTSK,Tier1
YFYPEL,DSGVT,Tier1
LWS,VPYPQ,Tier1
QGAR,TEFTK,Tier1
LPL,IYPF,Tier1
VKCFR,LYEGY,Tier1
IEAEGE,VPSIDDQEELM,Tier1
RWI,LFC,Tier1
RHM,LPAGV,Tier1
VPNSYP,VGDI,Tier1
PHR,PSIPA,Tier1
LEQQVDDLEGSLEQEKK,FYQL,Tier1
LWF,NEN,Tier1
AEEEYPDL,DYK,Tier1
SRYPS,YQLD,Tier1
RHD,ACQ,Tier1
VECYG,NFHPQ,Tier1
GGE,VLEANPRSF,Tier1
LAPSLPGKPKPD,VKRRGQDCIHGFCSD,Tier1
VKEAMAPK,WYS,Tier1
YGYTGA,FEQL,Tier1
PHHADS,LEELEEELEGCE,Tier1
NGPLQAGQPGER,SGAF,Tier1
PHI,RADHPFL,Tier1
VCSV,TEVWDSNEQ,Tier1
PAGY,FLQEFLHV,Tier1
LHL,WYSLAM,Tier1
LMGQW,GWNIP,Tier1
FIKK,DDPDKGMLKWKNDFFQEF,Tier1
VECYG,MQFHT,Tier1
YYQ,YYM,Tier1
YYF,PSIPA,Tier1
HHP,GQFNDKRWIPFG,Tier1
FRDEHKK,IPAGV,Tier1
LWM,TCSP,Tier1
YPEL,RHT,Tier1
NYKQM,SNAAC,Tier1
WYSLAMAASDI,VAMVPPFET,Tier1
AGWNI,CLV,Tier1
AGWNIP,DVFRELRVQ,Tier1
YPEL,GALAAH,Tier1
RYPS,DWDPK,Tier1
LELHKLRSSHWFSRR,WSY,Tier1
WYS,MHI,Tier1
YNI,AIRQGDVF,Tier1
LHM,KKY,Tier1
LHQ,YVGD,Tier1
YDY,YPPAK,Tier1
DHTKE,SAEHGSLH,Tier1
RHQ,ESTTVPERTHPACPDFN,Tier1
AAVGGYRVAVL,YQEPVLGPVRGPFPIIV,Tier1
SALAM,ISELGF,Tier1
SHH,DHTKE,Tier1
LYPY,FLPF,Tier1
YRY,HGGEGGRPYHLGEES,Tier1
NADFGLNGLEGLA,GAWA,Tier1
YEADARSFHDLAEHDIRV,KYL,Tier1
YYA,YEDCTDCGN,Tier1
LHE,RCMAFLLSDGAAAAQQLLPQYW,Tier1
LHI,GQFNDKRWIPFG,Tier1
GVPLT,YPPAK,Tier1
KHNRGDEF,CAQ,Tier1
HYY,VIPMGL,Tier1
LLHH,PVMGA,Tier1
IPAGM,TSQLLSDQ,Tier1
NHAV,WISELG,Tier1
PSLPA,AEEEYPDL,Tier1
QHH,SFGAKNAVKNGLQKLRNQCQANNYQGPFCDIFKKNP,Tier1
YTY,YEDCTDCGN,Tier1
WHNVSGSP,DVFRELRVQ,Tier1
RWR,VAWRNRCKGTD,Tier1
FYPEL,EERYP,Tier1
AHH,CHI,Tier1
YKY,ALEPDHR,Tier1
DPALATEPDPMPF,ARHPHP,Tier1
KFPE,YQEPVLGPVRGPFPIIV,Tier1
WISELGW,ECA,Tier1
AEAQKQLR,GGIF,Tier1
MHH,YQIGL,Tier1
PWN,FHNMEK,Tier1
PWS,YNY,Tier1
NHAV,ISELWG,Tier1
YNL,FIPGLRRLFATVVPTVVCAINKLPPG,Tier1
LPTSEAAKY,DYY,Tier1
GALAAH,GLLDSVKEGLKKVAGQLLDTLKCKISGCTPA,Tier1
RHH,WSRRGEREEEDERRR,Tier1
RPPGFSPFR,DVPPYM,Tier1
YYW,AMRLTYNRPCLGAT,Tier1
LWK,QYY,Tier1
PWR,HYH,Tier1
PHHADS,MYY,Tier1
EFQL,LVMFLDNQHRVIRH,Tier1
YQL,WEN,Tier1
AGWNI,ISELGF,Tier1
YAEERYPIL,SHH,Tier1
RHG,GVPLT,Tier1
VDYP,PHT,Tier1
VQYPVEHPNKFLKFGMTPSKGVLFY,NHRYDR,Tier1
RWH,AWIRGCRL,Tier1
IPIQYVL,YQL,Tier1
YPEL,LKQELEDLLEKQE,Tier1
LHPH,WVYY,Tier1
LRGIKNYRVAVL,PGVPWP,Tier1
LPTSEAAKY,SIITMTKEAKLPQLWKQIACRLYNTC,Tier1
LHA,SALAM,Tier1
PWA,WPL,Tier1
LWH,YYW,Tier1
TETWNPNHPEL,MHI,Tier1
LWV,GGIF,Tier1
WPP,KLSDW,Tier1
YTY,DHTKE,Tier1
LHA,NYY,Tier1
LWY,GFYPPP,Tier1
PSLPA,HVCYMF,Tier1
AIRQGDVF,IYIEQGNGITGM,Tier1
YYW,WNIP,Tier1
PWG,AYY,Tier1
LWA,RWG,Tier1
YRY,GPGGFI,Tier1
AKAWGIPPHVIPQIVPVRIRPLCGNV,SVMPVVA,Tier1
YCY,ETTL,Tier1
VECYG,DHG,Tier1
PYPQ,LPF,Tier1
LWI,WSY,Tier1
WNIP,GEGSGA,Tier1
YMY,TIASGEP,Tier1
PWH,NHRYDR,Tier1
YQEPVLGP,TIASGEP,Tier1
FEQI,YPI,Tier1
PEL,YLG,Tier1
EELDNALN,PSKYEPFV,Tier1
YGY,YYT,Tier1
FPLEMMPF,SDRDLLGPNNQYLPK,Tier1
LALPA,YQEPVLGP,Tier1
LWW,LLPF,Tier1
GYY,VKCFR,Tier1
VVKL,DRVYIHPF,Tier1
YPFPG,YVL,Tier1
LHA,HVRETALV,Tier1
YYW,YEADARSFHDLAEHDIRV,Tier1
RHH,KYY,Tier1
WSY,QLGNLGV,Tier1
DAQEKLE,SIITMTKEAKLPQLWKQIACRLYNTC,Tier1
HLHP,GSGGL,Tier1
AYPS,VGDI,Tier1
HEKVC,GLLDSVKEGLKKVAGQLLDTLKCKISGCTPA,Tier1
LHQ,AGWNI,Tier1
RHH,VHDY,Tier1
FRDEHKK,NFHPQ,Tier1
PHCKRM,AGWNIPIGT,Tier1
VAWRNRCKGTD,PGVPWP,Tier1
YSTA,WHNVSGSP,Tier1
PHHADS,LVGDEQAVPAVCVP,Tier1
RWY,PYFNK,Tier1
VNPHDHQN,PHT,Tier1
QHH,QYDQGV,Tier1
IPAGV,WVYY,Tier1
HHPL,QCH,Tier1
LWG,RHE,Tier1
TYY,EERYP,Tier1
PHL,VLVPK,Tier1
IEEAF,FIPGLRRLFATVVPTVVCAINKLPPG,Tier1
NHK,RDMPIQ,Tier1
PHQ,PSDHDHE,Tier1
RWA,APIRMWYMYRKLTDMEPKPVA,Tier1
VLPVPQK,YFE,Tier1
HHP,NHH,Tier1
YPI,SFGAKNAVKNGLQKLRNQCQANNYQGPFCDIFKKNP,Tier1
RWW,YVL,Tier1
PEL,YLY,Tier1
PSHDAHPE,CME,Tier1
YYV,YQK,Tier1
PHH,FHNMEK,Tier1
NHH,LARL,Tier1
HFGDPFH,RHS,Tier1
QYDQGV,GWNI,Tier1
PSDHDHE,GFYPPP,Tier1
PHH,PWQ,Tier1
RHV,YPI,Tier1
LWR,CAQ,Tier1
FVAGK,YYIVS,Tier1
ISELWG,WHNVSGSP,Tier1
LWS,LAPSLPGKPKPD,Tier1
DYY,YLY,Tier1
YHH,PHYL,Tier1
HGGEGGRPYHLGEES,LAPSLPGKPKPD,Tier1
PHL,LQGM,Tier1
YEY,VPNSYP,Tier1
YYR,GFYPPP,Tier1
FHH,MHIRL,Tier1
RWR,IANNEADAISLDGGQVFEAG,Tier1
PWI,AKAWGIPPHVIPQIVPVRIRPLCGNV,Tier1
VDYP,EEYFPVGGDRPESF,Tier1
YYW,LARL,Tier1
SYY,TDY,Tier1
RADHPF,DLEE,Tier1
LLPHH,YWVTSGPK,Tier1
PKAV,RYPS,Tier1
PHQ,EFIQ,Tier1
YHY,VPW,Tier1
QGAR,WNIP,Tier1
RPPGFSPFR,PKLPPVKK,Tier1
HPHL,LHI,Tier1
PLFQNKLAHAK,LFC,Tier1
LVGDEQAVPAVCVP,HEKVC,Tier1
YYF,AYPS,Tier1
ARHPHPHLSFM,YLG,Tier1
NGPLQAGQPGER,DGVVYY,Tier1
VIPAGYP,YYT,Tier1
WYSLAMA,TSQLLSDQ,Tier1
IPAGM,PYVRYL,Tier1
PHN,RADHP,Tier1
AKYIPIQYVLSRYPSY,QKW,Tier1
RWN,KLSDW,Tier1
RHT,PSDHDHE,Tier1
RASDPLLSV,RPNYTDA,Tier1
ESTTVPERTHPACPDFN,RHPHP,Tier1
PHH,PHN,Tier1
WSY,GIISHR,Tier1
PWE,WISELG,Tier1
LWQ,PSDHDHE,Tier1
FDSGPAGVL,PSLPA,Tier1
PHG,ALEPDHR,Tier1
KVLPVPQK,TTYY,Tier1
MHIRL,VPYPQ,Tier1
GGE,FPQY,Tier1
GAH,AEERYP,Tier1
PSLPA,ISELGF,Tier1
RHM,WYT,Tier1
PWS,VGDI,Tier1
SVMPVVA,YLL,Tier1
ESTVPERTHPACPDFN,FHH,Tier1
PSKYEPFV,PWQ,Tier1
RWQ,FYY,Tier1
VPSIDDQEELM,SRYPS,Tier1
RHL,PSDHDHE,Tier1
ISELGF,ARHPHP,Tier1
LWN,LAPSLPGKPKPD,Tier1
NQE,VKP,Tier1
FIKK,LAC,Tier1
LDY,YQKFP,Tier1
LWI,RASDPLLSV,Tier1
PHA,PWN,Tier1
LHF,VCSV,Tier1
DYY,YVEEL,Tier1
RHS,RWR,Tier1
GVPLT,PYSFK,Tier1
CQC,ADGF,Tier1
YHY,TEVWDSNEQ,Tier1
LVNPHDHQN,YYIVS,Tier1
RWR,MHI,Tier1
LLHH,AMRLTYNKPCLYGT,Tier1
YMY,MPDAHL,Tier1
LHG,SWN,Tier1
PKAVHE,YGYTGA,Tier1
LWW,FALPQYLK,Tier1
HQIYPV,SGAF,Tier1
LHY,EFIQ,Tier1
VDYP,PWW,Tier1
LPHH,VAMVPPFET,Tier1
WHNVSGSP,RLKKY,Tier1
ACFL,VLVPK,Tier1
VIPAGYP,HVCYMF,Tier1
PPK,LVSK,Tier1
LNGDVW,NEN,Tier1
PHK,RYY,Tier1
NGLEGLK,MHIRL,Tier1
LKQELEDLLEKQE,YNI,Tier1
LLPH,VAWRNRCKGTD,Tier1
WYSLAMA,PGVPWP,Tier1
LHE,VFPW,Tier1
RWL,YPFPG,Tier1
YGY,VFPW,Tier1
PEL,PHH,Tier1
RHK,YYE,Tier1
DRVYIHPF,AADNANELFPPN,Tier1
PWW,YGYTGA,Tier1
LWV,LRGIKNYRVAVL,Tier1
NPYVPR,DHG,Tier1
EFQL,RYLGY,Tier1
PHM,SDF,Tier1
LHK,YPI,Tier1
QHH,VPVTST,Tier1
YLMSR,LGNTDYAVH,Tier1
DRVYIHPF,YQLD,Tier1
DPALATEPDPMPF,CQC,Tier1
WNIP,GFYPPP,Tier1
LHA,AGWNI,Tier1
YPIL,VAGTWY,Tier1
HDH,WISELGW,Tier1
LHF,LGFEYY,Tier1
NQE,LTTLDSE,Tier1
FLQEFLHV,FVNQPYLLYSVHMK,Tier1
PWY,YLY,Tier1
AGTTCLFTPLALPYDYSH,TYQTF,Tier1
LHPH,WPP,Tier1
EEYFPVGGDRPESF,RHPHP,Tier1
PYY,ISELGY,Tier1
NHAV,RDMPIQ,Tier1
PHG,PWQ,Tier1
SYY,NHAV,Tier1
VIPMGL,GIFE,Tier1
LVDTGRGPIMY,NEN,Tier1
NADFGLNGLEGLA,WRNRCKGTD,Tier1
NGPLQAGQPGER,LLHH,Tier1
LWD,LTTLDSE,Tier1
LGFEY,VGGRP,Tier1
LHG,GLLDSVKEGLKKVAGQLLDTLKCKISGCTPA,Tier1
LVMFLDNQHRVIRH,NEN,Tier1
YYT,IKK,Tier1
YCY,ADGF,Tier1
LPHH,RPNYTDA,Tier1
KVI,LWK,Tier1
RWN,FHNMEK,Tier1
NGPLQAGQPGER,LHPH,Tier1
YEADARSFHDLAEHDIRV,AMRLTYNKPCLYGT,Tier1
WVYY,AWDPE,Tier1
TEFTK,FDEQE,Tier1
GAWA,FLQEFLHV,Tier1
AHH,RYY,Tier1
HHPLL,HEH,Tier1
LPHSGY,RYL,Tier1
LHY,WISELGW,Tier1
YFYPEL,LLPF,Tier1
VIPAGYP,PYVRYL,Tier1
EAK,LWQ,Tier1
RHW,GYLEQ,Tier1
AMRLTGNRPGLYAT,VAMVPPFET,Tier1
YIPIQY,PGVPWP,Tier1
LPAGV,TTYY,Tier1
LLPHHH,PHE,Tier1
FVAGK,PHS,Tier1
LWH,YHH,Tier1
KVI,IHH,Tier1
PAGY,HYY,Tier1
PWH,YLKT,Tier1
YQY,ISELGF,Tier1
YHH,SNAAC,Tier1
HLH,HVRETALV,Tier1
PWN,FVNQPYLLYSVHMK,Tier1
AGWNI,VLSRYPS,Tier1
LELHKLRSSHWFSRR,LWQ,Tier1
PWV,RHQ,Tier1
VLYEE,YQKFP,Tier1
YPEL,AYPS,Tier1
TEFTK,ADGF,Tier1
SHH,YYG,Tier1
IIENGEKWS,LPM,Tier1
VKAGFAWTANQQLS,IQY,Tier1
VVKL,QWPAQ,Tier1
LHT,NPYVPR,Tier1
CVHWMTNTARTACIAP,AGTTCLFTPLALPYDYSH,Tier1
RCMAFLLSDGAAAAQQLLPQYW,GQVPP,Tier1
EEYFPVGGDRPESF,LTC,Tier1
YAEERYPIL,FYQL,Tier1
HNPI,YQL,Tier1
LTTLDSE,VKRRGQDCIHGFCSD,Tier1
FYQL,YQK,Tier1
LEELEEELEGCE,YYY,Tier1
FYPEL,SGQYFL,Tier1
AGWNI,CHI,Tier1
WYT,IQW,Tier1
LPTSEAAKY,DPALATEPDPMPF,Tier1
IRW,RYQ,Tier1
LWQ,LAPSLPGKPKPD,Tier1
PVMGA,TERGY,Tier1
PEL,ISELGF,Tier1
RHI,HGGEGGRPYHLGEES,Tier1
HYH,RYPS,Tier1
FLHRP,GPLGLLGFLGPLGLS,Tier1
YYY,LSGYGP,Tier1
IYY,AWDPE,Tier1
ESTTVPERTHPACPDFN,PGVPWP,Tier1
PHM,RHPHP,Tier1
IAPNYNTRATKL,AIRQGDVF,Tier1
FGHPY,AMRLTYNKPCLYGT,Tier1
RHI,YAKP,Tier1
YYD,MHIRL,Tier1
HLH,LLR,Tier1
PHK,RWA,Tier1
RHD,QHH,Tier1
VGDI,YLG,Tier1
LHR,CVHWMTNTARTACIAP,Tier1
LPAGV,RNDDLNYIQ,Tier1
HYY,YYF,Tier1
NADFGLNGLEGLA,LFC,Tier1
YFYPEL,SDF,Tier1
VHDY,FIKK,Tier1
RHF,RWE,Tier1
DSGVT,RPNYTDA,Tier1
LPTSEAAKY,TCSP,Tier1
LWK,VPYPQ,Tier1
VQYPVEHPNKFLKFGMTPSKGVLFY,YIPIQY,Tier1
VECYGPNRPQF,IKK,Tier1
HGPLGPL,LFC,Tier1
PWS,GALAAH,Tier1
DVFRELRVQ,RYL,Tier1
LGLNGDDVN,LHV,Tier1
GPLGLLGFLGPLGLS,LDY,Tier1
LHY,LWG,Tier1
AYFYPE,YQKFPQY,Tier1
LHS,ACQ,Tier1
AKYIPIQYVLSRYPSY,LSGYGP,Tier1
LHW,RNR,Tier1
LWR,YDY,Tier1
RHD,YQEP,Tier1
YLAGMN,VKP,Tier1
MPDAHL,NFHPQ,Tier1
LHN,PWW,Tier1
GPAGPAG,SALAM,Tier1
LWY,PHW,Tier1
SHH,QLGNLGV,Tier1
LQSGDALRVPSGTTYY,CVHWMTNTARTACIAP,Tier1
MYY,VLSRYPS,Tier1
WSRRGEREEEDERRR,FLQEFLHV,Tier1
RHW,TRTGDPFF,Tier1
LLPHH,PHYL,Tier1
QVVPYPQ,SFGAKNAVKNGLQKLRNQCQANNYQGPFCDIFKKNP,Tier1
MYY,TTYY,Tier1
PWT,WDR,Tier1
YYL,AGWNIP,Tier1
PHW,GWNI,Tier1
GFWDSVKEGLKNAAVTILNKIKCKISECPPA,GFFDRIKALTKNVTLELLNTITCKLPVTPP,Tier1
YWVTSGPK,EERYP,Tier1
LQPGQGQQG,YQEP,Tier1
PWI,VKCFR,Tier1
HLPH,HHP,Tier1
LPL,TGGGNV,Tier1
RHM,YEDCTDCGN,Tier1
LEELEEELEGCE,WISELGW,Tier1
YAEERYPIL,YVL,Tier1
PWS,EQC,Tier1
PNRPQF,YLGAK,Tier1
LVDTGRGPIMY,PIAAEVYEHTEGSTTSY,Tier1
YEDCTDCGN,IQW,Tier1
EFLQ,WVYY,Tier1
VVKL,FLHRP,Tier1
AVPYPQR,SGQYFL,Tier1
PWL,YQKFPQY,Tier1
AMRLTYNRPCIYAT,YLMSR,Tier1
YDY,LSGNK,Tier1
GHH,AMRLTGNRPGLYAT,Tier1
HHP,HVRETALV,Tier1
YAEERYPIL,PSLVGRPPVGKLTL,Tier1
GPAGPAG,AIRQGDVF,Tier1
PHF,YLGAK,Tier1
YVEEL,QYP,Tier1
LHF,YKY,Tier1
VVGGDGDV,SDRDLLGPNNQYLPK,Tier1
RHG,VECYGPNRPQF,Tier1
PSHDAHPE,PHHADS,Tier1
AEEEYPDL,GQFNDKRWIPFG,Tier1
YQY,VQYPVEHPNKFLKFGMTPSKGVLFY,Tier1
EFLQ,AGWNI,Tier1
LWG,TRTGDPFF,Tier1
AEAQKQLR,QVVPYPQ,Tier1
LPHSGY,LSGYGP,Tier1
PHA,ARHPHPHLSFM,Tier1
NADFGLNGLEGLA,PHD,Tier1
LRGIKNYRVAVL,TERGY,Tier1
ESTTVPERTHPACPDFN,WHNVSGSP,Tier1
YYW,KGLWE,Tier1
LPF,ECA,Tier1
YWY,KDVPP,Tier1
AAVGGYRVAVL,CAAP,Tier1
YGYTGA,KKY,Tier1
PWA,WYS,Tier1
YYM,YLGAK,Tier1
LHW,YFE,Tier1
EERYP,DLEE,Tier1
HFH,TTYY,Tier1
LHM,FDEQE,Tier1
PWL,LGFEY,Tier1
LPHH,DDPDKGMLKWKNDFFQEF,Tier1
LMCH,LHE,Tier1
PHL,LGFEY,Tier1
YRY,YQLD,Tier1
LPYY,YLMSR,Tier1
RADHPF,YYIVS,Tier1
AADNANELFPPN,DWDPK,Tier1
PVDENDEG,QKW,Tier1
GAH,PYVRYL,Tier1
MPDAHL,IYIEQGNGITGM,Tier1
WNIP,SVMPVVA,Tier1
AMRLTYNKPCLYGT,LGNTDYAVH,Tier1
PWG,RHK,Tier1
PHG,TRTGDPFF,Tier1
PHK,LTTLDSE,Tier1
LWR,YYDPL,Tier1
YHY,WDDMEK,Tier1
IEAEGE,RYQ,Tier1
RHD,QKW,Tier1
LWS,RADHPF,Tier1
AKAWGIPPHVIPQIVPVRIRPLCGNV,PGVPWP,Tier1
LWF,LWV,Tier1
RADHPF,DYK,Tier1
NQE,FFAPGRNPTSFS,Tier1
PWV,GIFE,Tier1
LWR,ADHP,Tier1
IPAGV,PYPQ,Tier1
IIENGEKWS,LPAGV,Tier1
PHHADS,YQL,Tier1
PWE,PWF,Tier1
AGWNIP,ETTL,Tier1
NGLEGLK,IPAGV,Tier1
YYR,YVEEL,Tier1
RWQ,YVGD,Tier1
VHHANEN,LWY,Tier1
VCSV,VAWRNRCKGTD,Tier1
FDSGPAGVL,HPLH,Tier1
IRW,YLKT,Tier1
EFQL,KKY,Tier1
LVSK,ECA,Tier1
TCSP,WYS,Tier1
TIASGEP,YLG,Tier1
PHN,PHW,Tier1
VAMVPPFET,TSQLLSDQ,Tier1
TERGY,TEFTK,Tier1
PWQ,NYKQM,Tier1
PHH,GFWDSVKEGLKNAAVTILNKIKCKISECPPA,Tier1
YFY,YGGFM,Tier1
ESTTVPERTHPACPDFN,PYVRYL,Tier1
NGPLQAGQPGER,QYP,Tier1
NHRYDR,VKCFR,Tier1
LHH,RHN,Tier1
VDHDHPE,DYK,Tier1
LALPA,LAC,Tier1
PHA,QKW,Tier1
LLPHH,HFH,Tier1
HYVPV,CHI,Tier1
ESTVPERTHPACPDFN,LPM,Tier1
FHH,GGIF,Tier1
YQLD,SAEHGSLH,Tier1
FYPEL,LWV,Tier1
RWR,ELLI,Tier1
FYPEL,GPGGFI,Tier1
YDY,MYY,Tier1
PYFNK,WYGPD,Tier1
HHP,LPF,Tier1
FEQL,YLGY,Tier1
YEDCTDCGN,ETTL,Tier1
NGPLQAGQPGER,VGDI,Tier1
PSHDAHPE,VECYGPNRPQF,Tier1
RWR,ISELGY,Tier1
SHDAHPE,SFGAKNAVKNGLQKLRNQCQANNYQGPFCDIFKKNP,Tier1
WSY,SGQYFL,Tier1
NRVYIHPFHLLVYS,LQGM,Tier1
LHD,LWM,Tier1
LHN,HYVPV,Tier1
RHS,ISELGW,Tier1
PWG,RWQ,Tier1
PHH,YPFPG,Tier1
PWW,SVYT,Tier1
RHT,FRSGILKLASKIPSVLCAVLKNC,Tier1
PLFQNKLAHAK,YQEPVLGPVRGPFPIIV,Tier1
RWT,NYKQM,Tier1
PAGY,PNRPQF,Tier1
LHN,IEEAF,Tier1
PWE,GLLDSVKEGLKKVAGQLLDTLKCKISGCTPA,Tier1
VQYPVEHPNKFLKFGMTPSKGVLFY,EFIQ,Tier1
LWV,WSVPQPK,Tier1
LVGDEQAVPAVCVP,THH,Tier1
YGY,PKLPPVKK,Tier1
GYY,AGGF,Tier1
RASDPLLSV,PYSFK,Tier1
LNLPTAVYMVT,TSQLLSDQ,Tier1
LWM,ACFL,Tier1
LEELEEELEGCE,LQL,Tier1
LVMFLDNQHRVIRH,IQW,Tier1
FRDEHKK,SIITMTKEAKLPQLWKQIACRLYNTC,Tier1
VDYP,YGLN,Tier1
YWY,FRSGILKLASKIPSVLCAVLKNC,Tier1
FYPEL,ACFL,Tier1
LTC,AGGF,Tier1
LHR,YMY,Tier1
PHE,GTW,Tier1
EFLQ,CLV,Tier1
SIITMTKEAKLPQLWKQIACRLYNTC,YLMSR,Tier1
LHPH,TETWNPNHPEL,Tier1
PWE,DYY,Tier1
HQIYPV,QYP,Tier1
RHS,MYY,Tier1
WNIP,PSLVGRPPVGKLTL,Tier1
NHK,GTW,Tier1
VHH,AKYIPIQYVLSRYPSY,Tier1
FFAPGRNPTSFS,LVMFLDNQHRVIRH,Tier1
AHK,RNR,Tier1
AEAQKQLR,TVYQ,Tier1
GVPLT,DGVVYY,Tier1
YSY,WYSLAM,Tier1
YHY,MQFHT,Tier1
VGGRP,ADGF,Tier1
NGPLQAGQPGER,VLPVPQK,Tier1
RHI,LPF,Tier1
HLPH,CQC,Tier1
PHH,NHAV,Tier1
LWY,PYVRYL,Tier1
PWA,YLL,Tier1
AVPYPQR,NPYVPR,Tier1
KYY,YQKFPQY,Tier1
LQL,TSQLLSDQ,Tier1
VHDY,KTFCGRH,Tier1
GVPLT,LVSK,Tier1
MYY,VSYT,Tier1
KYY,FLQEFLHV,Tier1
LYEGY,IVEYF,Tier1
KVI,SWN,Tier1
VHHANEN,PHQ,Tier1
YQLD,AYFYPEL,Tier1
LVNPHDHQN,VKV,Tier1
RWA,GFFDRIKALTKNVTLELLNTITCKLPVTPP,Tier1
YVGD,YLL,Tier1
YVL,SNAAC,Tier1
LPYY,LPHH,Tier1
AQIPQQ,SNAAC,Tier1
PHA,VLYEE,Tier1
VKEAMAPK,IYPF,Tier1
ADF,DVPPYM,Tier1
RWI,YGGFM,Tier1
VVKL,PHD,Tier1
RADHP,FHNMEK,Tier1
HFH,VLYEE,Tier1
VKV,VYY,Tier1
YPEL,KVLPVPQK,Tier1
HYH,ADF,Tier1
LHA,VAGTWY,Tier1
VYY,LPAGV,Tier1
YWY,RNDDLNYIQ,Tier1
YAEERYPIL,YQEPVLGP,Tier1
KVLPVPQK,RASDPLLSV,Tier1
HYY,YLG,Tier1
VKL,HHW,Tier1
LWG,TIIPLPV,Tier1
NHRYDR,NEN,Tier1
RNDDLNYIQ,TETWNPNHPEL,Tier1
RHV,SDRDLLGPNNQYLPK,Tier1
HWH,ECA,Tier1
GEC,RYLGY,Tier1
PMDYMVT,RWG,Tier1
PHI,DWDPK,Tier1
PMDYMVT,PHG,Tier1
LPHSGY,LPM,Tier1
YYL,GIFE,Tier1
HYH,GSGGL,Tier1
PSHDAHPE,KFPE,Tier1
YYS,YQEPVLGPVRGPFPIIV,Tier1
WHNVSGSP,WEN,Tier1
VHHANEN,VIPMGL,Tier1
LVGDEQAVPAVCVP,YNI,Tier1
SIITMTKEAKLPQLWKQIACRLYNTC,NPYVPR,Tier1
LWW,GSGGL,Tier1
GTQY,DEDTQAMP,Tier1
YQEP,AGTTCLFTPLALPYDYSH,Tier1
PPK,AEERYP,Tier1
NADFGLNGLEGLA,YLY,Tier1
NHRYDR,AGWNIPIGT,Tier1
TERGY,KFPE,Tier1
VIPAGYP,WYT,Tier1
HHF,IQY,Tier1
LPHH,GPAGPAG,Tier1
YYA,WNIP,Tier1
HPH,TYY,Tier1
RHM,HHY,Tier1
LEEAF,HVCYMF,Tier1
PSYV,LHL,Tier1
PHHADS,RLKKY,Tier1
SHDAHPE,NPYVPR,Tier1
GPAGPAG,GQFNDKRWIPFG,Tier1
YYM,YSY,Tier1
LWD,RYQ,Tier1
QYY,VECYGPNRPQF,Tier1
PSKYEPFV,QWPAQ,Tier1
GYY,YLGAK,Tier1
HPHL,GFYPPP,Tier1
LHI,QLGNLGV,Tier1
MILMR,RCMAFLLSDGAAAAQQLLPQYW,Tier1
LLPHH,PHD,Tier1
DAQEKLE,LEELEEELEGCE,Tier1
PSLPA,WYS,Tier1
LMCH,VKP,Tier1
LKQELEDLLEKQE,HVRETALV,Tier1
FRDEHKK,LHS,Tier1
VECYG,QKW,Tier1
LVGDEQAVPAVCVP,IIENGEKWS,Tier1
WYSLAMA,YEDCTDCGN,Tier1
LHK,FIPGLRRLFATVVPTVVCAINKLPPG,Tier1
YFY,IVEYF,Tier1
PKAV,WHNVSGSP,Tier1
FPLEMMPF,LVMFLDNQHRVIRH,Tier1
LHR,GWNIP,Tier1
PKAVHE,ESTTVPERTHPACPDFN,Tier1
WHNVSGSP,AEERYP,Tier1
SWN,AWDPE,Tier1
LWD,HFH,Tier1
VPSGK,LHT,Tier1
HPLH,KDVPP,Tier1
HWH,APIRMWYMYRKLTDMEPKPVA,Tier1
PHF,KKY,Tier1
RPPGFSPFR,GFGPEL,Tier1
IKK,AGWNIP,Tier1
VLYEE,YLKT,Tier1
HDH,YYG,Tier1
FDSGPAGVL,PHV,Tier1
AEAQKQLR,PHG,Tier1
PSIPA,IYIEQGNGITGM,Tier1
ISELGF,LTTLDSE,Tier1
LEEAF,ADF,Tier1
HYVPV,TEVWDSNEQ,Tier1
PWI,PWL,Tier1
EWPAQ,RYLGY,Tier1
WEIKPSSLTGKSPYFSNNHGKL,YPIL,Tier1
VVKL,DEDTQAMP,Tier1
PWH,AGGF,Tier1
CYGPNR,NYY,Tier1
LSGYGP,QKW,Tier1
PSKYEPFV,AGWNI,Tier1
HHW,FLHRP,Tier1
MHH,SHH,Tier1
HHLP,FLQEFLHV,Tier1
FHH,YQLD,Tier1
ARHPHP,GFYPPP,Tier1
HDHPVC,RCMAFLLSDGAAAAQQLLPQYW,Tier1
AAVGGYRVAVL,VPKVK,Tier1
SWN,IANNEADAISLDGGQVFEAG,Tier1
LHW,RHK,Tier1
IPIQYVL,FDEQE,Tier1
IYY,AGTTCLFTPLALPYDYSH,Tier1
VNPHDHQN,YIY,Tier1
FYY,GTQY,Tier1
YKY,QYY,Tier1
HDHPVC,YLKT,Tier1
RWY,HNPI,Tier1
LQSGDALRVPSGTTYY,YQEPVLGP,Tier1
PKAV,YLYP,Tier1
LQPGQGQQG,ADF,Tier1
LWM,GTW,Tier1
PWE,EEYFPVGGDRPESF,Tier1
HHF,SVMPVVA,Tier1
FGHPY,ADGF,Tier1
LQPGQGQQG,PPK,Tier1
GHH,NHH,Tier1
RWE,YVEEL,Tier1
IYY,LARL,Tier1
RWE,ESTTVPERTHPACPDFN,Tier1
MYY,LTC,Tier1
RWL,HHW,Tier1
LELHKLRSSHWFSRR,RWH,Tier1
LHR,LARL,Tier1
PEL,PHV,Tier1
LWG,WYSLA,Tier1
KYY,TGGGNV,Tier1
IPAGV,MEMK,Tier1
YGY,RADHPF,Tier1
RHW,QVVPYPQ,Tier1
WISELGW,TYQTF,Tier1
PMDYMVT,LWS,Tier1
PHL,PWG,Tier1
WYSL,KFPE,Tier1
LQL,PYPQ,Tier1
GWNI,IVEYF,Tier1
HGPLGPL,YYQ,Tier1
AWDPE,VPKVK,Tier1
FHH,FLPF,Tier1
PWQ,IIENGEKWS,Tier1
YYM,YFE,Tier1
ESTVPERTHPACPDFN,AVPYPQR,Tier1
PHF,PYSFK,Tier1
YVGD,IYIEQGNGITGM,Tier1
LPHH,HYY,Tier1
SRYPS,YQEPVLGPVRGPFPIIV,Tier1
PMDYMVT,RNR,Tier1
DRVYIHPF,PYSFK,Tier1
PYPQ,GFGPEL,Tier1
MPDAHL,PVDENDEG,Tier1
RWN,LVMFLDNQHRVIRH,Tier1
VSYT,HQIYPV,Tier1
LLR,YYIVS,Tier1
VLSRYPS,LAPSLPGKPKPD,Tier1
DPALATEPDPMPF,KGLWE,Tier1
QYDQGV,TEVWDSNEQ,Tier1
YAEERYPIL,YYD,Tier1
THH,IYY,Tier1
YYF,NHK,Tier1
AYY,TIIPLPV,Tier1
EFQI,LGFEY,Tier1
WYS,DYK,Tier1
RHD,PYPQ,Tier1
YCY,AWIRGCRL,Tier1
HHP,PHR,Tier1
HHP,LVDTGRGPIMY,Tier1
FYY,PHCKRM,Tier1
AKYIPIQYVLSRYPSY,TEVWDSNEQ,Tier1
YAKPA,VPVTST,Tier1
YPPAK,LGFEYY,Tier1
TDY,ARHPHP,Tier1
AKAWGIPPHVIPQIVPVRIRPLCGNV,NPYVPR,Tier1
YPI,FFGFN,Tier1
GVPLT,WSY,Tier1
VDHDHPE,LQGM,Tier1
RWN,VKP,Tier1
YWY,GAWA,Tier1
LYPY,SDF,Tier1
HHPL,IIENGEKWS,Tier1
FVPH,LTTLDSE,Tier1
HHPLL,GLTSK,Tier1
YYL,AMTGLDA,Tier1
LHM,LWS,Tier1
PLHH,FGHPY,Tier1
HLPLPL,GLTSK,Tier1
MHH,QWPAQ,Tier1
HHY,HVCYMF,Tier1
YSY,IPAGM,Tier1
YHH,GPGGFI,Tier1
PHW,RYL,Tier1
VHDY,MTEEY,Tier1
VVKL,AAVGGYRVAVL,Tier1
VLPVPQK,LDK,Tier1
AMRLTYNRPCIYAT,AMRLTYNRPCLGAT,Tier1
VPSGK,WYGPD,Tier1
YAKP,VPVTST,Tier1
PWQ,VPW,Tier1
YYI,YYL,Tier1
HYY,VLSRYPS,Tier1
YWY,EERYP,Tier1
SDRDLLGPNNQYLPK,AWDPE,Tier1
YSEMPPGK,RHPHP,Tier1
LLPHH,VECYGPNRPQF,Tier1
IHH,PSLPA,Tier1
IRW,GWNI,Tier1
HYY,QLGNLGV,Tier1
TEFTK,CME,Tier1
LQPGQGQQG,PYPQ,Tier1
PHY,CSQAPLA,Tier1
PHI,IPAGV,Tier1
VKV,ALEPDHR,Tier1
ESTTVPERTHPACPDFN,IKK,Tier1
YVY,PIAAEVYEHTEGSTTSY,Tier1
AMRLTYNRPCIYAT,LGFEY,Tier1
AAVGGYRVAVL,PSLVGRPPVGKLTL,Tier1
NYKQM,AWDPE,Tier1
PSHDAHPE,CLV,Tier1
DSGVT,PHY,Tier1
PWW,MWL,Tier1
KYL,LGY,Tier1
WYSLAMA,VLEANPRSF,Tier1
EYY,VLEANPRSF,Tier1
LPTSEAAKY,LLPF,Tier1
IHH,YGGFL,Tier1
LWE,TIASGEP,Tier1
SWN,LPM,Tier1
EFLQ,NHK,Tier1
LHF,RHW,Tier1
LHV,IQW,Tier1
DSGVT,RWI,Tier1
YVGD,RYLGY,Tier1
PAGY,AHH,Tier1
HLPH,NHH,Tier1
YVEEL,YGGFL,Tier1
YDY,YFY,Tier1
WEIKPSSLTGKSPYFSNNHGKL,GVQEGAGHYALL,Tier1
HLPH,FDEQE,Tier1
IKL,DEDTQAMP,Tier1
RHW,YSTA,Tier1
VLEANPRSF,FIPGLRRLFATVVPTVVCAINKLPPG,Tier1
LWG,RHD,Tier1
PHK,LANAK,Tier1
IANNEADAISLDGGQVFEAG,RDMPIQ,Tier1
HHLP,LEQQVDDLEGSLEQEKK,Tier1
PHL,YEY,Tier1
YDY,EFQL,Tier1
NPYVPR,TIASGEP,Tier1
RHF,RYL,Tier1
EFQL,EQC,Tier1
THH,AWDPE,Tier1
YWVTSGPK,SAEHGSLH,Tier1
SHH,FIGP,Tier1
VKL,PWF,Tier1
LPTSEAAKY,YLMSR,Tier1
VFPW,RYLG,Tier1
YMY,YYIVS,Tier1
SWN,NEN,Tier1
VAMVPPFET,DHG,Tier1
FHNMEK,QCH,Tier1
PPQ,LHD,Tier1
HGGEGGRPYHLGEES,MEMK,Tier1
YEADARSFHDLAEHDIRV,PVMGA,Tier1
VLEANPRSF,FPQY,Tier1
RWN,TYY,Tier1
NPYVPR,LDY,Tier1
RWQ,FPLEMMPF,Tier1
LHI,NEN,Tier1
PPK,YVL,Tier1
RHE,YGY,Tier1
GSGGL,PSLVGRPPVGKLTL,Tier1
KHNRGDEF,WEIKPSSLTGKSPYFSNNHGKL,Tier1
DDPDKGMLKWKNDFFQEF,IQW,Tier1
LWW,YPIL,Tier1
LLHH,LHW,Tier1
NYKQM,TSQLLSDQ,Tier1
GFWDSVKEGLKNAAVTILNKIKCKISECPPA,TDY,Tier1
RHM,YYS,Tier1
YYD,NFHPQ,Tier1
FDSGPAGVL,FHNMEK,Tier1
PAGY,HPHL,Tier1
WYSLAMA,YSEMPPGK,Tier1
EWPAQ,VFPW,Tier1
HHF,WPL,Tier1
PKAV,WYSLAMAASDI,Tier1
LWM,YSY,Tier1
PHT,YSTA,Tier1
LVMFLDNQHRVIRH,YQKFP,Tier1
HPLH,YSEMPPGK,Tier1
HHPL,IRGCRL,Tier1
YYG,GPLGLLGFLGPLGLS,Tier1
PWA,AYPS,Tier1
RHI,VKEAMPK,Tier1
YFYPEL,RHV,Tier1
LHQ,YLGY,Tier1
RWI,IIENGEKWS,Tier1
PHD,LLPF,Tier1
RHS,VLEANPRSF,Tier1
IKL,LPYY,Tier1
PWW,GVPLT,Tier1
ADF,FLKPLFNAALKLLP,Tier1
RWL,YYH,Tier1
EELDNALN,KFPE,Tier1
YYH,VKP,Tier1
NADFGLNGLEGLA,GIFE,Tier1
LHT,AIRQGDVF,Tier1
FEQI,PYFNK,Tier1
LVNPHDHQN,NGLEGLK,Tier1
SHH,WYS,Tier1
TYY,PYPQ,Tier1
QHH,QYY,Tier1
KVI,LHD,Tier1
PHHADS,AGWNIP,Tier1
PSYV,HYH,Tier1
LHK,LYY,Tier1
FDSGPAGVL,CVHWMTNTARTACIAP,Tier1
LWD,VPVTST,Tier1
YNI,YSTA,Tier1
WHH,ACQ,Tier1
YYD,HYVPV,Tier1
PYVRYL,GWNIP,Tier1
LWV,YYY,Tier1
LHY,YKY,Tier1
EFIQ,FIKK,Tier1
KAI,RWA,Tier1
WYT,YEDCTDCGN,Tier1
VPSGK,LEQQVDDLEGSLEQEKK,Tier1
YHY,YWVTSGPK,Tier1
FRDEHKK,LYY,Tier1
VKEAMPK,YPIL,Tier1
AYY,FIPGLRRLFATVVPTVVCAINKLPPG,Tier1
HVRETALV,IVEYF,Tier1
LHS,ALEPDHR,Tier1
LANAK,NEN,Tier1
RHW,YTY,Tier1
LHI,GFYPPP,Tier1
LNGDVW,DRVYIHPF,Tier1
PHQ,HEKVC,Tier1
RWG,LQL,Tier1
HPLH,TVYQ,Tier1
YFYPEL,GFPSG,Tier1
ADGF,AYFYPEL,Tier1
YFY,VVGGDGDV,Tier1
RPNYTDA,AWDPE,Tier1
EAK,YFY,Tier1
PEL,PHD,Tier1
GYY,LALPA,Tier1
YYN,GWNIP,Tier1
AEAQKQLR,PYY,Tier1
PHV,PYPQ,Tier1
EEEQVGQGYETIRARL,MPDAHL,Tier1
PWT,SHH,Tier1
EYY,WSVPQPK,Tier1
WYSLAMAASDI,NYY,Tier1
PYFNK,DGVVYY,Tier1
PHR,SWN,Tier1
NHRYDR,LQL,Tier1
PPQ,GGLEPINFN,Tier1
VAVDKHDYEPLGHSDIGVY,SFGAKNAVKNGLQKLRNQCQANNYQGPFCDIFKKNP,Tier1
SHDAHPE,YYV,Tier1
HDHPVC,KTFCGRH,Tier1
YDY,YYG,Tier1
PSKYEPFV,AEEEYPDL,Tier1
YAY,SYY,Tier1
WYSLAMA,LGY,Tier1
VSYT,GGLEPINFN,Tier1
RWQ,VKP,Tier1
LQSGDALRVPSGTTYY,PMDYMVT,Tier1
HLPH,VGDI,Tier1
LVGDEQAVPAVCVP,HFH,Tier1
PWD,EYY,Tier1
LHD,PHE,Tier1
RWA,GQFNDKRWIPFG,Tier1
EYY,WIRGCRL,Tier1
YYW,LSGYGP,Tier1
HHPLL,LGFEYY,Tier1
LEEAF,ARHPHP,Tier1
RHM,GHH,Tier1
YYQ,AIEWEGIESGSVEQA,Tier1
RWH,YLG,Tier1
SYY,LPAGV,Tier1
ISELGW,CHI,Tier1
SHH,TERGY,Tier1
GPP,YLKT,Tier1
PYY,FGHPY,Tier1
WYS,VPW,Tier1
RNR,AYPS,Tier1
AGWNI,FLKPLFNAALKLLP,Tier1
TRTGDPFF,AYFYPE,Tier1
RHA,WISELG,Tier1
YPEL,TVYQ,Tier1
WYSLAMA,VIPMGL,Tier1
LHPH,NHAV,Tier1
PSLVGRPPVGKLTL,KDVPP,Tier1
PWV,IQW,Tier1
RWG,NRVYIHPFHLLVYS,Tier1
WYSLAM,FVNQPYLLYSVHMK,Tier1
EFQI,WHNVSGSP,Tier1
YVEEL,WSVPQPK,Tier1
ACQ,YLG,Tier1
PLHH,YLKT,Tier1
PHT,QWPAQ,Tier1
HHW,RYPS,Tier1
LVNPHDHQN,EAK,Tier1
PYPQ,TETWNPNHPEL,Tier1
AMRLTGNRPGLYAT,VGDI,Tier1
PYVRYL,CVHWMTNTARTACIAP,Tier1
HQIYPV,FPLEMMPF,Tier1
FEQI,LGNTDYAVH,Tier1
LLPH,DWDPK,Tier1
HLPLPL,AKAWGIPPHVIPQIVPVRIRPLCGNV,Tier1
PHD,LNLPTAVYMVT,Tier1
RHK,ECA,Tier1
HWH,ISELGF,Tier1
YPFPG,QHGV,Tier1
YVGD,GFGPEL,Tier1
PNRPQF,YPIL,Tier1
LNLPTAVYMVT,AIEWEGIESGSVEQA,Tier1
EELDNALN,RDMPIQ,Tier1
PHHADS,YQEP,Tier1
PWN,VHDY,Tier1
WDDMEK,RYLG,Tier1
PWL,YCY,Tier1
YYM,PGVPWP,Tier1
RHI,RCMAFLLSDGAAAAQQLLPQYW,Tier1
VPSGK,LWQ,Tier1
LHE,FPLEMMPF,Tier1
VPW,AGGF,Tier1
HLHP,DEDTQAMP,Tier1
FHH,WNIP,Tier1
RHN,VIPMGL,Tier1
YYS,IPAGM,Tier1
TETWNPNHPEL,KFPE,Tier1
LQGM,AGGF,Tier1
FEQI,DDPDKGMLKWKNDFFQEF,Tier1
PHH,LWE,Tier1
FLHRP,KKY,Tier1
PWF,ACFL,Tier1
HYY,VPW,Tier1
LQSGDALRVPSGTTYY,FEQI,Tier1
RHS,VGDI,Tier1
VHH,LHL,Tier1
HLPH,IRW,Tier1
AMRLTYNKPCLYGT,WPP,Tier1
VAVDKHDYEPLGHSDIGVY,VPNSYP,Tier1
RHV,RWH,Tier1
HDH,PYPQ,Tier1
PHR,GHH,Tier1
RWW,YIPIQY,Tier1
LWF,SAEHGSLH,Tier1
TDY,CAQ,Tier1
HDH,YHY,Tier1
PLFQNKLAHAK,MHH,Tier1
RWQ,HYH,Tier1
LPHSGY,AKAWGIPPHVIPQIVPVRIRPLCGNV,Tier1
LWE,FLKPLFNAALKLLP,Tier1
PYY,RHQ,Tier1
LLPHH,IAPNYNTRATKL,Tier1
PHD,WYS,Tier1
LPTSEAAKY,AMTGLDA,Tier1
LQPGQGQQG,KTFCGRH,Tier1
YYF,ADGF,Tier1
RDMPIQ,YQKFP,Tier1
VKV,LHR,Tier1
LEELEEELEGCE,PHYL,Tier1
VKL,DLEE,Tier1
RYY,GGIF,Tier1
VKL,WSVPQPK,Tier1
YLGAK,RYLGY,Tier1
PHYL,YQL,Tier1
TCSP,RYQ,Tier1
GWNI,RYL,Tier1
YPPAK,RADHP,Tier1
LPL,EWPAQ,Tier1
YGY,TTYY,Tier1
WYSL,VFPW,Tier1
CYGPNR,YQKFPQY,Tier1
MWL,FKK,Tier1
VNPHDHQN,LHQ,Tier1
YEDCTDCGN,MEMK,Tier1
PKAVHE,PHY,Tier1
LWY,PGVPWP,Tier1
AVPYPQR,GIISHR,Tier1
SYY,YPIL,Tier1
NHK,TIASGEP,Tier1
GFFDRIKALTKNVTLELLNTITCKLPVTPP,DVFRELRVQ,Tier1
VNPHDHQN,IHH,Tier1
LQPGQGQQ,VSYT,Tier1
NGPLQAGQPGER,FGHPY,Tier1
NYKQM,PYFNK,Tier1
YWY,YLGY,Tier1
HNPI,YQKFP,Tier1
LPHH,FPQY,Tier1
QHGV,GWNIP,Tier1
LHQ,YQLD,Tier1
IAPNYNTRATKL,LNLPTAVYMVT,Tier1
HHF,YLGY,Tier1
PWF,YLGAK,Tier1
TSQLLSDQ,DYK,Tier1
LLPHHH,FFGFN,Tier1
HVRETALV,IRGCRL,Tier1
RHS,ARHPHP,Tier1
LWN,YLMSR,Tier1
TVYQ,QYP,Tier1
YNY,YYN,Tier1
RHV,RYY,Tier1
PHH,LHY,Tier1
VDYP,ISELWG,Tier1
RHH,YSTA,Tier1
KVLPVPQK,QGAR,Tier1
LYY,NRVYIHPFHLLVYS,Tier1
PHA,YQLD,Tier1
PHT,LLPF,Tier1
LHA,VGDI,Tier1
YLY,HEKVC,Tier1
QCH,DVPPYM,Tier1
PMDYMVT,EWPAQ,Tier1
WYS,WYSLAMA,Tier1
ISELGY,ACQ,Tier1
YIY,YFY,Tier1
LWN,LPHSGY,Tier1
LLPHHH,EEYFPVGGDRPESF,Tier1
PHH,LWH,Tier1
VECYGPNRPQF,GQFNDKRWIPFG,Tier1
LWN,IHH,Tier1
YPI,KKY,Tier1
PHG,PSLPA,Tier1
WYSLAM,CHI,Tier1
VHH,LEEAF,Tier1
LMCH,SGAF,Tier1
WHH,FLPF,Tier1
DRVYIHPF,WNIP,Tier1
IEEAF,YQIGL,Tier1
SGAF,PGVPWP,Tier1
LWA,YAY,Tier1
VKV,PYVRYL,Tier1
VAMVPPFET,SNAAC,Tier1
PWH,WYT,Tier1
IYY,EEEQVGQGYETIRARL,Tier1
WDDMEK,ALEPDHR,Tier1
PWL,DVPPYM,Tier1
PWI,YVEEL,Tier1
EELDNALN,IVEYF,Tier1
LALPA,IEEAF,Tier1
PHA,SAEHGSLH,Tier1
GSGGL,KYL,Tier1
YYR,RDMPIQ,Tier1
WEIKPSSLTGKSPYFSNNHGKL,LAPSLPGKPKPD,Tier1
PLFQNKLAHAK,IYPF,Tier1
PWV,QWPAQ,Tier1
KYY,YVY,Tier1
IQY,FYQL,Tier1
RHG,AAVGGYRVAVL,Tier1
LELHKLRSSHWFSRR,IRGCRL,Tier1
TCSP,IQY,Tier1
AGWNI,RYQ,Tier1
QHGV,VLEANPRSF,Tier1
PLHH,VLEANPRSF,Tier1
MHIRL,SGQYFL,Tier1
HHF,MHIRL,Tier1
FALPQYLK,IRGCRL,Tier1
LHL,PHM,Tier1
EFIQ,KLSDW,Tier1
PSKYEPFV,EFLQ,Tier1
RHL,LDY,Tier1
PHV,CSQAPLA,Tier1
VKP,LLR,Tier1
PWH,WEIKPSSLTGKSPYFSNNHGKL,Tier1
HYY,AYY,Tier1
VKV,HHW,Tier1
YQEP,QCH,Tier1
LHS,PWN,Tier1
IYPF,VIPMGL,Tier1
VECYG,RHS,Tier1
LHK,FKK,Tier1
RWN,VLSRYPS,Tier1
LVGDEQAVPAVCVP,LWR,Tier1
TGGGNV,DVFRELRVQ,Tier1
WISELGW,APIRMWYMYRKLTDMEPKPVA,Tier1
PWQ,AMRLTYNRPCIYAT,Tier1
DAQEKLE,YYQ,Tier1
LWS,YNY,Tier1
WPL,YVGD,Tier1
IPAGM,GQVPP,Tier1
RHY,WSVPQPK,Tier1
PHH,FVNQPYLLYSVHMK,Tier1
GPGGFI,LQGM,Tier1
YPI,VLYEE,Tier1
IKL,LWT,Tier1
HHPL,LWQ,Tier1
LWW,YVGD,Tier1
YVY,GFGPEL,Tier1
PSHDAHPE,AGGF,Tier1
GSGGL,RLKKY,Tier1
LHG,APIRMWYMYRKLTDMEPKPVA,Tier1
RWT,FPLEMMPF,Tier1
WISELGW,YGLN,Tier1
LRGIKNYRVAVL,DYK,Tier1
LHN,PHE,Tier1
LPTSEAAKY,NYKQM,Tier1
HEH,PSLVGRPPVGKLTL,Tier1
YPEL,AMRLTYNRPCLGAT,Tier1
FALPQYLK,YLL,Tier1
WDR,LANAK,Tier1
LPTSEAAKY,YVGD,Tier1
PVDENDEG,IYIEQGNGITGM,Tier1
PHD,SNAAC,Tier1
RWT,IVEYF,Tier1
VIPAGYP,RWR,Tier1
MILMR,GTW,Tier1
LWY,WVYY,Tier1
PPQ,PHI,Tier1
YEY,EQC,Tier1
LLPHHH,RHI,Tier1
RPPGFSPFR,ACQ,Tier1
EELDNALN,HHP,Tier1
PHD,NFHPQ,Tier1
LRGIKNYRVAVL,SALAM,Tier1
RHW,LSGNK,Tier1
AHK,WNIP,Tier1
HGPLGPL,PVDENDEG,Tier1
IAPNYNTRATKL,LPF,Tier1
PWA,VLYEE,Tier1
DHG,CHI,Tier1
PSLPA,GIFE,Tier1
PHCKRM,YLG,Tier1
VGGRP,SNAAC,Tier1
LHN,HYY,Tier1
FDSGPAGVL,GYY,Tier1
YAEERYPIL,IHH,Tier1
PWE,AAVGGYRVAVL,Tier1
PHR,YYR,Tier1
SDRDLLGPNNQYLPK,PGVPWP,Tier1
YYH,VKRRGQDCIHGFCSD,Tier1
NHRYDR,SDF,Tier1
PHI,AGWNI,Tier1
HPH,AWIRGCRL,Tier1
YPFPG,PSDHDHE,Tier1
RHL,WYSLAMA,Tier1
LHPH,YCY,Tier1
PWF,LGFEY,Tier1
DYY,FLPF,Tier1
LLPH,ACFL,Tier1
HFH,QVVPYPQ,Tier1
VVGGDGDV,QCL,Tier1
RHL,RYLG,Tier1
PWW,PIAAEVYEHTEGSTTSY,Tier1
WYT,WISELGW,Tier1
PKAVHE,WYSLA,Tier1
YYM,RYL,Tier1
LPYY,FLNDFLHV,Tier1
PHD,ELLI,Tier1
LWF,IRGCRL,Tier1
PHH,HVCYMF,Tier1
QWPAQ,YQEPVLGP,Tier1
PWI,GVPLT,Tier1
YYA,GSGGL,Tier1
PKAV,LHM,Tier1
YAY,WYS,Tier1
LHW,WYSL,Tier1
PHA,RWG,Tier1
EFQI,TYQTF,Tier1
LGNTDYAVH,DWDPK,Tier1
LHI,YYDPL,Tier1
VCSV,DYK,Tier1
VLPVPQK,WRNRCKGTD,Tier1
WEGPK,LGY,Tier1
NGLEGLK,LHN,Tier1
RHV,LQL,Tier1
RWT,LEQQVDDLEGSLEQEKK,Tier1
LMGQW,ELLI,Tier1
WRNRCKGTD,VLVPK,Tier1
AADNANELFPPN,GYLEQ,Tier1
PHG,GQFNDKRWIPFG,Tier1
VKV,LPHSGY,Tier1
RHA,LTTLDSE,Tier1
PHF,PWF,Tier1
WYSL,CLV,Tier1
ESTVPERTHPACPDFN,GALAAH,Tier1
TYY,RADHP,Tier1
RWQ,LDY,Tier1
ARHPHPHLSFM,QLGNLGV,Tier1
RHPHP,SAEHGSLH,Tier1
FIGP,WSRRGEREEEDERRR,Tier1
GWNIP,GGLEPINFN,Tier1
YYV,IPAGV,Tier1
LLPHHH,IPAGV,Tier1
PSLPA,SIITMTKEAKLPQLWKQIACRLYNTC,Tier1
PYY,LHA,Tier1
LLHH,YGY,Tier1
LHF,RHN,Tier1
CYGPNR,QCH,Tier1
HHP,ISELGW,Tier1
RASDPLLSV,LTC,Tier1
PKAV,AIEWEGIESGSVEQA,Tier1
RLKKY,FFGFN,Tier1
DVFRELRVQ,KFPE,Tier1
PHD,AMRLTYNRPCLGAT,Tier1
FVAGK,WHH,Tier1
VKL,LGFEY,Tier1
LMGQW,LLPF,Tier1
YYQ,SGQYFL,Tier1
IPIQYVL,AYFYPEL,Tier1
TERGY,YLGY,Tier1
RHS,GVQEGAGHYALL,Tier1
RWG,YVY,Tier1
HPH,RADHPFL,Tier1
PHQ,STMMEERRMKVY,Tier1
VKAGFAWTANQQLS,VKEAMAPK,Tier1
AGWNI,AGTTCLFTPLALPYDYSH,Tier1
RHV,WYSLA,Tier1
LWI,HQIYPV,Tier1
TYY,TGGGNV,Tier1
LWR,AEEEYPDL,Tier1
EEYFPVGGDRPESF,AAVGGYRVAVL,Tier1
IAPNYNTRATKL,LLR,Tier1
YKY,GAWA,Tier1
VHHANEN,NEN,Tier1
YYK,FALPQYLK,Tier1
IPAGV,DVFRELRVQ,Tier1
VPSIDDQEELM,FVNQPYLLYSVHMK,Tier1
CYGPNR,FYQL,Tier1
LQSGDALRVPSGTTYY,FKK,Tier1
VAMVPPFET,VPKVK,Tier1
LRGIKNYRVAVL,SWN,Tier1
LWA,ARHPHPHLSFM,Tier1
VIPAGYP,CAAP,Tier1
HDH,YEDCTDCGN,Tier1
VKV,IKK,Tier1
LHR,VPNSYP,Tier1
GHH,VGDI,Tier1
HHP,YYDPL,Tier1
PWW,STMMEERRMKVY,Tier1
PHA,FIPGLRRLFATVVPTVVCAINKLPPG,Tier1
VKL,FYQL,Tier1
RHA,YSY,Tier1
YYA,SRYPS,Tier1
PYPQ,PYVRYL,Tier1
AAVGGYRVAVL,YQIGL,Tier1
RWW,GWNIP,Tier1
ACFL,LANAK,Tier1
LWE,QLGNLGV,Tier1
RHI,QLGNLGV,Tier1
PWA,ARHPHPHLSFM,Tier1
VIPAGYP,WISELGW,Tier1
NHH,SDF,Tier1
LWG,WHH,Tier1
NQE,YGYTGA,Tier1
PHQ,PYVRYL,Tier1
DSGVT,RHH,Tier1
NHH,YPELF,Tier1
LWS,PHYL,Tier1
AGWNIP,YVGD,Tier1
AGTTCLFTPLALPYDYSH,AWIRGCRL,Tier1
PHG,LNGDVW,Tier1
HNPI,FVPH,Tier1
PHM,LEQQVDDLEGSLEQEKK,Tier1
LWD,LWF,Tier1
PEL,PHF,Tier1
RHA,FLHRP,Tier1
EAK,TETWNPNHPEL,Tier1
LVGDEQAVPAVCVP,GYY,Tier1
KTFCGRH,GWNI,Tier1
VVKL,PKLPPVKK,Tier1
WISELGW,RLKKY,Tier1
VLPVPQK,FFAPGRNPTSFS,Tier1
HHPL,YQL,Tier1
YYM,GWNI,Tier1
PWV,VVGGDGDV,Tier1
AHH,TYY,Tier1
LWM,KVLPVPQK,Tier1
YYM,GGE,Tier1
NHH,GWNI,Tier1
LHT,VLSRYPS,Tier1
SAEHGSLH,YQKFPQY,Tier1
RWT,FHH,Tier1
LWV,YYV,Tier1
PHN,QYDQGV,Tier1
HLPLPL,GSGGL,Tier1
PWI,HYH,Tier1
YFYPEL,LGFEYY,Tier1
LHD,QHH,Tier1
VKAGFAWTANQQLS,WYSLAM,Tier1
FRSGILKLASKIPSVLCAVLKNC,WPP,Tier1
WYY,EFQI,Tier1
YAY,YPPAK,Tier1
LGFEYY,YPELF,Tier1
LEELEEELEGCE,VGGRP,Tier1
VKAGFAWTANQQLS,VIPMGL,Tier1
LWF,EFLQ,Tier1
ACFL,SALAM,Tier1
KVLPVPQK,MQFHT,Tier1
YMY,IANNEADAISLDGGQVFEAG,Tier1
NADFGLNGLEGLA,IEEAF,Tier1
NQE,RWW,Tier1
AHK,LVGDEQAVPAVCVP,Tier1
YHY,VSYT,Tier1
ISELGW,YAKP,Tier1
AVPYPQR,YLGY,Tier1
HEH,YYS,Tier1
SALAM,VGDI,Tier1
EFLQ,GPAGPAG,Tier1
LHL,LWH,Tier1
EAK,SDRDLLGPNNQYLPK,Tier1
PHL,HDHPVC,Tier1
TTYY,YQEP,Tier1
YYDPL,ETTL,Tier1
ADHP,RYLG,Tier1
NYY,FIGP,Tier1
KYY,IYIEQGNGITGM,Tier1
LLPHHH,FPLEMMPF,Tier1
LHY,PHL,Tier1
LWV,PGVPWP,Tier1
AKYIPIQYVLSRYPSY,AGGF,Tier1
YHH,HFH,Tier1
LHN,YLMSR,Tier1
HPH,GLTSK,Tier1
HVRETALV,EWPAQ,Tier1
SHH,VLSRYPS,Tier1
PWW,LPF,Tier1
PPK,PHG,Tier1
HYH,IANNEADAISLDGGQVFEAG,Tier1
YYS,AWIRGCRL,Tier1
PVMGA,WEN,Tier1
FRADHPFL,TERGY,Tier1
LWR,ISELGF,Tier1
HPLH,LLR,Tier1
PIAAEVYEHTEGSTTSY,GVQEGAGHYALL,Tier1
LELHKLRSSHWFSRR,RPNYTDA,Tier1
RHQ,IVEYF,Tier1
PHK,GSGGL,Tier1
NGPLQAGQPGER,FFAPGRNPTSFS,Tier1
LEELEEELEGCE,ECA,Tier1
WHH,VPW,Tier1
LAPSLPGKPKPD,KFPE,Tier1
HPH,LTTLDSE,Tier1
RHN,GPLGLLGFLGPLGLS,Tier1
FPLEMMPF,GFGPEL,Tier1
AIRQGDVF,ACQ,Tier1
QYDQGV,YLGY,Tier1
YEY,GPP,Tier1
VNPHDHQN,RWY,Tier1
RHG,DYK,Tier1
AYY,GQFNDKRWIPFG,Tier1
VKV,LTTLDSE,Tier1
WDDMEK,RPNYTDA,Tier1
LPHSGY,WPP,Tier1
LYY,LPAGV,Tier1
DPALATEPDPMPF,EEEQVGQGYETIRARL,Tier1
LWS,SDRDLLGPNNQYLPK,Tier1
RHW,YLY,Tier1
NGPLQAGQPGER,LPF,Tier1
NYY,WEIKPSSLTGKSPYFSNNHGKL,Tier1
PPQ,PWN,Tier1
PHQ,NHRYDR,Tier1
VKAGFAWTANQQLS,FLNDFLHV,Tier1
KYY,SYY,Tier1
LWN,LLPF,Tier1
VHH,PVMGA,Tier1
YPIL,RYLG,Tier1
LHPH,LNGDVW,Tier1
GAH,WIRGCRL,Tier1
PHQ,AKAWGIPPHVIPQIVPVRIRPLCGNV,Tier1
IIENGEKWS,YQK,Tier1
CYGPNR,LNGDVW,Tier1
PKAV,FKK,Tier1
IYY,AVPYPQR,Tier1
RWH,RPPGFSPFR,Tier1
KVI,PSLVGRPPVGKLTL,Tier1
LHY,TEVWDSNEQ,Tier1
WRNRCKGTD,RYL,Tier1
YEY,VKP,Tier1
LYY,LNGDVW,Tier1
DYY,ACFL,Tier1
PYVRYL,KGLWE,Tier1
RHA,YLMSR,Tier1
YYY,WISELGW,Tier1
PWN,YPIL,Tier1
LHF,YPELF,Tier1
RWT,AGTTCLFTPLALPYDYSH,Tier1
HEH,LYEGY,Tier1
RWH,FHH,Tier1
DHG,LPM,Tier1
RWR,VLPVPQK,Tier1
PEL,EFQL,Tier1
FALPQYLK,LGY,Tier1
HLPH,IHH,Tier1
PLHH,PWF,Tier1
MYY,LGFEYY,Tier1
AADNANELFPPN,FDEQE,Tier1
LHQ,TYQTF,Tier1
VPSGK,PHV,Tier1
LHQ,RYLGY,Tier1
WYS,FPLEMMPF,Tier1
PEL,LWF,Tier1
EAK,PPK,Tier1
PHN,SYY,Tier1
LHPH,DPALATEPDPMPF,Tier1
PWF,GFYPPP,Tier1
VKV,EAK,Tier1
LHY,MPACGSS,Tier1
LLPHH,TGGGNV,Tier1
PHY,THH,Tier1
RLKKY,CQC,Tier1
RHL,PYFNK,Tier1
SVYT,HDHPVC,Tier1
PWY,YPELF,Tier1
VECYG,YYN,Tier1
GALAAH,MTEEY,Tier1
PHA,MTEEY,Tier1
PEL,FDSGPAGVL,Tier1
LHT,LSGNK,Tier1
LHT,EEEQVGQGYETIRARL,Tier1
CVHWMTNTARTACIAP,VVGGDGDV,Tier1
VHH,PWE,Tier1
SHDAHPE,YLY,Tier1
YYI,VIPMGL,Tier1
PWL,LNLPTAVYMVT,Tier1
WSRRGEREEEDERRR,VKEAMAPK,Tier1
YYA,FPLEMMPF,Tier1
LWI,VGDI,Tier1
LWF,RHT,Tier1
LHS,YLY,Tier1
VLPVPQK,FIKK,Tier1
LLHH,VPKVK,Tier1
LWS,QWPAQ,Tier1
HHP,TTYY,Tier1
PPK,RYLG,Tier1
PWS,RWL,Tier1
GWNIP,GIISHR,Tier1
GPAGPAG,GFYPPP,Tier1
RWT,LGFEY,Tier1
PWR,HVRETALV,Tier1
WSRRGEREEEDERRR,QHGV,Tier1
LHV,WEGPK,Tier1
YPIL,ALEPDHR,Tier1
LLHH,GAWA,Tier1
VHHANEN,PWQ,Tier1
PWL,IEEAF,Tier1
PWN,AIRQGDVF,Tier1
MILMR,RDMPIQ,Tier1
KHNRGDEF,LWI,Tier1
VIPMGL,CSQAPLA,Tier1
PWH,VKEAMPK,Tier1
LHA,YNI,Tier1
PHG,RWW,Tier1
VKEAMAPK,LNLPTAVYMVT,Tier1
YNL,LAPSLPGKPKPD,Tier1
AIEWEGIESGSVEQA,YLKT,Tier1
GFFDRIKALTKNVTLELLNTITCKLPVTPP,PGVPWP,Tier1
PHW,QWPAQ,Tier1
MYY,QGAR,Tier1
IANNEADAISLDGGQVFEAG,WIRGCRL,Tier1
FFGFN,SNAAC,Tier1
RASDPLLSV,LPF,Tier1
KFPE,LANAK,Tier1
FYY,FPLEMMPF,Tier1
LHPH,KLSDW,Tier1
AGWNIP,TYQTF,Tier1
IYY,CSQAPLA,Tier1
LLPHHH,YYF,Tier1
VHHANEN,YQEP,Tier1
LQPGQGQQ,DYY,Tier1
YQEPVLGP,CME,Tier1
PHQ,VLSRYPS,Tier1
AEAQKQLR,LWF,Tier1
VCSV,TTYY,Tier1
PHY,IIENGEKWS,Tier1
PWG,VAMVPPFET,Tier1
AGWNIP,WRNRCKGTD,Tier1
KYY,YYG,Tier1
VECYG,YLY,Tier1
LWR,PHW,Tier1
PWF,WYS,Tier1
PKAVHE,AIEWEGIESGSVEQA,Tier1
PSKYEPFV,ADHP,Tier1
LHY,KGLWE,Tier1
YLYP,GYLEQ,Tier1
RHE,VLVPK,Tier1
LQPGQGQQG,PWL,Tier1
PWD,FRADHPFL,Tier1
HHPLL,YYQ,Tier1
VPSGK,LLHH,Tier1
AMRLTYNKPCLYGT,NEN,Tier1
PWR,RWW,Tier1
PWA,SRYPS,Tier1
AAVGGYRVAVL,SGQYFL,Tier1
DDPDKGMLKWKNDFFQEF,SRYPS,Tier1
TCSP,PYFNK,Tier1
EAK,WSRRGEREEEDERRR,Tier1
LWG,RHA,Tier1
DSGVT,AEAQKQLR,Tier1
RWA,RYL,Tier1
RHH,RPNYTDA,Tier1
IKL,TIIPLPV,Tier1
WNIP,FDEQE,Tier1
VQYPVEHPNKFLKFGMTPSKGVLFY,LTC,Tier1
FVPH,DYK,Tier1
YYI,EFQI,Tier1
RHD,WNIP,Tier1
LHE,GPP,Tier1
WYS,GGIF,Tier1
PHE,RYY,Tier1
VECYG,QYDQGV,Tier1
IYY,IQY,Tier1
RWY,QKW,Tier1
LPYY,RYLG,Tier1
RHPHP,GYLEQ,Tier1
PSLPA,AMRLTGNRPGLYAT,Tier1
RHM,WYSLAM,Tier1
HHF,AIEWEGIESGSVEQA,Tier1
LWE,FLNDFLHV,Tier1
LPYY,LHV,Tier1
YQEPVLGP,RYLGY,Tier1
PHHADS,GFPSG,Tier1
YGY,VLPVPQK,Tier1
RHK,HYVPV,Tier1
PMDYMVT,LWA,Tier1
RYY,PKLPPVKK,Tier1
IKL,LALPA,Tier1
IHH,WRNRCKGTD,Tier1
IEAEGE,SHH,Tier1
YNY,ACFL,Tier1
LLPHH,LPM,Tier1
FDSGPAGVL,GEC,Tier1
YGLN,QCL,Tier1
NGPLQAGQPGER,NGLEGLK,Tier1
LHF,LPL,Tier1
VVKL,LALPA,Tier1
MHIRL,FIKK,Tier1
VPW,TETWNPNHPEL,Tier1
HHF,LPL,Tier1
FKK,VLEANPRSF,Tier1
LHL,PHK,Tier1
HDHPVC,FRSGILKLASKIPSVLCAVLKNC,Tier1
LHR,RPNYTDA,Tier1
PWR,SAEHGSLH,Tier1
SHDAHPE,AWDPE,Tier1
LQGM,GYLEQ,Tier1
WYSLAMAASDI,AGGF,Tier1
RHI,EEYFPVGGDRPESF,Tier1
PWT,FVNQPYLLYSVHMK,Tier1
HHPLL,LHF,Tier1
YYR,YYY,Tier1
PWD,RHH,Tier1
FVPH,EERYP,Tier1
GIFE,AYFYPEL,Tier1
FLQEFLHV,HMPVTK,Tier1
PHM,ESTTVPERTHPACPDFN,Tier1
PPQ,VPNSYP,Tier1
QYY,YGGFM,Tier1
YYE,YQKFPQY,Tier1
HPH,YLGY,Tier1
PWV,CAQ,Tier1
LHL,FFGFN,Tier1
KAI,PWF,Tier1
LALPA,VAWRNRCKGTD,Tier1
LLPHHH,MPDAHL,Tier1
LHG,FDEQE,Tier1
RHT,WVYY,Tier1
RHI,LVDTGRGPIMY,Tier1
HPLH,AVPYPQR,Tier1
SALAM,CHI,Tier1
PHH,VKEAMAPK,Tier1
LLPH,RWN,Tier1
VQYPVEHPNKFLKFGMTPSKGVLFY,VAMVPPFET,Tier1
RPPGFSPFR,RYQ,Tier1
PWA,VKP,Tier1
PHA,NEN,Tier1
PPQ,FYQL,Tier1
WSRRGEREEEDERRR,SALAM,Tier1
QYDQGV,AKAWGIPPHVIPQIVPVRIRPLCGNV,Tier1
PHK,FLKPLFNAALKLLP,Tier1
RADHPFL,VPVTST,Tier1
WVYY,HQIYPV,Tier1
LHPH,GFFDRIKALTKNVTLELLNTITCKLPVTPP,Tier1
TEFTK,NFHPQ,Tier1
IPIQYVL,GGE,Tier1
CYGPNR,YYQ,Tier1
VVKL,LAC,Tier1
LHW,PWY,Tier1
EEYFPVGGDRPESF,WSVPQPK,Tier1
RHF,LPM,Tier1
HPHL,VFPW,Tier1
YIY,DRVYIHPF,Tier1
LHF,FHNMEK,Tier1
VCSV,GTQY,Tier1
RHPHP,LLPF,Tier1
LWE,YAKPA,Tier1
LLPHH,RWR,Tier1
LWD,WPL,Tier1
QHH,WISELG,Tier1
SWN,YEDCTDCGN,Tier1
PMDYMVT,WSY,Tier1
KTFCGRH,RYL,Tier1
YHY,YQL,Tier1
LWM,YQLD,Tier1
VKEAMPK,FDEQE,Tier1
HLPLPL,GEGSGA,Tier1
RHA,SRYPS,Tier1
PWI,YKY,Tier1
IEEAF,CLV,Tier1
DSGVT,DVPPYM,Tier1
LMCH,WYSLAM,Tier1
YQEP,VPYPQ,Tier1
YKY,RYQ,Tier1
PSKYEPFV,RYY,Tier1
PSHDAHPE,WNIP,Tier1
YYS,FLNDFLHV,Tier1
LHPH,RWH,Tier1
HHLP,PWE,Tier1
GSGGL,AMRLTGNRPGLYAT,Tier1
LPHH,LRGIKNYRVAVL,Tier1
PIAAEVYEHTEGSTTSY,NHK,Tier1
YRY,WPP,Tier1
RWY,LPHSGY,Tier1
PSKYEPFV,LHE,Tier1
KTFCGRH,GWNIP,Tier1
RHM,YEADARSFHDLAEHDIRV,Tier1
NHH,VCSV,Tier1
PIAAEVYEHTEGSTTSY,TVYQ,Tier1
TIASGEP,FLPF,Tier1
RHH,ISELGY,Tier1
IKK,MHI,Tier1
PKAV,LEQQVDDLEGSLEQEKK,Tier1
LAC,PKLPPVKK,Tier1
LPYY,NHH,Tier1
PWH,RCMAFLLSDGAAAAQQLLPQYW,Tier1
WSY,EFIQ,Tier1
FVAGK,PWS,Tier1
PWN,YWVTSGPK,Tier1
WSY,ALEPDHR,Tier1
LWK,SIITMTKEAKLPQLWKQIACRLYNTC,Tier1
GGE,GGLEPINFN,Tier1
VNPHDHQN,TDY,Tier1
PHE,TEFTK,Tier1
LHL,RCMAFLLSDGAAAAQQLLPQYW,Tier1
YAEERYPIL,AYY,Tier1
IHH,AGWNIPIGT,Tier1
RHQ,GLTSK,Tier1
WYS,DVPPYM,Tier1
YYH,QHGV,Tier1
YHH,HYY,Tier1
FVAGK,CHI,Tier1
SALAM,RADHP,Tier1
KVI,IPAGM,Tier1
SVYT,SAEHGSLH,Tier1
PHD,ALEPDHR,Tier1
GFFDRIKALTKNVTLELLNTITCKLPVTPP,WDDMEK,Tier1
PHCKRM,FIPGLRRLFATVVPTVVCAINKLPPG,Tier1
PHCKRM,MPACGSS,Tier1
LGFEYY,GIFE,Tier1
LWK,GFPSG,Tier1
RWH,YWVTSGPK,Tier1
HQIYPV,GWNIP,Tier1
RWI,IQW,Tier1
RHK,KDVPP,Tier1
ISELGF,MPACGSS,Tier1
YGYTGA,WYSLAMA,Tier1
YVEEL,ISELGY,Tier1
LLPHHH,LHN,Tier1
PHH,LHV,Tier1
KVI,DDPDKGMLKWKNDFFQEF,Tier1
LHQ,LSGNK,Tier1
PYFNK,RPNYTDA,Tier1
IEAEGE,KGLWE,Tier1
FFAPGRNPTSFS,AGWNIPIGT,Tier1
RYY,YIY,Tier1
FDEQE,WRNRCKGTD,Tier1
LWM,WYSLAMA,Tier1
PHD,MQFHT,Tier1
GLLDSVKEGLKKVAGQLLDTLKCKISGCTPA,LVMFLDNQHRVIRH,Tier1
VKL,TIIPLPV,Tier1
YLY,PYPQ,Tier1
YVEEL,LSGYGP,Tier1
GAH,DPALATEPDPMPF,Tier1
SVYT,SFGAKNAVKNGLQKLRNQCQANNYQGPFCDIFKKNP,Tier1
LVNPHDHQN,YQY,Tier1
IEAEGE,SFGAKNAVKNGLQKLRNQCQANNYQGPFCDIFKKNP,Tier1
KAI,PKAVHE,Tier1
PWW,PYPQ,Tier1
PVDENDEG,GFYPPP,Tier1
LQL,GFPSG,Tier1
RHV,DYK,Tier1
YQY,VPYPQ,Tier1
VLEANPRSF,YLL,Tier1
HFH,YVL,Tier1
VKAGFAWTANQQLS,CSQAPLA,Tier1
PHI,GWNI,Tier1
RWA,AIRQGDVF,Tier1
LQL,AADNANELFPPN,Tier1
RHF,AEERYP,Tier1
WYY,ISELGY,Tier1
LHN,PHF,Tier1
LWS,TSQLLSDQ,Tier1
IQY,CHI,Tier1
PSDHDHE,IQW,Tier1
RHF,YNI,Tier1
LHF,DYY,Tier1
PKAVHE,LHF,Tier1
IKL,ISELGY,Tier1
PWV,APIRMWYMYRKLTDMEPKPVA,Tier1
PHHADS,MTEEY,Tier1
HHPLL,DYK,Tier1
PHL,WHNVSGSP,Tier1
AHH,ADF,Tier1
YAY,YGY,Tier1
HWH,YEADARSFHDLAEHDIRV,Tier1
MYY,FLPF,Tier1
PSDHDHE,WYSL,Tier1
VKAGFAWTANQQLS,GPGGFI,Tier1
HHPL,PWG,Tier1
PSHDAHPE,WYGPD,Tier1
LHT,LWG,Tier1
LYEGY,GQVPP,Tier1
LWA,LWY,Tier1
PWE,MHIRL,Tier1
RWR,LARL,Tier1
LPYY,LHF,Tier1
YQEP,LAPSLPGKPKPD,Tier1
YYD,VLEANPRSF,Tier1
LHR,DHG,Tier1
LELHKLRSSHWFSRR,GFFDRIKALTKNVTLELLNTITCKLPVTPP,Tier1
YLYP,YIPIQY,Tier1
LLHH,KYY,Tier1
WSVPQPK,PIAAEVYEHTEGSTTSY,Tier1
WVYY,TDY,Tier1
RHH,RWR,Tier1
PKAV,LRGIKNYRVAVL,Tier1
RWL,CAQ,Tier1
DSGVT,YLGY,Tier1
LWR,EWPAQ,Tier1
PVMGA,YGLN,Tier1
GFYPPP,VAGTWY,Tier1
VIPAGYP,GLTSK,Tier1
RHF,GGIF,Tier1
LWW,YCY,Tier1
HFH,YLG,Tier1
LQPGQGQQG,FLPF,Tier1
PSHDAHPE,DEDTQAMP,Tier1
PWV,VPVTST,Tier1
YYH,YQIGL,Tier1
LWM,YYK,Tier1
LQPGQGQQG,YFE,Tier1
PHW,LYY,Tier1
LHPH,PHF,Tier1
DPALATEPDPMPF,GSGGL,Tier1
QHH,TVYQ,Tier1
LHE,QHGV,Tier1
IIENGEKWS,WRNRCKGTD,Tier1
ARHPHP,AGTTCLFTPLALPYDYSH,Tier1
ISELGF,VPVTST,Tier1
HFH,HNPI,Tier1
RWA,YSY,Tier1
GHH,KVLPVPQK,Tier1
LHT,YVL,Tier1
TEVWDSNEQ,AWDPE,Tier1
RHN,PSIPA,Tier1
YDY,FYQL,Tier1
WISELG,YLMSR,Tier1
WNIP,GQVPP,Tier1
GPP,YNL,Tier1
LWD,YLGY,Tier1
QGAR,GWNI,Tier1
QHH,CAQ,Tier1
VKEAMAPK,HQIYPV,Tier1
LPTSEAAKY,TEFTK,Tier1
DAQEKLE,RNR,Tier1
YYT,VVGGDGDV,Tier1
GFWDSVKEGLKNAAVTILNKIKCKISECPPA,AGGF,Tier1
IAPNYNTRATKL,RYL,Tier1
PHCKRM,GIISHR,Tier1
LQPGQGQQG,VPW,Tier1
LWM,RWR,Tier1
YNI,GWNI,Tier1
HDH,ADF,Tier1
HPHL,MYY,Tier1
YYR,ADHP,Tier1
PWH,ADHP,Tier1
VKV,YNL,Tier1
IKL,SWN,Tier1
YKY,YAKPA,Tier1
VSYT,CLV,Tier1
YFY,ACQ,Tier1
FRDEHKK,LNLPTAVYMVT,Tier1
YVEEL,PGVPWP,Tier1
YHY,TYQTF,Tier1
LHT,YYK,Tier1
NHRYDR,LAC,Tier1
HPH,LGY,Tier1
AGWNIP,KYL,Tier1
LQL,ISELWG,Tier1
GHH,IEEAF,Tier1
HFGDPFH,HHY,Tier1
RNDDLNYIQ,MPDAHL,Tier1
HGPLGPL,GPGGFI,Tier1
LWT,AGWNIP,Tier1
PHD,LVSK,Tier1
RHW,DVPPYM,Tier1
YSTA,VKRRGQDCIHGFCSD,Tier1
GYY,QGAR,Tier1
PEL,CHI,Tier1
YFYPEL,YGYTGA,Tier1
LVNPHDHQN,QCH,Tier1
YGYTGA,YSEMPPGK,Tier1
PHM,AADNANELFPPN,Tier1
YAEERYPIL,LPF,Tier1
PPQ,SGQYFL,Tier1
KVI,TCSP,Tier1
HLPH,SRYPS,Tier1
GPGGFI,HVRETALV,Tier1
WSY,LDK,Tier1
PYY,HNPI,Tier1
PSLPA,YLL,Tier1
RNDDLNYIQ,FPQY,Tier1
NADFGLNGLEGLA,YVL,Tier1
LRGIKNYRVAVL,FDEQE,Tier1
LWW,RNDDLNYIQ,Tier1
LHT,HQIYPV,Tier1
VDYP,YLY,Tier1
PKAV,NADFGLNGLEGLA,Tier1
LHW,PHY,Tier1
YNI,ISELGF,Tier1
RHV,YYA,Tier1
LHH,YHH,Tier1
YPIL,PSLVGRPPVGKLTL,Tier1
VIPAGYP,LVGDEQAVPAVCVP,Tier1
PPK,LPHSGY,Tier1
NGLEGLK,LWG,Tier1
HPH,EFLQ,Tier1
GAH,HVCYMF,Tier1
WYSLA,FPQY,Tier1
RHV,FLNDFLHV,Tier1
PHW,TEVWDSNEQ,Tier1
LWT,VAMVPPFET,Tier1
PHF,YNL,Tier1
PWN,IYIEQGNGITGM,Tier1
GFFDRIKALTKNVTLELLNTITCKLPVTPP,MILMR,Tier1
LWY,GGIF,Tier1
YNY,SGQYFL,Tier1
RDMPIQ,CSQAPLA,Tier1
KVLPVPQK,LGNTDYAVH,Tier1
VSYT,LLR,Tier1
LHE,YYA,Tier1
GAH,EEEQVGQGYETIRARL,Tier1
HHPL,VKEAMAPK,Tier1
YYG,CME,Tier1
LPYY,YDY,Tier1
HPH,LAPSLPGKPKPD,Tier1
AEAQKQLR,YHY,Tier1
EAK,YYH,Tier1
LNLPTAVYMVT,RHPHP,Tier1
IHH,FYQL,Tier1
LHW,VECYGPNRPQF,Tier1
YYE,SGAF,Tier1
STMMEERRMKVY,SGQYFL,Tier1
PSIPA,PSLPA,Tier1
PWW,WHNVSGSP,Tier1
LHY,TSQLLSDQ,Tier1
PHL,IYY,Tier1
SALAM,LNLPTAVYMVT,Tier1
LVSK,LTTLDSE,Tier1
THH,HNPI,Tier1
NHRYDR,WNIP,Tier1
RHM,SVYT,Tier1
LHS,CSQAPLA,Tier1
PWL,YSEMPPGK,Tier1
LWA,LWF,Tier1
KVI,YNY,Tier1
AHH,VAMVPPFET,Tier1
VDYP,GALAAH,Tier1
YQLD,GIISHR,Tier1
PHCKRM,LVSK,Tier1
LWS,GAWA,Tier1
HHP,AWIRGCRL,Tier1
PWS,YHY,Tier1
WPL,SAEHGSLH,Tier1
VPNSYP,PYSFK,Tier1
ESTVPERTHPACPDFN,QWPAQ,Tier1
GVPLT,FLKPLFNAALKLLP,Tier1
LHM,RADHPF,Tier1
HFGDPFH,LQGM,Tier1
HWH,AGWNI,Tier1
FHH,IIENGEKWS,Tier1
RWH,AADNANELFPPN,Tier1
FIGP,VLVPK,Tier1
WDR,LGY,Tier1
RNDDLNYIQ,PVDENDEG,Tier1
LWE,WISELG,Tier1
LGLNGDDVN,SYY,Tier1
LWG,IYY,Tier1
ESTVPERTHPACPDFN,LWM,Tier1
VPSIDDQEELM,QCH,Tier1
QYY,PHYL,Tier1
FRDEHKK,ELLI,Tier1
LHR,FIGP,Tier1
YYA,AMRLTGNRPGLYAT,Tier1
IQY,YVL,Tier1
LHR,LYY,Tier1
DPALATEPDPMPF,AGTTCLFTPLALPYDYSH,Tier1
RHW,YDY,Tier1
DYY,PVMGA,Tier1
HGGEGGRPYHLGEES,GQVPP,Tier1
VNPHDHQN,HGGEGGRPYHLGEES,Tier1
LHG,HEH,Tier1
GYLEQ,RPNYTDA,Tier1
QYY,IPAGV,Tier1
RHV,LPL,Tier1
HLPH,RHQ,Tier1
AHH,HEKVC,Tier1
PWE,WDDMEK,Tier1
EAK,VLSRYPS,Tier1
GPAGPAG,GWNIP,Tier1
PEL,RWI,Tier1
LLHH,GAH,Tier1
VKV,RHV,Tier1
PHCKRM,VLVPK,Tier1
VLSRYPS,TEVWDSNEQ,Tier1
VHH,YVGD,Tier1
YYM,YAKP,Tier1
NGPLQAGQPGER,LWF,Tier1
LQPGQGQQ,CAQ,Tier1
YYL,EEYFPVGGDRPESF,Tier1
RPNYTDA,WPP,Tier1
PWL,RNR,Tier1
LHG,LHQ,Tier1
EFLQ,GFPSG,Tier1
LVSK,DHG,Tier1
MQFHT,GEGSGA,Tier1
NRVYIHPFHLLVYS,YIPIQY,Tier1
YYT,YQIGL,Tier1
EAK,YWVTSGPK,Tier1
HVRETALV,VKEAMAPK,Tier1
QWPAQ,DEDTQAMP,Tier1
YGLN,GQVPP,Tier1
LWI,FLNDFLHV,Tier1
PEL,PVDENDEG,Tier1
PWN,FIPGLRRLFATVVPTVVCAINKLPPG,Tier1
PWE,LYY,Tier1
FIKK,FFGFN,Tier1
AQIPQQ,YYQ,Tier1
VPNSYP,CSQAPLA,Tier1
YEY,FGHPY,Tier1
PHH,HWH,Tier1
LWD,WYS,Tier1
GSGGL,LSGNK,Tier1
TEFTK,TYQTF,Tier1
RWG,GAWA,Tier1
HDHPVC,VCSV,Tier1
VLEANPRSF,ETTL,Tier1
FIGP,IRW,Tier1
YHH,LALPA,Tier1
AKYIPIQYVLSRYPSY,WYGPD,Tier1
EWPAQ,YLGAK,Tier1
LWY,FPQY,Tier1
WISELG,FDEQE,Tier1
PVMGA,CAQ,Tier1
LWF,VAVDKHDYEPLGHSDIGVY,Tier1
VVKL,MPDAHL,Tier1
PWL,GTQY,Tier1
PWR,GIFE,Tier1
FFAPGRNPTSFS,CME,Tier1
RHK,LPAGV,Tier1
VAVDKHDYEPLGHSDIGVY,YIPIQY,Tier1
PMDYMVT,IIENGEKWS,Tier1
KAI,WHNVSGSP,Tier1
NQE,YYK,Tier1
MHIRL,APIRMWYMYRKLTDMEPKPVA,Tier1
ESTVPERTHPACPDFN,PHA,Tier1
EFQI,YVGD,Tier1
VIPAGYP,VPYPQ,Tier1
AHK,PHCKRM,Tier1
LGLNGDDVN,YTY,Tier1
PHW,CAAP,Tier1
YVEEL,SAEHGSLH,Tier1
PWY,LAC,Tier1
HLH,WEGPK,Tier1
PWF,HHY,Tier1
NPYVPR,ADGF,Tier1
HLHP,EEYFPVGGDRPESF,Tier1
DSGVT,IYY,Tier1
IKK,RYQ,Tier1
SYY,YGGFL,Tier1
VFPW,AGWNI,Tier1
LHM,VHDY,Tier1
IPAGM,PKLPPVKK,Tier1
RWA,LEEAF,Tier1
ISELGF,QCL,Tier1
YNI,RCMAFLLSDGAAAAQQLLPQYW,Tier1
PHY,QHH,Tier1
PHS,YSY,Tier1
AMRLTYNKPCLYGT,LTC,Tier1
QHH,HVRETALV,Tier1
YEADARSFHDLAEHDIRV,CAQ,Tier1
YSEMPPGK,GEGSGA,Tier1
RWQ,WSVPQPK,Tier1
LHK,ISELGY,Tier1
PHW,TYQTF,Tier1
PSLPA,VKP,Tier1
ADF,RPNYTDA,Tier1
ARHPHPHLSFM,RHPHP,Tier1
VIPMGL,GTQY,Tier1
FIPGLRRLFATVVPTVVCAINKLPPG,AGWNIPIGT,Tier1
PHHADS,YSEMPPGK,Tier1
PAGY,QKW,Tier1
LHH,AGWNIP,Tier1
PWA,YQEPVLGPVRGPFPIIV,Tier1
YYG,IPAGM,Tier1
VPVTST,KLSDW,Tier1
PHG,HQIYPV,Tier1
MTEEY,ECA,Tier1
ESTVPERTHPACPDFN,IAPNYNTRATKL,Tier1
PHE,YVL,Tier1
LQSGDALRVPSGTTYY,AADNANELFPPN,Tier1
FHNMEK,DEDTQAMP,Tier1
PSKYEPFV,VAMVPPFET,Tier1
LKQELEDLLEKQE,HHP,Tier1
LWA,FLNDFLHV,Tier1
QWPAQ,VLVPK,Tier1
LHL,EEYFPVGGDRPESF,Tier1
TVYQ,ECA,Tier1
LEELEEELEGCE,HDHPVC,Tier1
LWW,IYIEQGNGITGM,Tier1
ESTVPERTHPACPDFN,VVGGDGDV,Tier1
EYY,EERYP,Tier1
PWG,ACQ,Tier1
PHT,AGTTCLFTPLALPYDYSH,Tier1
PWY,YIY,Tier1
HVRETALV,LEEAF,Tier1
LQSGDALRVPSGTTYY,YQKFP,Tier1
LWM,MHH,Tier1
AHK,KHNRGDEF,Tier1
PWV,RYL,Tier1
LWV,YLGAK,Tier1
LHL,YYM,Tier1
LHV,EYY,Tier1
VDHDHPE,VLSRYPS,Tier1
PYFNK,TRTGDPFF,Tier1
LKQELEDLLEKQE,VLEANPRSF,Tier1
LWW,NHAV,Tier1
AMRLTGNRPGLYAT,YGLN,Tier1
RWY,YYF,Tier1
PSDHDHE,GLTSK,Tier1
QLGNLGV,FPQY,Tier1
PHA,NPYVPR,Tier1
LELHKLRSSHWFSRR,PWI,Tier1
PWE,HEH,Tier1
RHV,YNY,Tier1
VVGGDGDV,GLTSK,Tier1
MHH,YQLD,Tier1
FFAPGRNPTSFS,RLKKY,Tier1
LHQ,FFAPGRNPTSFS,Tier1
RASDPLLSV,DWDPK,Tier1
GPGGFI,YPI,Tier1
YGGFL,VLEANPRSF,Tier1
LWA,LVMFLDNQHRVIRH,Tier1
AMRLTYNKPCLYGT,LGFEY,Tier1
PHHADS,PWN,Tier1
YVEEL,LDY,Tier1
LWV,QCL,Tier1
IKL,LEQQVDDLEGSLEQEKK,Tier1
LPAGV,KLSDW,Tier1
DAQEKLE,VLYEE,Tier1
IPIQYVL,IKK,Tier1
PHY,RHPHP,Tier1
AMTGLDA,YWVTSGPK,Tier1
VKV,RHF,Tier1
ADF,TETWNPNHPEL,Tier1
KYY,RPNYTDA,Tier1
VCSV,WPP,Tier1
AIRQGDVF,LTTLDSE,Tier1
PSYV,RWE,Tier1
PWT,PHCKRM,Tier1
ESTTVPERTHPACPDFN,CQC,Tier1
PWA,LYEGY,Tier1
VKEAMPK,LPAGV,Tier1
HPLH,FALPQYLK,Tier1
IYPF,YGLN,Tier1
YAKP,YLG,Tier1
RWR,QCH,Tier1
LSGYGP,YYIVS,Tier1
PHK,LPHSGY,Tier1
EFIQ,DWDPK,Tier1
QHGV,KLSDW,Tier1
AMRLTYNRPCIYAT,IYIEQGNGITGM,Tier1
NGPLQAGQPGER,HPLH,Tier1
LQPGQGQQG,RHF,Tier1
LHK,YYY,Tier1
LHY,ALEPDHR,Tier1
EFIQ,YQLD,Tier1
YYY,GYY,Tier1
LHW,RWE,Tier1
FPLEMMPF,AGWNIPIGT,Tier1
LMCH,LPTSEAAKY,Tier1
YSY,YQK,Tier1
WYSLAMAASDI,LWM,Tier1
HPHL,VKP,Tier1
PYPQ,YLGY,Tier1
LQPGQGQQG,RWE,Tier1
LWD,FEQL,Tier1
WYS,TEFTK,Tier1
PHQ,KYL,Tier1
QHH,YLL,Tier1
HHW,YYS,Tier1
GPLGLLGFLGPLGLS,DHG,Tier1
YVY,ISELGW,Tier1
RHI,SHH,Tier1
WISELGW,YYDPL,Tier1
HLH,HYH,Tier1
SHDAHPE,DLEE,Tier1
LHK,DYY,Tier1
DAQEKLE,PWA,Tier1
VIPAGYP,FGHPY,Tier1
FRSGILKLASKIPSVLCAVLKNC,CLV,Tier1
PLHH,GLTSK,Tier1
HEH,VECYGPNRPQF,Tier1
DHTKE,SGQYFL,Tier1
WHH,YYD,Tier1
VLSRYPS,MHI,Tier1
PHCKRM,TETWNPNHPEL,Tier1
FIKK,QKW,Tier1
KHNRGDEF,PHW,Tier1
VIPMGL,QLGNLGV,Tier1
LLPH,IYPF,Tier1
HHPLL,NEN,Tier1
PHG,AEERYP,Tier1
LHR,LRGIKNYRVAVL,Tier1
LWR,MPDAHL,Tier1
VKAGFAWTANQQLS,WYY,Tier1
QYP,DVPPYM,Tier1
PSHDAHPE,MWL,Tier1
YLY,FFAPGRNPTSFS,Tier1
YTY,AIRQGDVF,Tier1
HPLH,ADF,Tier1
RHE,HGGEGGRPYHLGEES,Tier1
HPH,LLPF,Tier1
YQY,QCH,Tier1
DEDTQAMP,YQKFPQY,Tier1
PSIPA,TETWNPNHPEL,Tier1
CYGPNR,VFPW,Tier1
LWG,GLTSK,Tier1
AYPS,DLEE,Tier1
LQPGQGQQG,GGE,Tier1
IEAEGE,TGGGNV,Tier1
VHDY,AGWNIP,Tier1
MHH,GPAGPAG,Tier1
PLFQNKLAHAK,PHY,Tier1
EYY,VAWRNRCKGTD,Tier1
LMCH,HVCYMF,Tier1
YYW,RNDDLNYIQ,Tier1
HPHL,QCL,Tier1
VPSIDDQEELM,AYFYPE,Tier1
LLPH,LDK,Tier1
AMRLTYNKPCLYGT,DGVVYY,Tier1
HLHP,FPQY,Tier1
YPELF,WRNRCKGTD,Tier1
PHK,WEGPK,Tier1
AKYIPIQYVLSRYPSY,LHV,Tier1
VPSIDDQEELM,DHTKE,Tier1
YVY,LSGYGP,Tier1
CAAP,VPNSYP,Tier1
LPAGV,RDMPIQ,Tier1
PEL,YYL,Tier1
PKAVHE,LKQELEDLLEKQE,Tier1
HHW,LLPF,Tier1
WYSLA,LGY,Tier1
YFYPEL,SDRDLLGPNNQYLPK,Tier1
LVGDEQAVPAVCVP,TVYQ,Tier1
WYS,YGGFM,Tier1
PHE,VPYPQ,Tier1
VIPMGL,WIRGCRL,Tier1
LWN,PHW,Tier1
LWR,GPLGLLGFLGPLGLS,Tier1
YPI,VPKVK,Tier1
HWH,PHCKRM,Tier1
EWPAQ,ISELGY,Tier1
PNRPQF,NYY,Tier1
LHE,YYY,Tier1
PKAV,DWDPK,Tier1
YYI,GLLDSVKEGLKKVAGQLLDTLKCKISGCTPA,Tier1
LANAK,CLV,Tier1
KAI,NGPLQAGQPGER,Tier1
CYGPNR,TYY,Tier1
CYGPNR,LLHH,Tier1
PHF,QLGNLGV,Tier1
RWR,MHIRL,Tier1
PPK,WVYY,Tier1
CAAP,PGVPWP,Tier1
YYQ,YLAGMN,Tier1
PHK,YLG,Tier1
VPW,YPELF,Tier1
LLHH,LWY,Tier1
LLHH,YSY,Tier1
YDY,MTEEY,Tier1
FIKK,LAPSLPGKPKPD,Tier1
LYY,PYFNK,Tier1
IPAGM,RADHPFL,Tier1
YLAGMN,WRNRCKGTD,Tier1
YYQ,TYQTF,Tier1
GALAAH,YNL,Tier1
RPNYTDA,HYVPV,Tier1
PSKYEPFV,LHV,Tier1
LDK,FIPGLRRLFATVVPTVVCAINKLPPG,Tier1
AVPYPQR,YQL,Tier1
HHPLL,DYY,Tier1
PHV,GGLEPINFN,Tier1
WYY,IPAGV,Tier1
KYY,IQW,Tier1
LWY,QVVPYPQ,Tier1
VPSIDDQEELM,PWE,Tier1
YYF,SVMPVVA,Tier1
LWK,WHNVSGSP,Tier1
PEL,MPDAHL,Tier1
DAQEKLE,FLNDFLHV,Tier1
NHRYDR,DWDPK,Tier1
NHAV,FPLEMMPF,Tier1
AEAQKQLR,HHP,Tier1
VKEAMPK,AYFYPE,Tier1
FPLEMMPF,AGTTCLFTPLALPYDYSH,Tier1
FPLEMMPF,PYFNK,Tier1
FDSGPAGVL,YLY,Tier1
YDY,WYSLA,Tier1
RWY,VPNSYP,Tier1
LVGDEQAVPAVCVP,KFPE,Tier1
DSGVT,IPAGV,Tier1
QHGV,HYVPV,Tier1
PKAVHE,AYFYPEL,Tier1
LARL,YPPAK,Tier1
PHHADS,FLQEFLHV,Tier1
VIPMGL,WISELGW,Tier1
CYGPNR,LWE,Tier1
DRVYIHPF,IQW,Tier1
HGGEGGRPYHLGEES,LLPF,Tier1
AIEWEGIESGSVEQA,FVNQPYLLYSVHMK,Tier1
CLV,KKY,Tier1
PSDHDHE,PVDENDEG,Tier1
RHK,WYSLAMA,Tier1
NYY,ARHPHP,Tier1
KAI,PHN,Tier1
GSGGL,KVLPVPQK,Tier1
LLPHH,TYY,Tier1
LVDTGRGPIMY,MPACGSS,Tier1
TCSP,MHI,Tier1
HLPLPL,PYVRYL,Tier1
GSGGL,VPKVK,Tier1
ACFL,YQEP,Tier1
YSY,LGY,Tier1
VPSGK,PHD,Tier1
SVYT,NEN,Tier1
GAH,FEQL,Tier1
RWN,PYFNK,Tier1
LQPGQGQQ,FHNMEK,Tier1
VKV,SVMPVVA,Tier1
YAEERYPIL,GTQY,Tier1
AYY,YLL,Tier1
PNRPQF,AKAWGIPPHVIPQIVPVRIRPLCGNV,Tier1
PYY,WYGPD,Tier1
AMTGLDA,AYFYPE,Tier1
WVYY,WRNRCKGTD,Tier1
LPTSEAAKY,FLKPLFNAALKLLP,Tier1
RWR,VQYPVEHPNKFLKFGMTPSKGVLFY,Tier1
LPHSGY,FIGP,Tier1
PHG,LAPSLPGKPKPD,Tier1
RWE,YYI,Tier1
HFGDPFH,PWL,Tier1
LWM,YFY,Tier1
HLPLPL,RWY,Tier1
SVMPVVA,NFHPQ,Tier1
WSY,WYGPD,Tier1
AKYIPIQYVLSRYPSY,IQW,Tier1
LEELEEELEGCE,YYL,Tier1
NRVYIHPFHLLVYS,LPHSGY,Tier1
KVI,VKEAMAPK,Tier1
FDSGPAGVL,QYP,Tier1
YYF,GFYPPP,Tier1
LWE,CAAP,Tier1
LPYY,LSGYGP,Tier1
LWI,PYFNK,Tier1
LPYY,VVGGDGDV,Tier1
DYY,GYY,Tier1
NYKQM,MHI,Tier1
ADHP,CVHWMTNTARTACIAP,Tier1
PLHH,LGFEYY,Tier1
PWF,MHIRL,Tier1
VDHDHPE,YSTA,Tier1
FGHPY,YLGY,Tier1
GFPSG,FRSGILKLASKIPSVLCAVLKNC,Tier1
PYPQ,SRYPS,Tier1
AQIPQQ,IIENGEKWS,Tier1
RHH,YPIL,Tier1
FDSGPAGVL,EEYFPVGGDRPESF,Tier1
PWR,VKRRGQDCIHGFCSD,Tier1
PKAVHE,LHY,Tier1
RYY,AYFYPEL,Tier1
PSLPA,VVGGDGDV,Tier1
PYSFK,KGLWE,Tier1
YYR,FLHRP,Tier1
WYSL,DLEE,Tier1
IEAEGE,PWR,Tier1
LPYY,YLY,Tier1
RPNYTDA,GEC,Tier1
IRGCRL,EQC,Tier1
IANNEADAISLDGGQVFEAG,SNAAC,Tier1
LWW,SGQYFL,Tier1
VKAGFAWTANQQLS,YLGY,Tier1
YAKP,WPP,Tier1
FLKPLFNAALKLLP,YLGAK,Tier1
ACFL,WSY,Tier1
YYN,IAPNYNTRATKL,Tier1
YYG,SWN,Tier1
WYY,YQEP,Tier1
LPL,WDDMEK,Tier1
LWN,YNY,Tier1
GFWDSVKEGLKNAAVTILNKIKCKISECPPA,VLYEE,Tier1
PYY,YQEP,Tier1
PHCKRM,WEN,Tier1
LLHH,TRTGDPFF,Tier1
YQEP,YGLN,Tier1
FYY,RYLG,Tier1
IANNEADAISLDGGQVFEAG,TERGY,Tier1
FYY,LPM,Tier1
PHE,PSLVGRPPVGKLTL,Tier1
YYQ,FRSGILKLASKIPSVLCAVLKNC,Tier1
PHW,IYIEQGNGITGM,Tier1
PSDHDHE,YLG,Tier1
LWR,WVYY,Tier1
LPHH,AKAWGIPPHVIPQIVPVRIRPLCGNV,Tier1
AGWNIP,TRTGDPFF,Tier1
PWN,QCH,Tier1
GHH,LAPSLPGKPKPD,Tier1
RWR,WHNVSGSP,Tier1
KAI,RHQ,Tier1
LWV,IANNEADAISLDGGQVFEAG,Tier1
GGE,LTC,Tier1
LHR,SRYPS,Tier1
DAQEKLE,PHF,Tier1
SHDAHPE,VPNSYP,Tier1
HPHL,RHQ,Tier1
PHN,DVFRELRVQ,Tier1
DRVYIHPF,WDR,Tier1
ARHPHPHLSFM,AGWNI,Tier1
PHG,YEDCTDCGN,Tier1
YQY,LFC,Tier1
LWS,IAPNYNTRATKL,Tier1
VKRRGQDCIHGFCSD,AYFYPEL,Tier1
NGPLQAGQPGER,LWD,Tier1
YLYP,IKK,Tier1
AKAWGIPPHVIPQIVPVRIRPLCGNV,TERGY,Tier1
ISELGF,TEFTK,Tier1
FFAPGRNPTSFS,GYLEQ,Tier1
PHR,RWQ,Tier1
GFGPEL,ETTL,Tier1
LHPH,PWT,Tier1
VKL,APIRMWYMYRKLTDMEPKPVA,Tier1
RADHPF,APIRMWYMYRKLTDMEPKPVA,Tier1
WYSLA,WHNVSGSP,Tier1
FEQL,QLGNLGV,Tier1
RWH,PYSFK,Tier1
AVPYPQR,DWDPK,Tier1
LHL,YYY,Tier1
YEADARSFHDLAEHDIRV,RNDDLNYIQ,Tier1
NGLEGLK,FLQEFLHV,Tier1
DEDTQAMP,QCL,Tier1
WPP,WYGPD,Tier1
LGFEYY,PYSFK,Tier1
ISELGW,YNI,Tier1
YNL,FPLEMMPF,Tier1
PWF,RWL,Tier1
AKYIPIQYVLSRYPSY,KYY,Tier1
VPYPQ,PVDENDEG,Tier1
NHRYDR,EQC,Tier1
WVYY,VPKVK,Tier1
LHN,PVMGA,Tier1
RHN,YGYTGA,Tier1
LWS,HGGEGGRPYHLGEES,Tier1
GSGGL,YIPIQY,Tier1
YLY,QLGNLGV,Tier1
RHT,VAVDKHDYEPLGHSDIGVY,Tier1
LPHSGY,YLG,Tier1
LHY,YYY,Tier1
PWD,VKEAMPK,Tier1
LHK,YEY,Tier1
PYSFK,SDRDLLGPNNQYLPK,Tier1
PHHADS,RHS,Tier1
PPQ,DGVVYY,Tier1
PSLVGRPPVGKLTL,AEEEYPDL,Tier1
LQSGDALRVPSGTTYY,HHF,Tier1
PKAVHE,YVGD,Tier1
DYY,RADHPF,Tier1
VLPVPQK,MHI,Tier1
LGFEYY,VLYEE,Tier1
PHF,GGLEPINFN,Tier1
LVDTGRGPIMY,WHNVSGSP,Tier1
LWF,LWT,Tier1
NPYVPR,VLYEE,Tier1
GGE,RNDDLNYIQ,Tier1
HLH,PHV,Tier1
LWQ,VKEAMPK,Tier1
HHPLL,ARHPHPHLSFM,Tier1
HPH,YAY,Tier1
RHD,YSTA,Tier1
GFPSG,LSGYGP,Tier1
FIGP,WHNVSGSP,Tier1
YLYP,LTTLDSE,Tier1
HLPLPL,LPL,Tier1
LHQ,WISELG,Tier1
LQL,GGLEPINFN,Tier1
WHH,CME,Tier1
VVKL,VPSIDDQEELM,Tier1
PHV,MYY,Tier1
IYPF,AGGF,Tier1
HHW,LYY,Tier1
GAWA,SRYPS,Tier1
PWT,YQKFP,Tier1
AHH,DHTKE,Tier1
PHM,MHIRL,Tier1
LHH,NHH,Tier1
YRY,EERYP,Tier1
VNPHDHQN,WISELGW,Tier1
KHNRGDEF,DHG,Tier1
CME,YQKFPQY,Tier1
RWL,YYE,Tier1
HLPLPL,IANNEADAISLDGGQVFEAG,Tier1
GGE,VAGTWY,Tier1
WYSLAM,TEVWDSNEQ,Tier1
YYF,VCSV,Tier1
YGLN,GIISHR,Tier1
RWR,NHAV,Tier1
YYY,YLAGMN,Tier1
YQKFP,LGNTDYAVH,Tier1
IQY,DGVVYY,Tier1
FIKK,MTEEY,Tier1
LVDTGRGPIMY,YLKT,Tier1
LHK,IYY,Tier1
LWI,HGGEGGRPYHLGEES,Tier1
PIAAEVYEHTEGSTTSY,MILMR,Tier1
YYM,NYKQM,Tier1
LWN,LGFEY,Tier1
RWH,LVMFLDNQHRVIRH,Tier1
LWK,YNL,Tier1
PVMGA,VPW,Tier1
PHI,YGLN,Tier1
YVGD,DVPPYM,Tier1
YYF,DDPDKGMLKWKNDFFQEF,Tier1
DPALATEPDPMPF,LSGYGP,Tier1
YYR,AKAWGIPPHVIPQIVPVRIRPLCGNV,Tier1
LEELEEELEGCE,ACQ,Tier1
VHDY,YNI,Tier1
LQL,DDPDKGMLKWKNDFFQEF,Tier1
VLEANPRSF,VKP,Tier1
VFPW,LGFEY,Tier1
PSKYEPFV,PSDHDHE,Tier1
DPALATEPDPMPF,YQL,Tier1
IYY,ESTTVPERTHPACPDFN,Tier1
NGPLQAGQPGER,FEQI,Tier1
GFWDSVKEGLKNAAVTILNKIKCKISECPPA,HMPVTK,Tier1
VYY,KKY,Tier1
RHQ,FLPF,Tier1
LWF,YEY,Tier1
YQKFPQY,VAGTWY,Tier1
PHK,HVCYMF,Tier1
AEEEYPDL,RYLG,Tier1
YPEL,PEL,Tier1
LHA,WYSLA,Tier1
QWPAQ,VKEAMAPK,Tier1
PSYV,IQW,Tier1
HFGDPFH,PVDENDEG,Tier1
KYY,YQEP,Tier1
NHH,FLPF,Tier1
RHD,FLPF,Tier1
YYV,TIIPLPV,Tier1
HDHPVC,HQIYPV,Tier1
YYR,GFFDRIKALTKNVTLELLNTITCKLPVTPP,Tier1
SYY,IQW,Tier1
EAK,VPSIDDQEELM,Tier1
YPEL,TYQTF,Tier1
LHS,FVPH,Tier1
VPW,YQKFP,Tier1
IPIQYVL,RHD,Tier1
MHIRL,HVRETALV,Tier1
SHDAHPE,FYY,Tier1
DAQEKLE,YYM,Tier1
PHA,GPP,Tier1
WYS,QYDQGV,Tier1
PHM,FLNDFLHV,Tier1
LLHH,HHP,Tier1
YLYP,TSQLLSDQ,Tier1
YPEL,CVHWMTNTARTACIAP,Tier1
KAI,HYVPV,Tier1
PWT,RYLG,Tier1
LHI,DWDPK,Tier1
HWH,VLEANPRSF,Tier1
PSIPA,YLG,Tier1
EFIQ,LGFEY,Tier1
PSHDAHPE,VPVTST,Tier1
GSGGL,IPAGM,Tier1
THH,YWVTSGPK,Tier1
LHQ,GAH,Tier1
AYPS,CHI,Tier1
WEIKPSSLTGKSPYFSNNHGKL,IYPF,Tier1
LHF,GWNI,Tier1
YAY,SIITMTKEAKLPQLWKQIACRLYNTC,Tier1
VKEAMPK,LAC,Tier1
YGYTGA,LLR,Tier1
NFHPQ,LPF,Tier1
YYQ,LQGM,Tier1
LQPGQGQQ,DHTKE,Tier1
QVVPYPQ,FALPQYLK,Tier1
LWD,GLTSK,Tier1
YLY,LVSK,Tier1
VDHDHPE,CSQAPLA,Tier1
YYY,WPL,Tier1
GYLEQ,CQC,Tier1
LWE,LEEAF,Tier1
PWG,HEKVC,Tier1
LHPH,LHI,Tier1
RHT,LAC,Tier1
YYD,LGNTDYAVH,Tier1
TYY,APIRMWYMYRKLTDMEPKPVA,Tier1
LHPH,PWD,Tier1
AADNANELFPPN,RYQ,Tier1
GIFE,CAQ,Tier1
PLFQNKLAHAK,YFY,Tier1
YYS,RNDDLNYIQ,Tier1
LEEAF,DDPDKGMLKWKNDFFQEF,Tier1
PWS,TCSP,Tier1
YAEERYPIL,VSYT,Tier1
GEC,IVEYF,Tier1
VIPAGYP,SIITMTKEAKLPQLWKQIACRLYNTC,Tier1
HYY,DPALATEPDPMPF,Tier1
YVGD,ACQ,Tier1
ALEPDHR,GEGSGA,Tier1
YYW,PSLPA,Tier1
VSYT,YSEMPPGK,Tier1
LLR,STMMEERRMKVY,Tier1
LPHH,GTW,Tier1
LHW,LGFEY,Tier1
LPYY,WSVPQPK,Tier1
EAK,PHG,Tier1
RHI,YLGAK,Tier1
LWW,RHQ,Tier1
GHH,GPLGLLGFLGPLGLS,Tier1
HLPLPL,LWK,Tier1
AIEWEGIESGSVEQA,AGTTCLFTPLALPYDYSH,Tier1
RHV,WPP,Tier1
PWA,YIPIQY,Tier1
IANNEADAISLDGGQVFEAG,VAWRNRCKGTD,Tier1
VKV,VFPW,Tier1
LWR,EEEQVGQGYETIRARL,Tier1
IIENGEKWS,ISELWG,Tier1
YNI,YQEPVLGPVRGPFPIIV,Tier1
ADHP,QCL,Tier1
PWD,RHN,Tier1
EEYFPVGGDRPESF,GIFE,Tier1
EYY,VAGTWY,Tier1
ADHP,PVDENDEG,Tier1
YTY,RYLG,Tier1
FHNMEK,YAKP,Tier1
KYY,MWL,Tier1
PHS,RHM,Tier1
VLSRYPS,GVQEGAGHYALL,Tier1
PKAV,LQL,Tier1
RWN,AMRLTYNKPCLYGT,Tier1
PWR,SRYPS,Tier1
VIPAGYP,KHNRGDEF,Tier1
IHH,PSIPA,Tier1
LHG,QHH,Tier1
YWVTSGPK,PSLVGRPPVGKLTL,Tier1
LHG,MWL,Tier1
RHD,VLVPK,Tier1
KHNRGDEF,CAAP,Tier1
YYA,QKW,Tier1
FVAGK,LMGQW,Tier1
HFH,GPGGFI,Tier1
YGYTGA,LGFEYY,Tier1
YPI,AADNANELFPPN,Tier1
YCY,LAC,Tier1
LPYY,GQFNDKRWIPFG,Tier1
LHT,PWV,Tier1
YYH,AVPYPQR,Tier1
RWL,GGE,Tier1
LHS,QCL,Tier1
PHF,GGIF,Tier1
QGAR,AWDPE,Tier1
MWL,QCH,Tier1
GQFNDKRWIPFG,RYLG,Tier1
AMTGLDA,VPKVK,Tier1
HYY,RYQ,Tier1
VHHANEN,RHS,Tier1
YYH,YYY,Tier1
LHD,YQEPVLGPVRGPFPIIV,Tier1
PWF,PWL,Tier1
RHM,TIASGEP,Tier1
AHK,EFIQ,Tier1
LVGDEQAVPAVCVP,LPYY,Tier1
PHV,VVGGDGDV,Tier1
LGFEY,SVMPVVA,Tier1
YSTA,YAKP,Tier1
IPAGM,TETWNPNHPEL,Tier1
LWR,YNY,Tier1
YVL,WEN,Tier1
WYS,LNLPTAVYMVT,Tier1
IKK,VLSRYPS,Tier1
PSIPA,GGIF,Tier1
HHPLL,RYLG,Tier1
RHQ,YRY,Tier1
PWF,NHRYDR,Tier1
ISELGY,WEN,Tier1
VKP,LGNTDYAVH,Tier1
LWV,YSY,Tier1
ISELWG,CME,Tier1
RWL,QHGV,Tier1
VDHDHPE,FRADHPFL,Tier1
LDK,GTQY,Tier1
YHH,WEN,Tier1
PKAV,RWN,Tier1
HHW,VKP,Tier1
TTYY,YYIVS,Tier1
VIPAGYP,HHF,Tier1
EFQL,AGGF,Tier1
YYT,YPIL,Tier1
EAK,SAEHGSLH,Tier1
GVPLT,YLGY,Tier1
DAQEKLE,GPGGFI,Tier1
PPK,YYT,Tier1
CYGPNR,GSGGL,Tier1
AQIPQQ,DYK,Tier1
AYPS,LGY,Tier1
FDEQE,DHG,Tier1
RWA,RYQ,Tier1
LHV,GEGSGA,Tier1
HLPLPL,RADHPF,Tier1
VDYP,FPQY,Tier1
PWV,RWI,Tier1
HHPL,PHM,Tier1
LWT,PIAAEVYEHTEGSTTSY,Tier1
VECYG,PYFNK,Tier1
LMCH,WVYY,Tier1
LHL,LSGNK,Tier1
HWH,NHRYDR,Tier1
LQPGQGQQ,VAGTWY,Tier1
WSY,HEKVC,Tier1
RHT,AGGF,Tier1
RADHPFL,EERYP,Tier1
FVAGK,AADNANELFPPN,Tier1
LEELEEELEGCE,AMRLTYNKPCLYGT,Tier1
PMDYMVT,HFH,Tier1
PWN,FVPH,Tier1
LHPH,GALAAH,Tier1
RHY,PYFNK,Tier1
FDSGPAGVL,FIGP,Tier1
GFWDSVKEGLKNAAVTILNKIKCKISECPPA,TRTGDPFF,Tier1
VNPHDHQN,RWA,Tier1
GSGGL,LEEAF,Tier1
MQFHT,LAC,Tier1
LWR,FLQEFLHV,Tier1
GTQY,CLV,Tier1
HLH,ECA,Tier1
LHH,FVNQPYLLYSVHMK,Tier1
LHA,LWQ,Tier1
HLH,RWW,Tier1
HDH,LQL,Tier1
YPEL,VKRRGQDCIHGFCSD,Tier1
PKAV,RHT,Tier1
YYK,PYPQ,Tier1
YMY,FEQI,Tier1
PHN,YHH,Tier1
ESTVPERTHPACPDFN,EFQL,Tier1
WSRRGEREEEDERRR,WYSLA,Tier1
RWL,VKEAMPK,Tier1
PWA,GEC,Tier1
WYT,GFFDRIKALTKNVTLELLNTITCKLPVTPP,Tier1
IHH,YYA,Tier1
QHH,GVPLT,Tier1
RWI,LVDTGRGPIMY,Tier1
LPHSGY,SVMPVVA,Tier1
LHE,GAH,Tier1
IKK,LGNTDYAVH,Tier1
SALAM,RCMAFLLSDGAAAAQQLLPQYW,Tier1
VCSV,GIFE,Tier1
RHV,TEFTK,Tier1
YAEERYPIL,ADGF,Tier1
RHA,LNLPTAVYMVT,Tier1
PSLVGRPPVGKLTL,NEN,Tier1
KYY,WISELGW,Tier1
VAVDKHDYEPLGHSDIGVY,PVMGA,Tier1
YYD,KTFCGRH,Tier1
RPNYTDA,WRNRCKGTD,Tier1
LHA,ACFL,Tier1
KYY,LTTLDSE,Tier1
AYY,VQYPVEHPNKFLKFGMTPSKGVLFY,Tier1
VHDY,ARHPHP,Tier1
DSGVT,LWN,Tier1
HDH,AEERYP,Tier1
PWA,TIASGEP,Tier1
ARHPHP,AGGF,Tier1
YNI,QVVPYPQ,Tier1
WYS,QCL,Tier1
DAQEKLE,DWDPK,Tier1
LHW,YNI,Tier1
VVKL,SDF,Tier1
RHF,AGWNIP,Tier1
GPAGPAG,TIASGEP,Tier1
LHQ,YPPAK,Tier1
RHK,EFQI,Tier1
ARHPHP,GLTSK,Tier1
QLGNLGV,MEMK,Tier1
QCH,APIRMWYMYRKLTDMEPKPVA,Tier1
VFPW,ISELWG,Tier1
YYN,RYQ,Tier1
YYS,HQIYPV,Tier1
TCSP,DVPPYM,Tier1
QYDQGV,LLR,Tier1
NQE,NHAV,Tier1
YWY,LSGYGP,Tier1
LWD,AGWNIP,Tier1
ACFL,LGFEYY,Tier1
QYDQGV,CSQAPLA,Tier1
VDYP,APIRMWYMYRKLTDMEPKPVA,Tier1
RHL,VPVTST,Tier1
RHQ,NHAV,Tier1
GVQEGAGHYALL,PKLPPVKK,Tier1
NHH,CLV,Tier1
PHL,PHY,Tier1
LHA,LALPA,Tier1
PWD,LDK,Tier1
RHN,VAMVPPFET,Tier1
AHK,PWN,Tier1
RHY,MHH,Tier1
HVRETALV,SVYT,Tier1
HLHP,HEH,Tier1
DYY,YYW,Tier1
LHA,ISELGY,Tier1
PWW,YYQ,Tier1
PYPQ,GTW,Tier1
VIPAGYP,GYLEQ,Tier1
RHG,FLHRP,Tier1
LHQ,AYPS,Tier1
FALPQYLK,AWIRGCRL,Tier1
YHY,YAKP,Tier1
IYPF,FVNQPYLLYSVHMK,Tier1
LHK,YYG,Tier1
PHI,YGGFM,Tier1
PHQ,LQL,Tier1
YSTA,HNPI,Tier1
MHIRL,AIEWEGIESGSVEQA,Tier1
FALPQYLK,PKLPPVKK,Tier1
PLHH,LPF,Tier1
PVMGA,YVGD,Tier1
PAGY,AGGF,Tier1
YAY,AYFYPEL,Tier1
RWL,YYF,Tier1
YQEP,YPIL,Tier1
VECYGPNRPQF,FVPH,Tier1
VHH,YQKFPQY,Tier1
VPW,IVEYF,Tier1
LPYY,FYY,Tier1
PHW,ALEPDHR,Tier1
FDSGPAGVL,IHH,Tier1
RYY,IPAGM,Tier1
LHF,ISELWG,Tier1
ESTTVPERTHPACPDFN,FPLEMMPF,Tier1
RWR,LGFEY,Tier1
PWS,YGYTGA,Tier1
LEEAF,YGGFM,Tier1
EELDNALN,YLKT,Tier1
RHL,RWN,Tier1
VPW,AEERYP,Tier1
LHY,YAKPA,Tier1
HHPL,LDK,Tier1
LHR,AMRLTGNRPGLYAT,Tier1
VPSGK,RHH,Tier1
PHI,YNL,Tier1
LSGYGP,EQC,Tier1
FPLEMMPF,FDEQE,Tier1
IKL,YQL,Tier1
YEDCTDCGN,AGWNI,Tier1
PSKYEPFV,LPAGV,Tier1
VQYPVEHPNKFLKFGMTPSKGVLFY,LGFEY,Tier1
LWN,RYL,Tier1
TDY,SAEHGSLH,Tier1
QVVPYPQ,RYQ,Tier1
GFPSG,LLPF,Tier1
LWH,YQIGL,Tier1
RWN,AIEWEGIESGSVEQA,Tier1
QGAR,ELLI,Tier1
PYY,PWR,Tier1
VKL,TCSP,Tier1
VQYPVEHPNKFLKFGMTPSKGVLFY,SGAF,Tier1
GHH,DVFRELRVQ,Tier1
FDEQE,YQEPVLGPVRGPFPIIV,Tier1
NGLEGLK,ISELWG,Tier1
VLPVPQK,LVMFLDNQHRVIRH,Tier1
PPQ,LWW,Tier1
VAMVPPFET,LGNTDYAVH,Tier1
LGLNGDDVN,RADHPFL,Tier1
RADHPF,IVEYF,Tier1
YYS,LGFEY,Tier1
EEEQVGQGYETIRARL,TCSP,Tier1
SHDAHPE,MPACGSS,Tier1
RWN,GALAAH,Tier1
IAPNYNTRATKL,FIKK,Tier1
LQPGQGQQ,IRW,Tier1
LNGDVW,MILMR,Tier1
VPSIDDQEELM,YEADARSFHDLAEHDIRV,Tier1
LWH,GQVPP,Tier1
YAEERYPIL,FIKK,Tier1
TIIPLPV,ELLI,Tier1
RWG,SYY,Tier1
HHP,LLPF,Tier1
LHG,PHF,Tier1
PWH,RNDDLNYIQ,Tier1
GPGGFI,VPNSYP,Tier1
LMGQW,YWVTSGPK,Tier1
YYN,GVQEGAGHYALL,Tier1
YWVTSGPK,NEN,Tier1
NQE,LLHH,Tier1
YSTA,QVVPYPQ,Tier1
HLPLPL,PWL,Tier1
LHR,AYFYPEL,Tier1
LQGM,VPVTST,Tier1
HHPLL,TCSP,Tier1
IPAGM,AGWNI,Tier1
LELHKLRSSHWFSRR,QYDQGV,Tier1
RWY,NRVYIHPFHLLVYS,Tier1
PYY,WISELG,Tier1
LWQ,HYH,Tier1
VHDY,MHI,Tier1
LPAGV,VPKVK,Tier1
STMMEERRMKVY,AEEEYPDL,Tier1
HFGDPFH,YYN,Tier1
PYPQ,KYL,Tier1
YYR,RYQ,Tier1
GPGGFI,ISELGY,Tier1
HDH,AMTGLDA,Tier1
NGPLQAGQPGER,FVPH,Tier1
RWT,YGYTGA,Tier1
VIPAGYP,GVPLT,Tier1
YYD,SIITMTKEAKLPQLWKQIACRLYNTC,Tier1
FYPEL,SFGAKNAVKNGLQKLRNQCQANNYQGPFCDIFKKNP,Tier1
PHK,GPGGFI,Tier1
GALAAH,FHNMEK,Tier1
LQL,IVEYF,Tier1
LHL,VYY,Tier1
YFYPEL,YVY,Tier1
VYY,LNGDVW,Tier1
LPTSEAAKY,YQK,Tier1
HGGEGGRPYHLGEES,AYFYPEL,Tier1
VAMVPPFET,DWDPK,Tier1
AGWNIPIGT,KDVPP,Tier1
SWN,HYVPV,Tier1
LEQQVDDLEGSLEQEKK,YQLD,Tier1
VPSGK,CME,Tier1
VECYGPNRPQF,EWPAQ,Tier1
IEEAF,LDK,Tier1
PWT,VLYEE,Tier1
FHNMEK,MPDAHL,Tier1
KYY,KFPE,Tier1
RHV,AIRQGDVF,Tier1
YPFPG,AADNANELFPPN,Tier1
IEAEGE,DYK,Tier1
HHPLL,YIPIQY,Tier1
LMGQW,LAC,Tier1
LHPH,YYD,Tier1
RADHPF,WDR,Tier1
WEIKPSSLTGKSPYFSNNHGKL,EFLQ,Tier1
LPL,NHK,Tier1
LQPGQGQQG,ARHPHP,Tier1
RHA,IYIEQGNGITGM,Tier1
RHQ,PHCKRM,Tier1
VPNSYP,GEC,Tier1
PSHDAHPE,CVHWMTNTARTACIAP,Tier1
YVEEL,YLL,Tier1
YYF,DHG,Tier1
WSVPQPK,PSLVGRPPVGKLTL,Tier1
PHM,WYSL,Tier1
PHA,YLGY,Tier1
LHL,TIIPLPV,Tier1
RYY,AYY,Tier1
LWG,MHI,Tier1
RWL,FFAPGRNPTSFS,Tier1
RHF,QYDQGV,Tier1
AKAWGIPPHVIPQIVPVRIRPLCGNV,AWIRGCRL,Tier1
YYK,PHCKRM,Tier1
IANNEADAISLDGGQVFEAG,IVEYF,Tier1
VKEAMPK,IEEAF,Tier1
LHY,YQEPVLGP,Tier1
LQL,SAEHGSLH,Tier1
KFPE,FLPF,Tier1
YVY,IQY,Tier1
AMRLTYNRPCIYAT,LAPSLPGKPKPD,Tier1
WSRRGEREEEDERRR,LVMFLDNQHRVIRH,Tier1
RHD,TEFTK,Tier1
RWI,HNPI,Tier1
VNPHDHQN,VAVDKHDYEPLGHSDIGVY,Tier1
GPAGPAG,KFPE,Tier1
RHY,LVMFLDNQHRVIRH,Tier1
LHM,QGAR,Tier1
IANNEADAISLDGGQVFEAG,KLSDW,Tier1
FIPGLRRLFATVVPTVVCAINKLPPG,IANNEADAISLDGGQVFEAG,Tier1
VDYP,FHH,Tier1
PHW,YLY,Tier1
RPNYTDA,AYFYPE,Tier1
HLHP,IVEYF,Tier1
AKAWGIPPHVIPQIVPVRIRPLCGNV,MHI,Tier1
PSHDAHPE,LNGDVW,Tier1
TYY,AYFYPE,Tier1
RHQ,NEN,Tier1
LHD,YAKP,Tier1
PSHDAHPE,RADHP,Tier1
LEQQVDDLEGSLEQEKK,DVPPYM,Tier1
RHI,HFH,Tier1
YPIL,LDY,Tier1
RWG,YGY,Tier1
QHH,YAKP,Tier1
PHN,YNI,Tier1
PMDYMVT,IAPNYNTRATKL,Tier1
AQIPQQ,YEY,Tier1
YSEMPPGK,CSQAPLA,Tier1
YYQ,LYEGY,Tier1
PYFNK,RYLGY,Tier1
RWI,YQY,Tier1
YSEMPPGK,TETWNPNHPEL,Tier1
LWG,RYL,Tier1
RHG,HDHPVC,Tier1
YYQ,FHNMEK,Tier1
VKL,HLPH,Tier1
IEAEGE,SIITMTKEAKLPQLWKQIACRLYNTC,Tier1
SRYPS,YLGAK,Tier1
PSDHDHE,IRW,Tier1
LWV,PSLVGRPPVGKLTL,Tier1
LPF,YLGY,Tier1
SHDAHPE,QLGNLGV,Tier1
AEAQKQLR,YLKT,Tier1
YLAGMN,VPW,Tier1
PPQ,SALAM,Tier1
HNPI,VVGGDGDV,Tier1
GWNIP,SVMPVVA,Tier1
LHV,PHD,Tier1
PWI,LARL,Tier1
LWH,WYGPD,Tier1
RHT,RADHPFL,Tier1
ESTTVPERTHPACPDFN,GLLDSVKEGLKKVAGQLLDTLKCKISGCTPA,Tier1
PWE,YYG,Tier1
KYY,LLR,Tier1
LHL,GAH,Tier1
YLYP,HVCYMF,Tier1
YWVTSGPK,VGDI,Tier1
YYQ,PSDHDHE,Tier1
LVDTGRGPIMY,KTFCGRH,Tier1
MWL,VLYEE,Tier1
VQYPVEHPNKFLKFGMTPSKGVLFY,TDY,Tier1
GPGGFI,CLV,Tier1
VPSIDDQEELM,VLVPK,Tier1
PWA,PWN,Tier1
VAVDKHDYEPLGHSDIGVY,GGIF,Tier1
PKAVHE,VYY,Tier1
RADHP,QCL,Tier1
WEIKPSSLTGKSPYFSNNHGKL,YQEPVLGP,Tier1
RHF,SVYT,Tier1
IPAGV,CLV,Tier1
SVMPVVA,TIASGEP,Tier1
PWY,IIENGEKWS,Tier1
PHI,PWL,Tier1
YLAGMN,LGY,Tier1
NRVYIHPFHLLVYS,FPLEMMPF,Tier1
PHHADS,YYL,Tier1
RYY,TEVWDSNEQ,Tier1
PWN,LPAGV,Tier1
VPSGK,IYIEQGNGITGM,Tier1
LPHSGY,SALAM,Tier1
PYSFK,AEERYP,Tier1
AMRLTYNRPCLGAT,GYLEQ,Tier1
RHV,FLHRP,Tier1
RHA,AWDPE,Tier1
WVYY,FVPH,Tier1
PYPQ,GIFE,Tier1
WYSL,YQKFP,Tier1
RHT,WPP,Tier1
RWG,TVYQ,Tier1
WYSLA,YGLN,Tier1
FVAGK,PMDYMVT,Tier1
YVY,KTFCGRH,Tier1
YEY,LALPA,Tier1
PWR,YLY,Tier1
NHRYDR,AYFYPEL,Tier1
LWT,HHY,Tier1
FIKK,MPDAHL,Tier1
LYEGY,LPM,Tier1
VPSGK,GVQEGAGHYALL,Tier1
THH,YYL,Tier1
IEAEGE,SALAM,Tier1
LHN,VFPW,Tier1
HVCYMF,LSGYGP,Tier1
KHNRGDEF,WEGPK,Tier1
LLPF,IQW,Tier1
PYY,PSLVGRPPVGKLTL,Tier1
VECYG,MILMR,Tier1
RWQ,RPPGFSPFR,Tier1
YYL,YYQ,Tier1
RWI,MEMK,Tier1
NQE,AYFYPEL,Tier1
PHYL,SDRDLLGPNNQYLPK,Tier1
LHD,NHRYDR,Tier1
LPTSEAAKY,WHH,Tier1
PHN,GIFE,Tier1
LEELEEELEGCE,LPAGV,Tier1
YYD,YYL,Tier1
YYN,ADGF,Tier1
GYLEQ,KGLWE,Tier1
LHM,LVMFLDNQHRVIRH,Tier1
VKAGFAWTANQQLS,LANAK,Tier1
HPHL,YNL,Tier1
HHY,RDMPIQ,Tier1
LHPH,YQLD,Tier1
LHQ,GHH,Tier1
MPACGSS,ETTL,Tier1
YYR,DGVVYY,Tier1
NHAV,YIPIQY,Tier1
VKV,NEN,Tier1
VPYPQ,KGLWE,Tier1
LWH,VKCFR,Tier1
HHF,ETTL,Tier1
MEMK,YQEPVLGPVRGPFPIIV,Tier1
AHK,YTY,Tier1
SIITMTKEAKLPQLWKQIACRLYNTC,DVPPYM,Tier1
WEGPK,RASDPLLSV,Tier1
RWH,SWN,Tier1
LLR,LSGYGP,Tier1
YVEEL,STMMEERRMKVY,Tier1
GAH,AAVGGYRVAVL,Tier1
SYY,ELLI,Tier1
GPGGFI,FLQEFLHV,Tier1
RPNYTDA,LAC,Tier1
LALPA,SVMPVVA,Tier1
LWH,RWW,Tier1
LQSGDALRVPSGTTYY,FYQL,Tier1
YNL,GFGPEL,Tier1
SRYPS,AGTTCLFTPLALPYDYSH,Tier1
FRDEHKK,NPYVPR,Tier1
LHG,EFLQ,Tier1
KTFCGRH,VKCFR,Tier1
RWQ,SNAAC,Tier1
LWE,HWH,Tier1
YKY,YYY,Tier1
SVYT,FVPH,Tier1
IPAGV,IEEAF,Tier1
YAKP,GIISHR,Tier1
LHT,NHAV,Tier1
KYY,AYFYPE,Tier1
PWY,MHI,Tier1
RHD,EFIQ,Tier1
HYH,TIIPLPV,Tier1
RHE,RHW,Tier1
RHD,AYFYPE,Tier1
NYKQM,EERYP,Tier1
VLSRYPS,KDVPP,Tier1
ACFL,AMRLTYNKPCLYGT,Tier1
YYV,GGE,Tier1
LPAGV,YAKP,Tier1
PWH,RADHP,Tier1
EFQI,QWPAQ,Tier1
LPL,ARHPHPHLSFM,Tier1
FEQI,TEFTK,Tier1
LGFEY,CQC,Tier1
YVL,IRW,Tier1
VIPAGYP,AMRLTYNRPCIYAT,Tier1
LKQELEDLLEKQE,AKAWGIPPHVIPQIVPVRIRPLCGNV,Tier1
GSGGL,MEMK,Tier1
FYPEL,THH,Tier1
YYE,RPPGFSPFR,Tier1
IIENGEKWS,HQIYPV,Tier1
SHDAHPE,VSYT,Tier1
LQGM,VIPMGL,Tier1
NYKQM,CME,Tier1
QHH,WEN,Tier1
YYR,RPNYTDA,Tier1
GSGGL,SVMPVVA,Tier1
HPH,LWA,Tier1
RHH,YYG,Tier1
NYKQM,RLKKY,Tier1
SRYPS,APIRMWYMYRKLTDMEPKPVA,Tier1
HGPLGPL,AIRQGDVF,Tier1
TYY,YIPIQY,Tier1
WSVPQPK,AGGF,Tier1
PLFQNKLAHAK,LHR,Tier1
VECYG,KTFCGRH,Tier1
FIGP,PSLVGRPPVGKLTL,Tier1
RADHPF,GPLGLLGFLGPLGLS,Tier1
LWG,YGYTGA,Tier1
PHR,YAKP,Tier1
YLYP,LNGDVW,Tier1
PWT,GFFDRIKALTKNVTLELLNTITCKLPVTPP,Tier1
PWS,ETTL,Tier1
AAVGGYRVAVL,KYL,Tier1
QHH,ACQ,Tier1
LHH,GPLGLLGFLGPLGLS,Tier1
MYY,YFE,Tier1
GLTSK,KKY,Tier1
PSDHDHE,LFC,Tier1
WEIKPSSLTGKSPYFSNNHGKL,GIISHR,Tier1
LELHKLRSSHWFSRR,PWA,Tier1
HPLH,WVYY,Tier1
TTYY,YLMSR,Tier1
RWY,YRY,Tier1
FEQL,RHPHP,Tier1
YYL,VAMVPPFET,Tier1
QWPAQ,YQEP,Tier1
NHH,LPHSGY,Tier1
YPFPG,RYL,Tier1
PSHDAHPE,PWA,Tier1
LWT,FIPGLRRLFATVVPTVVCAINKLPPG,Tier1
TIIPLPV,VIPMGL,Tier1
NGLEGLK,YIPIQY,Tier1
AEAQKQLR,YYDPL,Tier1
KVI,ECA,Tier1
DSGVT,ISELGY,Tier1
YSTA,TSQLLSDQ,Tier1
VGDI,SNAAC,Tier1
MHIRL,EQC,Tier1
KHNRGDEF,QWPAQ,Tier1
LYPY,GEC,Tier1
LHE,CME,Tier1
LWI,ELLI,Tier1
RHF,LTTLDSE,Tier1
LLPHHH,KYL,Tier1
RHPHP,AYFYPE,Tier1
HPHL,YHH,Tier1
AMTGLDA,VPNSYP,Tier1
NHK,YAKPA,Tier1
PWT,MWL,Tier1
HPHL,RWW,Tier1
ESTTVPERTHPACPDFN,QCH,Tier1
WHNVSGSP,SGQYFL,Tier1
PEL,NPYVPR,Tier1
YEDCTDCGN,EQC,Tier1
LQSGDALRVPSGTTYY,IAPNYNTRATKL,Tier1
FYPEL,AIRQGDVF,Tier1
VVKL,YVY,Tier1
YNI,VIPMGL,Tier1
PWS,LPHSGY,Tier1
YIY,IYIEQGNGITGM,Tier1
YSTA,KFPE,Tier1
MHH,LDY,Tier1
IKK,EQC,Tier1
PWV,CHI,Tier1
PWN,FHH,Tier1
YEY,FEQI,Tier1
LHR,RWT,Tier1
PKAVHE,LPF,Tier1
PPQ,PGVPWP,Tier1
PHG,QYP,Tier1
HHLP,QHGV,Tier1
LPL,YFE,Tier1
YYE,FYY,Tier1
SHH,LPAGV,Tier1
YFY,WEGPK,Tier1
YYK,IKK,Tier1
PAGY,PHV,Tier1
PHA,SVMPVVA,Tier1
PKAVHE,WSVPQPK,Tier1
YYE,PYFNK,Tier1
HFGDPFH,WYSLAM,Tier1
QLGNLGV,MILMR,Tier1
NHH,VFPW,Tier1
YDY,WYSLAM,Tier1
PHD,SGAF,Tier1
LHF,RWG,Tier1
NFHPQ,RCMAFLLSDGAAAAQQLLPQYW,Tier1
LWW,EERYP,Tier1
RHK,HYY,Tier1
LWV,YVGD,Tier1
ADF,RYLG,Tier1
WSY,CVHWMTNTARTACIAP,Tier1
YHH,KYY,Tier1
LHA,LSGYGP,Tier1
FGHPY,RDMPIQ,Tier1
YPFPG,PYSFK,Tier1
LWH,MEMK,Tier1
VKL,KVI,Tier1
WYSLAM,AGWNIPIGT,Tier1
LHQ,HNPI,Tier1
IKK,TTYY,Tier1
PMDYMVT,EFQL,Tier1
NHAV,WISELGW,Tier1
HHP,YYV,Tier1
AIRQGDVF,AYPS,Tier1
KVI,GPGGFI,Tier1
NGPLQAGQPGER,EFIQ,Tier1
PWD,SYY,Tier1
RWI,GEC,Tier1
VKV,PHI,Tier1
RHA,PVDENDEG,Tier1
HLPLPL,LEELEEELEGCE,Tier1
HYY,GQVPP,Tier1
IAPNYNTRATKL,ADHP,Tier1
RHE,SFGAKNAVKNGLQKLRNQCQANNYQGPFCDIFKKNP,Tier1
RHY,PIAAEVYEHTEGSTTSY,Tier1
RWE,PVDENDEG,Tier1
PWT,RWT,Tier1
LWF,YQIGL,Tier1
LQPGQGQQG,RHK,Tier1
DYY,FFGFN,Tier1
EFQI,AMRLTYNRPCIYAT,Tier1
GAWA,HQIYPV,Tier1
VDYP,FEQL,Tier1
PKAVHE,HDHPVC,Tier1
VDYP,SRYPS,Tier1
EELDNALN,PWG,Tier1
HGPLGPL,FRSGILKLASKIPSVLCAVLKNC,Tier1
WYS,AEEEYPDL,Tier1
WPP,DGVVYY,Tier1
RHE,RHT,Tier1
KAI,LHQ,Tier1
YIY,VCSV,Tier1
LHE,PIAAEVYEHTEGSTTSY,Tier1
FRDEHKK,LWI,Tier1
LVMFLDNQHRVIRH,YQLD,Tier1
CVHWMTNTARTACIAP,LANAK,Tier1
PHR,SVMPVVA,Tier1
AHK,RYLGY,Tier1
LEEAF,YQLD,Tier1
NRVYIHPFHLLVYS,RYPS,Tier1
PHI,YNI,Tier1
LHK,VAGTWY,Tier1
RDMPIQ,RASDPLLSV,Tier1
HHW,MHI,Tier1
PHE,IYY,Tier1
PHK,DVFRELRVQ,Tier1
PWF,YVY,Tier1
HHPL,LHI,Tier1
MHIRL,AMRLTYNRPCIYAT,Tier1
LHW,YQEPVLGPVRGPFPIIV,Tier1
YYA,TYY,Tier1
HEH,YSY,Tier1
HVRETALV,SWN,Tier1
FHNMEK,SGAF,Tier1
AEERYP,YLGAK,Tier1
GALAAH,CSQAPLA,Tier1
PHM,YFE,Tier1
PYPQ,AGWNI,Tier1
PWH,WYGPD,Tier1
EELDNALN,LNLPTAVYMVT,Tier1
NGLEGLK,GHH,Tier1
FVAGK,RWW,Tier1
DAQEKLE,PWF,Tier1
RHI,NYY,Tier1
YNI,WPL,Tier1
IKL,DYK,Tier1
YLKT,YGLN,Tier1
IHH,FLHRP,Tier1
AMRLTYNRPCLGAT,CSQAPLA,Tier1
YRY,NHK,Tier1
GGE,WHNVSGSP,Tier1
SVMPVVA,GEGSGA,Tier1
LWR,AVPYPQR,Tier1
TCSP,STMMEERRMKVY,Tier1
HDH,TCSP,Tier1
YPFPG,FLQEFLHV,Tier1
FYQL,WIRGCRL,Tier1
LHK,MEMK,Tier1
KTFCGRH,PVDENDEG,Tier1
PSYV,GGE,Tier1
FRADHPFL,LGFEYY,Tier1
PKAVHE,MTEEY,Tier1
YYI,LDY,Tier1
LWG,LWV,Tier1
LVDTGRGPIMY,AWIRGCRL,Tier1
PHF,PVMGA,Tier1
SVYT,LVSK,Tier1
ISELGF,IQW,Tier1
HHPL,TSQLLSDQ,Tier1
RWW,VPW,Tier1
HHF,VVGGDGDV,Tier1
PWE,YAY,Tier1
LQPGQGQQ,NHH,Tier1
ARHPHPHLSFM,YYIVS,Tier1
PWT,DVPPYM,Tier1
GIISHR,CQC,Tier1
NADFGLNGLEGLA,WPP,Tier1
YQEPVLGP,KFPE,Tier1
FYY,AEEEYPDL,Tier1
RHQ,GIISHR,Tier1
RHF,PYPQ,Tier1
LHQ,RHN,Tier1
PWT,YYA,Tier1
QYP,AYFYPE,Tier1
THH,AIEWEGIESGSVEQA,Tier1
HFGDPFH,VKEAMPK,Tier1
EEEQVGQGYETIRARL,QYDQGV,Tier1
AIRQGDVF,GGIF,Tier1
AGWNIP,YQLD,Tier1
VSYT,RHPHP,Tier1
AHK,HPH,Tier1
YTY,YLL,Tier1
YYE,PSIPA,Tier1
VLVPK,FPQY,Tier1
PLFQNKLAHAK,KHNRGDEF,Tier1
PWA,FIPGLRRLFATVVPTVVCAINKLPPG,Tier1
PWG,YLKT,Tier1
RHG,VLEANPRSF,Tier1
VLEANPRSF,PIAAEVYEHTEGSTTSY,Tier1
HWH,VKRRGQDCIHGFCSD,Tier1
SYY,CAAP,Tier1
LLPH,YYA,Tier1
PWA,FIGP,Tier1
PHA,YEDCTDCGN,Tier1
PWT,ADGF,Tier1
YDY,PYFNK,Tier1
PWE,FIGP,Tier1
IKL,YFE,Tier1
LWR,GGLEPINFN,Tier1
LEEAF,GVQEGAGHYALL,Tier1
LHT,DGVVYY,Tier1
YYY,AYPS,Tier1
LRGIKNYRVAVL,GPLGLLGFLGPLGLS,Tier1
PHD,HYVPV,Tier1
LLPH,PWW,Tier1
GPP,FLQEFLHV,Tier1
NQE,WYSLAMA,Tier1
LWI,YPFPG,Tier1
LGFEYY,GTQY,Tier1
RHS,ADGF,Tier1
WEIKPSSLTGKSPYFSNNHGKL,YIPIQY,Tier1
YVY,GIFE,Tier1
LHH,LHT,Tier1
IVEYF,RYLGY,Tier1
YQY,YQEPVLGP,Tier1
NPYVPR,LAPSLPGKPKPD,Tier1
CYGPNR,AGWNIP,Tier1
LHW,AVPYPQR,Tier1
YTY,FIGP,Tier1
SWN,PYSFK,Tier1
YTY,PIAAEVYEHTEGSTTSY,Tier1
LHPH,FIKK,Tier1
EAK,LHR,Tier1
YYG,YQL,Tier1
LAPSLPGKPKPD,ADGF,Tier1
VYY,VKRRGQDCIHGFCSD,Tier1
PHYL,WISELGW,Tier1
LHV,FYQL,Tier1
LAC,YLGY,Tier1
WSVPQPK,ECA,Tier1
PVDENDEG,YLGY,Tier1
IPIQYVL,LQGM,Tier1
LWD,PGVPWP,Tier1
LHM,SGAF,Tier1
LHI,QCH,Tier1
TTYY,KLSDW,Tier1
AGWNIP,RYL,Tier1
PPQ,FALPQYLK,Tier1
PVMGA,SVMPVVA,Tier1
VAMVPPFET,KYL,Tier1
WYSLAMAASDI,GIFE,Tier1
VFPW,NPYVPR,Tier1
PKAVHE,YYH,Tier1
SHDAHPE,SWN,Tier1
LHN,YLAGMN,Tier1
VDYP,GLLDSVKEGLKKVAGQLLDTLKCKISGCTPA,Tier1
YYT,MEMK,Tier1
FLHRP,SDF,Tier1
SYY,PHCKRM,Tier1
AMTGLDA,YLMSR,Tier1
NADFGLNGLEGLA,LNGDVW,Tier1
GGE,YWVTSGPK,Tier1
RHH,HYY,Tier1
VAWRNRCKGTD,CME,Tier1
VSYT,QYDQGV,Tier1
RHY,QHGV,Tier1
PHH,ALEPDHR,Tier1
QWPAQ,PHCKRM,Tier1
YYL,SNAAC,Tier1
EFQI,WSY,Tier1
LHA,LHR,Tier1
PSLPA,AMRLTYNRPCLGAT,Tier1
HDH,FFGFN,Tier1
THH,LQGM,Tier1
GAWA,YQL,Tier1
TCSP,MQFHT,Tier1
YQEP,GPLGLLGFLGPLGLS,Tier1
RHG,RHS,Tier1
KVI,YNI,Tier1
LWH,WHH,Tier1
EFQL,KGLWE,Tier1
NFHPQ,WEN,Tier1
EEEQVGQGYETIRARL,WEN,Tier1
RWL,SNAAC,Tier1
LYPY,VPW,Tier1
LHF,NHH,Tier1
LHA,DGVVYY,Tier1
GGE,AMRLTGNRPGLYAT,Tier1
PWI,VECYGPNRPQF,Tier1
ARHPHPHLSFM,KFPE,Tier1
PHQ,WPL,Tier1
LHV,LNLPTAVYMVT,Tier1
IAPNYNTRATKL,VAGTWY,Tier1
HHPL,LPM,Tier1
YVY,EFIQ,Tier1
NQE,VKCFR,Tier1
MYY,IRGCRL,Tier1
PWY,GSGGL,Tier1
PKAVHE,LAPSLPGKPKPD,Tier1
IYY,YLY,Tier1
YYA,MYY,Tier1
YYH,SVMPVVA,Tier1
VPSGK,PWH,Tier1
YYN,EEEQVGQGYETIRARL,Tier1
PEL,YQK,Tier1
QLGNLGV,LLR,Tier1
SFGAKNAVKNGLQKLRNQCQANNYQGPFCDIFKKNP,YLL,Tier1
WRNRCKGTD,CLV,Tier1
HYH,GLLDSVKEGLKKVAGQLLDTLKCKISGCTPA,Tier1
HDH,PVDENDEG,Tier1
HNPI,KLSDW,Tier1
YGGFM,QCH,Tier1
VHDY,SALAM,Tier1
GGE,VPNSYP,Tier1
YQIGL,RADHP,Tier1
YYF,IEEAF,Tier1
FIKK,QYP,Tier1
LLHH,PHR,Tier1
YMY,VSYT,Tier1
SNAAC,RCMAFLLSDGAAAAQQLLPQYW,Tier1
LHK,PHI,Tier1
YQLD,LSGYGP,Tier1
WVYY,FLPF,Tier1
LHW,RYL,Tier1
YYL,QHGV,Tier1
YLY,LTC,Tier1
ACFL,YAKPA,Tier1
ESTVPERTHPACPDFN,EQC,Tier1
GPLGLLGFLGPLGLS,VAMVPPFET,Tier1
FFGFN,VKRRGQDCIHGFCSD,Tier1
PMDYMVT,ISELGF,Tier1
LELHKLRSSHWFSRR,RHW,Tier1
TERGY,WEN,Tier1
CYGPNR,QKW,Tier1
PVMGA,GYLEQ,Tier1
LPTSEAAKY,PWN,Tier1
PMDYMVT,ARHPHPHLSFM,Tier1
FIGP,LPM,Tier1
PHHADS,YYS,Tier1
DHG,DGVVYY,Tier1
PHQ,VPNSYP,Tier1
YYR,TIIPLPV,Tier1
EFQL,NHK,Tier1
EFLQ,SNAAC,Tier1
YFY,MWL,Tier1
PYSFK,LPM,Tier1
PWG,SIITMTKEAKLPQLWKQIACRLYNTC,Tier1
AEEEYPDL,AGGF,Tier1
LQSGDALRVPSGTTYY,LPL,Tier1
ESTVPERTHPACPDFN,AYFYPE,Tier1
ADF,AWDPE,Tier1
LLPH,LWT,Tier1
LPTSEAAKY,VAGTWY,Tier1
GFFDRIKALTKNVTLELLNTITCKLPVTPP,WDR,Tier1
RHI,HHF,Tier1
SYY,DVPPYM,Tier1
RWN,RWT,Tier1
LQPGQGQQG,LAPSLPGKPKPD,Tier1
LWT,HDHPVC,Tier1
PHH,LHG,Tier1
AMRLTYNRPCIYAT,KYL,Tier1
YGGFM,FRSGILKLASKIPSVLCAVLKNC,Tier1
WYSLAMA,VLSRYPS,Tier1
PHW,EWPAQ,Tier1
LHK,RWQ,Tier1
LEEAF,IKK,Tier1
RWI,VPYPQ,Tier1
YYS,ALEPDHR,Tier1
LHA,RWY,Tier1
PSDHDHE,YEDCTDCGN,Tier1
MHH,YYI,Tier1
LPHH,MQFHT,Tier1
ESTTVPERTHPACPDFN,NHK,Tier1
LHG,GVQEGAGHYALL,Tier1
YPEL,NRVYIHPFHLLVYS,Tier1
LEELEEELEGCE,YLG,Tier1
LHI,HQIYPV,Tier1
VHH,RHS,Tier1
VPSGK,YYDPL,Tier1
LVNPHDHQN,YSTA,Tier1
EFQI,FPLEMMPF,Tier1
PHHADS,CLV,Tier1
PYPQ,CQC,Tier1
HLPH,RHY,Tier1
FHH,MPDAHL,Tier1
RWW,FLPF,Tier1
AYY,LMGQW,Tier1
LHL,PWY,Tier1
PYPQ,GFYPPP,Tier1
RWI,KYL,Tier1
RWI,FLKPLFNAALKLLP,Tier1
PWQ,LSGYGP,Tier1
AQIPQQ,VLYEE,Tier1
HLPLPL,PSLVGRPPVGKLTL,Tier1
LWV,PSIPA,Tier1
LWD,WEIKPSSLTGKSPYFSNNHGKL,Tier1
RWR,VCSV,Tier1
DEDTQAMP,SGAF,Tier1
LHQ,RNR,Tier1
HFH,FFGFN,Tier1
PWY,RYLGY,Tier1
TCSP,FPQY,Tier1
FDEQE,IRGCRL,Tier1
LEQQVDDLEGSLEQEKK,HMPVTK,Tier1
LWQ,LTC,Tier1
FRDEHKK,TGGGNV,Tier1
YMY,FRADHPFL,Tier1
PWD,YGY,Tier1
IHH,DHG,Tier1
AKYIPIQYVLSRYPSY,AMRLTYNRPCIYAT,Tier1
PLFQNKLAHAK,ADF,Tier1
RLKKY,VKRRGQDCIHGFCSD,Tier1
LHN,YLGAK,Tier1
LHD,FEQL,Tier1
TYQTF,CQC,Tier1
ELLI,EQC,Tier1
FALPQYLK,GGIF,Tier1
MHH,GLTSK,Tier1
MHIRL,FEQL,Tier1
PHS,HMPVTK,Tier1
GHH,YLAGMN,Tier1
AMRLTYNRPCIYAT,LGFEYY,Tier1
WYS,ISELWG,Tier1
HHPL,DHG,Tier1
SHDAHPE,VGDI,Tier1
LHV,VSYT,Tier1
YGLN,LAC,Tier1
LEQQVDDLEGSLEQEKK,AYFYPE,Tier1
EFQI,FFGFN,Tier1
LKQELEDLLEKQE,HGGEGGRPYHLGEES,Tier1
AKYIPIQYVLSRYPSY,SGQYFL,Tier1
SVYT,AWDPE,Tier1
MPACGSS,MHI,Tier1
RWA,WVYY,Tier1
NGLEGLK,LLPF,Tier1
PHHADS,NADFGLNGLEGLA,Tier1
LPAGV,LNLPTAVYMVT,Tier1
IHH,PHCKRM,Tier1
LVGDEQAVPAVCVP,PSLVGRPPVGKLTL,Tier1
WISELGW,PYSFK,Tier1
RWL,GVQEGAGHYALL,Tier1
RADHP,PYSFK,Tier1
FDSGPAGVL,YRY,Tier1
LHN,LDY,Tier1
HDH,VYY,Tier1
HPHL,IEEAF,Tier1
DYY,AGTTCLFTPLALPYDYSH,Tier1
YEY,MHI,Tier1
KAI,FPQY,Tier1
NGPLQAGQPGER,WYSLAMA,Tier1
LWQ,YDY,Tier1
LVNPHDHQN,EEYFPVGGDRPESF,Tier1
RWI,AIRQGDVF,Tier1
YYL,ADHP,Tier1
PWE,RHA,Tier1
YMY,IVEYF,Tier1
VQYPVEHPNKFLKFGMTPSKGVLFY,AGWNI,Tier1
EFQL,MHI,Tier1
EYY,GVPLT,Tier1
PKAV,GFWDSVKEGLKNAAVTILNKIKCKISECPPA,Tier1
GFFDRIKALTKNVTLELLNTITCKLPVTPP,CVHWMTNTARTACIAP,Tier1
NHRYDR,WYS,Tier1
WHH,FYQL,Tier1
YYT,GFYPPP,Tier1
PKAV,PYVRYL,Tier1
AKYIPIQYVLSRYPSY,TERGY,Tier1
PHI,YIY,Tier1
LLPH,LWM,Tier1
LWN,RHF,Tier1
KHNRGDEF,YVGD,Tier1
RWQ,LANAK,Tier1
RNR,YFE,Tier1
RPPGFSPFR,VPW,Tier1
YGYTGA,LANAK,Tier1
YGYTGA,WSRRGEREEEDERRR,Tier1
VHDY,LPM,Tier1
LWE,LWT,Tier1
SHH,PYVRYL,Tier1
HLH,GTW,Tier1
MHH,FFGFN,Tier1
PHG,DEDTQAMP,Tier1
VPSIDDQEELM,RYPS,Tier1
LWE,YPELF,Tier1
LWH,YYV,Tier1
WYSLAMAASDI,DRVYIHPF,Tier1
LHPH,RWY,Tier1
HPLH,YQY,Tier1
ISELGF,VPKVK,Tier1
RADHP,GPLGLLGFLGPLGLS,Tier1
PWF,VKP,Tier1
AKYIPIQYVLSRYPSY,PKLPPVKK,Tier1
FHH,RPNYTDA,Tier1
KYY,LQL,Tier1
PPK,NEN,Tier1
FVAGK,PWV,Tier1
YSY,FLQEFLHV,Tier1
RWG,CAAP,Tier1
MHH,FHNMEK,Tier1
VECYG,VLEANPRSF,Tier1
PWV,WYSLAM,Tier1
WEIKPSSLTGKSPYFSNNHGKL,TRTGDPFF,Tier1
LPTSEAAKY,YVY,Tier1
RWY,HHF,Tier1
GFPSG,QLGNLGV,Tier1
VDHDHPE,FLKPLFNAALKLLP,Tier1
HLPH,MYY,Tier1
YYDPL,PGVPWP,Tier1
HGGEGGRPYHLGEES,LFC,Tier1
PWF,RHH,Tier1
LQL,VAWRNRCKGTD,Tier1
CYGPNR,LWH,Tier1
PMDYMVT,GFWDSVKEGLKNAAVTILNKIKCKISECPPA,Tier1
DEDTQAMP,LLPF,Tier1
LQPGQGQQ,RHT,Tier1
VSYT,RADHP,Tier1
HLPLPL,PWF,Tier1
LHV,YWY,Tier1
LQSGDALRVPSGTTYY,WYSLAMA,Tier1
VNPHDHQN,CQC,Tier1
PNRPQF,YGGFM,Tier1
LWT,CAQ,Tier1
VPSIDDQEELM,YLY,Tier1
GEGSGA,QCL,Tier1
YPEL,YLYP,Tier1
MHIRL,YGGFL,Tier1
YGGFM,VPKVK,Tier1
NYY,TEFTK,Tier1
DHG,FPQY,Tier1
YSY,LMGQW,Tier1
FDEQE,YPELF,Tier1
PWV,FDEQE,Tier1
PWG,YLY,Tier1
RWE,WSRRGEREEEDERRR,Tier1
NRVYIHPFHLLVYS,DRVYIHPF,Tier1
RHH,YPI,Tier1
IPIQYVL,LYEGY,Tier1
FIPGLRRLFATVVPTVVCAINKLPPG,HYVPV,Tier1
YYI,YEDCTDCGN,Tier1
PHE,VKEAMAPK,Tier1
YYE,AMRLTYNRPCLGAT,Tier1
IRW,AGWNIP,Tier1
LVSK,VAMVPPFET,Tier1
DRVYIHPF,PYFNK,Tier1
SALAM,FVNQPYLLYSVHMK,Tier1
NYKQM,TCSP,Tier1
PHQ,VFPW,Tier1
YDY,WDR,Tier1
YYK,MYY,Tier1
YHH,NEN,Tier1
HHF,SALAM,Tier1
FVNQPYLLYSVHMK,IRGCRL,Tier1
PYPQ,AKAWGIPPHVIPQIVPVRIRPLCGNV,Tier1
YKY,SVYT,Tier1
PWD,YVL,Tier1
LWE,SRYPS,Tier1
LVSK,MPACGSS,Tier1
NHAV,GLLDSVKEGLKKVAGQLLDTLKCKISGCTPA,Tier1
VKAGFAWTANQQLS,QHH,Tier1
YYK,TCSP,Tier1
RHD,WRNRCKGTD,Tier1
FPLEMMPF,AEERYP,Tier1
RWR,NPYVPR,Tier1
SHDAHPE,VKCFR,Tier1
YEY,YGGFL,Tier1
RHY,CLV,Tier1
GVPLT,CQC,Tier1
RHA,YEDCTDCGN,Tier1
GHH,EQC,Tier1
PWS,DDPDKGMLKWKNDFFQEF,Tier1
WSY,RHPHP,Tier1
PHL,MYY,Tier1
YQKFPQY,FPQY,Tier1
VPSIDDQEELM,GIISHR,Tier1
PMDYMVT,LHL,Tier1
PEL,LLPHH,Tier1
VVKL,ESTVPERTHPACPDFN,Tier1
LHA,HDHPVC,Tier1
PSLPA,FIKK,Tier1
PWS,THH,Tier1
FRDEHKK,YQEPVLGP,Tier1
WYT,TEVWDSNEQ,Tier1
MILMR,TIASGEP,Tier1
FFAPGRNPTSFS,LPAGV,Tier1
LHR,ACQ,Tier1
PWT,RHG,Tier1
RHL,CVHWMTNTARTACIAP,Tier1
LWS,KFPE,Tier1
RHF,GFWDSVKEGLKNAAVTILNKIKCKISECPPA,Tier1
SDRDLLGPNNQYLPK,ACQ,Tier1
KVLPVPQK,RYPS,Tier1
PWL,VLYEE,Tier1
PPQ,LHL,Tier1
PHS,WYSLAMA,Tier1
WYSLA,RYQ,Tier1
RHV,GYLEQ,Tier1
YPEL,AGGF,Tier1
YQEPVLGP,FLKPLFNAALKLLP,Tier1
DYK,IYIEQGNGITGM,Tier1
RWW,HMPVTK,Tier1
YPEL,VGDI,Tier1
FLHRP,CAQ,Tier1
LLPHH,ESTTVPERTHPACPDFN,Tier1
HHLP,RADHPF,Tier1
PHS,RWI,Tier1
NHAV,FALPQYLK,Tier1
LWG,PWR,Tier1
HHY,FEQL,Tier1
LHPH,YLAGMN,Tier1
IKK,RYLGY,Tier1
KVI,LAPSLPGKPKPD,Tier1
IRW,SGAF,Tier1
RHT,YQIGL,Tier1
HYH,YYS,Tier1
AVPYPQR,LTTLDSE,Tier1
SHDAHPE,YLGAK,Tier1
YNL,LGNTDYAVH,Tier1
LVGDEQAVPAVCVP,RHQ,Tier1
QYY,EFQI,Tier1
GGE,TERGY,Tier1
TCSP,WISELG,Tier1
NQE,GVPLT,Tier1
HLHP,YWVTSGPK,Tier1
HEKVC,WRNRCKGTD,Tier1
DSGVT,PHL,Tier1
PKAV,KYL,Tier1
FYPEL,IPAGM,Tier1
QHH,WYSLAM,Tier1
WYSLAM,SRYPS,Tier1
VPSIDDQEELM,DRVYIHPF,Tier1
FLNDFLHV,WSVPQPK,Tier1
GFPSG,RADHPFL,Tier1
AIEWEGIESGSVEQA,VPVTST,Tier1
KTFCGRH,SIITMTKEAKLPQLWKQIACRLYNTC,Tier1
PHN,LDK,Tier1
VHDY,SDRDLLGPNNQYLPK,Tier1
HFH,YVGD,Tier1
GALAAH,VLPVPQK,Tier1
LHPH,TEFTK,Tier1
HHP,YNL,Tier1
LWK,GFGPEL,Tier1
PSHDAHPE,PHI,Tier1
LWA,YYG,Tier1
HPH,RWI,Tier1
PMDYMVT,HQIYPV,Tier1
PWW,DYK,Tier1
LLPHHH,GYY,Tier1
VKV,LYPY,Tier1
EAK,FLQEFLHV,Tier1
LLPH,RHA,Tier1
VAMVPPFET,DLEE,Tier1
LHY,MWL,Tier1
LWW,FPQY,Tier1
VECYG,PHY,Tier1
LPHH,QHH,Tier1
LHD,HDH,Tier1
VNPHDHQN,LHD,Tier1
YFY,WISELG,Tier1
LGLNGDDVN,KYY,Tier1
PYY,YGGFM,Tier1
FEQL,WDR,Tier1
HFH,YQLD,Tier1
GHH,AGTTCLFTPLALPYDYSH,Tier1
HDH,RYLG,Tier1
HGGEGGRPYHLGEES,RYPS,Tier1
LEELEEELEGCE,GQFNDKRWIPFG,Tier1
HEH,VKCFR,Tier1
LQSGDALRVPSGTTYY,LSGYGP,Tier1
PYY,RWH,Tier1
GHH,GGE,Tier1
PWG,MPACGSS,Tier1
FHH,QCH,Tier1
LYPY,PHA,Tier1
AHH,IHH,Tier1
YYL,VSYT,Tier1
RHK,PYVRYL,Tier1
EEEQVGQGYETIRARL,GQFNDKRWIPFG,Tier1
GLLDSVKEGLKKVAGQLLDTLKCKISGCTPA,DVPPYM,Tier1
ISELGW,NFHPQ,Tier1
AYY,LGFEYY,Tier1
YNY,GIISHR,Tier1
VKL,YTY,Tier1
RHI,VLPVPQK,Tier1
LMCH,PMDYMVT,Tier1
PSYV,RNDDLNYIQ,Tier1
AEAQKQLR,FLHRP,Tier1
PYY,VPYPQ,Tier1
VPSGK,YLMSR,Tier1
LHH,YNL,Tier1
YQEP,DWDPK,Tier1
FRDEHKK,YLG,Tier1
LARL,NEN,Tier1
YNL,TDY,Tier1
ADF,RLKKY,Tier1
RADHP,ALEPDHR,Tier1
NHAV,YVGD,Tier1
PSLPA,GLTSK,Tier1
WHH,YYL,Tier1
RHV,AWDPE,Tier1
GFWDSVKEGLKNAAVTILNKIKCKISECPPA,YAKPA,Tier1
LNGDVW,YSEMPPGK,Tier1
AADNANELFPPN,FVNQPYLLYSVHMK,Tier1
LVSK,LVMFLDNQHRVIRH,Tier1
PWE,PWV,Tier1
LNLPTAVYMVT,PIAAEVYEHTEGSTTSY,Tier1
VDHDHPE,PHY,Tier1
WSY,WYSLAMA,Tier1
PWQ,HNPI,Tier1
FVAGK,FRADHPFL,Tier1
RHY,WISELGW,Tier1
PWS,APIRMWYMYRKLTDMEPKPVA,Tier1
RWY,YYK,Tier1
KVI,LHI,Tier1
VLEANPRSF,YAKP,Tier1
PWR,WEGPK,Tier1
GHH,TCSP,Tier1
LELHKLRSSHWFSRR,FFGFN,Tier1
RHF,IQY,Tier1
LPAGV,WIRGCRL,Tier1
YYL,NHRYDR,Tier1
WHH,YIPIQY,Tier1
ALEPDHR,YLGY,Tier1
WISELG,ISELWG,Tier1
RHG,FYQL,Tier1
AEAQKQLR,VKEAMAPK,Tier1
KHNRGDEF,LHY,Tier1
FFAPGRNPTSFS,LGY,Tier1
PWD,YYF,Tier1
LAPSLPGKPKPD,PVDENDEG,Tier1
YYH,AMRLTYNKPCLYGT,Tier1
EAK,DHG,Tier1
RHF,FEQI,Tier1
LEEAF,TGGGNV,Tier1
GWNI,YQK,Tier1
LWW,IVEYF,Tier1
PHK,WDR,Tier1
VLPVPQK,FLQEFLHV,Tier1
PHI,HQIYPV,Tier1
RADHPF,GEC,Tier1
PSYV,RYQ,Tier1
YFYPEL,MILMR,Tier1
RADHPF,IRW,Tier1
HYY,YMY,Tier1
YWY,YSTA,Tier1
PSLPA,YQLD,Tier1
KVLPVPQK,GTW,Tier1
VECYGPNRPQF,CSQAPLA,Tier1
HHF,HDHPVC,Tier1
PHG,VSYT,Tier1
YYV,KKY,Tier1
APIRMWYMYRKLTDMEPKPVA,AYFYPE,Tier1
GYY,TYY,Tier1
YVGD,CQC,Tier1
FYPEL,SRYPS,Tier1
LHI,FPLEMMPF,Tier1
PWN,VSYT,Tier1
LPHH,YYDPL,Tier1
FHNMEK,DHG,Tier1
PHYL,RYLGY,Tier1
KHNRGDEF,TEFTK,Tier1
HFH,LEQQVDDLEGSLEQEKK,Tier1
PWF,FIGP,Tier1
PLFQNKLAHAK,SALAM,Tier1
YMY,VLSRYPS,Tier1
YFE,FKK,Tier1
LLR,ACQ,Tier1
IEEAF,YQKFP,Tier1
WVYY,RYLG,Tier1
QHH,LANAK,Tier1
IHH,PKLPPVKK,Tier1
LWV,RYLG,Tier1
LEELEEELEGCE,LVDTGRGPIMY,Tier1
HHF,GVQEGAGHYALL,Tier1
MHIRL,TSQLLSDQ,Tier1
SYY,IYPF,Tier1
IKL,WNIP,Tier1
PWG,EYY,Tier1
VDHDHPE,EEEQVGQGYETIRARL,Tier1
VDYP,AGWNIP,Tier1
HHPLL,YPIL,Tier1
PWN,YAKPA,Tier1
LQGM,MILMR,Tier1
RHD,GTW,Tier1
PYFNK,VLVPK,Tier1
LWD,WVYY,Tier1
GSGGL,WDDMEK,Tier1
GHH,FIGP,Tier1
WHNVSGSP,YLGY,Tier1
RHK,YGYTGA,Tier1
PHI,AGGF,Tier1
LQPGQGQQ,YNI,Tier1
LVGDEQAVPAVCVP,PHA,Tier1
YSTA,SDRDLLGPNNQYLPK,Tier1
YPIL,GYLEQ,Tier1
PWE,LPL,Tier1
PKAVHE,WISELGW,Tier1
EFIQ,TIIPLPV,Tier1
RWL,YSTA,Tier1
EELDNALN,FPQY,Tier1
MHIRL,EFIQ,Tier1
ECA,NEN,Tier1
PPQ,VVGGDGDV,Tier1
VECYG,PHN,Tier1
LPTSEAAKY,DHTKE,Tier1
HPLH,PWA,Tier1
LHS,PWT,Tier1
RHL,GIFE,Tier1
LHE,YYF,Tier1
FIKK,FGHPY,Tier1
LPHH,TGGGNV,Tier1
EWPAQ,GLLDSVKEGLKKVAGQLLDTLKCKISGCTPA,Tier1
HLPH,RASDPLLSV,Tier1
QYDQGV,GEGSGA,Tier1
LMCH,WPP,Tier1
TIIPLPV,AMRLTYNKPCLYGT,Tier1
PWY,IRGCRL,Tier1
PHH,YYD,Tier1
RHF,TERGY,Tier1
YYI,YGY,Tier1
VECYG,CME,Tier1
SHDAHPE,LVGDEQAVPAVCVP,Tier1
YVY,YPELF,Tier1
IYY,YFY,Tier1
PHV,PWV,Tier1
IEEAF,TETWNPNHPEL,Tier1
YNI,YGGFM,Tier1
FYPEL,TIIPLPV,Tier1
FFAPGRNPTSFS,VGGRP,Tier1
SHDAHPE,RASDPLLSV,Tier1
SFGAKNAVKNGLQKLRNQCQANNYQGPFCDIFKKNP,AWIRGCRL,Tier1
NQE,HPLH,Tier1
QHH,ETTL,Tier1
VPSIDDQEELM,YYE,Tier1
FYY,DLEE,Tier1
VKL,VGDI,Tier1
HLHP,VCSV,Tier1
YPI,KGLWE,Tier1
RHM,GFGPEL,Tier1
YHY,WPL,Tier1
PWT,LANAK,Tier1
VKL,VLPVPQK,Tier1
PHYL,YLL,Tier1
RHG,DRVYIHPF,Tier1
SHH,LGY,Tier1
RPPGFSPFR,GPAGPAG,Tier1
HHW,YSTA,Tier1
PSDHDHE,YVL,Tier1
LWT,ISELGW,Tier1
VDYP,NHK,Tier1
YLMSR,RYLGY,Tier1
AMRLTYNRPCLGAT,VPVTST,Tier1
HEH,EYY,Tier1
AKYIPIQYVLSRYPSY,LWI,Tier1
LWA,YGGFM,Tier1
QHH,YDY,Tier1
LRGIKNYRVAVL,LPM,Tier1
YRY,APIRMWYMYRKLTDMEPKPVA,Tier1
PSKYEPFV,FVNQPYLLYSVHMK,Tier1
FYY,CAQ,Tier1
YYK,YYS,Tier1
SHDAHPE,VVGGDGDV,Tier1
VPSGK,EFQL,Tier1
RWT,YYH,Tier1
YEY,QWPAQ,Tier1
DRVYIHPF,ALEPDHR,Tier1
YFE,LDY,Tier1
VLEANPRSF,PGVPWP,Tier1
RHN,VGDI,Tier1
RLKKY,LAC,Tier1
ISELGW,PKLPPVKK,Tier1
LPYY,SYY,Tier1
AHK,LWA,Tier1
AQIPQQ,LGLNGDDVN,Tier1
IKL,GSGGL,Tier1
AHK,LPAGV,Tier1
WYSLAMA,VLYEE,Tier1
RHG,CLV,Tier1
ESTVPERTHPACPDFN,LHL,Tier1
YYR,YPI,Tier1
YHH,WNIP,Tier1
LYPY,QVVPYPQ,Tier1
AVPYPQR,IRW,Tier1
LELHKLRSSHWFSRR,YEADARSFHDLAEHDIRV,Tier1
EELDNALN,LWT,Tier1
PWE,IPAGM,Tier1
GGE,MEMK,Tier1
LWV,EYY,Tier1
AQIPQQ,YQLD,Tier1
FVAGK,RWE,Tier1
HLH,LWI,Tier1
YYF,WDDMEK,Tier1
LFC,WYGPD,Tier1
FLNDFLHV,GVPLT,Tier1
PSHDAHPE,CQC,Tier1
PSYV,RLKKY,Tier1
PWV,YYR,Tier1
PMDYMVT,VPW,Tier1
LQPGQGQQG,WYS,Tier1
WYSLAMAASDI,FFGFN,Tier1
NPYVPR,YAKPA,Tier1
RWG,GLLDSVKEGLKKVAGQLLDTLKCKISGCTPA,Tier1
EAK,CHI,Tier1
FDSGPAGVL,PSYV,Tier1
KVLPVPQK,VLPVPQK,Tier1
THH,YPELF,Tier1
SHDAHPE,GALAAH,Tier1
IHH,GPP,Tier1
YYF,HMPVTK,Tier1
VHH,FDSGPAGVL,Tier1
ISELWG,CQC,Tier1
YVGD,QKW,Tier1
NADFGLNGLEGLA,YYY,Tier1
LHH,DGVVYY,Tier1
YPI,MEMK,Tier1
YAKP,LSGNK,Tier1
RHL,HQIYPV,Tier1
ADHP,WRNRCKGTD,Tier1
PWI,QYP,Tier1
FEQL,PVMGA,Tier1
RWE,SIITMTKEAKLPQLWKQIACRLYNTC,Tier1
YEDCTDCGN,KLSDW,Tier1
QVVPYPQ,ARHPHP,Tier1
YLAGMN,PVMGA,Tier1
PWN,LAPSLPGKPKPD,Tier1
FRSGILKLASKIPSVLCAVLKNC,MPACGSS,Tier1
FGHPY,NPYVPR,Tier1
HLH,PGVPWP,Tier1
PHV,YYT,Tier1
HEKVC,SDF,Tier1
TDY,GTQY,Tier1
RHM,AEEEYPDL,Tier1
IPIQYVL,EWPAQ,Tier1
PWH,NFHPQ,Tier1
FLQEFLHV,IVEYF,Tier1
RHG,QYP,Tier1
PHY,KYL,Tier1
YDY,TIIPLPV,Tier1
LPHH,PIAAEVYEHTEGSTTSY,Tier1
LWH,FVPH,Tier1
AKYIPIQYVLSRYPSY,LSGNK,Tier1
LHV,YLGAK,Tier1
RHM,YYI,Tier1
GPAGPAG,YVGD,Tier1
LWQ,NYKQM,Tier1
HQIYPV,IRGCRL,Tier1
PYVRYL,GIFE,Tier1
IYY,YVL,Tier1
MQFHT,CHI,Tier1
LHY,FRSGILKLASKIPSVLCAVLKNC,Tier1
YYA,WHNVSGSP,Tier1
RHA,IHH,Tier1
AHK,TSQLLSDQ,Tier1
LWD,AGTTCLFTPLALPYDYSH,Tier1
PLHH,PWG,Tier1
YQY,EFQI,Tier1
LPAGV,AMRLTYNRPCLGAT,Tier1
HYY,HYVPV,Tier1
LHK,YHH,Tier1
KVI,SHDAHPE,Tier1
AQIPQQ,LVDTGRGPIMY,Tier1
LWV,YYD,Tier1
PLHH,HDH,Tier1
KHNRGDEF,YYT,Tier1
LWS,LVSK,Tier1
ADF,AGWNI,Tier1
PKAV,AADNANELFPPN,Tier1
NHAV,PKLPPVKK,Tier1
EWPAQ,DRVYIHPF,Tier1
YYE,PYPQ,Tier1
EFLQ,GWNIP,Tier1
RDMPIQ,ETTL,Tier1
APIRMWYMYRKLTDMEPKPVA,YQEPVLGPVRGPFPIIV,Tier1
AKYIPIQYVLSRYPSY,VGDI,Tier1
DSGVT,ALEPDHR,Tier1
IEEAF,MQFHT,Tier1
AQIPQQ,YPFPG,Tier1
QGAR,RYQ,Tier1
LHM,SNAAC,Tier1
AGWNI,AWDPE,Tier1
MQFHT,DHG,Tier1
PAGY,WYSLAM,Tier1
HLPLPL,FYQL,Tier1
HLH,TIASGEP,Tier1
YYS,MTEEY,Tier1
HHPL,LHE,Tier1
LHG,MYY,Tier1
WYSLA,FDEQE,Tier1
YQY,TCSP,Tier1
RYPS,RYL,Tier1
EELDNALN,YNI,Tier1
EFQL,SDRDLLGPNNQYLPK,Tier1
YYH,NHK,Tier1
FIPGLRRLFATVVPTVVCAINKLPPG,VAGTWY,Tier1
PKAV,LHI,Tier1
PHI,APIRMWYMYRKLTDMEPKPVA,Tier1
PHHADS,NFHPQ,Tier1
HHLP,VLYEE,Tier1
RWT,SAEHGSLH,Tier1
GPGGFI,FVNQPYLLYSVHMK,Tier1
DRVYIHPF,GEC,Tier1
NGLEGLK,FLPF,Tier1
LWR,AEERYP,Tier1
RWE,DHG,Tier1
IAPNYNTRATKL,NHK,Tier1
PPQ,RHK,Tier1
EEYFPVGGDRPESF,DVPPYM,Tier1
HDHPVC,LGFEYY,Tier1
LWF,PWY,Tier1
LLHH,NHH,Tier1
TVYQ,YQL,Tier1
VIPAGYP,TYY,Tier1
RWH,YGGFM,Tier1
PPK,IYPF,Tier1
RWQ,IPAGM,Tier1
YIY,VECYGPNRPQF,Tier1
RNDDLNYIQ,TEVWDSNEQ,Tier1
YYV,VLYEE,Tier1
LHR,LWN,Tier1
PHY,RHM,Tier1
PHN,RYLG,Tier1
SHDAHPE,CQC,Tier1
GPLGLLGFLGPLGLS,DHTKE,Tier1
RADHPFL,VPYPQ,Tier1
PEL,WPP,Tier1
YPIL,MTEEY,Tier1
LHY,IANNEADAISLDGGQVFEAG,Tier1
DAQEKLE,VLSRYPS,Tier1
VKEAMPK,ISELGF,Tier1
AGWNI,LFC,Tier1
PMDYMVT,KHNRGDEF,Tier1
LLPHHH,GGE,Tier1
ADF,TIASGEP,Tier1
QYDQGV,LSGYGP,Tier1
PHV,YYN,Tier1
SHDAHPE,LWV,Tier1
HLH,RHI,Tier1
AHH,MHI,Tier1
HHY,YLMSR,Tier1
HQIYPV,GLTSK,Tier1
GGE,LFC,Tier1
KHNRGDEF,RDMPIQ,Tier1
HEH,DLEE,Tier1
LWN,GFFDRIKALTKNVTLELLNTITCKLPVTPP,Tier1
PPQ,WEN,Tier1
THH,YYY,Tier1
PWL,NHAV,Tier1
PHQ,VLEANPRSF,Tier1
IKL,ADHP,Tier1
AEAQKQLR,VGGRP,Tier1
VPSGK,LWI,Tier1
PHYL,WPP,Tier1
GIISHR,ADGF,Tier1
VKV,LPAGV,Tier1
PHV,IEEAF,Tier1
YYN,RLKKY,Tier1
FHH,YKY,Tier1
TIASGEP,RDMPIQ,Tier1
YRY,YPELF,Tier1
LHN,RHY,Tier1
LLPH,HYVPV,Tier1
PHG,PWI,Tier1
PWH,VGGRP,Tier1
HPLH,RDMPIQ,Tier1
HPHL,LTTLDSE,Tier1
RHM,ECA,Tier1
YMY,GFFDRIKALTKNVTLELLNTITCKLPVTPP,Tier1
YVY,YQEP,Tier1
LARL,SIITMTKEAKLPQLWKQIACRLYNTC,Tier1
AEAQKQLR,NPYVPR,Tier1
IPIQYVL,FEQL,Tier1
PHHADS,PYVRYL,Tier1
HFH,HQIYPV,Tier1
VLEANPRSF,TEFTK,Tier1
YVY,YLG,Tier1
PHG,YPELF,Tier1
GFGPEL,YQEPVLGPVRGPFPIIV,Tier1
RHE,SIITMTKEAKLPQLWKQIACRLYNTC,Tier1
YQY,IVEYF,Tier1
HGGEGGRPYHLGEES,GGLEPINFN,Tier1
HPH,FFGFN,Tier1
WISELG,GFYPPP,Tier1
AQIPQQ,IRW,Tier1
FRDEHKK,ACQ,Tier1
HHP,PWI,Tier1
PPQ,RADHPF,Tier1
NHRYDR,YVL,Tier1
KVLPVPQK,LVMFLDNQHRVIRH,Tier1
LPAGV,FLQEFLHV,Tier1
FLPF,RYLG,Tier1
FEQI,YSTA,Tier1
SRYPS,VVGGDGDV,Tier1
YGGFL,FYQL,Tier1
WEN,ETTL,Tier1
IVEYF,RYLG,Tier1
PHV,KYL,Tier1
TCSP,RYPS,Tier1
LHD,LGNTDYAVH,Tier1
PSYV,AEERYP,Tier1
YTY,DPALATEPDPMPF,Tier1
WEGPK,VAVDKHDYEPLGHSDIGVY,Tier1
LTTLDSE,VLVPK,Tier1
YYL,PSLPA,Tier1
YGY,EFIQ,Tier1
YHH,ECA,Tier1
EFQI,QHGV,Tier1
HYH,GFPSG,Tier1
DDPDKGMLKWKNDFFQEF,DEDTQAMP,Tier1
GAH,VKEAMPK,Tier1
AIEWEGIESGSVEQA,DGVVYY,Tier1
IHH,FPQY,Tier1
PHY,LVDTGRGPIMY,Tier1
WHH,YQEP,Tier1
MPACGSS,IQW,Tier1
EYY,FEQL,Tier1
FHNMEK,KGLWE,Tier1
RWA,YLGAK,Tier1
LWR,WEIKPSSLTGKSPYFSNNHGKL,Tier1
YDY,YMY,Tier1
TCSP,DGVVYY,Tier1
RWQ,DHTKE,Tier1
MYY,PYPQ,Tier1
IQY,YGLN,Tier1
WEGPK,CLV,Tier1
LYEGY,PSLVGRPPVGKLTL,Tier1
PWI,FLQEFLHV,Tier1
YCY,YLG,Tier1
PLHH,YYS,Tier1
PHD,IYPF,Tier1
YVL,AWIRGCRL,Tier1
VNPHDHQN,KHNRGDEF,Tier1
FHH,YCY,Tier1
FDEQE,LAPSLPGKPKPD,Tier1
AWIRGCRL,TEVWDSNEQ,Tier1
AMTGLDA,VVGGDGDV,Tier1
AGWNIPIGT,CLV,Tier1
NHH,PHYL,Tier1
LGNTDYAVH,KDVPP,Tier1
LWD,YQLD,Tier1
YGGFM,ISELGY,Tier1
LWT,PSLPA,Tier1
PWA,RWT,Tier1
LWY,YQEP,Tier1
AKYIPIQYVLSRYPSY,PSKYEPFV,Tier1
HLPH,NHRYDR,Tier1
LWD,IRGCRL,Tier1
DPALATEPDPMPF,FLPF,Tier1
LHK,PHG,Tier1
EYY,WNIP,Tier1
PPQ,CAQ,Tier1
PKAV,AEAQKQLR,Tier1
LWH,TCSP,Tier1
AMTGLDA,YGYTGA,Tier1
YNY,VPYPQ,Tier1
LYY,WYY,Tier1
MHI,RYL,Tier1
GALAAH,SDRDLLGPNNQYLPK,Tier1
GYY,ARHPHPHLSFM,Tier1
PSHDAHPE,PWT,Tier1
LYY,WSY,Tier1
RHW,QGAR,Tier1
DYY,HYVPV,Tier1
LQPGQGQQ,RHH,Tier1
LHD,MHI,Tier1
FLNDFLHV,VAGTWY,Tier1
PHD,YQL,Tier1
LHI,YMY,Tier1
VYY,SIITMTKEAKLPQLWKQIACRLYNTC,Tier1
YQY,LYEGY,Tier1
RHN,AYFYPE,Tier1
RWA,LYY,Tier1
LWA,AVPYPQR,Tier1
VNPHDHQN,QYY,Tier1
FEQI,ISELWG,Tier1
WYGPD,GFYPPP,Tier1
YGGFL,YLMSR,Tier1
LPHH,LHQ,Tier1
AKAWGIPPHVIPQIVPVRIRPLCGNV,PYFNK,Tier1
PWR,VKCFR,Tier1
FPLEMMPF,YQEPVLGPVRGPFPIIV,Tier1
PSHDAHPE,WYSLAM,Tier1
GPP,HYVPV,Tier1
YDY,VGDI,Tier1
ISELGY,GVQEGAGHYALL,Tier1
VSYT,KTFCGRH,Tier1
PEL,ALEPDHR,Tier1
LSGYGP,VPKVK,Tier1
DRVYIHPF,VKP,Tier1
YDY,YLGY,Tier1
PWG,QVVPYPQ,Tier1
LPYY,DVPPYM,Tier1
RHS,WYS,Tier1
YYD,AMRLTYNRPCIYAT,Tier1
AYY,WVYY,Tier1
VKEAMAPK,AMRLTGNRPGLYAT,Tier1
WYY,EEYFPVGGDRPESF,Tier1
WYSLA,GFYPPP,Tier1
SHDAHPE,RYPS,Tier1
YYN,CQC,Tier1
PMDYMVT,LVSK,Tier1
LELHKLRSSHWFSRR,LEQQVDDLEGSLEQEKK,Tier1
LMGQW,DYK,Tier1
FGHPY,WYSLAMA,Tier1
YPEL,DHG,Tier1
ISELGF,YLMSR,Tier1
PHH,AIEWEGIESGSVEQA,Tier1
YPFPG,ISELGY,Tier1
YYV,QHGV,Tier1
ACFL,RADHPFL,Tier1
PSDHDHE,YPELF,Tier1
RHE,RHS,Tier1
IYY,ADGF,Tier1
AEERYP,IVEYF,Tier1
HHW,GIISHR,Tier1
YAEERYPIL,WYSLAMA,Tier1
NGLEGLK,YQIGL,Tier1
LHA,YYV,Tier1
LHE,RHF,Tier1
IQW,VPKVK,Tier1
LGLNGDDVN,YSY,Tier1
PYY,WPP,Tier1
YPFPG,LVSK,Tier1
PWQ,IAPNYNTRATKL,Tier1
PWE,ISELGF,Tier1
HDH,VKEAMPK,Tier1
YYV,GFWDSVKEGLKNAAVTILNKIKCKISECPPA,Tier1
RHQ,PSIPA,Tier1
KHNRGDEF,GGLEPINFN,Tier1
LVGDEQAVPAVCVP,KKY,Tier1
RWH,VAVDKHDYEPLGHSDIGVY,Tier1
SRYPS,IRGCRL,Tier1
RNR,WNIP,Tier1
LQPGQGQQ,YYW,Tier1
HHW,RYLGY,Tier1
KHNRGDEF,LLHH,Tier1
LHR,ACFL,Tier1
RWN,LPF,Tier1
PHD,FHNMEK,Tier1
YPIL,IQW,Tier1
PWV,RWN,Tier1
AHH,LPF,Tier1
VVKL,MYY,Tier1
RHW,NYKQM,Tier1
GPP,LTTLDSE,Tier1
PEL,TETWNPNHPEL,Tier1
CYGPNR,TSQLLSDQ,Tier1
PHS,FALPQYLK,Tier1
NGLEGLK,RNR,Tier1
RHA,RYPS,Tier1
PHN,YQY,Tier1
YPI,AYFYPEL,Tier1
MYY,FHNMEK,Tier1
RWG,FDEQE,Tier1
LWF,SYY,Tier1
RHI,YLG,Tier1
IPIQYVL,KHNRGDEF,Tier1
PHT,WYS,Tier1
AHK,HGGEGGRPYHLGEES,Tier1
VAMVPPFET,YYDPL,Tier1
PYVRYL,LGNTDYAVH,Tier1
HYVPV,AWIRGCRL,Tier1
AMRLTYNRPCIYAT,WPP,Tier1
GTQY,YLGAK,Tier1
AMRLTGNRPGLYAT,CSQAPLA,Tier1
YTY,GVQEGAGHYALL,Tier1
RHQ,FRSGILKLASKIPSVLCAVLKNC,Tier1
ALEPDHR,RPNYTDA,Tier1
YLYP,YEY,Tier1
YPI,GFYPPP,Tier1
LWN,LRGIKNYRVAVL,Tier1
GLLDSVKEGLKKVAGQLLDTLKCKISGCTPA,RYL,Tier1
WSVPQPK,LQGM,Tier1
AAVGGYRVAVL,HQIYPV,Tier1
SHDAHPE,LPL,Tier1
NHH,YIPIQY,Tier1
KVI,YYR,Tier1
PWL,ISELWG,Tier1
TEFTK,SGAF,Tier1
PWA,IPAGM,Tier1
YYQ,TIIPLPV,Tier1
KVI,PWE,Tier1
YYI,QLGNLGV,Tier1
YYS,YIPIQY,Tier1
VFPW,GTQY,Tier1
ADHP,YAKPA,Tier1
EYY,FVNQPYLLYSVHMK,Tier1
PHL,CVHWMTNTARTACIAP,Tier1
VKAGFAWTANQQLS,MYY,Tier1
LHR,PWI,Tier1
LVDTGRGPIMY,PYPQ,Tier1
ESTVPERTHPACPDFN,CAAP,Tier1
YGGFL,YAKPA,Tier1
LPYY,WISELG,Tier1
IIENGEKWS,DGVVYY,Tier1
IKK,VPVTST,Tier1
GYLEQ,WRNRCKGTD,Tier1
NQE,YPELF,Tier1
HPLH,PHCKRM,Tier1
HWH,HDHPVC,Tier1
EFQL,NFHPQ,Tier1
IKL,RHN,Tier1
FLNDFLHV,ACQ,Tier1
VDHDHPE,AEAQKQLR,Tier1
AYY,GFGPEL,Tier1
ADHP,GGLEPINFN,Tier1
SHDAHPE,TERGY,Tier1
GPAGPAG,AMRLTYNRPCIYAT,Tier1
VAMVPPFET,FPQY,Tier1
YSTA,PVMGA,Tier1
YGYTGA,YPI,Tier1
VKAGFAWTANQQLS,AEERYP,Tier1
PHA,ADGF,Tier1
GPLGLLGFLGPLGLS,FYQL,Tier1
WISELG,STMMEERRMKVY,Tier1
YAEERYPIL,IRGCRL,Tier1
NFHPQ,ECA,Tier1
KHNRGDEF,PWW,Tier1
MWL,WYS,Tier1
GALAAH,SVMPVVA,Tier1
PWE,PWG,Tier1
LHF,HHY,Tier1
FIGP,FPLEMMPF,Tier1
LYY,FALPQYLK,Tier1
AKYIPIQYVLSRYPSY,FDSGPAGVL,Tier1
VPSGK,LPAGV,Tier1
PHQ,HHF,Tier1
IANNEADAISLDGGQVFEAG,NEN,Tier1
HWH,IRW,Tier1
PWT,VIPMGL,Tier1
VAWRNRCKGTD,CLV,Tier1
KYY,YPFPG,Tier1
AHK,FRDEHKK,Tier1
WYSLAMAASDI,RHL,Tier1
GAWA,LLR,Tier1
FRDEHKK,IYY,Tier1
RHN,RHPHP,Tier1
LWK,RNDDLNYIQ,Tier1
PYY,LYEGY,Tier1
KTFCGRH,QVVPYPQ,Tier1
VQYPVEHPNKFLKFGMTPSKGVLFY,RYPS,Tier1
CME,CHI,Tier1
MWL,IRGCRL,Tier1
YSTA,TYQTF,Tier1
RHA,ETTL,Tier1
VKEAMPK,YLGAK,Tier1
MYY,VLVPK,Tier1
LELHKLRSSHWFSRR,YYA,Tier1
WISELGW,LLR,Tier1
GPP,SWN,Tier1
NHAV,GFGPEL,Tier1
AMRLTGNRPGLYAT,MPDAHL,Tier1
VKAGFAWTANQQLS,VKRRGQDCIHGFCSD,Tier1
NRVYIHPFHLLVYS,NHAV,Tier1
LWA,PWN,Tier1
YIY,GTW,Tier1
IYY,SYY,Tier1
PWV,LVMFLDNQHRVIRH,Tier1
LHM,MPACGSS,Tier1
YQEPVLGP,TRTGDPFF,Tier1
HNPI,GLLDSVKEGLKKVAGQLLDTLKCKISGCTPA,Tier1
PIAAEVYEHTEGSTTSY,CAQ,Tier1
AAVGGYRVAVL,HDHPVC,Tier1
LPHH,YYG,Tier1
RHK,YLKT,Tier1
FRDEHKK,WVYY,Tier1
CYGPNR,ISELGF,Tier1
AMRLTYNRPCLGAT,NPYVPR,Tier1
PWW,SFGAKNAVKNGLQKLRNQCQANNYQGPFCDIFKKNP,Tier1
AQIPQQ,RYQ,Tier1
QWPAQ,RADHP,Tier1
LWS,FEQI,Tier1
YYW,YIPIQY,Tier1
TIIPLPV,VGDI,Tier1
YRY,DWDPK,Tier1
AMRLTYNRPCLGAT,VPYPQ,Tier1
YYF,WSRRGEREEEDERRR,Tier1
YYN,YQKFPQY,Tier1
RHM,YPPAK,Tier1
RHG,DGVVYY,Tier1
YSTA,APIRMWYMYRKLTDMEPKPVA,Tier1
HHPL,IYPF,Tier1
HHPL,LHR,Tier1
VVKL,HHPL,Tier1
PWR,QYP,Tier1
GWNIP,RASDPLLSV,Tier1
LHE,PWT,Tier1
VHHANEN,VKAGFAWTANQQLS,Tier1
RWI,AYPS,Tier1
IEAEGE,PHQ,Tier1
WEIKPSSLTGKSPYFSNNHGKL,RADHPFL,Tier1
FIKK,DYK,Tier1
NQE,LLPHHH,Tier1
RHN,EFQL,Tier1
LHQ,MWL,Tier1
HLPLPL,DLEE,Tier1
PPQ,HHPL,Tier1
AHK,YQEPVLGPVRGPFPIIV,Tier1
RHV,HYH,Tier1
VLEANPRSF,DHG,Tier1
LWD,GALAAH,Tier1
WEIKPSSLTGKSPYFSNNHGKL,APIRMWYMYRKLTDMEPKPVA,Tier1
YYIVS,VPKVK,Tier1
PLHH,FPQY,Tier1
PHW,YGYTGA,Tier1
PMDYMVT,FHNMEK,Tier1
RHE,DVFRELRVQ,Tier1
LHK,DHTKE,Tier1
YLY,YLGY,Tier1
DSGVT,YVEEL,Tier1
TGGGNV,YVL,Tier1
RHK,RYQ,Tier1
EFQI,GFGPEL,Tier1
IAPNYNTRATKL,QYDQGV,Tier1
YYF,IANNEADAISLDGGQVFEAG,Tier1
LALPA,YSTA,Tier1
KYY,YNY,Tier1
PWQ,YSEMPPGK,Tier1
YAEERYPIL,PWY,Tier1
PLFQNKLAHAK,PYY,Tier1
LWR,AWDPE,Tier1
LWD,PWN,Tier1
PHF,TERGY,Tier1
YLYP,PWQ,Tier1
MHIRL,HEKVC,Tier1
IEEAF,WYGPD,Tier1
QYY,TVYQ,Tier1
GFWDSVKEGLKNAAVTILNKIKCKISECPPA,ISELWG,Tier1
LWY,SDRDLLGPNNQYLPK,Tier1
IPAGM,AWDPE,Tier1
DAQEKLE,SALAM,Tier1
RHD,VLEANPRSF,Tier1
HYH,LMGQW,Tier1
HFGDPFH,FRDEHKK,Tier1
DSGVT,YYS,Tier1
AHH,LEQQVDDLEGSLEQEKK,Tier1
FVNQPYLLYSVHMK,FFGFN,Tier1
EFIQ,VPW,Tier1
PHQ,TEFTK,Tier1
YSTA,AGWNI,Tier1
VKL,RWY,Tier1
RHM,YSY,Tier1
LHF,CVHWMTNTARTACIAP,Tier1
GPAGPAG,YIPIQY,Tier1
IPIQYVL,PWN,Tier1
PWA,YGY,Tier1
LTTLDSE,RYL,Tier1
NHRYDR,AGTTCLFTPLALPYDYSH,Tier1
RWR,THH,Tier1
HLPLPL,IRW,Tier1
VKV,TTYY,Tier1
EWPAQ,YQEPVLGPVRGPFPIIV,Tier1
TCSP,QVVPYPQ,Tier1
VHHANEN,LHW,Tier1
LLR,FVPH,Tier1
SHH,RYY,Tier1
PWN,HEKVC,Tier1
GSGGL,TRTGDPFF,Tier1
VLEANPRSF,GIISHR,Tier1
YYDPL,SGAF,Tier1
YQK,FPQY,Tier1
HHY,ISELWG,Tier1
PPQ,FDEQE,Tier1
VAWRNRCKGTD,VKRRGQDCIHGFCSD,Tier1
EEYFPVGGDRPESF,SNAAC,Tier1
FDSGPAGVL,MEMK,Tier1
YGYTGA,HEKVC,Tier1
YFYPEL,FRSGILKLASKIPSVLCAVLKNC,Tier1
PSYV,ETTL,Tier1
IRW,VLSRYPS,Tier1
FVNQPYLLYSVHMK,AYFYPEL,Tier1
WYY,DYK,Tier1
LPL,VKRRGQDCIHGFCSD,Tier1
YIY,TEFTK,Tier1
GAWA,NHAV,Tier1
HLPLPL,YYV,Tier1
YCY,WYGPD,Tier1
GAWA,PYVRYL,Tier1
LVNPHDHQN,GIISHR,Tier1
NQE,YYV,Tier1
YAY,TEFTK,Tier1
QYY,WPL,Tier1
VHHANEN,VPYPQ,Tier1
NADFGLNGLEGLA,LYPY,Tier1
GSGGL,FLPF,Tier1
AMRLTYNKPCLYGT,GLTSK,Tier1
KVI,FVPH,Tier1
EFQI,GFYPPP,Tier1
VKAGFAWTANQQLS,DHTKE,Tier1
YKY,KLSDW,Tier1
LPF,SDRDLLGPNNQYLPK,Tier1
LWN,HGGEGGRPYHLGEES,Tier1
YYF,LEQQVDDLEGSLEQEKK,Tier1
SWN,LAC,Tier1
RWI,GEGSGA,Tier1
FVAGK,MHH,Tier1
PYY,GWNI,Tier1
MYY,SWN,Tier1
PEL,RLKKY,Tier1
LHN,PHK,Tier1
RHT,VQYPVEHPNKFLKFGMTPSKGVLFY,Tier1
NRVYIHPFHLLVYS,YLAGMN,Tier1
RHI,CVHWMTNTARTACIAP,Tier1
DYY,LGFEYY,Tier1
RHL,YQEP,Tier1
LHL,VAVDKHDYEPLGHSDIGVY,Tier1
LALPA,MPACGSS,Tier1
HHLP,IRGCRL,Tier1
LLHH,RHA,Tier1
VNPHDHQN,LWW,Tier1
FRDEHKK,YGY,Tier1
RWN,FLNDFLHV,Tier1
LWK,NHK,Tier1
LWW,TCSP,Tier1
TETWNPNHPEL,LLPF,Tier1
YAKPA,VVGGDGDV,Tier1
LWY,YLKT,Tier1
NHRYDR,YQEPVLGPVRGPFPIIV,Tier1
LHPH,FKK,Tier1
LHE,VKEAMAPK,Tier1
RWH,DRVYIHPF,Tier1
FHH,GEGSGA,Tier1
YFYPEL,YSY,Tier1
PSYV,HLH,Tier1
PWI,RHK,Tier1
RHH,KTFCGRH,Tier1
GGIF,LLPF,Tier1
HWH,YPELF,Tier1
LQPGQGQQG,MQFHT,Tier1
VECYGPNRPQF,LEQQVDDLEGSLEQEKK,Tier1
LHV,NPYVPR,Tier1
AADNANELFPPN,VPVTST,Tier1
RNR,YHY,Tier1
WHH,YGLN,Tier1
KHNRGDEF,AGGF,Tier1
YYI,LAPSLPGKPKPD,Tier1
LDY,LFC,Tier1
VSYT,YGGFM,Tier1
NHH,YPIL,Tier1
YAEERYPIL,AKYIPIQYVLSRYPSY,Tier1
IHH,LVSK,Tier1
VNPHDHQN,MHI,Tier1
LQPGQGQQ,IKK,Tier1
TGGGNV,QVVPYPQ,Tier1
VKL,CVHWMTNTARTACIAP,Tier1
LPL,FVNQPYLLYSVHMK,Tier1
LLPHH,PHR,Tier1
LHK,VLVPK,Tier1
GGLEPINFN,LAC,Tier1
LWQ,APIRMWYMYRKLTDMEPKPVA,Tier1
PHT,RYQ,Tier1
LAPSLPGKPKPD,IQW,Tier1
VECYGPNRPQF,WRNRCKGTD,Tier1
IEAEGE,LWT,Tier1
MYY,WSY,Tier1
PSIPA,LANAK,Tier1
IAPNYNTRATKL,LGFEY,Tier1
HLPLPL,LWA,Tier1
LKQELEDLLEKQE,NHAV,Tier1
PHV,VQYPVEHPNKFLKFGMTPSKGVLFY,Tier1
PWV,WYSLA,Tier1
KVLPVPQK,VECYGPNRPQF,Tier1
HPH,DDPDKGMLKWKNDFFQEF,Tier1
SALAM,GIISHR,Tier1
HPH,MPDAHL,Tier1
NHAV,FEQI,Tier1
PSHDAHPE,SIITMTKEAKLPQLWKQIACRLYNTC,Tier1
HEH,YFE,Tier1
LHF,PHV,Tier1
WPP,RYLGY,Tier1
LHQ,IVEYF,Tier1
LWK,YQEPVLGP,Tier1
LHI,GAH,Tier1
LQL,QWPAQ,Tier1
PHA,RWQ,Tier1
YHY,CHI,Tier1
HHPLL,DLEE,Tier1
HFGDPFH,YYY,Tier1
AMTGLDA,LEEAF,Tier1
PYY,WIRGCRL,Tier1
GLTSK,CSQAPLA,Tier1
YEADARSFHDLAEHDIRV,SDRDLLGPNNQYLPK,Tier1
LHQ,YEADARSFHDLAEHDIRV,Tier1
NQE,AMRLTYNRPCIYAT,Tier1
PSIPA,AGWNIPIGT,Tier1
LHF,QWPAQ,Tier1
LVGDEQAVPAVCVP,ACFL,Tier1
HHLP,PHV,Tier1
LHG,DWDPK,Tier1
LVNPHDHQN,LWA,Tier1
IPIQYVL,GYLEQ,Tier1
TTYY,RYPS,Tier1
AMRLTYNRPCLGAT,HYVPV,Tier1
LWA,GAH,Tier1
RHF,VKRRGQDCIHGFCSD,Tier1
YYM,LAC,Tier1
RHS,HEH,Tier1
LHV,NEN,Tier1
LQPGQGQQ,SRYPS,Tier1
PHF,AYY,Tier1
RHT,GFGPEL,Tier1
QYY,FRSGILKLASKIPSVLCAVLKNC,Tier1
VIPAGYP,GIFE,Tier1
GVPLT,CHI,Tier1
IHH,RASDPLLSV,Tier1
NYY,VAWRNRCKGTD,Tier1
PLFQNKLAHAK,VPYPQ,Tier1
RYY,FPQY,Tier1
HFH,DRVYIHPF,Tier1
YLAGMN,SGQYFL,Tier1
AMRLTGNRPGLYAT,SGAF,Tier1
DDPDKGMLKWKNDFFQEF,RCMAFLLSDGAAAAQQLLPQYW,Tier1
ACFL,HGGEGGRPYHLGEES,Tier1
PHD,TYY,Tier1
YPFPG,AGWNIPIGT,Tier1
FFGFN,RYLG,Tier1
VHH,LWM,Tier1
AMRLTYNRPCLGAT,SGAF,Tier1
YHH,YYT,Tier1
RWY,KLSDW,Tier1
LWT,SYY,Tier1
NQE,PHN,Tier1
WYY,TYY,Tier1
HGPLGPL,PLHH,Tier1
AYY,AMTGLDA,Tier1
LWI,EQC,Tier1
VHHANEN,KYY,Tier1
FVAGK,LWG,Tier1
LWA,GFFDRIKALTKNVTLELLNTITCKLPVTPP,Tier1
YEY,FLQEFLHV,Tier1
PWG,MILMR,Tier1
PHA,PWL,Tier1
LNGDVW,YPIL,Tier1
WYSL,FIPGLRRLFATVVPTVVCAINKLPPG,Tier1
GPGGFI,PVDENDEG,Tier1
SHH,PYFNK,Tier1
PWI,YEY,Tier1
VKEAMAPK,LEQQVDDLEGSLEQEKK,Tier1
IHH,YYG,Tier1
YVGD,LGNTDYAVH,Tier1
GSGGL,ISELGY,Tier1
HFGDPFH,YYS,Tier1
VNPHDHQN,WISELG,Tier1
RHF,FVNQPYLLYSVHMK,Tier1
AEAQKQLR,LEELEEELEGCE,Tier1
YWVTSGPK,GVQEGAGHYALL,Tier1
DYY,FFAPGRNPTSFS,Tier1
LWG,GFFDRIKALTKNVTLELLNTITCKLPVTPP,Tier1
PWD,HGGEGGRPYHLGEES,Tier1
AVPYPQR,YVEEL,Tier1
RWI,LGFEYY,Tier1
FVAGK,RYQ,Tier1
PMDYMVT,WDR,Tier1
FDEQE,AGGF,Tier1
LPAGV,QHGV,Tier1
YLY,TEFTK,Tier1
MHH,FIGP,Tier1
AIRQGDVF,GYLEQ,Tier1
RHH,FLNDFLHV,Tier1
LYY,RLKKY,Tier1
PHQ,GPLGLLGFLGPLGLS,Tier1
LQPGQGQQ,YYF,Tier1
FPLEMMPF,YQL,Tier1
IYY,WRNRCKGTD,Tier1
PWH,GFGPEL,Tier1
LWF,DPALATEPDPMPF,Tier1
RADHP,GGIF,Tier1
LHN,YCY,Tier1
GPP,EERYP,Tier1
EFQL,AMRLTYNRPCIYAT,Tier1
YPEL,PSYV,Tier1
LWA,CAQ,Tier1
YQY,MHIRL,Tier1
YYQ,YYS,Tier1
YLL,VAGTWY,Tier1
WDR,EQC,Tier1
VNPHDHQN,YYDPL,Tier1
YPEL,PWQ,Tier1
YFE,LTC,Tier1
PIAAEVYEHTEGSTTSY,CLV,Tier1
VHH,FLQEFLHV,Tier1
HWH,YLKT,Tier1
LWE,AHH,Tier1
YTY,GPP,Tier1
QHH,AGGF,Tier1
YEDCTDCGN,PGVPWP,Tier1
QCL,GEC,Tier1
LHK,FIKK,Tier1
WYSLAM,YAKP,Tier1
HHW,YYQ,Tier1
NGPLQAGQPGER,LNGDVW,Tier1
YPPAK,FIKK,Tier1
YNY,AYPS,Tier1
QWPAQ,KFPE,Tier1
YYL,RASDPLLSV,Tier1
VPNSYP,ACQ,Tier1
KVI,LLHH,Tier1
LHT,GEC,Tier1
EYY,ARHPHP,Tier1
GLLDSVKEGLKKVAGQLLDTLKCKISGCTPA,LLPF,Tier1
HPHL,LHT,Tier1
FLKPLFNAALKLLP,IRGCRL,Tier1
PHS,VYY,Tier1
YRY,AYY,Tier1
LHL,RADHP,Tier1
YAEERYPIL,RPPGFSPFR,Tier1
IKL,AWDPE,Tier1
LWV,AKAWGIPPHVIPQIVPVRIRPLCGNV,Tier1
KVLPVPQK,DWDPK,Tier1
HYY,TEFTK,Tier1
LHF,VECYGPNRPQF,Tier1
GYY,YQK,Tier1
LHF,LWS,Tier1
YSY,DGVVYY,Tier1
YNY,LANAK,Tier1
FDSGPAGVL,YQLD,Tier1
AMTGLDA,HYVPV,Tier1
LQSGDALRVPSGTTYY,RNR,Tier1
YYH,LGNTDYAVH,Tier1
MWL,DDPDKGMLKWKNDFFQEF,Tier1
LHH,LHQ,Tier1
RPNYTDA,DLEE,Tier1
YYV,QCH,Tier1
AHK,NHRYDR,Tier1
VCSV,VIPMGL,Tier1
FIKK,LVSK,Tier1
RHM,YLL,Tier1
PAGY,LHL,Tier1
PEL,DYK,Tier1
RHD,RHY,Tier1
NGPLQAGQPGER,YWY,Tier1
RWN,HHW,Tier1
GHH,HYY,Tier1
PHN,LVDTGRGPIMY,Tier1
LEELEEELEGCE,VAMVPPFET,Tier1
YYA,TEFTK,Tier1
DSGVT,PHR,Tier1
LWR,EYY,Tier1
AAVGGYRVAVL,RADHPFL,Tier1
PWW,NPYVPR,Tier1
PSYV,RHF,Tier1
WYSL,VLSRYPS,Tier1
VKL,RHW,Tier1
EELDNALN,PYPQ,Tier1
RWG,KFPE,Tier1
LWE,AGWNIPIGT,Tier1
HHP,RHE,Tier1
HPHL,RYY,Tier1
PWW,CVHWMTNTARTACIAP,Tier1
LWE,ISELWG,Tier1
RHQ,YYV,Tier1
PHYL,YLGAK,Tier1
GIISHR,GTW,Tier1
ADGF,VKRRGQDCIHGFCSD,Tier1
HVCYMF,LVSK,Tier1
KFPE,CAQ,Tier1
YYR,TERGY,Tier1
RHY,LGFEY,Tier1
VLYEE,YQKFPQY,Tier1
VKEAMPK,WYT,Tier1
YPEL,YRY,Tier1
HHW,AMRLTYNRPCLGAT,Tier1
LVDTGRGPIMY,WSVPQPK,Tier1
YAKPA,FLPF,Tier1
LHD,KGLWE,Tier1
LWN,PHF,Tier1
PSKYEPFV,FYY,Tier1
LWI,LPF,Tier1
YPELF,WEN,Tier1
PYVRYL,KLSDW,Tier1
ESTVPERTHPACPDFN,PHS,Tier1
RWR,DEDTQAMP,Tier1
YYY,SNAAC,Tier1
PHF,YNY,Tier1
LGLNGDDVN,PYSFK,Tier1
MTEEY,YLGY,Tier1
YLYP,YQY,Tier1
SNAAC,SDRDLLGPNNQYLPK,Tier1
LHPH,ESTTVPERTHPACPDFN,Tier1
WPP,PSLVGRPPVGKLTL,Tier1
LHF,LPHSGY,Tier1
VHDY,HEKVC,Tier1
PHT,WIRGCRL,Tier1
FDSGPAGVL,RWL,Tier1
VIPMGL,DHG,Tier1
PWA,YDY,Tier1
PHH,LYY,Tier1
PWN,DEDTQAMP,Tier1
PLHH,VKP,Tier1
AGWNI,GLTSK,Tier1
HLHP,VSYT,Tier1
RHM,VAMVPPFET,Tier1
FIGP,TCSP,Tier1
LQPGQGQQG,IEAEGE,Tier1
IKL,PAGY,Tier1
SHDAHPE,AQIPQQ,Tier1
LHPH,YNI,Tier1
RHM,ADGF,Tier1
LPHH,HHPL,Tier1
WHH,YLKT,Tier1
LHM,QLGNLGV,Tier1
ADHP,SNAAC,Tier1
CYGPNR,RYLG,Tier1
PKAVHE,PWR,Tier1
PSLPA,VKEAMAPK,Tier1
LWM,WYSLA,Tier1
FFAPGRNPTSFS,TSQLLSDQ,Tier1
VHDY,YLAGMN,Tier1
LLPHH,RHG,Tier1
PWN,GEGSGA,Tier1
CHI,GFYPPP,Tier1
GYLEQ,AEEEYPDL,Tier1
HGGEGGRPYHLGEES,DHG,Tier1
LLHH,GGIF,Tier1
PWS,RWG,Tier1
VAVDKHDYEPLGHSDIGVY,FVPH,Tier1
IPIQYVL,WVYY,Tier1
WYSLA,RYPS,Tier1
NQE,LSGYGP,Tier1
ISELWG,ARHPHP,Tier1
PKAVHE,FDSGPAGVL,Tier1
HFGDPFH,IVEYF,Tier1
VHHANEN,VHDY,Tier1
MYY,WYS,Tier1
FLQEFLHV,LMGQW,Tier1
LHH,YQEP,Tier1
GPGGFI,EERYP,Tier1
PWR,WDR,Tier1
WYS,AMRLTGNRPGLYAT,Tier1
LWY,CQC,Tier1
YYW,GLLDSVKEGLKKVAGQLLDTLKCKISGCTPA,Tier1
PWQ,ACFL,Tier1
YYL,VVGGDGDV,Tier1
VSYT,RADHPF,Tier1
HFGDPFH,FRADHPFL,Tier1
RHV,EFQL,Tier1
WSVPQPK,CHI,Tier1
AKYIPIQYVLSRYPSY,SDRDLLGPNNQYLPK,Tier1
PPQ,SRYPS,Tier1
ESTVPERTHPACPDFN,SIITMTKEAKLPQLWKQIACRLYNTC,Tier1
YYD,YNY,Tier1
FIPGLRRLFATVVPTVVCAINKLPPG,PGVPWP,Tier1
CME,VAGTWY,Tier1
IKK,VAMVPPFET,Tier1
LQPGQGQQ,YYIVS,Tier1
PHE,HEH,Tier1
LEELEEELEGCE,PMDYMVT,Tier1
NADFGLNGLEGLA,DPALATEPDPMPF,Tier1
LWY,IQY,Tier1
YYS,YYDPL,Tier1
PHD,YLL,Tier1
VIPAGYP,YYDPL,Tier1
VQYPVEHPNKFLKFGMTPSKGVLFY,VHDY,Tier1
RWI,VAWRNRCKGTD,Tier1
VLSRYPS,MPDAHL,Tier1
SYY,EERYP,Tier1
HWH,WYSL,Tier1
IHH,YYDPL,Tier1
LPTSEAAKY,HNPI,Tier1
YYG,DPALATEPDPMPF,Tier1
FRDEHKK,PWY,Tier1
PWD,HNPI,Tier1
RHV,LVDTGRGPIMY,Tier1
GGIF,DYK,Tier1
SVYT,FRSGILKLASKIPSVLCAVLKNC,Tier1
RHF,YEADARSFHDLAEHDIRV,Tier1
PEL,YYG,Tier1
PHL,PIAAEVYEHTEGSTTSY,Tier1
YPIL,YYDPL,Tier1
YRY,VPNSYP,Tier1
LHV,EFQL,Tier1
HHPL,YTY,Tier1
NQE,FHNMEK,Tier1
WEIKPSSLTGKSPYFSNNHGKL,AIRQGDVF,Tier1
RHD,AIRQGDVF,Tier1
IKK,HQIYPV,Tier1
AHH,AADNANELFPPN,Tier1
YYV,YPIL,Tier1
VECYGPNRPQF,MTEEY,Tier1
AHH,IAPNYNTRATKL,Tier1
PSHDAHPE,HYH,Tier1
HHP,SRYPS,Tier1
FEQI,WYS,Tier1
AVPYPQR,DDPDKGMLKWKNDFFQEF,Tier1
EEYFPVGGDRPESF,LTTLDSE,Tier1
GIISHR,QCH,Tier1
PSHDAHPE,TRTGDPFF,Tier1
LWE,YYA,Tier1
YQY,YPIL,Tier1
TETWNPNHPEL,YLL,Tier1
RWL,PVDENDEG,Tier1
FIGP,HDHPVC,Tier1
PHR,YAKPA,Tier1
LMCH,AYFYPE,Tier1
WYSLAMAASDI,VECYGPNRPQF,Tier1
CYGPNR,FFAPGRNPTSFS,Tier1
QYY,WEIKPSSLTGKSPYFSNNHGKL,Tier1
EYY,YYH,Tier1
YYE,IKK,Tier1
HWH,YYIVS,Tier1
NRVYIHPFHLLVYS,AWDPE,Tier1
LWY,LPL,Tier1
YAY,PYVRYL,Tier1
LHS,PWD,Tier1
LHA,LHG,Tier1
FDEQE,GFYPPP,Tier1
GTQY,YYIVS,Tier1
PHA,LSGNK,Tier1
NGLEGLK,YLGY,Tier1
NHH,YNY,Tier1
LHD,APIRMWYMYRKLTDMEPKPVA,Tier1
GHH,RASDPLLSV,Tier1
PHR,YYH,Tier1
YNI,AMRLTGNRPGLYAT,Tier1
PPQ,YYA,Tier1
EELDNALN,SIITMTKEAKLPQLWKQIACRLYNTC,Tier1
LLHH,LHPH,Tier1
TRTGDPFF,YQK,Tier1
YFE,DHTKE,Tier1
LHI,LEQQVDDLEGSLEQEKK,Tier1
SIITMTKEAKLPQLWKQIACRLYNTC,SDRDLLGPNNQYLPK,Tier1
VVKL,WPP,Tier1
PKAV,HEH,Tier1
PAGY,YYE,Tier1
LQPGQGQQG,AGGF,Tier1
LWA,GPAGPAG,Tier1
LWH,SFGAKNAVKNGLQKLRNQCQANNYQGPFCDIFKKNP,Tier1
PHG,WIRGCRL,Tier1
EAK,YYQ,Tier1
QWPAQ,WYS,Tier1
YAKP,FFGFN,Tier1
GAH,YVEEL,Tier1
LWT,GQVPP,Tier1
VNPHDHQN,CVHWMTNTARTACIAP,Tier1
YKY,IQY,Tier1
YPI,AYFYPE,Tier1
PHR,LDK,Tier1
PNRPQF,LLHH,Tier1
LEEAF,RYL,Tier1
LLPH,PHA,Tier1
YYIVS,EQC,Tier1
LWE,WSRRGEREEEDERRR,Tier1
YLAGMN,AEEEYPDL,Tier1
YYA,WYY,Tier1
WPL,WDR,Tier1
EWPAQ,GYLEQ,Tier1
PHY,FRSGILKLASKIPSVLCAVLKNC,Tier1
RHV,HHF,Tier1
RHE,YYR,Tier1
PGVPWP,YLGY,Tier1
PWN,TRTGDPFF,Tier1
YLYP,YGY,Tier1
GPGGFI,NHK,Tier1
GFPSG,TCSP,Tier1
LLHH,IANNEADAISLDGGQVFEAG,Tier1
LHE,YPFPG,Tier1
YAEERYPIL,IIENGEKWS,Tier1
PHL,YLGAK,Tier1
FRSGILKLASKIPSVLCAVLKNC,FLPF,Tier1
IPIQYVL,RADHPFL,Tier1
PEL,TCSP,Tier1
NYY,RASDPLLSV,Tier1
HGPLGPL,ISELWG,Tier1
LHK,PVDENDEG,Tier1
LWQ,PHI,Tier1
IPIQYVL,HFH,Tier1
LKQELEDLLEKQE,YLGAK,Tier1
DYY,TTYY,Tier1
AIRQGDVF,VPW,Tier1
LHH,LGY,Tier1
PAGY,YGGFL,Tier1
PWW,WDDMEK,Tier1
HPHL,FEQL,Tier1
LHQ,YHY,Tier1
RWG,AYY,Tier1
YCY,VECYGPNRPQF,Tier1
LVGDEQAVPAVCVP,FKK,Tier1
VPYPQ,GFGPEL,Tier1
RWQ,AWIRGCRL,Tier1
ISELGF,DYK,Tier1
LWE,YQL,Tier1
AIEWEGIESGSVEQA,YQKFP,Tier1
PWF,LAC,Tier1
KYY,WPP,Tier1
GAH,EEYFPVGGDRPESF,Tier1
NQE,LWN,Tier1
YQY,EFLQ,Tier1
VIPAGYP,LTC,Tier1
HMPVTK,SGQYFL,Tier1
HWH,KTFCGRH,Tier1
NYY,LRGIKNYRVAVL,Tier1
GYLEQ,AWIRGCRL,Tier1
PHT,YYDPL,Tier1
YHY,YWY,Tier1
PYPQ,YQEPVLGPVRGPFPIIV,Tier1
ESTVPERTHPACPDFN,PHD,Tier1
LHS,RADHP,Tier1
YFYPEL,NHK,Tier1
NADFGLNGLEGLA,YLG,Tier1
YPIL,LSGYGP,Tier1
GEC,KLSDW,Tier1
PMDYMVT,FFAPGRNPTSFS,Tier1
ISELGW,KYL,Tier1
KVI,RWW,Tier1
RHN,DLEE,Tier1
AADNANELFPPN,DGVVYY,Tier1
AGWNIPIGT,KKY,Tier1
WSVPQPK,KKY,Tier1
EEEQVGQGYETIRARL,SDRDLLGPNNQYLPK,Tier1
GFYPPP,RYLG,Tier1
PHH,MEMK,Tier1
LVDTGRGPIMY,GGIF,Tier1
PWH,FLPF,Tier1
FRADHPFL,WYGPD,Tier1
FPLEMMPF,NEN,Tier1
PWL,SYY,Tier1
MWL,GEC,Tier1
LHT,IIENGEKWS,Tier1
EFQL,LPM,Tier1
RWG,HHF,Tier1
LWD,WHH,Tier1
HEH,YIY,Tier1
PWD,IIENGEKWS,Tier1
AMRLTYNRPCIYAT,VPYPQ,Tier1
WEN,QCL,Tier1
LKQELEDLLEKQE,FRSGILKLASKIPSVLCAVLKNC,Tier1
PWY,RYQ,Tier1
LWR,VPW,Tier1
IRW,LDY,Tier1
AQIPQQ,VKP,Tier1
RWE,YYH,Tier1
LALPA,ACQ,Tier1
YYL,YLGAK,Tier1
LYY,YLGY,Tier1
NYKQM,PGVPWP,Tier1
YYN,YQEP,Tier1
PHW,YLGAK,Tier1
LQPGQGQQ,LAC,Tier1
VNPHDHQN,YGYTGA,Tier1
FLHRP,FRSGILKLASKIPSVLCAVLKNC,Tier1
LWR,PWE,Tier1
ECA,AYFYPE,Tier1
FLQEFLHV,WISELGW,Tier1
LQPGQGQQG,WIRGCRL,Tier1
PWL,AMRLTYNRPCLGAT,Tier1
SDF,SGAF,Tier1
PWL,LSGNK,Tier1
LHF,AWIRGCRL,Tier1
LQGM,KKY,Tier1
FLHRP,WYSL,Tier1
HPHL,SIITMTKEAKLPQLWKQIACRLYNTC,Tier1
KAI,YYH,Tier1
TVYQ,ACQ,Tier1
LHM,LGFEYY,Tier1
PWI,WHH,Tier1
WVYY,YYDPL,Tier1
YPPAK,DYK,Tier1
LWV,YTY,Tier1
HYH,GALAAH,Tier1
VFPW,HYVPV,Tier1
LEEAF,AWDPE,Tier1
GPP,GFGPEL,Tier1
LQPGQGQQG,NQE,Tier1
RHM,RDMPIQ,Tier1
VHH,YLY,Tier1
LQSGDALRVPSGTTYY,STMMEERRMKVY,Tier1
WISELGW,GFYPPP,Tier1
LEQQVDDLEGSLEQEKK,VLEANPRSF,Tier1
LKQELEDLLEKQE,PSYV,Tier1
LWQ,YGGFM,Tier1
SHH,RPNYTDA,Tier1
HPH,LPHH,Tier1
HFH,YQK,Tier1
PKAVHE,GPAGPAG,Tier1
NGLEGLK,FRDEHKK,Tier1
WSVPQPK,SGQYFL,Tier1
VECYG,YQK,Tier1
HLHP,VKEAMPK,Tier1
IAPNYNTRATKL,YLGY,Tier1
HPHL,VSYT,Tier1
PSKYEPFV,WHNVSGSP,Tier1
RWI,FRSGILKLASKIPSVLCAVLKNC,Tier1
HHW,GGIF,Tier1
VKCFR,DLEE,Tier1
PWG,DDPDKGMLKWKNDFFQEF,Tier1
LGLNGDDVN,YPIL,Tier1
LYY,AVPYPQR,Tier1
LQPGQGQQ,FLNDFLHV,Tier1
FLKPLFNAALKLLP,AGTTCLFTPLALPYDYSH,Tier1
VKCFR,IVEYF,Tier1
VLPVPQK,VLEANPRSF,Tier1
PNRPQF,RHK,Tier1
PWA,TERGY,Tier1
AADNANELFPPN,DDPDKGMLKWKNDFFQEF,Tier1
PHL,GQVPP,Tier1
PHV,FLHRP,Tier1
FYPEL,GTW,Tier1
LHE,VGDI,Tier1
FPLEMMPF,VLSRYPS,Tier1
NADFGLNGLEGLA,RHH,Tier1
GEC,PGVPWP,Tier1
KHNRGDEF,GGE,Tier1
PSHDAHPE,WPL,Tier1
HHF,NHH,Tier1
THH,WHNVSGSP,Tier1
PHH,YYY,Tier1
PHN,WVYY,Tier1
RHW,ADF,Tier1
THH,LMGQW,Tier1
LWE,QYDQGV,Tier1
ARHPHP,LSGNK,Tier1
PYY,LVMFLDNQHRVIRH,Tier1
PKAV,EYY,Tier1
LHS,RHM,Tier1
HHPLL,RYLGY,Tier1
AHK,RHL,Tier1
LWI,WYSLA,Tier1
IYY,AGWNI,Tier1
NYY,LTTLDSE,Tier1
PHN,LQL,Tier1
GLTSK,KYL,Tier1
LMGQW,IYPF,Tier1
LWW,WHH,Tier1
AYY,HMPVTK,Tier1
HPH,GEGSGA,Tier1
EEEQVGQGYETIRARL,SVYT,Tier1
GAH,GQFNDKRWIPFG,Tier1
NADFGLNGLEGLA,PWD,Tier1
IIENGEKWS,TIIPLPV,Tier1
PPK,VGGRP,Tier1
LHG,VPNSYP,Tier1
FIGP,YGYTGA,Tier1
ESTVPERTHPACPDFN,GYY,Tier1
EYY,NHK,Tier1
LHS,YSY,Tier1
VPW,SRYPS,Tier1
LWD,LLPF,Tier1
ALEPDHR,LTTLDSE,Tier1
RHV,AHH,Tier1
FVAGK,HPH,Tier1
LHE,RHI,Tier1
VGDI,ETTL,Tier1
RWW,LANAK,Tier1
LHS,HWH,Tier1
VHDY,PVDENDEG,Tier1
RHW,PIAAEVYEHTEGSTTSY,Tier1
VECYGPNRPQF,VGDI,Tier1
GPLGLLGFLGPLGLS,YLGY,Tier1
YWY,LGFEYY,Tier1
YYY,AEEEYPDL,Tier1
LWM,YYG,Tier1
RWI,DVFRELRVQ,Tier1
YNL,MTEEY,Tier1
VDYP,AKAWGIPPHVIPQIVPVRIRPLCGNV,Tier1
YYV,TGGGNV,Tier1
TEFTK,KKY,Tier1
PSHDAHPE,RASDPLLSV,Tier1
LSGNK,DWDPK,Tier1
AADNANELFPPN,GWNIP,Tier1
LWS,WHNVSGSP,Tier1
LEELEEELEGCE,RDMPIQ,Tier1
AADNANELFPPN,DHTKE,Tier1
YYW,AMRLTGNRPGLYAT,Tier1
PWL,DEDTQAMP,Tier1
KAI,YQIGL,Tier1
VHHANEN,IYPF,Tier1
PWG,QYP,Tier1
HHP,RHW,Tier1
RWR,YLY,Tier1
YFE,VCSV,Tier1
HLH,RHG,Tier1
FRADHPFL,YVL,Tier1
KAI,GFPSG,Tier1
HMPVTK,AEEEYPDL,Tier1
LHW,GAWA,Tier1
AMRLTGNRPGLYAT,LPM,Tier1
HPHL,PWR,Tier1
RWE,GIFE,Tier1
HPHL,MHI,Tier1
PHY,YFE,Tier1
VPW,CLV,Tier1
MEMK,VLVPK,Tier1
PPQ,LFC,Tier1
LLPF,SGAF,Tier1
YYF,DPALATEPDPMPF,Tier1
VPYPQ,AYFYPEL,Tier1
VAVDKHDYEPLGHSDIGVY,HYVPV,Tier1
KVI,GLTSK,Tier1
PHF,RHF,Tier1
WYSLAMAASDI,MWL,Tier1
DAQEKLE,RYLG,Tier1
FYY,MPACGSS,Tier1
WISELG,DGVVYY,Tier1
YSY,LSGYGP,Tier1
PHL,WEIKPSSLTGKSPYFSNNHGKL,Tier1
LRGIKNYRVAVL,YLG,Tier1
TCSP,AYFYPE,Tier1
VPVTST,IQW,Tier1
FRDEHKK,HHP,Tier1
YVEEL,PVMGA,Tier1
NHK,GEGSGA,Tier1
LDY,LSGYGP,Tier1
VPSIDDQEELM,FLKPLFNAALKLLP,Tier1
LHD,FIKK,Tier1
RWN,YYF,Tier1
YEDCTDCGN,LSGNK,Tier1
AIRQGDVF,HMPVTK,Tier1
HHW,RDMPIQ,Tier1
AHH,AEEEYPDL,Tier1
PKAVHE,VPKVK,Tier1
LPYY,WYSLAM,Tier1
YSEMPPGK,LAPSLPGKPKPD,Tier1
ELLI,YQKFPQY,Tier1
FPLEMMPF,RASDPLLSV,Tier1
PWR,HYVPV,Tier1
ISELGF,EQC,Tier1
FFGFN,TRTGDPFF,Tier1
PHK,PWW,Tier1
IEEAF,EERYP,Tier1
HHW,CHI,Tier1
HLPLPL,RNDDLNYIQ,Tier1
LQL,ELLI,Tier1
AHK,GVQEGAGHYALL,Tier1
HDH,VFPW,Tier1
NYY,YPIL,Tier1
LQPGQGQQG,TTYY,Tier1
WYSLAMA,AIRQGDVF,Tier1
HDHPVC,MEMK,Tier1
HLPLPL,NEN,Tier1
AQIPQQ,PHD,Tier1
RNR,AVPYPQR,Tier1
RWH,HYVPV,Tier1
KTFCGRH,PYPQ,Tier1
RWW,GVQEGAGHYALL,Tier1
YVL,VAMVPPFET,Tier1
FALPQYLK,APIRMWYMYRKLTDMEPKPVA,Tier1
PWA,HHW,Tier1
VKEAMAPK,YQK,Tier1
HDH,IIENGEKWS,Tier1
PHQ,YMY,Tier1
KFPE,QCH,Tier1
ACFL,VLEANPRSF,Tier1
HHF,YAY,Tier1
LHT,VECYGPNRPQF,Tier1
RHM,AMRLTGNRPGLYAT,Tier1
PYY,PSDHDHE,Tier1
AHH,YFE,Tier1
TCSP,KFPE,Tier1
RWL,LLR,Tier1
EWPAQ,LEQQVDDLEGSLEQEKK,Tier1
RNR,QCH,Tier1
RHW,AMRLTYNRPCIYAT,Tier1
VYY,ETTL,Tier1
LHS,RADHPF,Tier1
YIY,TSQLLSDQ,Tier1
LHY,WEN,Tier1
RADHPF,VLEANPRSF,Tier1
PKAVHE,FRADHPFL,Tier1
LGNTDYAVH,PVDENDEG,Tier1
GGE,YGGFL,Tier1
LNGDVW,QKW,Tier1
KVI,AYFYPE,Tier1
FEQL,FYQL,Tier1
VHDY,HGGEGGRPYHLGEES,Tier1
VKL,YLY,Tier1
HWH,EFQI,Tier1
LWT,VPVTST,Tier1
HPH,CHI,Tier1
LWI,YLKT,Tier1
YGLN,IVEYF,Tier1
NADFGLNGLEGLA,RHM,Tier1
NHH,GGIF,Tier1
QWPAQ,KGLWE,Tier1
YYW,ACFL,Tier1
WYSLAMAASDI,HLH,Tier1
KYY,SALAM,Tier1
SVYT,FALPQYLK,Tier1
LHH,NYKQM,Tier1
IAPNYNTRATKL,WHNVSGSP,Tier1
LWD,YSTA,Tier1
THH,YFE,Tier1
LWA,YYH,Tier1
RWA,FRADHPFL,Tier1
YRY,PIAAEVYEHTEGSTTSY,Tier1
YQLD,WPP,Tier1
LHL,NYY,Tier1
LGFEYY,HMPVTK,Tier1
NGPLQAGQPGER,WSY,Tier1
KVI,PHYL,Tier1
LWE,PWR,Tier1
LLPHHH,YVEEL,Tier1
VPSIDDQEELM,ARHPHPHLSFM,Tier1
QGAR,VPKVK,Tier1
LWW,YYDPL,Tier1
GVQEGAGHYALL,VKRRGQDCIHGFCSD,Tier1
RYQ,LAC,Tier1
AEAQKQLR,RYLG,Tier1
PHM,RDMPIQ,Tier1
LQSGDALRVPSGTTYY,GPP,Tier1
PHK,TTYY,Tier1
YYF,STMMEERRMKVY,Tier1
TYQTF,CME,Tier1
QHGV,YEDCTDCGN,Tier1
PHV,RHK,Tier1
MWL,LFC,Tier1
AMRLTYNKPCLYGT,GWNIP,Tier1
PNRPQF,LNGDVW,Tier1
NFHPQ,TEVWDSNEQ,Tier1
CVHWMTNTARTACIAP,TEFTK,Tier1
VKP,SNAAC,Tier1
AVPYPQR,LRGIKNYRVAVL,Tier1
PHW,RNR,Tier1
TCSP,RASDPLLSV,Tier1
TCSP,VGGRP,Tier1
AVPYPQR,HYVPV,Tier1
ESTTVPERTHPACPDFN,DWDPK,Tier1
SALAM,AGWNI,Tier1
WSY,VAGTWY,Tier1
RWL,HGGEGGRPYHLGEES,Tier1
PHI,SAEHGSLH,Tier1
EFLQ,YQEPVLGPVRGPFPIIV,Tier1
HHPL,LWS,Tier1
HEKVC,GWNIP,Tier1
PKAVHE,PHT,Tier1
LQSGDALRVPSGTTYY,PPQ,Tier1
IPIQYVL,RHA,Tier1
SVYT,QVVPYPQ,Tier1
FYY,AGGF,Tier1
HPHL,YYY,Tier1
PHM,GYY,Tier1
LWN,NYKQM,Tier1
HHLP,WSY,Tier1
VIPAGYP,YYE,Tier1
EFIQ,VECYGPNRPQF,Tier1
DAQEKLE,YLKT,Tier1
DYY,GGIF,Tier1
LGFEY,GTW,Tier1
LHQ,RWW,Tier1
YVEEL,LPAGV,Tier1
YGYTGA,YLGAK,Tier1
QGAR,WPP,Tier1
YGGFL,AGGF,Tier1
PWG,DHG,Tier1
YAY,ALEPDHR,Tier1
WNIP,TERGY,Tier1
YLAGMN,FLKPLFNAALKLLP,Tier1
PWR,GFFDRIKALTKNVTLELLNTITCKLPVTPP,Tier1
LQSGDALRVPSGTTYY,PHK,Tier1
RADHPFL,DVFRELRVQ,Tier1
HYY,HGGEGGRPYHLGEES,Tier1
HLPH,YYIVS,Tier1
RWA,AYY,Tier1
LHY,MTEEY,Tier1
PHQ,WHH,Tier1
PSYV,PHF,Tier1
QHH,YLGY,Tier1
LHE,IPAGV,Tier1
PLFQNKLAHAK,WYS,Tier1
VVKL,LHA,Tier1
YYQ,YLGAK,Tier1
LARL,CVHWMTNTARTACIAP,Tier1
RHG,LGNTDYAVH,Tier1
DYY,IQW,Tier1
LMGQW,FVNQPYLLYSVHMK,Tier1
SHDAHPE,KFPE,Tier1
RHN,AYPS,Tier1
AMRLTYNRPCIYAT,PVDENDEG,Tier1
LLPHHH,WDDMEK,Tier1
RWI,RWT,Tier1
CAAP,RLKKY,Tier1
FEQL,LVMFLDNQHRVIRH,Tier1
PSDHDHE,YQEPVLGP,Tier1
PHYL,ACQ,Tier1
PHS,YGLN,Tier1
PWY,WYSLA,Tier1
IEAEGE,MHI,Tier1
PWE,NYKQM,Tier1
LQGM,WHNVSGSP,Tier1
YNY,LTC,Tier1
LHS,IQY,Tier1
RWW,SVMPVVA,Tier1
LWV,RYPS,Tier1
PSYV,RWG,Tier1
NHH,VKCFR,Tier1
YYK,GEC,Tier1
HDH,DLEE,Tier1
VDYP,NYKQM,Tier1
RHY,RWW,Tier1
PWY,CHI,Tier1
CAQ,YQEPVLGPVRGPFPIIV,Tier1
YRY,DDPDKGMLKWKNDFFQEF,Tier1
LHR,RHW,Tier1
YSTA,VIPMGL,Tier1
LYPY,ADGF,Tier1
YYW,LPAGV,Tier1
AWIRGCRL,IQW,Tier1
PWG,GYY,Tier1
RHQ,LNGDVW,Tier1
YYQ,SALAM,Tier1
QYP,CSQAPLA,Tier1
DYY,IEEAF,Tier1
FEQI,YLL,Tier1
GALAAH,IRW,Tier1
LWY,YVGD,Tier1
FVNQPYLLYSVHMK,RASDPLLSV,Tier1
RHI,IYY,Tier1
FFAPGRNPTSFS,YVL,Tier1
YPEL,YYM,Tier1
HEKVC,MHI,Tier1
YYT,VHDY,Tier1
MPDAHL,CSQAPLA,Tier1
LWQ,YQKFPQY,Tier1
RWR,MILMR,Tier1
DLEE,RYL,Tier1
VHHANEN,QLGNLGV,Tier1
RWE,SVMPVVA,Tier1
HLPH,RHI,Tier1
LKQELEDLLEKQE,HDHPVC,Tier1
YMY,GQVPP,Tier1
RHPHP,TYQTF,Tier1
LWI,FFGFN,Tier1
YRY,DHG,Tier1
PHW,YSTA,Tier1
CME,WYGPD,Tier1
YYG,PVDENDEG,Tier1
PHL,PWQ,Tier1
PHHADS,LHM,Tier1
PHR,YQIGL,Tier1
PSKYEPFV,WPL,Tier1
IHH,IRGCRL,Tier1
WYSLAMAASDI,RWA,Tier1
FDSGPAGVL,GAWA,Tier1
YVGD,LTC,Tier1
YAKPA,YLGY,Tier1
RPNYTDA,PVDENDEG,Tier1
NFHPQ,NEN,Tier1
VCSV,GPLGLLGFLGPLGLS,Tier1
KYY,QVVPYPQ,Tier1
FIKK,STMMEERRMKVY,Tier1
HEH,GYY,Tier1
FALPQYLK,LLPF,Tier1
NQE,LEELEEELEGCE,Tier1
LQPGQGQQ,SHH,Tier1
NHRYDR,IPAGM,Tier1
YYW,DRVYIHPF,Tier1
LPHH,KKY,Tier1
FEQL,KYL,Tier1
LWF,VAMVPPFET,Tier1
KHNRGDEF,PVMGA,Tier1
RHK,KYY,Tier1
LHF,MHI,Tier1
PSHDAHPE,PWQ,Tier1
RNR,CSQAPLA,Tier1
QHGV,AGGF,Tier1
NHH,LPAGV,Tier1
AMTGLDA,RDMPIQ,Tier1
HFH,VVGGDGDV,Tier1
CYGPNR,YQK,Tier1
VIPAGYP,HHY,Tier1
CVHWMTNTARTACIAP,CHI,Tier1
HHPL,SRYPS,Tier1
KYY,APIRMWYMYRKLTDMEPKPVA,Tier1
LHF,ALEPDHR,Tier1
LWM,AYFYPEL,Tier1
PWH,VPW,Tier1
NGLEGLK,PWS,Tier1
LWN,PWT,Tier1
RHE,YYD,Tier1
LWR,VAMVPPFET,Tier1
GFWDSVKEGLKNAAVTILNKIKCKISECPPA,GTQY,Tier1
ESTVPERTHPACPDFN,PHY,Tier1
LWM,YLG,Tier1
PHH,LWN,Tier1
LWI,LQGM,Tier1
LHW,AADNANELFPPN,Tier1
PHK,RWT,Tier1
AKYIPIQYVLSRYPSY,LWV,Tier1
DSGVT,MILMR,Tier1
PHT,EWPAQ,Tier1
GPLGLLGFLGPLGLS,YYDPL,Tier1
GHH,SYY,Tier1
YAEERYPIL,YRY,Tier1
IAPNYNTRATKL,DYK,Tier1
HFH,VPNSYP,Tier1
TCSP,WYSLAM,Tier1
YYE,LANAK,Tier1
HVRETALV,WDDMEK,Tier1
LHV,GGLEPINFN,Tier1
PWR,VLPVPQK,Tier1
LHQ,RWH,Tier1
LHA,YGYTGA,Tier1
PYVRYL,WPP,Tier1
PWA,TCSP,Tier1
VVKL,CHI,Tier1
PHR,YSTA,Tier1
PWR,GQVPP,Tier1
WSRRGEREEEDERRR,WSVPQPK,Tier1
LQPGQGQQ,PHI,Tier1
CAAP,RADHPFL,Tier1
FRDEHKK,WYSLAM,Tier1
VHH,YRY,Tier1
NEN,GQVPP,Tier1
PHI,LMGQW,Tier1
DHTKE,TEVWDSNEQ,Tier1
LQPGQGQQ,LHL,Tier1
YYV,WHNVSGSP,Tier1
LWS,PWE,Tier1
YHH,FIGP,Tier1
SDF,AIEWEGIESGSVEQA,Tier1
YSTA,WIRGCRL,Tier1
RADHPFL,AEEEYPDL,Tier1
SVYT,YGGFM,Tier1
PHL,YHY,Tier1
PAGY,LPHSGY,Tier1
HPH,RHA,Tier1
PKAVHE,PWD,Tier1
PSKYEPFV,TVYQ,Tier1
PHA,AGWNI,Tier1
YQEP,VAGTWY,Tier1
RHI,YPELF,Tier1
WYY,LFC,Tier1
NHRYDR,LAPSLPGKPKPD,Tier1
AEAQKQLR,RHQ,Tier1
LEELEEELEGCE,IVEYF,Tier1
LLPHH,VKCFR,Tier1
LGFEYY,VPNSYP,Tier1
LELHKLRSSHWFSRR,SGAF,Tier1
YYL,GLLDSVKEGLKKVAGQLLDTLKCKISGCTPA,Tier1
PHF,PHL,Tier1
VLPVPQK,GIISHR,Tier1
LWA,KTFCGRH,Tier1
VHDY,IEEAF,Tier1
VKL,RHF,Tier1
YAY,ISELGW,Tier1
IEAEGE,TYY,Tier1
PLFQNKLAHAK,PHD,Tier1
LQPGQGQQ,VPKVK,Tier1
YQEPVLGP,AMRLTYNRPCLGAT,Tier1
DHTKE,QCL,Tier1
YPIL,NHK,Tier1
FEQI,WNIP,Tier1
PMDYMVT,RADHP,Tier1
VKCFR,SGAF,Tier1
QHGV,ADHP,Tier1
YGYTGA,LGFEY,Tier1
RHY,YMY,Tier1
YTY,RLKKY,Tier1
LHY,PHV,Tier1
YTY,YSEMPPGK,Tier1
VHHANEN,WISELGW,Tier1
FDSGPAGVL,LWG,Tier1
PLFQNKLAHAK,GTW,Tier1
LWS,STMMEERRMKVY,Tier1
HLPLPL,LWY,Tier1
PAGY,YYD,Tier1
GLLDSVKEGLKKVAGQLLDTLKCKISGCTPA,LTC,Tier1
LHQ,FYY,Tier1
VFPW,TEFTK,Tier1
LHA,FIGP,Tier1
RHI,YVGD,Tier1
WNIP,EERYP,Tier1
IPIQYVL,LSGNK,Tier1
EAK,AEERYP,Tier1
LHL,RADHPFL,Tier1
LWA,HMPVTK,Tier1
PWN,GQFNDKRWIPFG,Tier1
AQIPQQ,LWD,Tier1
LEELEEELEGCE,KTFCGRH,Tier1
HHP,FVNQPYLLYSVHMK,Tier1
HHW,PYSFK,Tier1
IPIQYVL,AKAWGIPPHVIPQIVPVRIRPLCGNV,Tier1
LHS,LVSK,Tier1
PSKYEPFV,YMY,Tier1
YYV,FHNMEK,Tier1
PYY,HEKVC,Tier1
TTYY,GIISHR,Tier1
FIGP,VGDI,Tier1
QHH,NHAV,Tier1
RWG,QYDQGV,Tier1
LWK,HHY,Tier1
LQPGQGQQ,VDHDHPE,Tier1
ISELWG,GEC,Tier1
RWW,VCSV,Tier1
SGQYFL,ELLI,Tier1
IKK,MILMR,Tier1
LGFEYY,GWNI,Tier1
YYT,GQVPP,Tier1
VIPAGYP,LAC,Tier1
NHH,QWPAQ,Tier1
MHH,YLGY,Tier1
RHD,AADNANELFPPN,Tier1
YCY,SVMPVVA,Tier1
FALPQYLK,ISELGY,Tier1
PWQ,ISELGY,Tier1
HHPLL,VKEAMAPK,Tier1
LPTSEAAKY,ADGF,Tier1
YNY,WPP,Tier1
PHW,TIASGEP,Tier1
FYPEL,DSGVT,Tier1
CYGPNR,PHYL,Tier1
AADNANELFPPN,SFGAKNAVKNGLQKLRNQCQANNYQGPFCDIFKKNP,Tier1
LHQ,LGFEY,Tier1
LEEAF,MWL,Tier1
VDHDHPE,ETTL,Tier1
HPLH,LWQ,Tier1
LGLNGDDVN,MILMR,Tier1
YQL,DWDPK,Tier1
PHD,ARHPHP,Tier1
WYSLAMAASDI,YYS,Tier1
YPEL,LARL,Tier1
YYW,ADGF,Tier1
HPLH,CQC,Tier1
FLNDFLHV,KYL,Tier1
VNPHDHQN,LPL,Tier1
FRDEHKK,TYY,Tier1
RHY,WSY,Tier1
IPIQYVL,YPFPG,Tier1
AYFYPEL,YQKFPQY,Tier1
WYSLAMAASDI,FVPH,Tier1
YEADARSFHDLAEHDIRV,ETTL,Tier1
DHTKE,DGVVYY,Tier1
PYVRYL,YLG,Tier1
RASDPLLSV,YYDPL,Tier1
PMDYMVT,YLY,Tier1
NHH,FVNQPYLLYSVHMK,Tier1
QLGNLGV,SGAF,Tier1
LWV,SFGAKNAVKNGLQKLRNQCQANNYQGPFCDIFKKNP,Tier1
LQGM,RYLGY,Tier1
YLAGMN,YLL,Tier1
LHS,FIPGLRRLFATVVPTVVCAINKLPPG,Tier1
LHN,LQGM,Tier1
PWQ,YYH,Tier1
WSRRGEREEEDERRR,YQKFP,Tier1
HFGDPFH,YQKFP,Tier1
RLKKY,MHI,Tier1
SYY,PHYL,Tier1
RWE,YFY,Tier1
YNI,ISELGY,Tier1
RWQ,KYY,Tier1
DVFRELRVQ,VKRRGQDCIHGFCSD,Tier1
FFAPGRNPTSFS,KDVPP,Tier1
NEN,DLEE,Tier1
LWK,YQKFPQY,Tier1
KAI,YLMSR,Tier1
KHNRGDEF,GAH,Tier1
RHN,VPNSYP,Tier1
YRY,ARHPHP,Tier1
VKAGFAWTANQQLS,DVFRELRVQ,Tier1
VAMVPPFET,QYP,Tier1
LHY,RHW,Tier1
PHH,FIPGLRRLFATVVPTVVCAINKLPPG,Tier1
LKQELEDLLEKQE,RHF,Tier1
PHHADS,LPHSGY,Tier1
LHI,GEGSGA,Tier1
LHPH,YYF,Tier1
RADHPF,YQEPVLGPVRGPFPIIV,Tier1
LTTLDSE,DYK,Tier1
TSQLLSDQ,KDVPP,Tier1
TERGY,IYIEQGNGITGM,Tier1
LWH,PWL,Tier1
LHPH,VLYEE,Tier1
LELHKLRSSHWFSRR,PSLVGRPPVGKLTL,Tier1
FFAPGRNPTSFS,PYSFK,Tier1
AQIPQQ,LLPH,Tier1
VFPW,GLTSK,Tier1
PSDHDHE,EFLQ,Tier1
PHW,LLPF,Tier1
LWV,RHH,Tier1
FKK,NHK,Tier1
LTTLDSE,GGIF,Tier1
YFY,MHI,Tier1
SVMPVVA,LSGYGP,Tier1
HQIYPV,GPLGLLGFLGPLGLS,Tier1
IKL,AEEEYPDL,Tier1
LMCH,RHY,Tier1
PKAVHE,LPHSGY,Tier1
HGPLGPL,QYP,Tier1
IANNEADAISLDGGQVFEAG,VLSRYPS,Tier1
IEEAF,RYQ,Tier1
LHF,RWR,Tier1
FHH,WYSLAM,Tier1
LLPHH,CQC,Tier1
AAVGGYRVAVL,KDVPP,Tier1
LHD,AADNANELFPPN,Tier1
ALEPDHR,VVGGDGDV,Tier1
FLNDFLHV,SGAF,Tier1
RHN,GFYPPP,Tier1
WNIP,WEN,Tier1
PWS,TSQLLSDQ,Tier1
IQY,FVNQPYLLYSVHMK,Tier1
GYLEQ,RCMAFLLSDGAAAAQQLLPQYW,Tier1
LGLNGDDVN,GALAAH,Tier1
PPK,DWDPK,Tier1
YYV,IKK,Tier1
LWR,VQYPVEHPNKFLKFGMTPSKGVLFY,Tier1
LHH,KLSDW,Tier1
LWI,WNIP,Tier1
IKK,VIPMGL,Tier1
FDSGPAGVL,LAPSLPGKPKPD,Tier1
SYY,SDRDLLGPNNQYLPK,Tier1
RWI,FYQL,Tier1
YVEEL,IQW,Tier1
YLY,CME,Tier1
VAMVPPFET,KLSDW,Tier1
NGPLQAGQPGER,YLAGMN,Tier1
AGWNIP,RYLG,Tier1
MHIRL,AYFYPE,Tier1
IYPF,QGAR,Tier1
SYY,GLTSK,Tier1
GAWA,YQK,Tier1
PKAVHE,GWNI,Tier1
PHYL,LVSK,Tier1
PSIPA,VVGGDGDV,Tier1
PMDYMVT,PWT,Tier1
IKL,PYFNK,Tier1
PWV,LAC,Tier1
LHS,TGGGNV,Tier1
PWE,YGGFL,Tier1
RHG,FKK,Tier1
YYG,WYGPD,Tier1
GPGGFI,SIITMTKEAKLPQLWKQIACRLYNTC,Tier1
MPACGSS,GLTSK,Tier1
AHK,PHE,Tier1
SAEHGSLH,KYL,Tier1
YAY,PHYL,Tier1
HNPI,LLPF,Tier1
FVPH,KFPE,Tier1
YYL,VAGTWY,Tier1
AKYIPIQYVLSRYPSY,ISELGF,Tier1
PYVRYL,RLKKY,Tier1
PWS,TYQTF,Tier1
VLYEE,PGVPWP,Tier1
HPLH,QCH,Tier1
LELHKLRSSHWFSRR,LGFEY,Tier1
PSYV,PHH,Tier1
YLYP,NHAV,Tier1
LWI,YRY,Tier1
SYY,AGGF,Tier1
ADF,GFYPPP,Tier1
RHL,EYY,Tier1
LWD,FRSGILKLASKIPSVLCAVLKNC,Tier1
YKY,YFY,Tier1
FRSGILKLASKIPSVLCAVLKNC,TIASGEP,Tier1
AHK,FLQEFLHV,Tier1
AHH,SYY,Tier1
PPK,YCY,Tier1
FEQL,YLL,Tier1
LHG,VVGGDGDV,Tier1
HEKVC,QYDQGV,Tier1
LELHKLRSSHWFSRR,RHN,Tier1
VKEAMPK,FGHPY,Tier1
IPAGM,AGTTCLFTPLALPYDYSH,Tier1
LHL,PHD,Tier1
LQL,GWNI,Tier1
DSGVT,HFH,Tier1
GSGGL,FFAPGRNPTSFS,Tier1
PHHADS,CAQ,Tier1
YEDCTDCGN,AMRLTYNKPCLYGT,Tier1
PSYV,SRYPS,Tier1
PMDYMVT,YGLN,Tier1
PHF,EERYP,Tier1
VQYPVEHPNKFLKFGMTPSKGVLFY,VLVPK,Tier1
SNAAC,KKY,Tier1
AKYIPIQYVLSRYPSY,GLTSK,Tier1
HYVPV,GLTSK,Tier1
VHHANEN,QYDQGV,Tier1
YSEMPPGK,WRNRCKGTD,Tier1
LHL,PWH,Tier1
PYY,GPP,Tier1
WEGPK,VKCFR,Tier1
GFFDRIKALTKNVTLELLNTITCKLPVTPP,AEERYP,Tier1
LHW,YYA,Tier1
HEH,YSTA,Tier1
IYPF,FALPQYLK,Tier1
GAWA,GLTSK,Tier1
AGWNI,SNAAC,Tier1
SYY,KGLWE,Tier1
TIIPLPV,WIRGCRL,Tier1
PSIPA,SVMPVVA,Tier1
WYSLAMA,NFHPQ,Tier1
PSIPA,CAQ,Tier1
LHA,YFE,Tier1
VECYGPNRPQF,DWDPK,Tier1
VHDY,WVYY,Tier1
HFGDPFH,LWG,Tier1
PHD,VAGTWY,Tier1
PHS,IVEYF,Tier1
PNRPQF,RWR,Tier1
TTYY,RDMPIQ,Tier1
YMY,WYSLAMA,Tier1
FDSGPAGVL,MQFHT,Tier1
LLPH,LWK,Tier1
HHPLL,VLSRYPS,Tier1
LMCH,AGWNI,Tier1
YYI,GQVPP,Tier1
PSLVGRPPVGKLTL,GTW,Tier1
YYD,PYVRYL,Tier1
WVYY,AGWNIP,Tier1
SYY,FIPGLRRLFATVVPTVVCAINKLPPG,Tier1
LHQ,PHE,Tier1
DVFRELRVQ,WYGPD,Tier1
PSDHDHE,YFE,Tier1
QVVPYPQ,IVEYF,Tier1
VECYG,WYSLA,Tier1
VKL,YQL,Tier1
VDHDHPE,HFGDPFH,Tier1
KKY,VLVPK,Tier1
PHT,HVRETALV,Tier1
LRGIKNYRVAVL,GIISHR,Tier1
YSY,KLSDW,Tier1
NADFGLNGLEGLA,RWN,Tier1
IAPNYNTRATKL,IYPF,Tier1
GSGGL,WSVPQPK,Tier1
LFC,VAGTWY,Tier1
VPNSYP,ISELWG,Tier1
FIPGLRRLFATVVPTVVCAINKLPPG,FFGFN,Tier1
LGLNGDDVN,YSTA,Tier1
LARL,ISELGF,Tier1
FVAGK,RHI,Tier1
LEEAF,LPL,Tier1
SALAM,WNIP,Tier1
VKCFR,LGNTDYAVH,Tier1
VECYGPNRPQF,PSLVGRPPVGKLTL,Tier1
VDYP,MHI,Tier1
FEQI,TDY,Tier1
VYY,YNL,Tier1
HYH,NFHPQ,Tier1
VDYP,AYFYPEL,Tier1
YYG,RADHPF,Tier1
VQYPVEHPNKFLKFGMTPSKGVLFY,AMRLTGNRPGLYAT,Tier1
PHL,WYSLAMA,Tier1
RWY,IANNEADAISLDGGQVFEAG,Tier1
FFAPGRNPTSFS,YPPAK,Tier1
PSKYEPFV,LWE,Tier1
GPAGPAG,WPL,Tier1
RYL,LGY,Tier1
YYV,PVMGA,Tier1
VKV,ESTVPERTHPACPDFN,Tier1
RHH,LGFEY,Tier1
LWS,AHH,Tier1
PWT,RWG,Tier1
RWT,IIENGEKWS,Tier1
GWNIP,NHK,Tier1
VLSRYPS,RDMPIQ,Tier1
LEEAF,QYDQGV,Tier1
PHR,WYT,Tier1
KHNRGDEF,FPQY,Tier1
PHHADS,AIRQGDVF,Tier1
HHPLL,LHV,Tier1
RWI,KVLPVPQK,Tier1
LHE,LHQ,Tier1
QVVPYPQ,RPNYTDA,Tier1
YTY,LPF,Tier1
DRVYIHPF,AEERYP,Tier1
LQSGDALRVPSGTTYY,AEAQKQLR,Tier1
KAI,LANAK,Tier1
LWD,VLSRYPS,Tier1
EERYP,DWDPK,Tier1
TIIPLPV,YLKT,Tier1
LAPSLPGKPKPD,QKW,Tier1
PHG,HHW,Tier1
PYY,RWA,Tier1
CSQAPLA,KDVPP,Tier1
ADF,PYFNK,Tier1
EAK,GVPLT,Tier1
PHS,YLMSR,Tier1
GGE,AKAWGIPPHVIPQIVPVRIRPLCGNV,Tier1
RHM,LGFEY,Tier1
LYPY,PWL,Tier1
LWG,RHM,Tier1
ESTVPERTHPACPDFN,DYY,Tier1
YYV,YPELF,Tier1
YYL,KTFCGRH,Tier1
LDK,VPYPQ,Tier1
YGGFL,DWDPK,Tier1
NGLEGLK,KFPE,Tier1
YSEMPPGK,LTC,Tier1
RHS,CAAP,Tier1
GAWA,YPIL,Tier1
RWG,STMMEERRMKVY,Tier1
PHG,EFQL,Tier1
PHA,LFC,Tier1
YFY,RPNYTDA,Tier1
YYT,LNGDVW,Tier1
DPALATEPDPMPF,YQEP,Tier1
DSGVT,NADFGLNGLEGLA,Tier1
YCY,GWNI,Tier1
IPAGV,YPI,Tier1
ISELGW,ARHPHP,Tier1
PWI,TGGGNV,Tier1
LLHH,HHY,Tier1
LWH,PWA,Tier1
PWW,HWH,Tier1
ISELGW,HMPVTK,Tier1
PSLVGRPPVGKLTL,YQEPVLGPVRGPFPIIV,Tier1
HHP,VGDI,Tier1
GPLGLLGFLGPLGLS,TDY,Tier1
YEY,VPW,Tier1
YYG,IAPNYNTRATKL,Tier1
AQIPQQ,RHT,Tier1
HYH,GTW,Tier1
WYSLA,SNAAC,Tier1
HPHL,RHT,Tier1
ARHPHPHLSFM,TIASGEP,Tier1
VPSGK,MPACGSS,Tier1
LEELEEELEGCE,KHNRGDEF,Tier1
YGGFM,YLGY,Tier1
AKYIPIQYVLSRYPSY,YMY,Tier1
YPFPG,SWN,Tier1
IEAEGE,HHF,Tier1
YGGFL,AYFYPEL,Tier1
FYY,LNGDVW,Tier1
RPNYTDA,GEGSGA,Tier1
PWH,GALAAH,Tier1
YYV,MWL,Tier1
FYY,IPAGV,Tier1
VPSGK,VPSIDDQEELM,Tier1
LHV,DVFRELRVQ,Tier1
HHLP,TIIPLPV,Tier1
FLKPLFNAALKLLP,VLSRYPS,Tier1
WSRRGEREEEDERRR,TRTGDPFF,Tier1
KHNRGDEF,STMMEERRMKVY,Tier1
LMGQW,LGFEY,Tier1
RHY,VKEAMPK,Tier1
LARL,VIPMGL,Tier1
ESTVPERTHPACPDFN,ELLI,Tier1
KYY,LLPF,Tier1
FRDEHKK,YQEP,Tier1
TIASGEP,RYLGY,Tier1
YYK,TDY,Tier1
LWA,SDRDLLGPNNQYLPK,Tier1
KAI,FEQL,Tier1
YNY,GQVPP,Tier1
MEMK,LANAK,Tier1
SAEHGSLH,VPVTST,Tier1
YPFPG,SNAAC,Tier1
YGGFL,CLV,Tier1
LGFEY,WYGPD,Tier1
SGQYFL,AGGF,Tier1
PWY,STMMEERRMKVY,Tier1
EFQI,LPL,Tier1
YLKT,RCMAFLLSDGAAAAQQLLPQYW,Tier1
PHQ,YPELF,Tier1
LHW,GSGGL,Tier1
PHV,TEFTK,Tier1
YYT,IYPF,Tier1
YAEERYPIL,YFY,Tier1
PHH,DGVVYY,Tier1
WYSLAMA,QYP,Tier1
RWG,YYS,Tier1
PHN,DPALATEPDPMPF,Tier1
DYY,LFC,Tier1
YYA,GQFNDKRWIPFG,Tier1
RHK,TEFTK,Tier1
YYW,GGLEPINFN,Tier1
NYY,CLV,Tier1
LHT,PWS,Tier1
LWI,WIRGCRL,Tier1
LQPGQGQQG,ALEPDHR,Tier1
RHD,IQY,Tier1
KYY,CAQ,Tier1
RHY,AEERYP,Tier1
HFGDPFH,DVFRELRVQ,Tier1
LFC,CSQAPLA,Tier1
LWW,PWI,Tier1
FDSGPAGVL,LWQ,Tier1
KAI,HEH,Tier1
RWG,FYY,Tier1
VHHANEN,KVI,Tier1
PSYV,GGIF,Tier1
YGGFL,YSEMPPGK,Tier1
WYSLA,WISELGW,Tier1
NGPLQAGQPGER,LWM,Tier1
LQPGQGQQG,PYSFK,Tier1
CME,PKLPPVKK,Tier1
YGGFL,YLKT,Tier1
IKL,LWW,Tier1
LHPH,VAWRNRCKGTD,Tier1
FHH,LVDTGRGPIMY,Tier1
QVVPYPQ,QGAR,Tier1
LHF,VAVDKHDYEPLGHSDIGVY,Tier1
LMCH,YYF,Tier1
FFAPGRNPTSFS,IQW,Tier1
YYN,YNL,Tier1
LLPHH,ETTL,Tier1
NADFGLNGLEGLA,VGGRP,Tier1
FIGP,LLR,Tier1
AGWNIP,AWIRGCRL,Tier1
PHW,HHF,Tier1
LALPA,LPL,Tier1
AKAWGIPPHVIPQIVPVRIRPLCGNV,DWDPK,Tier1
LHM,WYT,Tier1
VNPHDHQN,EELDNALN,Tier1
AMRLTYNRPCIYAT,LDY,Tier1
VNPHDHQN,RWW,Tier1
VKEAMPK,RADHPF,Tier1
HVCYMF,DWDPK,Tier1
WYSLA,GPLGLLGFLGPLGLS,Tier1
HPH,HDHPVC,Tier1
YPEL,HGPLGPL,Tier1
WISELG,ISELGF,Tier1
AIRQGDVF,AGWNI,Tier1
LHE,ACFL,Tier1
EAK,YLYP,Tier1
RADHP,YVL,Tier1
HLH,AAVGGYRVAVL,Tier1
LHA,YVY,Tier1
VHH,VLPVPQK,Tier1
MILMR,HYVPV,Tier1
LHQ,EFIQ,Tier1
VFPW,VAGTWY,Tier1
ACFL,VKRRGQDCIHGFCSD,Tier1
AKYIPIQYVLSRYPSY,RYPS,Tier1
GIFE,YQEPVLGPVRGPFPIIV,Tier1
KAI,YPI,Tier1
PIAAEVYEHTEGSTTSY,VPYPQ,Tier1
THH,IRGCRL,Tier1
IIENGEKWS,LTC,Tier1
PWD,WYS,Tier1
LLPF,CLV,Tier1
AMRLTGNRPGLYAT,GEC,Tier1
LYEGY,YLGY,Tier1
KAI,SGQYFL,Tier1
YWY,AEEEYPDL,Tier1
WISELG,CME,Tier1
YLGAK,GTW,Tier1
LWS,ECA,Tier1
YAKP,YYDPL,Tier1
YQKFP,YQEPVLGPVRGPFPIIV,Tier1
HPHL,SALAM,Tier1
AQIPQQ,RADHP,Tier1
GWNI,VKRRGQDCIHGFCSD,Tier1
RWR,YQEPVLGP,Tier1
LPYY,WHNVSGSP,Tier1
FDEQE,LPM,Tier1
PSHDAHPE,WYS,Tier1
GYY,VLVPK,Tier1
LELHKLRSSHWFSRR,PHF,Tier1
SDF,VPNSYP,Tier1
FDEQE,GGIF,Tier1
QKW,CSQAPLA,Tier1
AHH,WYSLAM,Tier1
KAI,IPAGM,Tier1
HHPLL,IQW,Tier1
VIPAGYP,DYK,Tier1
PHY,YPIL,Tier1
HPHL,YSEMPPGK,Tier1
GFPSG,TTYY,Tier1
WVYY,VGGRP,Tier1
MEMK,YIPIQY,Tier1
LHA,EEYFPVGGDRPESF,Tier1
PHW,FYQL,Tier1
EEEQVGQGYETIRARL,LNLPTAVYMVT,Tier1
HEH,PGVPWP,Tier1
HPH,LHK,Tier1
HYVPV,WRNRCKGTD,Tier1
PWH,KVLPVPQK,Tier1
LHE,AYFYPEL,Tier1
AADNANELFPPN,GQFNDKRWIPFG,Tier1
PHW,ISELGF,Tier1
RWI,PHYL,Tier1
PWD,RHK,Tier1
GYLEQ,RYLGY,Tier1
GPAGPAG,VPVTST,Tier1
HPH,AWDPE,Tier1
ESTVPERTHPACPDFN,TEFTK,Tier1
GAH,RADHPFL,Tier1
PHN,PHYL,Tier1
LHW,IQW,Tier1
IAPNYNTRATKL,LDK,Tier1
QVVPYPQ,YQL,Tier1
NGPLQAGQPGER,YNL,Tier1
ISELWG,TRTGDPFF,Tier1
VHHANEN,PHF,Tier1
PWD,CSQAPLA,Tier1
PHF,RADHPFL,Tier1
AHK,DHTKE,Tier1
YFYPEL,EQC,Tier1
HFGDPFH,PSYV,Tier1
IYY,VFPW,Tier1
ESTVPERTHPACPDFN,GPGGFI,Tier1
RHW,LYEGY,Tier1
PHT,RYY,Tier1
VKEAMPK,SRYPS,Tier1
RWI,RPNYTDA,Tier1
RHK,WEN,Tier1
YFE,YQKFPQY,Tier1
VIPAGYP,AVPYPQR,Tier1
PNRPQF,PHH,Tier1
YQL,YLGAK,Tier1
RWQ,AEERYP,Tier1
RHH,LARL,Tier1
YNY,LVSK,Tier1
LHA,PHT,Tier1
HPHL,PIAAEVYEHTEGSTTSY,Tier1
LEQQVDDLEGSLEQEKK,MPACGSS,Tier1
LQSGDALRVPSGTTYY,HQIYPV,Tier1
FRDEHKK,TVYQ,Tier1
PLFQNKLAHAK,MQFHT,Tier1
PLFQNKLAHAK,ACQ,Tier1
LHD,LWN,Tier1
ADHP,EQC,Tier1
RWL,FVNQPYLLYSVHMK,Tier1
HLH,LWE,Tier1
HDH,LPL,Tier1
HLHP,VIPMGL,Tier1
PPK,YQEPVLGP,Tier1
YYI,FLKPLFNAALKLLP,Tier1
PHT,QHH,Tier1
IEAEGE,PPK,Tier1
LLPH,FHNMEK,Tier1
VPYPQ,APIRMWYMYRKLTDMEPKPVA,Tier1
KAI,WVYY,Tier1
LVNPHDHQN,YGLN,Tier1
HLH,RPPGFSPFR,Tier1
TSQLLSDQ,KYL,Tier1
PSIPA,ACQ,Tier1
IAPNYNTRATKL,YFE,Tier1
PWD,YYI,Tier1
GGIF,CLV,Tier1
GFFDRIKALTKNVTLELLNTITCKLPVTPP,RHPHP,Tier1
GTW,APIRMWYMYRKLTDMEPKPVA,Tier1
YKY,KKY,Tier1
FLHRP,GLLDSVKEGLKKVAGQLLDTLKCKISGCTPA,Tier1
PHM,KDVPP,Tier1
NRVYIHPFHLLVYS,VKEAMPK,Tier1
LWN,YAKP,Tier1
LHH,GFFDRIKALTKNVTLELLNTITCKLPVTPP,Tier1
PWD,DVFRELRVQ,Tier1
THH,VLSRYPS,Tier1
LEEAF,SNAAC,Tier1
HHPL,YKY,Tier1
VPSIDDQEELM,LLPH,Tier1
VQYPVEHPNKFLKFGMTPSKGVLFY,HEKVC,Tier1
NGPLQAGQPGER,PWW,Tier1
PHCKRM,LAC,Tier1
AADNANELFPPN,YQKFPQY,Tier1
RWQ,YAY,Tier1
HHLP,RHPHP,Tier1
YKY,EEEQVGQGYETIRARL,Tier1
FGHPY,GPLGLLGFLGPLGLS,Tier1
RPPGFSPFR,GVQEGAGHYALL,Tier1
PWT,AGWNIPIGT,Tier1
AEAQKQLR,WDR,Tier1
GVPLT,AMRLTYNRPCLGAT,Tier1
HLPLPL,GWNI,Tier1
HWH,HMPVTK,Tier1
IRGCRL,DWDPK,Tier1
IYY,YTY,Tier1
AAVGGYRVAVL,HYVPV,Tier1
HHF,RPNYTDA,Tier1
LPAGV,VAWRNRCKGTD,Tier1
RWI,LQL,Tier1
YYL,LQGM,Tier1
LRGIKNYRVAVL,AMRLTYNRPCLGAT,Tier1
PHW,QYP,Tier1
NADFGLNGLEGLA,MWL,Tier1
ESTVPERTHPACPDFN,GPAGPAG,Tier1
PYFNK,YLMSR,Tier1
LGLNGDDVN,AMTGLDA,Tier1
FGHPY,YVL,Tier1
GFPSG,TERGY,Tier1
PYY,PHCKRM,Tier1
SALAM,WPL,Tier1
RHG,YDY,Tier1
RWQ,GEC,Tier1
VKV,VLVPK,Tier1
DAQEKLE,QYP,Tier1
LNGDVW,QWPAQ,Tier1
IPIQYVL,LWA,Tier1
LALPA,RNDDLNYIQ,Tier1
PHHADS,GFYPPP,Tier1
LHS,YWY,Tier1
LHPH,LHQ,Tier1
LHQ,FHNMEK,Tier1
DRVYIHPF,LSGYGP,Tier1
LHI,DVPPYM,Tier1
FYPEL,PWE,Tier1
LVDTGRGPIMY,SWN,Tier1
LEQQVDDLEGSLEQEKK,VLYEE,Tier1
PSKYEPFV,RWI,Tier1
SHDAHPE,RHS,Tier1
RADHP,AMRLTYNRPCLGAT,Tier1
YWY,LPL,Tier1
AHK,RWI,Tier1
HHPL,PHS,Tier1
RWW,GPLGLLGFLGPLGLS,Tier1
WVYY,ECA,Tier1
PLFQNKLAHAK,FIKK,Tier1
PKAV,RHE,Tier1
LGLNGDDVN,IRW,Tier1
HHPLL,IEEAF,Tier1
LWG,TCSP,Tier1
RWQ,YRY,Tier1
PVMGA,DWDPK,Tier1
DSGVT,ESTTVPERTHPACPDFN,Tier1
MHIRL,GPLGLLGFLGPLGLS,Tier1
PPK,RASDPLLSV,Tier1
LHQ,VKCFR,Tier1
PHK,YHH,Tier1
FVNQPYLLYSVHMK,KDVPP,Tier1
HFGDPFH,AWIRGCRL,Tier1
ARHPHPHLSFM,SGAF,Tier1
PHHADS,FRADHPFL,Tier1
FRDEHKK,WYY,Tier1
VKV,NGLEGLK,Tier1
HGGEGGRPYHLGEES,YVL,Tier1
YYH,EFLQ,Tier1
VPSGK,DYY,Tier1
LWS,RCMAFLLSDGAAAAQQLLPQYW,Tier1
VNPHDHQN,NHRYDR,Tier1
PHF,QHGV,Tier1
DSGVT,YRY,Tier1
NGPLQAGQPGER,GWNIP,Tier1
NFHPQ,YQK,Tier1
LPTSEAAKY,YGYTGA,Tier1
PLHH,MPACGSS,Tier1
NHAV,VAGTWY,Tier1
LHG,VYY,Tier1
YPPAK,VPKVK,Tier1
RWE,GEGSGA,Tier1
LDK,SDF,Tier1
YYN,HQIYPV,Tier1
VECYGPNRPQF,CAQ,Tier1
NGPLQAGQPGER,PWL,Tier1
YQEP,DRVYIHPF,Tier1
DAQEKLE,LLPH,Tier1
PLFQNKLAHAK,FRSGILKLASKIPSVLCAVLKNC,Tier1
YIPIQY,LPM,Tier1
EAK,CSQAPLA,Tier1
FYPEL,VPW,Tier1
GWNIP,MHI,Tier1
PLFQNKLAHAK,VAWRNRCKGTD,Tier1
YLYP,GLTSK,Tier1
YGGFM,QLGNLGV,Tier1
GGE,GYLEQ,Tier1
FDSGPAGVL,YQY,Tier1
YPELF,TETWNPNHPEL,Tier1
PHE,GALAAH,Tier1
HWH,AYY,Tier1
VAVDKHDYEPLGHSDIGVY,LPM,Tier1
SVYT,KLSDW,Tier1
YVY,PYPQ,Tier1
VHHANEN,PEL,Tier1
YVL,DHG,Tier1
WYS,YWVTSGPK,Tier1
RHD,GPAGPAG,Tier1
VVKL,YFE,Tier1
RHH,AYY,Tier1
IKL,QHGV,Tier1
HPHL,RNDDLNYIQ,Tier1
YHY,WYSLA,Tier1
PHL,VLEANPRSF,Tier1
RWY,ISELGW,Tier1
LHY,LYEGY,Tier1
YCY,PSLVGRPPVGKLTL,Tier1
RWY,DLEE,Tier1
LEELEEELEGCE,AHH,Tier1
PWR,KKY,Tier1
IYY,VYY,Tier1
FEQI,MWL,Tier1
HLPH,LHI,Tier1
KAI,DSGVT,Tier1
PPQ,DYK,Tier1
HGPLGPL,AGWNIP,Tier1
YYQ,FKK,Tier1
VIPAGYP,QYP,Tier1
GFFDRIKALTKNVTLELLNTITCKLPVTPP,YLL,Tier1
YYT,VGGRP,Tier1
FVAGK,YYG,Tier1
LWQ,PWT,Tier1
LHH,FPLEMMPF,Tier1
YVL,PYFNK,Tier1
LQSGDALRVPSGTTYY,VLPVPQK,Tier1
GPAGPAG,MEMK,Tier1
GPAGPAG,CQC,Tier1
MTEEY,YLL,Tier1
HDH,ECA,Tier1
LLPHHH,RHW,Tier1
PSIPA,WNIP,Tier1
RNR,PYVRYL,Tier1
HGPLGPL,WYY,Tier1
YNY,PIAAEVYEHTEGSTTSY,Tier1
VVKL,RWN,Tier1
PWD,LDY,Tier1
ARHPHPHLSFM,RADHPF,Tier1
AHH,GGLEPINFN,Tier1
LPYY,YPFPG,Tier1
FHNMEK,FVNQPYLLYSVHMK,Tier1
VDHDHPE,GQVPP,Tier1
VHH,PHF,Tier1
LWM,VLYEE,Tier1
LHD,FLHRP,Tier1
RHI,YYA,Tier1
LQSGDALRVPSGTTYY,AWIRGCRL,Tier1
RHS,VPNSYP,Tier1
LHN,LGY,Tier1
HPLH,RHW,Tier1
VKEAMAPK,WPP,Tier1
PHD,GGIF,Tier1
YVGD,KKY,Tier1
LVNPHDHQN,FRADHPFL,Tier1
LHG,ECA,Tier1
LWH,RPNYTDA,Tier1
RYY,ISELGY,Tier1
ADHP,FLPF,Tier1
HEKVC,AWIRGCRL,Tier1
LPHH,AWIRGCRL,Tier1
PSLPA,DWDPK,Tier1
FVNQPYLLYSVHMK,NEN,Tier1
RNR,SRYPS,Tier1
LHG,WYSLAMA,Tier1
AEERYP,YLL,Tier1
FDSGPAGVL,LGLNGDDVN,Tier1
GYY,ESTTVPERTHPACPDFN,Tier1
YPELF,LLPF,Tier1
YYH,RYL,Tier1
KHNRGDEF,VAWRNRCKGTD,Tier1
WSVPQPK,AYFYPEL,Tier1
PWY,PYSFK,Tier1
RLKKY,KGLWE,Tier1
RHY,GFGPEL,Tier1
ESTVPERTHPACPDFN,LEEAF,Tier1
LHK,STMMEERRMKVY,Tier1
PHW,RHS,Tier1
RHK,GYLEQ,Tier1
VHH,PSKYEPFV,Tier1
RWI,WRNRCKGTD,Tier1
YKY,YQEPVLGPVRGPFPIIV,Tier1
IIENGEKWS,LANAK,Tier1
PHG,YYV,Tier1
PHS,RHA,Tier1
PLFQNKLAHAK,YYS,Tier1
LHH,NHRYDR,Tier1
VKEAMPK,YIPIQY,Tier1
RYY,VKEAMPK,Tier1
PHM,WPP,Tier1
FRDEHKK,LWF,Tier1
FGHPY,AGWNIP,Tier1
CSQAPLA,PGVPWP,Tier1
PKAV,HHW,Tier1
EAK,PHF,Tier1
VPSIDDQEELM,PHG,Tier1
LGLNGDDVN,YYD,Tier1
PWQ,AMTGLDA,Tier1
PHM,IYY,Tier1
PHL,QLGNLGV,Tier1
SDF,FFGFN,Tier1
LHT,PHG,Tier1
YYN,QVVPYPQ,Tier1
AKYIPIQYVLSRYPSY,HWH,Tier1
PHL,RPNYTDA,Tier1
LHF,IRW,Tier1
NADFGLNGLEGLA,GFPSG,Tier1
YYT,SIITMTKEAKLPQLWKQIACRLYNTC,Tier1
HHY,TIIPLPV,Tier1
VHHANEN,CYGPNR,Tier1
FLHRP,KDVPP,Tier1
WYY,SVMPVVA,Tier1
MEMK,LYEGY,Tier1
FKK,VPW,Tier1
LHK,IYIEQGNGITGM,Tier1
PSLVGRPPVGKLTL,YQKFPQY,Tier1
PHN,YLY,Tier1
PSHDAHPE,LLPH,Tier1
RHI,DGVVYY,Tier1
PHH,CVHWMTNTARTACIAP,Tier1
YLYP,RYPS,Tier1
LRGIKNYRVAVL,WYSL,Tier1
NQE,LGY,Tier1
RHF,DLEE,Tier1
AYY,GIISHR,Tier1
FIGP,HYVPV,Tier1
KHNRGDEF,YGGFM,Tier1
RHK,IQY,Tier1
PWS,CLV,Tier1
LPHH,THH,Tier1
LWS,PIAAEVYEHTEGSTTSY,Tier1
FVAGK,YIPIQY,Tier1
VECYG,FVPH,Tier1
RADHPFL,AMRLTYNRPCLGAT,Tier1
YPIL,LFC,Tier1
NQE,VAMVPPFET,Tier1
PWV,FALPQYLK,Tier1
HHP,MHI,Tier1
FALPQYLK,VPVTST,Tier1
AEAQKQLR,LPAGV,Tier1
WSRRGEREEEDERRR,KGLWE,Tier1
YCY,NHAV,Tier1
YAEERYPIL,FLKPLFNAALKLLP,Tier1
VLEANPRSF,VPNSYP,Tier1
HHY,EFQI,Tier1
FHH,RYLG,Tier1
YVY,CLV,Tier1
FLHRP,AMRLTYNKPCLYGT,Tier1
VVKL,IPAGM,Tier1
IYPF,RYLG,Tier1
RNR,WHNVSGSP,Tier1
PHK,WHH,Tier1
RHS,LNLPTAVYMVT,Tier1
PHR,WISELGW,Tier1
LHH,LWR,Tier1
PWL,LVDTGRGPIMY,Tier1
YYH,YPFPG,Tier1
PHV,FIPGLRRLFATVVPTVVCAINKLPPG,Tier1
EWPAQ,GTW,Tier1
PHYL,FEQL,Tier1
LHR,PWS,Tier1
LTTLDSE,DVFRELRVQ,Tier1
PPQ,LPF,Tier1
RASDPLLSV,VLVPK,Tier1
LHM,FRSGILKLASKIPSVLCAVLKNC,Tier1
PWN,YGY,Tier1
HHP,LEEAF,Tier1
MHI,DVPPYM,Tier1
GGE,WYSLAM,Tier1
MHH,LYY,Tier1
TGGGNV,WEN,Tier1
PHR,YGY,Tier1
VLPVPQK,VAMVPPFET,Tier1
CYGPNR,YQIGL,Tier1
YYW,ELLI,Tier1
YVY,MYY,Tier1
THH,PSDHDHE,Tier1
EELDNALN,YNY,Tier1
LPYY,HHPLL,Tier1
FRADHPFL,YYDPL,Tier1
AMRLTYNRPCLGAT,ALEPDHR,Tier1
PHHADS,HQIYPV,Tier1
GALAAH,RADHPF,Tier1
AIRQGDVF,ARHPHP,Tier1
ACFL,QCL,Tier1
MWL,ALEPDHR,Tier1
YEDCTDCGN,WHNVSGSP,Tier1
DPALATEPDPMPF,AGGF,Tier1
QHH,GFPSG,Tier1
RADHP,ISELGY,Tier1
YAKP,QCL,Tier1
WEGPK,YVL,Tier1
YGGFL,VLVPK,Tier1
LPTSEAAKY,VPNSYP,Tier1
YYE,KVLPVPQK,Tier1
HHPLL,PHF,Tier1
RWI,EWPAQ,Tier1
ISELGW,RADHPF,Tier1
LELHKLRSSHWFSRR,FLPF,Tier1
VVKL,KKY,Tier1
EFQI,HEKVC,Tier1
LLPHHH,PYSFK,Tier1
HEH,FLQEFLHV,Tier1
VFPW,GQVPP,Tier1
PWF,YNI,Tier1
ADHP,QCH,Tier1
WYSLAMA,WPL,Tier1
IPAGM,MILMR,Tier1
LWI,RWW,Tier1
EAK,YGY,Tier1
PHT,YGY,Tier1
YPI,DWDPK,Tier1
RWT,LNLPTAVYMVT,Tier1
LWY,ISELGW,Tier1
LVGDEQAVPAVCVP,GAWA,Tier1
LSGNK,TEVWDSNEQ,Tier1
HHW,YYM,Tier1
RHE,CVHWMTNTARTACIAP,Tier1
LWQ,HVRETALV,Tier1
LALPA,WSY,Tier1
VECYG,YKY,Tier1
LVSK,CAQ,Tier1
LYY,GLLDSVKEGLKKVAGQLLDTLKCKISGCTPA,Tier1
YYA,LDY,Tier1
YFYPEL,LHV,Tier1
LQPGQGQQG,LPF,Tier1
LWW,AGTTCLFTPLALPYDYSH,Tier1
FKK,GIISHR,Tier1
PWE,RNR,Tier1
PYY,LWV,Tier1
YPIL,WIRGCRL,Tier1
LHE,MILMR,Tier1
KVLPVPQK,LFC,Tier1
RHD,LQL,Tier1
HYY,YQEPVLGP,Tier1
RWH,AVPYPQR,Tier1
WISELG,TRTGDPFF,Tier1
LPHSGY,VAMVPPFET,Tier1
GALAAH,MPDAHL,Tier1
NGLEGLK,LWI,Tier1
HWH,FFGFN,Tier1
VDHDHPE,RHL,Tier1
FIPGLRRLFATVVPTVVCAINKLPPG,YYDPL,Tier1
PWN,FLQEFLHV,Tier1
YAY,VLYEE,Tier1
LVSK,FHNMEK,Tier1
PHN,CSQAPLA,Tier1
HNPI,VPYPQ,Tier1
EFIQ,SIITMTKEAKLPQLWKQIACRLYNTC,Tier1
IHH,HHF,Tier1
VNPHDHQN,RHPHP,Tier1
LWH,VKEAMPK,Tier1
HGPLGPL,LMCH,Tier1
PWV,FIKK,Tier1
QLGNLGV,LANAK,Tier1
VDHDHPE,PSYV,Tier1
NYKQM,YPI,Tier1
NGPLQAGQPGER,PVDENDEG,Tier1
VDHDHPE,YAEERYPIL,Tier1
PWT,YGLN,Tier1
PHI,RWL,Tier1
FRDEHKK,LALPA,Tier1
HDH,IEEAF,Tier1
HHF,FVNQPYLLYSVHMK,Tier1
LWT,LGFEY,Tier1
PAGY,RYL,Tier1
YYI,HVRETALV,Tier1
PHA,KYL,Tier1
YYK,VPW,Tier1
HLH,YYDPL,Tier1
RHM,LAPSLPGKPKPD,Tier1
EELDNALN,NHH,Tier1
LWW,GHH,Tier1
LDK,WYSL,Tier1
PWW,MQFHT,Tier1
VLEANPRSF,DEDTQAMP,Tier1
PAGY,RWH,Tier1
HDH,DVPPYM,Tier1
YQKFP,QCH,Tier1
YMY,FLHRP,Tier1
PHCKRM,VPKVK,Tier1
YKY,YYF,Tier1
PWN,RHT,Tier1
PWS,VKCFR,Tier1
YYI,VPKVK,Tier1
WHH,GGIF,Tier1
RYLGY,LGY,Tier1
VHH,RWE,Tier1
HGGEGGRPYHLGEES,SALAM,Tier1
YAY,VLSRYPS,Tier1
YVY,ARHPHPHLSFM,Tier1
PHK,YYI,Tier1
WNIP,VIPMGL,Tier1
LLPHHH,LSGYGP,Tier1
EELDNALN,CAAP,Tier1
WPL,RYPS,Tier1
HFGDPFH,LHD,Tier1
LYEGY,WRNRCKGTD,Tier1
NGPLQAGQPGER,VVGGDGDV,Tier1
FFGFN,YLGY,Tier1
LWV,TRTGDPFF,Tier1
RHF,QHH,Tier1
HLPLPL,WYSLAMA,Tier1
FVAGK,LHN,Tier1
PHD,VGDI,Tier1
RHA,TIIPLPV,Tier1
LHQ,ARHPHPHLSFM,Tier1
YAY,IQW,Tier1
CME,WEN,Tier1
PHH,RWQ,Tier1
ISELWG,RASDPLLSV,Tier1
LARL,LPF,Tier1
VQYPVEHPNKFLKFGMTPSKGVLFY,AADNANELFPPN,Tier1
MHH,RDMPIQ,Tier1
LNGDVW,VKCFR,Tier1
PHM,LARL,Tier1
PWH,HYY,Tier1
PWV,YYH,Tier1
PWE,RHI,Tier1
LQPGQGQQ,PYSFK,Tier1
LHY,LGY,Tier1
YYT,YLAGMN,Tier1
PWW,LDK,Tier1
WEN,ECA,Tier1
PWW,RWY,Tier1
RWL,ARHPHPHLSFM,Tier1
CYGPNR,AMRLTGNRPGLYAT,Tier1
RWQ,WYS,Tier1
RYY,TCSP,Tier1
HFGDPFH,ADHP,Tier1
YYG,LEQQVDDLEGSLEQEKK,Tier1
YYQ,YPELF,Tier1
KHNRGDEF,LWM,Tier1
LKQELEDLLEKQE,ELLI,Tier1
GPP,WPL,Tier1
LHW,YYW,Tier1
LQSGDALRVPSGTTYY,YQL,Tier1
YYV,LPL,Tier1
IPAGV,QKW,Tier1
LWW,ACQ,Tier1
PWQ,EFIQ,Tier1
EAK,PLHH,Tier1
LYY,LNLPTAVYMVT,Tier1
RWE,QYDQGV,Tier1
WSRRGEREEEDERRR,VFPW,Tier1
YYV,MHI,Tier1
FRADHPFL,RYQ,Tier1
PSYV,YGGFL,Tier1
AMTGLDA,WVYY,Tier1
NGPLQAGQPGER,YQLD,Tier1
YNL,YQEP,Tier1
YTY,NEN,Tier1
HPHL,RWE,Tier1
KHNRGDEF,YPIL,Tier1
HLH,GWNIP,Tier1
PLHH,DPALATEPDPMPF,Tier1
LPYY,ECA,Tier1
HVCYMF,KTFCGRH,Tier1
GPP,GWNIP,Tier1
LQPGQGQQ,LPM,Tier1
LHD,CHI,Tier1
WSVPQPK,GQFNDKRWIPFG,Tier1
RYY,VKRRGQDCIHGFCSD,Tier1
FEQL,TDY,Tier1
DHTKE,VAWRNRCKGTD,Tier1
HEH,ADF,Tier1
AEAQKQLR,GYLEQ,Tier1
AHK,PHV,Tier1
YFYPEL,YYT,Tier1
RHS,ISELWG,Tier1
KAI,RHF,Tier1
LLPH,DHTKE,Tier1
LHK,PHT,Tier1
PHH,PWR,Tier1
YLYP,SVYT,Tier1
SHH,DYK,Tier1
YYN,VPYPQ,Tier1
AMRLTYNRPCIYAT,FHNMEK,Tier1
ELLI,CAQ,Tier1
AMRLTYNRPCLGAT,WHNVSGSP,Tier1
YAEERYPIL,ECA,Tier1
VLSRYPS,GIFE,Tier1
YLYP,YYR,Tier1
RHM,LGFEYY,Tier1
YGLN,DHG,Tier1
PYY,WYY,Tier1
PHN,GPLGLLGFLGPLGLS,Tier1
PHHADS,LEQQVDDLEGSLEQEKK,Tier1
ESTTVPERTHPACPDFN,VAMVPPFET,Tier1
GIISHR,CHI,Tier1
TIASGEP,LLPF,Tier1
AGWNIPIGT,LSGNK,Tier1
GYY,PHCKRM,Tier1
YYD,DYK,Tier1
THH,LALPA,Tier1
LWN,RYLGY,Tier1
LHD,LQGM,Tier1
LALPA,SWN,Tier1
AQIPQQ,IHH,Tier1
VPVTST,RCMAFLLSDGAAAAQQLLPQYW,Tier1
RWW,GPAGPAG,Tier1
PHD,YFY,Tier1
NGPLQAGQPGER,PWH,Tier1
LWV,RHF,Tier1
HHLP,AGGF,Tier1
SHDAHPE,PHCKRM,Tier1
VCSV,YQL,Tier1
GPP,WYSL,Tier1
MHIRL,CQC,Tier1
VKL,RLKKY,Tier1
VHH,LGLNGDDVN,Tier1
PWA,AGWNIPIGT,Tier1
LVMFLDNQHRVIRH,LAC,Tier1
EFQI,TIIPLPV,Tier1
LALPA,LSGNK,Tier1
ISELWG,DHTKE,Tier1
YEADARSFHDLAEHDIRV,QYDQGV,Tier1
HMPVTK,KKY,Tier1
TEFTK,APIRMWYMYRKLTDMEPKPVA,Tier1
PHH,LALPA,Tier1
SHH,PIAAEVYEHTEGSTTSY,Tier1
PVMGA,LNLPTAVYMVT,Tier1
DAQEKLE,LGFEYY,Tier1
NRVYIHPFHLLVYS,MWL,Tier1
PSHDAHPE,IEAEGE,Tier1
YYQ,SIITMTKEAKLPQLWKQIACRLYNTC,Tier1
LPL,VKEAMAPK,Tier1
LYY,SRYPS,Tier1
WYSLAMAASDI,NHH,Tier1
GPP,GEC,Tier1
HDH,LGFEYY,Tier1
FLKPLFNAALKLLP,LVMFLDNQHRVIRH,Tier1
HHPLL,LWF,Tier1
ADF,ECA,Tier1
PHV,NEN,Tier1
YIY,WYSLAM,Tier1
YDY,FEQL,Tier1
HFGDPFH,RADHP,Tier1
GTQY,APIRMWYMYRKLTDMEPKPVA,Tier1
CAAP,YPI,Tier1
LWF,RHI,Tier1
RHH,YYDPL,Tier1
YEY,LGFEYY,Tier1
YYF,AAVGGYRVAVL,Tier1
HHPLL,WVYY,Tier1
FFAPGRNPTSFS,VAGTWY,Tier1
WPP,WEN,Tier1
GFPSG,LPM,Tier1
YVL,YQK,Tier1
VLPVPQK,VCSV,Tier1
GFFDRIKALTKNVTLELLNTITCKLPVTPP,ISELWG,Tier1
YYM,LRGIKNYRVAVL,Tier1
LARL,MWL,Tier1
VYY,YLAGMN,Tier1
NRVYIHPFHLLVYS,SVYT,Tier1
HPHL,IPAGV,Tier1
LWW,YQK,Tier1
TIIPLPV,LPM,Tier1
ETTL,RYLGY,Tier1
YYQ,LGY,Tier1
YYG,VQYPVEHPNKFLKFGMTPSKGVLFY,Tier1
FIGP,RCMAFLLSDGAAAAQQLLPQYW,Tier1
YGYTGA,TDY,Tier1
YYA,EQC,Tier1
FLNDFLHV,GFWDSVKEGLKNAAVTILNKIKCKISECPPA,Tier1
LQPGQGQQ,GAH,Tier1
YYIVS,LAC,Tier1
PWI,RHW,Tier1
SWN,APIRMWYMYRKLTDMEPKPVA,Tier1
AGWNIPIGT,TETWNPNHPEL,Tier1
PHI,RYLG,Tier1
AYY,GYLEQ,Tier1
GGIF,DLEE,Tier1
LHQ,FLNDFLHV,Tier1
RHE,TYY,Tier1
VVKL,LHV,Tier1
YLMSR,MHI,Tier1
LEELEEELEGCE,PHK,Tier1
LWM,RWA,Tier1
PPK,YPELF,Tier1
YSTA,YPELF,Tier1
HVRETALV,PVDENDEG,Tier1
HFH,QHGV,Tier1
WSRRGEREEEDERRR,GLLDSVKEGLKKVAGQLLDTLKCKISGCTPA,Tier1
YAKP,ADGF,Tier1
PHE,PHN,Tier1
WYSLAMAASDI,YYQ,Tier1
PKAV,IPIQYVL,Tier1
WISELG,CAQ,Tier1
EFLQ,WYSLAMA,Tier1
YIY,YQKFPQY,Tier1
PSKYEPFV,CAQ,Tier1
PHHADS,PWD,Tier1
LWA,FKK,Tier1
LWM,PHT,Tier1
DYY,YSEMPPGK,Tier1
QWPAQ,YVL,Tier1
FKK,YYDPL,Tier1
IQY,KDVPP,Tier1
WHH,MWL,Tier1
TCSP,DLEE,Tier1
VHHANEN,AYPS,Tier1
VPYPQ,GTW,Tier1
HHPLL,KYL,Tier1
AYY,AYFYPE,Tier1
HHLP,VHDY,Tier1
TTYY,SDRDLLGPNNQYLPK,Tier1
FHH,LRGIKNYRVAVL,Tier1
LPHSGY,YFE,Tier1
DRVYIHPF,WPL,Tier1
HHP,VYY,Tier1
HPHL,YIY,Tier1
MPACGSS,AWIRGCRL,Tier1
NGLEGLK,RADHP,Tier1
EYY,EEEQVGQGYETIRARL,Tier1
RWQ,YHH,Tier1
RHE,FRSGILKLASKIPSVLCAVLKNC,Tier1
DAQEKLE,PHS,Tier1
HHF,SYY,Tier1
EFQL,LDY,Tier1
RWQ,YLAGMN,Tier1
GAWA,SIITMTKEAKLPQLWKQIACRLYNTC,Tier1
LWD,YYD,Tier1
FYPEL,HVRETALV,Tier1
YYY,TDY,Tier1
CVHWMTNTARTACIAP,WYGPD,Tier1
TIIPLPV,TSQLLSDQ,Tier1
PHHADS,QYP,Tier1
IEAEGE,SDRDLLGPNNQYLPK,Tier1
PWD,WVYY,Tier1
KVLPVPQK,NEN,Tier1
WYSLAMA,DLEE,Tier1
PHH,YIPIQY,Tier1
ISELGW,GPLGLLGFLGPLGLS,Tier1
LPTSEAAKY,YAKPA,Tier1
IHH,GGE,Tier1
WYSLAMAASDI,IPAGM,Tier1
YYD,YNL,Tier1
PNRPQF,PWY,Tier1
YYL,LANAK,Tier1
NADFGLNGLEGLA,RADHPFL,Tier1
RHI,RHL,Tier1
QKW,AYFYPE,Tier1
KVLPVPQK,AGWNI,Tier1
TGGGNV,VLEANPRSF,Tier1
RWT,TERGY,Tier1
RHG,YPPAK,Tier1
NHH,MHH,Tier1
PHQ,YLGAK,Tier1
PWV,YWY,Tier1
VKV,PHT,Tier1
KVI,PHR,Tier1
MWL,QYDQGV,Tier1
LWD,KYL,Tier1
EYY,YYR,Tier1
PKAV,FYY,Tier1
LELHKLRSSHWFSRR,IYY,Tier1
GHH,YYT,Tier1
AKAWGIPPHVIPQIVPVRIRPLCGNV,RHPHP,Tier1
HPLH,FLKPLFNAALKLLP,Tier1
LWY,GWNIP,Tier1
YQIGL,MEMK,Tier1
PKAV,GPLGLLGFLGPLGLS,Tier1
PWE,VIPMGL,Tier1
RDMPIQ,AYFYPE,Tier1
PVMGA,AYFYPE,Tier1
TYY,LPL,Tier1
CYGPNR,RWA,Tier1
NHRYDR,RADHP,Tier1
VECYG,KYY,Tier1
HHPLL,RWA,Tier1
WYY,KGLWE,Tier1
VQYPVEHPNKFLKFGMTPSKGVLFY,YLL,Tier1
RHV,FYQL,Tier1
VDYP,YYF,Tier1
YYH,WEGPK,Tier1
HGPLGPL,PHM,Tier1
EEEQVGQGYETIRARL,YWVTSGPK,Tier1
HPLH,KGLWE,Tier1
RHK,FDEQE,Tier1
PHN,RHL,Tier1
LVGDEQAVPAVCVP,YLAGMN,Tier1
PNRPQF,HQIYPV,Tier1
GFFDRIKALTKNVTLELLNTITCKLPVTPP,QLGNLGV,Tier1
LPHSGY,GLTSK,Tier1
LHS,FHNMEK,Tier1
YQLD,AGTTCLFTPLALPYDYSH,Tier1
PSDHDHE,FEQL,Tier1
LHY,GFFDRIKALTKNVTLELLNTITCKLPVTPP,Tier1
RWQ,DVPPYM,Tier1
LGLNGDDVN,GAH,Tier1
FGHPY,YGGFL,Tier1
YYI,HYVPV,Tier1
FLKPLFNAALKLLP,LANAK,Tier1
PWW,RYPS,Tier1
PWN,ESTTVPERTHPACPDFN,Tier1
LPTSEAAKY,TRTGDPFF,Tier1
RHA,RWR,Tier1
WSY,IVEYF,Tier1
NQE,IYIEQGNGITGM,Tier1
EWPAQ,LNLPTAVYMVT,Tier1
FALPQYLK,LPF,Tier1
PWL,LSGYGP,Tier1
YYM,YQL,Tier1
IHH,TYY,Tier1
NHK,KYL,Tier1
LLHH,HDH,Tier1
LHQ,PHL,Tier1
HHP,HLH,Tier1
NADFGLNGLEGLA,LWT,Tier1
LDY,GIISHR,Tier1
AKYIPIQYVLSRYPSY,LTTLDSE,Tier1
YYW,LDK,Tier1
CVHWMTNTARTACIAP,IQW,Tier1
LGLNGDDVN,VAGTWY,Tier1
YLYP,FDEQE,Tier1
VPSIDDQEELM,WEIKPSSLTGKSPYFSNNHGKL,Tier1
YVY,DGVVYY,Tier1
PWS,PHCKRM,Tier1
LHV,AWDPE,Tier1
YTY,IKK,Tier1
RWL,DGVVYY,Tier1
LWF,LQL,Tier1
LHS,RNDDLNYIQ,Tier1
RHY,RWG,Tier1
PWE,RASDPLLSV,Tier1
YCY,DRVYIHPF,Tier1
LYY,TYY,Tier1
FDEQE,LFC,Tier1
RHL,RWW,Tier1
PEL,TTYY,Tier1
PWR,FFAPGRNPTSFS,Tier1
LWI,PWG,Tier1
RWH,WSVPQPK,Tier1
FEQL,IYPF,Tier1
PSDHDHE,VKRRGQDCIHGFCSD,Tier1
HYH,LQGM,Tier1
VHH,HHF,Tier1
HHW,AEEEYPDL,Tier1
THH,FFAPGRNPTSFS,Tier1
IIENGEKWS,IPAGM,Tier1
YFYPEL,VKCFR,Tier1
IPAGV,SAEHGSLH,Tier1
ALEPDHR,PVDENDEG,Tier1
PYSFK,IVEYF,Tier1
MWL,KLSDW,Tier1
VPSGK,WEGPK,Tier1
PEL,LVMFLDNQHRVIRH,Tier1
PKAV,RHQ,Tier1
PYPQ,VAGTWY,Tier1
WYS,LSGYGP,Tier1
PLHH,VCSV,Tier1
PSLPA,YQK,Tier1
WHH,HMPVTK,Tier1
NRVYIHPFHLLVYS,DHTKE,Tier1
RWW,WPL,Tier1
WSY,SFGAKNAVKNGLQKLRNQCQANNYQGPFCDIFKKNP,Tier1
YFY,DPALATEPDPMPF,Tier1
HEH,LVSK,Tier1
RHV,YNL,Tier1
RHG,SDF,Tier1
PWW,CAQ,Tier1
LQPGQGQQ,IANNEADAISLDGGQVFEAG,Tier1
HLHP,VFPW,Tier1
VCSV,MPACGSS,Tier1
LHPH,PWE,Tier1
PHR,RYLG,Tier1
PHHADS,YPIL,Tier1
RHE,KKY,Tier1
PWS,GQFNDKRWIPFG,Tier1
LWQ,ISELGW,Tier1
PLHH,YNI,Tier1
IPIQYVL,PWT,Tier1
LQL,VKRRGQDCIHGFCSD,Tier1
WYT,KGLWE,Tier1
YFY,YEDCTDCGN,Tier1
YYQ,ISELGF,Tier1
PWW,FVNQPYLLYSVHMK,Tier1
RHY,AKAWGIPPHVIPQIVPVRIRPLCGNV,Tier1
RWR,EEEQVGQGYETIRARL,Tier1
IPIQYVL,VPNSYP,Tier1
LYPY,WYS,Tier1
LPHSGY,GFPSG,Tier1
PAGY,STMMEERRMKVY,Tier1
ESTTVPERTHPACPDFN,WRNRCKGTD,Tier1
LHL,HHF,Tier1
LWA,EYY,Tier1
YIY,SNAAC,Tier1
NQE,PPK,Tier1
GVPLT,KYL,Tier1
YLY,LLPF,Tier1
LPTSEAAKY,RHD,Tier1
LHPH,RWI,Tier1
LHG,PWT,Tier1
LLHH,RWA,Tier1
EEEQVGQGYETIRARL,QVVPYPQ,Tier1
QVVPYPQ,SNAAC,Tier1
PWW,ISELWG,Tier1
IRW,MTEEY,Tier1
ALEPDHR,FLPF,Tier1
LRGIKNYRVAVL,YEDCTDCGN,Tier1
LWF,DLEE,Tier1
YSTA,GIISHR,Tier1
LARL,YLL,Tier1
PNRPQF,PSLVGRPPVGKLTL,Tier1
LALPA,LEQQVDDLEGSLEQEKK,Tier1
PHQ,IPAGV,Tier1
AHK,IPIQYVL,Tier1
RWI,DRVYIHPF,Tier1
SAEHGSLH,LPM,Tier1
VKP,FFGFN,Tier1
RLKKY,WPP,Tier1
YYQ,WVYY,Tier1
YFE,GGLEPINFN,Tier1
DRVYIHPF,YEDCTDCGN,Tier1
VLPVPQK,VFPW,Tier1
LWS,LEEAF,Tier1
ISELWG,GQVPP,Tier1
PHK,YYK,Tier1
LWH,YQKFPQY,Tier1
PWD,ISELGF,Tier1
HPH,HFH,Tier1
LQPGQGQQ,RWQ,Tier1
LPTSEAAKY,IPAGV,Tier1
NGPLQAGQPGER,YGYTGA,Tier1
RHL,YQK,Tier1
YYT,ELLI,Tier1
LWI,YYK,Tier1
VLPVPQK,YQL,Tier1
VVGGDGDV,CLV,Tier1
LHA,LWH,Tier1
AYPS,YQEPVLGPVRGPFPIIV,Tier1
PWW,MILMR,Tier1
SIITMTKEAKLPQLWKQIACRLYNTC,DWDPK,Tier1
VLVPK,AYFYPE,Tier1
NHRYDR,FPQY,Tier1
TYQTF,QCH,Tier1
LHK,RHH,Tier1
NHH,STMMEERRMKVY,Tier1
LWG,WIRGCRL,Tier1
YPEL,CYGPNR,Tier1
IYY,NPYVPR,Tier1
GFWDSVKEGLKNAAVTILNKIKCKISECPPA,AGWNI,Tier1
PEL,RHS,Tier1
VHHANEN,LMCH,Tier1
VIPAGYP,QHGV,Tier1
RHI,HHY,Tier1
YPPAK,AEEEYPDL,Tier1
HWH,LSGNK,Tier1
FHH,TIIPLPV,Tier1
VNPHDHQN,LHK,Tier1
HGPLGPL,VSYT,Tier1
RWN,YSTA,Tier1
YYQ,FLNDFLHV,Tier1
YYF,WDR,Tier1
VHH,AWIRGCRL,Tier1
IKK,IQW,Tier1
RHI,IRW,Tier1
RHW,VPKVK,Tier1
GEC,YQK,Tier1
AEAQKQLR,LMCH,Tier1
VPW,TDY,Tier1
NPYVPR,LPF,Tier1
YYN,ISELGF,Tier1
RWI,YYI,Tier1
YEY,YLL,Tier1
FVPH,AYFYPE,Tier1
DYY,LNLPTAVYMVT,Tier1
YRY,YGLN,Tier1
LHPH,FRSGILKLASKIPSVLCAVLKNC,Tier1
YPPAK,TRTGDPFF,Tier1
LWK,MPACGSS,Tier1
RWI,AADNANELFPPN,Tier1
VPW,FDEQE,Tier1
LHW,YYM,Tier1
WISELGW,SDRDLLGPNNQYLPK,Tier1
LWE,IPAGV,Tier1
MHH,YYA,Tier1
PWV,AYFYPEL,Tier1
LHN,QYP,Tier1
AHH,VCSV,Tier1
YSEMPPGK,GFYPPP,Tier1
PSYV,YYDPL,Tier1
NYKQM,GYLEQ,Tier1
TVYQ,RASDPLLSV,Tier1
LHI,LNLPTAVYMVT,Tier1
PPK,AGWNI,Tier1
RADHP,KGLWE,Tier1
GIFE,SNAAC,Tier1
LHQ,PHYL,Tier1
HPH,YYM,Tier1
PHG,ARHPHP,Tier1
VLYEE,YLGY,Tier1
LWQ,GFWDSVKEGLKNAAVTILNKIKCKISECPPA,Tier1
VAMVPPFET,RPNYTDA,Tier1
LWG,PHCKRM,Tier1
PIAAEVYEHTEGSTTSY,APIRMWYMYRKLTDMEPKPVA,Tier1
LPF,WYGPD,Tier1
YMY,HYVPV,Tier1
RWL,FFGFN,Tier1
LQPGQGQQ,PWS,Tier1
IYPF,VLEANPRSF,Tier1
YPIL,VFPW,Tier1
FPLEMMPF,LPF,Tier1
LHG,PHW,Tier1
EFIQ,HMPVTK,Tier1
EYY,FEQI,Tier1
LSGYGP,APIRMWYMYRKLTDMEPKPVA,Tier1
NYKQM,EWPAQ,Tier1
YIY,PGVPWP,Tier1
GVPLT,ISELWG,Tier1
VKV,VLYEE,Tier1
PHT,LRGIKNYRVAVL,Tier1
WYGPD,LGY,Tier1
PSHDAHPE,VLYEE,Tier1
DPALATEPDPMPF,TIASGEP,Tier1
PWF,DDPDKGMLKWKNDFFQEF,Tier1
WNIP,SGAF,Tier1
PSYV,EFLQ,Tier1
GPLGLLGFLGPLGLS,KYL,Tier1
TIIPLPV,YQKFP,Tier1
LELHKLRSSHWFSRR,ACQ,Tier1
VNPHDHQN,IQW,Tier1
LDY,KDVPP,Tier1
SVYT,FFGFN,Tier1
YPFPG,QKW,Tier1
PHCKRM,MHI,Tier1
YGYTGA,AMRLTYNRPCLGAT,Tier1
LYPY,FIGP,Tier1
HWH,GFGPEL,Tier1
TSQLLSDQ,LGY,Tier1
LWI,IPAGM,Tier1
FIPGLRRLFATVVPTVVCAINKLPPG,FHNMEK,Tier1
YYG,VAVDKHDYEPLGHSDIGVY,Tier1
YWVTSGPK,PVDENDEG,Tier1
YEY,EWPAQ,Tier1
VFPW,KGLWE,Tier1
LPF,LANAK,Tier1
LWA,WYSLAM,Tier1
YLAGMN,IYIEQGNGITGM,Tier1
PHHADS,LPF,Tier1
GAWA,FFAPGRNPTSFS,Tier1
PKAV,WYT,Tier1
RHQ,RYLG,Tier1
FALPQYLK,DVFRELRVQ,Tier1
PKAV,YSTA,Tier1
LWS,RHW,Tier1
DSGVT,RHL,Tier1
PHY,VFPW,Tier1
PPQ,YWVTSGPK,Tier1
WPL,HNPI,Tier1
LEELEEELEGCE,PGVPWP,Tier1
YFYPEL,LSGNK,Tier1
RWN,WEGPK,Tier1
YYS,LLPF,Tier1
SDF,YLGAK,Tier1
LHV,VYY,Tier1
AHK,YLL,Tier1
AEEEYPDL,KKY,Tier1
WHH,GTW,Tier1
AKYIPIQYVLSRYPSY,HVCYMF,Tier1
IPAGV,LLR,Tier1
QYP,WRNRCKGTD,Tier1
GYY,KDVPP,Tier1
LARL,VLSRYPS,Tier1
LHY,IQW,Tier1
PVMGA,CVHWMTNTARTACIAP,Tier1
FVAGK,GYY,Tier1
EAK,RADHP,Tier1
AHK,NADFGLNGLEGLA,Tier1
HGPLGPL,YHY,Tier1
LMGQW,AIRQGDVF,Tier1
LHS,AADNANELFPPN,Tier1
DYY,FKK,Tier1
LQPGQGQQ,ADF,Tier1
YLAGMN,YGGFM,Tier1
LHL,CME,Tier1
VHDY,GEC,Tier1
HYH,GPLGLLGFLGPLGLS,Tier1
IIENGEKWS,HYVPV,Tier1
NPYVPR,TERGY,Tier1
LVGDEQAVPAVCVP,LPM,Tier1
RLKKY,SAEHGSLH,Tier1
FYPEL,LWS,Tier1
RHI,SFGAKNAVKNGLQKLRNQCQANNYQGPFCDIFKKNP,Tier1
AQIPQQ,EELDNALN,Tier1
LWI,DYY,Tier1
QVVPYPQ,VIPMGL,Tier1
NADFGLNGLEGLA,LWY,Tier1
WYY,WEGPK,Tier1
LVDTGRGPIMY,LPAGV,Tier1
PHM,YYS,Tier1
KDVPP,DVPPYM,Tier1
GSGGL,YGLN,Tier1
EWPAQ,AGWNI,Tier1
QYDQGV,QKW,Tier1
RHM,PYPQ,Tier1
HLPLPL,HVRETALV,Tier1
PWE,WYS,Tier1
LWQ,PHF,Tier1
EFIQ,FLHRP,Tier1
PKLPPVKK,YQKFPQY,Tier1
PHV,LPL,Tier1
RWL,LGFEY,Tier1
RWT,RWY,Tier1
PHD,AYFYPEL,Tier1
VVKL,HDHPVC,Tier1
YYR,YYW,Tier1
IIENGEKWS,SVMPVVA,Tier1
LQPGQGQQG,VQYPVEHPNKFLKFGMTPSKGVLFY,Tier1
SVYT,MPDAHL,Tier1
LEQQVDDLEGSLEQEKK,RLKKY,Tier1
LPAGV,HYVPV,Tier1
VAVDKHDYEPLGHSDIGVY,NYKQM,Tier1
QVVPYPQ,PKLPPVKK,Tier1
YIY,DVPPYM,Tier1
YSTA,ISELGY,Tier1
LHK,RHV,Tier1
YVY,PSLPA,Tier1
LQSGDALRVPSGTTYY,YVGD,Tier1
LPHH,PHV,Tier1
HGGEGGRPYHLGEES,QWPAQ,Tier1
AYY,QHGV,Tier1
LHS,RHQ,Tier1
VECYG,GQVPP,Tier1
VNPHDHQN,TYY,Tier1
PHG,FALPQYLK,Tier1
LHD,HEH,Tier1
HPLH,YAKP,Tier1
PWF,GYY,Tier1
FVNQPYLLYSVHMK,LAPSLPGKPKPD,Tier1
RHD,LGFEY,Tier1
WEGPK,FLPF,Tier1
YMY,GEGSGA,Tier1
LDK,YLL,Tier1
LNGDVW,LTC,Tier1
RHW,RWT,Tier1
IPAGV,IYIEQGNGITGM,Tier1
RHV,LDK,Tier1
PWA,PSLPA,Tier1
LHR,AMRLTYNRPCLGAT,Tier1
LWN,SAEHGSLH,Tier1
YFE,YVGD,Tier1
YPIL,YQEPVLGPVRGPFPIIV,Tier1
HHP,TERGY,Tier1
LKQELEDLLEKQE,KHNRGDEF,Tier1
LVGDEQAVPAVCVP,YPPAK,Tier1
NADFGLNGLEGLA,YYDPL,Tier1
FEQI,YQEPVLGP,Tier1
LHE,IVEYF,Tier1
VQYPVEHPNKFLKFGMTPSKGVLFY,HMPVTK,Tier1
SVYT,FDEQE,Tier1
ACFL,AYPS,Tier1
FYY,FRADHPFL,Tier1
YRY,FIKK,Tier1
PWD,YEADARSFHDLAEHDIRV,Tier1
LWH,LVDTGRGPIMY,Tier1
LWS,YSEMPPGK,Tier1
FKK,KLSDW,Tier1
NHAV,MHI,Tier1
QHH,LYEGY,Tier1
PSDHDHE,FFAPGRNPTSFS,Tier1
DYY,RYLGY,Tier1
YAEERYPIL,QWPAQ,Tier1
WYY,YVGD,Tier1
VGGRP,LLPF,Tier1
AQIPQQ,YAY,Tier1
PHD,HHF,Tier1
YYK,WDR,Tier1
LHPH,AGWNIP,Tier1
HHLP,MHH,Tier1
YGY,GGLEPINFN,Tier1
RWW,DVPPYM,Tier1
WYSLAMAASDI,VIPMGL,Tier1
VLSRYPS,LTTLDSE,Tier1
NFHPQ,LLPF,Tier1
RWG,LFC,Tier1
HPLH,VKEAMAPK,Tier1
RWE,RLKKY,Tier1
TIASGEP,MTEEY,Tier1
VKV,HHY,Tier1
ISELGW,GTW,Tier1
RWY,ISELWG,Tier1
PSYV,WYT,Tier1
RWT,PSLPA,Tier1
LWY,VLYEE,Tier1
EFQI,AKAWGIPPHVIPQIVPVRIRPLCGNV,Tier1
YHY,YSTA,Tier1
YYA,YFE,Tier1
LLR,VPVTST,Tier1
LGLNGDDVN,LHR,Tier1
VPVTST,GEC,Tier1
LGFEY,RDMPIQ,Tier1
IHH,YLAGMN,Tier1
VKEAMPK,WYSLAMA,Tier1
LLPHHH,DHTKE,Tier1
VKCFR,YPELF,Tier1
RHK,WYSL,Tier1
VPW,GQFNDKRWIPFG,Tier1
PMDYMVT,DWDPK,Tier1
YLY,EFQL,Tier1
HYY,TIIPLPV,Tier1
PHT,AWDPE,Tier1
QCH,RYLG,Tier1
NRVYIHPFHLLVYS,IYPF,Tier1
LARL,VPYPQ,Tier1
LVGDEQAVPAVCVP,FLQEFLHV,Tier1
AWDPE,AYFYPE,Tier1
EQC,ADGF,Tier1
VDYP,YAEERYPIL,Tier1
NGLEGLK,LWH,Tier1
KFPE,KDVPP,Tier1
VECYGPNRPQF,LTC,Tier1
YYL,RLKKY,Tier1
LQPGQGQQ,CSQAPLA,Tier1
YWY,ELLI,Tier1
RHL,VECYGPNRPQF,Tier1
LLPHH,LHI,Tier1
QYP,VLVPK,Tier1
GFWDSVKEGLKNAAVTILNKIKCKISECPPA,GGIF,Tier1
HGGEGGRPYHLGEES,EEYFPVGGDRPESF,Tier1
RHV,IIENGEKWS,Tier1
AMTGLDA,AIRQGDVF,Tier1
STMMEERRMKVY,AEERYP,Tier1
LDY,DLEE,Tier1
RHV,LAC,Tier1
RADHP,DHG,Tier1
SWN,MHI,Tier1
QHGV,YLGAK,Tier1
PHF,DEDTQAMP,Tier1
LWG,GQFNDKRWIPFG,Tier1
VKAGFAWTANQQLS,RWN,Tier1
FLKPLFNAALKLLP,TEVWDSNEQ,Tier1
FHNMEK,SNAAC,Tier1
YLYP,AYFYPEL,Tier1
PHV,AAVGGYRVAVL,Tier1
YYDPL,QYP,Tier1
IHH,AYFYPEL,Tier1
LPHH,NHK,Tier1
FVAGK,FHNMEK,Tier1
SWN,KLSDW,Tier1
AAVGGYRVAVL,YYDPL,Tier1
LARL,SWN,Tier1
LHN,PHYL,Tier1
YEY,LGFEY,Tier1
RHG,DHTKE,Tier1
VLEANPRSF,GIFE,Tier1
LHW,GIFE,Tier1
HHPL,RWW,Tier1
LQPGQGQQG,YYK,Tier1
HYY,SGQYFL,Tier1
FLQEFLHV,SAEHGSLH,Tier1
WISELGW,LANAK,Tier1
LPHH,LWK,Tier1
MYY,CSQAPLA,Tier1
VGDI,AYFYPE,Tier1
PYY,SNAAC,Tier1
GPGGFI,YPPAK,Tier1
IKL,CHI,Tier1
PSHDAHPE,KKY,Tier1
LHW,RHQ,Tier1
VLYEE,RHPHP,Tier1
NADFGLNGLEGLA,CHI,Tier1
WYT,RADHP,Tier1
PWN,WEN,Tier1
WNIP,LGFEY,Tier1
YYD,ADGF,Tier1
VYY,HQIYPV,Tier1
PHH,PSLPA,Tier1
TSQLLSDQ,SNAAC,Tier1
VPSGK,YNL,Tier1
PHF,HHF,Tier1
YPEL,PYVRYL,Tier1
YNY,QCH,Tier1
PYY,IYIEQGNGITGM,Tier1
PKAV,SYY,Tier1
VLSRYPS,KYL,Tier1
PHR,SVYT,Tier1
LPL,VCSV,Tier1
LWW,YYN,Tier1
IPIQYVL,LGFEYY,Tier1
PLFQNKLAHAK,KYL,Tier1
YFE,GIISHR,Tier1
LHR,LLPF,Tier1
LWY,SAEHGSLH,Tier1
IPIQYVL,YVEEL,Tier1
LEELEEELEGCE,YFE,Tier1
PHS,AAVGGYRVAVL,Tier1
YHY,YSEMPPGK,Tier1
YEY,QYDQGV,Tier1
HLPH,EWPAQ,Tier1
DHTKE,GIISHR,Tier1
PWA,YEDCTDCGN,Tier1
HHPLL,SVMPVVA,Tier1
YYK,VCSV,Tier1
GFGPEL,IVEYF,Tier1
QYDQGV,CLV,Tier1
HYY,MYY,Tier1
YQY,VKEAMAPK,Tier1
VKL,AEAQKQLR,Tier1
QWPAQ,LSGNK,Tier1
VSYT,VPYPQ,Tier1
LHA,RADHPFL,Tier1
WEIKPSSLTGKSPYFSNNHGKL,TDY,Tier1
HLH,YMY,Tier1
GPAGPAG,YGGFL,Tier1
YGY,WSVPQPK,Tier1
FYQL,IYIEQGNGITGM,Tier1
HDH,CLV,Tier1
PVMGA,FIKK,Tier1
EEYFPVGGDRPESF,WYSLA,Tier1
YMY,YVL,Tier1
IPIQYVL,VAGTWY,Tier1
PHR,PYSFK,Tier1
YGY,AYPS,Tier1
RWW,YQL,Tier1
PHHADS,MEMK,Tier1
RHF,LSGNK,Tier1
AGWNIP,VLVPK,Tier1
WYSL,GFWDSVKEGLKNAAVTILNKIKCKISECPPA,Tier1
LVNPHDHQN,EWPAQ,Tier1
TYY,LVDTGRGPIMY,Tier1
RWI,GGLEPINFN,Tier1
HHPL,WYS,Tier1
YPFPG,RPPGFSPFR,Tier1
HHLP,GLLDSVKEGLKKVAGQLLDTLKCKISGCTPA,Tier1
EELDNALN,LLHH,Tier1
LHW,YSEMPPGK,Tier1
EYY,EFIQ,Tier1
GPAGPAG,FLPF,Tier1
AAVGGYRVAVL,GFWDSVKEGLKNAAVTILNKIKCKISECPPA,Tier1
IPIQYVL,GAWA,Tier1
PHD,HQIYPV,Tier1
WYSLAMAASDI,FHH,Tier1
GLTSK,WEN,Tier1
VHH,PHS,Tier1
VVKL,GAH,Tier1
PWF,YIPIQY,Tier1
YYE,PIAAEVYEHTEGSTTSY,Tier1
PHR,AGWNI,Tier1
LHS,GFGPEL,Tier1
LPHSGY,GGE,Tier1
WEGPK,WHNVSGSP,Tier1
LWN,YYDPL,Tier1
FYY,RCMAFLLSDGAAAAQQLLPQYW,Tier1
WSY,GQFNDKRWIPFG,Tier1
LELHKLRSSHWFSRR,RYY,Tier1
DDPDKGMLKWKNDFFQEF,QCH,Tier1
FDSGPAGVL,EQC,Tier1
IANNEADAISLDGGQVFEAG,AGTTCLFTPLALPYDYSH,Tier1
VNPHDHQN,YLGY,Tier1
RWA,LPM,Tier1
RWA,TRTGDPFF,Tier1
NHRYDR,LANAK,Tier1
GFGPEL,VAGTWY,Tier1
FLNDFLHV,FDEQE,Tier1
LWH,GYY,Tier1
SWN,PSLVGRPPVGKLTL,Tier1
PHT,WHNVSGSP,Tier1
PHA,DHG,Tier1
PHYL,WHNVSGSP,Tier1
PEL,HHY,Tier1
LGFEY,IQW,Tier1
LWT,WEN,Tier1
EELDNALN,WEGPK,Tier1
THH,IPAGV,Tier1
RPNYTDA,GIFE,Tier1
PMDYMVT,LSGYGP,Tier1
YDY,RNDDLNYIQ,Tier1
SDF,VKCFR,Tier1
YAY,VPVTST,Tier1
YRY,YWY,Tier1
YVEEL,AMRLTGNRPGLYAT,Tier1
FVAGK,YTY,Tier1
LHG,YFY,Tier1
VVKL,RYLG,Tier1
HFH,VCSV,Tier1
PIAAEVYEHTEGSTTSY,VPVTST,Tier1
PSHDAHPE,HDH,Tier1
PHG,GEGSGA,Tier1
PHQ,TIIPLPV,Tier1
GAH,VCSV,Tier1
PPQ,RHQ,Tier1
HPLH,LARL,Tier1
RHV,YFY,Tier1
LLPHH,YQKFPQY,Tier1
EELDNALN,FKK,Tier1
TDY,YSEMPPGK,Tier1
VKL,PHR,Tier1
DPALATEPDPMPF,AVPYPQR,Tier1
YPEL,FRDEHKK,Tier1
VECYG,LAPSLPGKPKPD,Tier1
GPP,VKRRGQDCIHGFCSD,Tier1
LHQ,GEC,Tier1
RHG,YYR,Tier1
WEGPK,ADHP,Tier1
YGY,WRNRCKGTD,Tier1
PLFQNKLAHAK,LYPY,Tier1
LLR,VPKVK,Tier1
LHN,LALPA,Tier1
AMTGLDA,LSGNK,Tier1
PHHADS,YAKPA,Tier1
CME,AWDPE,Tier1
PWS,TIASGEP,Tier1
YPFPG,AIRQGDVF,Tier1
SIITMTKEAKLPQLWKQIACRLYNTC,EQC,Tier1
RWQ,EYY,Tier1
RWI,HQIYPV,Tier1
HHPLL,AGTTCLFTPLALPYDYSH,Tier1
PWG,LRGIKNYRVAVL,Tier1
HEH,FFAPGRNPTSFS,Tier1
FVAGK,GAWA,Tier1
RHY,YRY,Tier1
LHQ,PIAAEVYEHTEGSTTSY,Tier1
LWD,LPF,Tier1
VPSIDDQEELM,VKAGFAWTANQQLS,Tier1
HFH,IPAGV,Tier1
LQGM,YYIVS,Tier1
LHN,VPNSYP,Tier1
YYR,WYSLAMA,Tier1
LGLNGDDVN,TIASGEP,Tier1
VPSGK,PWQ,Tier1
RHT,TERGY,Tier1
VECYG,PWT,Tier1
DSGVT,EELDNALN,Tier1
GFPSG,VLVPK,Tier1
GYY,VLEANPRSF,Tier1
PHS,SFGAKNAVKNGLQKLRNQCQANNYQGPFCDIFKKNP,Tier1
HLPH,MHI,Tier1
HHY,TTYY,Tier1
GFWDSVKEGLKNAAVTILNKIKCKISECPPA,MTEEY,Tier1
AQIPQQ,TEVWDSNEQ,Tier1
PKAV,ESTTVPERTHPACPDFN,Tier1
YAKPA,YQLD,Tier1
PSLPA,RYLG,Tier1
LQPGQGQQG,AEAQKQLR,Tier1
LHK,LAPSLPGKPKPD,Tier1
PHT,YYN,Tier1
QWPAQ,CQC,Tier1
VPSGK,PKAVHE,Tier1
YYH,YSEMPPGK,Tier1
YSEMPPGK,VPKVK,Tier1
PHH,WHH,Tier1
EELDNALN,NHK,Tier1
RHH,RHW,Tier1
LHF,LWE,Tier1
EYY,QYP,Tier1
WYSLAM,ECA,Tier1
AKYIPIQYVLSRYPSY,GFGPEL,Tier1
LYPY,YAKP,Tier1
AIRQGDVF,AGTTCLFTPLALPYDYSH,Tier1
PWE,HDH,Tier1
VDHDHPE,LWT,Tier1
YYT,WYT,Tier1
LWH,AGTTCLFTPLALPYDYSH,Tier1
LWG,LPM,Tier1
RNR,VAWRNRCKGTD,Tier1
HHLP,VLSRYPS,Tier1
LQSGDALRVPSGTTYY,FDEQE,Tier1
RPPGFSPFR,EFQI,Tier1
PSKYEPFV,PWH,Tier1
YVY,HVRETALV,Tier1
PHM,IAPNYNTRATKL,Tier1
RWY,TTYY,Tier1
LHF,PWG,Tier1
KAI,WPL,Tier1
PWG,KTFCGRH,Tier1
RWT,YRY,Tier1
FLNDFLHV,AWDPE,Tier1
HHPL,PWE,Tier1
LQPGQGQQ,TEVWDSNEQ,Tier1
GPP,IPAGV,Tier1
YLMSR,VLSRYPS,Tier1
RWR,WSVPQPK,Tier1
PSHDAHPE,YYE,Tier1
RWQ,AGWNIPIGT,Tier1
WYT,VKEAMAPK,Tier1
LHG,YVY,Tier1
PHL,SRYPS,Tier1
HHPLL,AKAWGIPPHVIPQIVPVRIRPLCGNV,Tier1
YAKPA,RYLGY,Tier1
NHAV,LFC,Tier1
SHDAHPE,PHR,Tier1
FLNDFLHV,LMGQW,Tier1
SDF,IYIEQGNGITGM,Tier1
MQFHT,QYP,Tier1
LWH,LQGM,Tier1
YAEERYPIL,PHM,Tier1
LWG,EQC,Tier1
IEEAF,LANAK,Tier1
RHV,VPYPQ,Tier1
AMRLTGNRPGLYAT,QYP,Tier1
ISELGW,YLGY,Tier1
GFFDRIKALTKNVTLELLNTITCKLPVTPP,FLPF,Tier1
YPFPG,YPELF,Tier1
GWNIP,YLL,Tier1
AGWNIP,STMMEERRMKVY,Tier1
PHF,YRY,Tier1
WYSLA,FVNQPYLLYSVHMK,Tier1
VKV,PLFQNKLAHAK,Tier1
TETWNPNHPEL,YYIVS,Tier1
ACFL,PSIPA,Tier1
LPHSGY,MEMK,Tier1
WYY,GPLGLLGFLGPLGLS,Tier1
LHH,LFC,Tier1
LWF,GEC,Tier1
PHL,CAQ,Tier1
LLPHH,ISELGY,Tier1
PPK,NHAV,Tier1
LGLNGDDVN,AMRLTYNRPCIYAT,Tier1
YYDPL,MHI,Tier1
SHH,YVL,Tier1
PHG,LGY,Tier1
GHH,NYKQM,Tier1
FYY,VKEAMPK,Tier1
ACFL,QYP,Tier1
ISELGY,VGGRP,Tier1
FLNDFLHV,TERGY,Tier1
PPQ,TSQLLSDQ,Tier1
LWR,RHE,Tier1
YLY,KYL,Tier1
FIPGLRRLFATVVPTVVCAINKLPPG,SGQYFL,Tier1
GSGGL,YNL,Tier1
AHH,NPYVPR,Tier1
VKV,PWN,Tier1
FRDEHKK,RHS,Tier1
RHQ,QHH,Tier1
PWN,VGDI,Tier1
FVAGK,SDF,Tier1
VHH,SWN,Tier1
YYE,AYY,Tier1
VHHANEN,LEELEEELEGCE,Tier1
YFYPEL,PEL,Tier1
PVDENDEG,IRGCRL,Tier1
WEIKPSSLTGKSPYFSNNHGKL,AADNANELFPPN,Tier1
YGY,WHNVSGSP,Tier1
LWG,APIRMWYMYRKLTDMEPKPVA,Tier1
LVNPHDHQN,YQK,Tier1
VNPHDHQN,EERYP,Tier1
LHA,CLV,Tier1
LWW,YYS,Tier1
VHHANEN,PSHDAHPE,Tier1
LHE,WYGPD,Tier1
FPLEMMPF,CLV,Tier1
PWT,YYF,Tier1
PHY,LAPSLPGKPKPD,Tier1
SHH,MEMK,Tier1
ELLI,KGLWE,Tier1
LYEGY,CSQAPLA,Tier1
FDSGPAGVL,DRVYIHPF,Tier1
VKV,HYVPV,Tier1
NHAV,YPPAK,Tier1
HHPL,MTEEY,Tier1
LGFEY,VAWRNRCKGTD,Tier1
VQYPVEHPNKFLKFGMTPSKGVLFY,RLKKY,Tier1
YYQ,DRVYIHPF,Tier1
NQE,LGLNGDDVN,Tier1
PSHDAHPE,PKLPPVKK,Tier1
DVFRELRVQ,ETTL,Tier1
IYY,AMTGLDA,Tier1
TYY,WISELGW,Tier1
LHL,LWS,Tier1
YYQ,YLMSR,Tier1
LHE,LQL,Tier1
GTW,RYL,Tier1
LPHSGY,RADHPF,Tier1
HVCYMF,FVPH,Tier1
PWD,KYL,Tier1
PWR,LALPA,Tier1
YFYPEL,FHH,Tier1
VPSGK,PSDHDHE,Tier1
HHLP,YQEPVLGP,Tier1
DYY,EFIQ,Tier1
QYY,NHRYDR,Tier1
FIPGLRRLFATVVPTVVCAINKLPPG,GLLDSVKEGLKKVAGQLLDTLKCKISGCTPA,Tier1
LQPGQGQQG,MILMR,Tier1
VSYT,WSVPQPK,Tier1
EQC,YLGY,Tier1
YSY,PKLPPVKK,Tier1
YVEEL,KGLWE,Tier1
GVPLT,AMRLTGNRPGLYAT,Tier1
NPYVPR,VKP,Tier1
ESTVPERTHPACPDFN,PWN,Tier1
PNRPQF,LHI,Tier1
PHW,AWIRGCRL,Tier1
KVI,GALAAH,Tier1
PHY,AEEEYPDL,Tier1
LHD,LSGYGP,Tier1
PHW,PWT,Tier1
YAY,LTTLDSE,Tier1
MILMR,GQVPP,Tier1
VHH,VAVDKHDYEPLGHSDIGVY,Tier1
PWQ,VLEANPRSF,Tier1
DAQEKLE,PWD,Tier1
LDK,GIISHR,Tier1
HLPH,TETWNPNHPEL,Tier1
LARL,DHTKE,Tier1
PHT,LNGDVW,Tier1
YYI,ARHPHP,Tier1
HFH,SDF,Tier1
PSIPA,DDPDKGMLKWKNDFFQEF,Tier1
RHG,YAY,Tier1
FLHRP,FDEQE,Tier1
VVKL,LQPGQGQQ,Tier1
LHG,RHG,Tier1
PHY,WEN,Tier1
HDHPVC,WRNRCKGTD,Tier1
LWA,WIRGCRL,Tier1
LWN,IANNEADAISLDGGQVFEAG,Tier1
HLPH,RWH,Tier1
YFE,LDK,Tier1
YFYPEL,GEC,Tier1
WSRRGEREEEDERRR,VPW,Tier1
DSGVT,LWM,Tier1
LEELEEELEGCE,LVMFLDNQHRVIRH,Tier1
RWA,PGVPWP,Tier1
LKQELEDLLEKQE,IYY,Tier1
GAH,LGFEYY,Tier1
SHDAHPE,AKAWGIPPHVIPQIVPVRIRPLCGNV,Tier1
PSKYEPFV,LLPHH,Tier1
PHG,ACQ,Tier1
YYG,GGIF,Tier1
PWF,YWVTSGPK,Tier1
LQPGQGQQG,HLH,Tier1
PHH,RWG,Tier1
PHG,MHH,Tier1
VIPMGL,CLV,Tier1
HHLP,MQFHT,Tier1
PHH,PHE,Tier1
LQPGQGQQG,GAH,Tier1
PYPQ,KFPE,Tier1
IKL,FFGFN,Tier1
GWNI,ISELWG,Tier1
YLY,LNGDVW,Tier1
VQYPVEHPNKFLKFGMTPSKGVLFY,PSIPA,Tier1
HGPLGPL,WYSLAMA,Tier1
RWI,IPAGV,Tier1
PWG,SVMPVVA,Tier1
IYY,PIAAEVYEHTEGSTTSY,Tier1
NHAV,QGAR,Tier1
VDHDHPE,LWA,Tier1
LHH,HEKVC,Tier1
VKL,GYY,Tier1
FRADHPFL,ALEPDHR,Tier1
EYY,LALPA,Tier1
PWQ,VGDI,Tier1
YYF,LPHSGY,Tier1
CAAP,CME,Tier1
GFWDSVKEGLKNAAVTILNKIKCKISECPPA,DHG,Tier1
RHT,LLPF,Tier1
RHL,LQL,Tier1
LHR,PHF,Tier1
RWQ,YWVTSGPK,Tier1
FALPQYLK,LVSK,Tier1
VNPHDHQN,GFGPEL,Tier1
IQY,IANNEADAISLDGGQVFEAG,Tier1
MQFHT,YGGFM,Tier1
PWV,HNPI,Tier1
PHL,FIGP,Tier1
LLHH,VKP,Tier1
AKAWGIPPHVIPQIVPVRIRPLCGNV,GEGSGA,Tier1
VKP,VGGRP,Tier1
FLNDFLHV,IAPNYNTRATKL,Tier1
ARHPHP,RYQ,Tier1
HLHP,RHG,Tier1
AEAQKQLR,RCMAFLLSDGAAAAQQLLPQYW,Tier1
YYD,YQEP,Tier1
KAI,YAEERYPIL,Tier1
LWE,GLLDSVKEGLKKVAGQLLDTLKCKISGCTPA,Tier1
LPAGV,VGGRP,Tier1
TETWNPNHPEL,ECA,Tier1
HVRETALV,LLR,Tier1
PHE,PWI,Tier1
YYF,PSLPA,Tier1
HYY,GPP,Tier1
ESTVPERTHPACPDFN,SVYT,Tier1
SVYT,PIAAEVYEHTEGSTTSY,Tier1
WYSL,VAWRNRCKGTD,Tier1
LWG,PWV,Tier1
HLH,PWS,Tier1
YPPAK,WISELG,Tier1
YYS,RYLG,Tier1
RHL,FKK,Tier1
RPPGFSPFR,FIKK,Tier1
RHY,EQC,Tier1
LQPGQGQQ,HNPI,Tier1
AMTGLDA,MHIRL,Tier1
LHH,PHA,Tier1
LHR,FPQY,Tier1
HHW,RASDPLLSV,Tier1
GLTSK,AWIRGCRL,Tier1
HLHP,GIISHR,Tier1
PWL,FVNQPYLLYSVHMK,Tier1
VHHANEN,TYY,Tier1
YWY,GWNI,Tier1
YVY,SVYT,Tier1
TCSP,AGGF,Tier1
HGGEGGRPYHLGEES,TETWNPNHPEL,Tier1
RWN,SAEHGSLH,Tier1
PMDYMVT,SGQYFL,Tier1
AMTGLDA,AEERYP,Tier1
PIAAEVYEHTEGSTTSY,AGGF,Tier1
PSHDAHPE,LANAK,Tier1
YFYPEL,LPHSGY,Tier1
LHM,PVMGA,Tier1
PPK,LHR,Tier1
LHD,RWW,Tier1
RHH,RADHP,Tier1
HHW,LEEAF,Tier1
HHPL,VKEAMPK,Tier1
HDH,YYM,Tier1
LQPGQGQQG,LWS,Tier1
VKAGFAWTANQQLS,YEDCTDCGN,Tier1
LEEAF,YQKFPQY,Tier1
AIEWEGIESGSVEQA,SGQYFL,Tier1
LVNPHDHQN,YGY,Tier1
PWE,DHTKE,Tier1
LHQ,TRTGDPFF,Tier1
ESTVPERTHPACPDFN,LNLPTAVYMVT,Tier1
PNRPQF,THH,Tier1
LMCH,RHL,Tier1
LHW,SHH,Tier1
MILMR,VLVPK,Tier1
AWIRGCRL,GQFNDKRWIPFG,Tier1
HFGDPFH,RYL,Tier1
HLHP,PHH,Tier1
IEAEGE,FIGP,Tier1
EAK,HYY,Tier1
YEADARSFHDLAEHDIRV,TIASGEP,Tier1
LWQ,YNY,Tier1
LWA,DHTKE,Tier1
LHN,ETTL,Tier1
GTQY,GTW,Tier1
NGPLQAGQPGER,SFGAKNAVKNGLQKLRNQCQANNYQGPFCDIFKKNP,Tier1
LHW,DRVYIHPF,Tier1
RHA,IKK,Tier1
VKAGFAWTANQQLS,LSGYGP,Tier1
YGYTGA,KGLWE,Tier1
GTQY,GVQEGAGHYALL,Tier1
SWN,YQIGL,Tier1
VKV,LWV,Tier1
LLHH,YDY,Tier1
VECYGPNRPQF,GPLGLLGFLGPLGLS,Tier1
YIY,TCSP,Tier1
RHN,WDR,Tier1
PSHDAHPE,LWT,Tier1
RHQ,YAKP,Tier1
YYDPL,CME,Tier1
PYFNK,GIFE,Tier1
VNPHDHQN,AYPS,Tier1
PHV,RHPHP,Tier1
VECYG,IVEYF,Tier1
YYI,RHPHP,Tier1
LWH,CVHWMTNTARTACIAP,Tier1
LHY,LGFEYY,Tier1
PHHADS,SDRDLLGPNNQYLPK,Tier1
LWG,VPVTST,Tier1
SRYPS,VPKVK,Tier1
PHK,PWY,Tier1
THH,GQVPP,Tier1
FPLEMMPF,DWDPK,Tier1
YTY,YLKT,Tier1
LWV,DHG,Tier1
GHH,FLPF,Tier1
TGGGNV,YQKFP,Tier1
NQE,YYI,Tier1
PIAAEVYEHTEGSTTSY,HMPVTK,Tier1
VKL,RWW,Tier1
WSRRGEREEEDERRR,VAWRNRCKGTD,Tier1
KAI,WIRGCRL,Tier1
PHCKRM,RADHPFL,Tier1
YAKPA,TETWNPNHPEL,Tier1
RHT,NRVYIHPFHLLVYS,Tier1
HWH,IAPNYNTRATKL,Tier1
PHS,YKY,Tier1
HDH,PYVRYL,Tier1
LWW,RHK,Tier1
VLEANPRSF,ADGF,Tier1
WYSLAMAASDI,FPLEMMPF,Tier1
LQGM,PGVPWP,Tier1
PHCKRM,WRNRCKGTD,Tier1
LPHSGY,WDDMEK,Tier1
VPW,YAKP,Tier1
YPEL,LEQQVDDLEGSLEQEKK,Tier1
FIKK,VKCFR,Tier1
FRDEHKK,ISELGY,Tier1
LWS,MYY,Tier1
YQIGL,CSQAPLA,Tier1
PHH,PWE,Tier1
LKQELEDLLEKQE,VSYT,Tier1
LWN,SIITMTKEAKLPQLWKQIACRLYNTC,Tier1
PWH,LRGIKNYRVAVL,Tier1
HPHL,DRVYIHPF,Tier1
LVNPHDHQN,RLKKY,Tier1
VKV,YYK,Tier1
GHH,SALAM,Tier1
HGPLGPL,GIFE,Tier1
RHD,VQYPVEHPNKFLKFGMTPSKGVLFY,Tier1
RYY,VLPVPQK,Tier1
LWI,SNAAC,Tier1
YAY,CSQAPLA,Tier1
PHV,VAVDKHDYEPLGHSDIGVY,Tier1
YLAGMN,HYVPV,Tier1
FRDEHKK,RPNYTDA,Tier1
SHDAHPE,LYY,Tier1
HPH,DVPPYM,Tier1
KAI,WYT,Tier1
HGPLGPL,YYV,Tier1
LHR,PWL,Tier1
LLPH,YPIL,Tier1
WYS,YQLD,Tier1
YQIGL,AWIRGCRL,Tier1
EEYFPVGGDRPESF,DRVYIHPF,Tier1
YYQ,AMRLTYNRPCIYAT,Tier1
WYY,YQEPVLGPVRGPFPIIV,Tier1
YFY,HVCYMF,Tier1
EFQL,AWIRGCRL,Tier1
LHA,LHF,Tier1
VNPHDHQN,NYKQM,Tier1
LQPGQGQQ,LWS,Tier1
FIGP,MPDAHL,Tier1
LPHSGY,AGWNIPIGT,Tier1
RHA,DHG,Tier1
TRTGDPFF,ADGF,Tier1
LWY,AIEWEGIESGSVEQA,Tier1
IEEAF,YAKP,Tier1
YMY,SDRDLLGPNNQYLPK,Tier1
FEQL,TCSP,Tier1
LWG,PHV,Tier1
LLHH,GLTSK,Tier1
TERGY,RASDPLLSV,Tier1
LHM,HVCYMF,Tier1
PHR,YWY,Tier1
QVVPYPQ,GQFNDKRWIPFG,Tier1
FFGFN,CQC,Tier1
LHM,NFHPQ,Tier1
FLQEFLHV,YQEP,Tier1
PWY,LPHSGY,Tier1
NGPLQAGQPGER,IYPF,Tier1
YSEMPPGK,DGVVYY,Tier1
RHH,YYI,Tier1
FYPEL,QGAR,Tier1
PWW,LVDTGRGPIMY,Tier1
YLAGMN,ISELWG,Tier1
AVPYPQR,RADHPF,Tier1
AGWNI,FHNMEK,Tier1
PWD,RHPHP,Tier1
YAEERYPIL,ADF,Tier1
PMDYMVT,VKP,Tier1
PAGY,LHS,Tier1
DYY,VAMVPPFET,Tier1
LEELEEELEGCE,TETWNPNHPEL,Tier1
LWY,FVNQPYLLYSVHMK,Tier1
YQEP,FPLEMMPF,Tier1
GGE,YLKT,Tier1
FYY,ELLI,Tier1
LEELEEELEGCE,YLKT,Tier1
LHM,YYH,Tier1
LQL,YIPIQY,Tier1
YYL,SVYT,Tier1
KVI,WDR,Tier1
HDH,VKP,Tier1
HPHL,EEEQVGQGYETIRARL,Tier1
HVRETALV,RPNYTDA,Tier1
LNGDVW,LYEGY,Tier1
RWT,QGAR,Tier1
LGLNGDDVN,RHI,Tier1
RHY,CQC,Tier1
LPHSGY,HEKVC,Tier1
FALPQYLK,SGQYFL,Tier1
PWN,AADNANELFPPN,Tier1
HDH,TDY,Tier1
EERYP,GTW,Tier1
NGPLQAGQPGER,NHAV,Tier1
AMRLTYNKPCLYGT,TERGY,Tier1
YSY,GWNIP,Tier1
PKAV,PHT,Tier1
WYS,YLMSR,Tier1
PWG,YEY,Tier1
YEY,TGGGNV,Tier1
YYE,IRGCRL,Tier1
QYDQGV,YQLD,Tier1
PHW,IRW,Tier1
ADF,RYL,Tier1
PHE,AYY,Tier1
VPNSYP,YYDPL,Tier1
LVGDEQAVPAVCVP,YLGY,Tier1
LQPGQGQQG,SIITMTKEAKLPQLWKQIACRLYNTC,Tier1
GGE,AEERYP,Tier1
YVL,GIFE,Tier1
YWY,VKRRGQDCIHGFCSD,Tier1
CYGPNR,RWH,Tier1
GPAGPAG,RADHP,Tier1
LQSGDALRVPSGTTYY,PVMGA,Tier1
PKAVHE,WPP,Tier1
PWH,RYL,Tier1
QHH,VLSRYPS,Tier1
IANNEADAISLDGGQVFEAG,CSQAPLA,Tier1
LHPH,YFE,Tier1
TEFTK,GQVPP,Tier1
NRVYIHPFHLLVYS,GWNI,Tier1
VKV,WVYY,Tier1
HYH,VSYT,Tier1
PNRPQF,VLSRYPS,Tier1
TETWNPNHPEL,KDVPP,Tier1
FVNQPYLLYSVHMK,ALEPDHR,Tier1
ESTTVPERTHPACPDFN,FLHRP,Tier1
RHF,YCY,Tier1
LLHH,ISELGF,Tier1
PHHADS,AGGF,Tier1
YQY,TYQTF,Tier1
PWL,LPHSGY,Tier1
RWT,GYLEQ,Tier1
KYY,AADNANELFPPN,Tier1
PHL,WDDMEK,Tier1
RWR,YEY,Tier1
AEAQKQLR,RWH,Tier1
PWL,RWG,Tier1
LHT,TVYQ,Tier1
HPH,LHY,Tier1
RADHP,LVMFLDNQHRVIRH,Tier1
LGFEYY,LGNTDYAVH,Tier1
LWV,YLGY,Tier1
LWA,VGDI,Tier1
RHM,WNIP,Tier1
CYGPNR,IIENGEKWS,Tier1
RHE,MTEEY,Tier1
LWK,ADHP,Tier1
DPALATEPDPMPF,VAVDKHDYEPLGHSDIGVY,Tier1
AMRLTYNRPCIYAT,SDRDLLGPNNQYLPK,Tier1
IQW,CHI,Tier1
IEAEGE,YFY,Tier1
RWG,PYPQ,Tier1
LHV,LGFEY,Tier1
VVKL,RCMAFLLSDGAAAAQQLLPQYW,Tier1
YYD,IYIEQGNGITGM,Tier1
RWN,AHH,Tier1
LQPGQGQQG,RWR,Tier1
GFFDRIKALTKNVTLELLNTITCKLPVTPP,NEN,Tier1
FVAGK,WIRGCRL,Tier1
LHI,PHYL,Tier1
RWY,VPW,Tier1
ACFL,AGTTCLFTPLALPYDYSH,Tier1
LEELEEELEGCE,LPYY,Tier1
VDHDHPE,PLHH,Tier1
TDY,LVMFLDNQHRVIRH,Tier1
FYPEL,YYH,Tier1
HLHP,HNPI,Tier1
HWH,YLMSR,Tier1
PPQ,KTFCGRH,Tier1
IKL,IEAEGE,Tier1
WEIKPSSLTGKSPYFSNNHGKL,TEVWDSNEQ,Tier1
NHH,YYE,Tier1
HEH,GFFDRIKALTKNVTLELLNTITCKLPVTPP,Tier1
YYT,AVPYPQR,Tier1
IYPF,CSQAPLA,Tier1
LWI,YLY,Tier1
RHG,FLKPLFNAALKLLP,Tier1
VKEAMPK,CQC,Tier1
WISELG,PYFNK,Tier1
YQY,GTW,Tier1
VIPAGYP,AEEEYPDL,Tier1
YAY,CQC,Tier1
IEAEGE,VPW,Tier1
PSDHDHE,LNGDVW,Tier1
LEELEEELEGCE,RHD,Tier1
CAAP,VPKVK,Tier1
AWIRGCRL,FPQY,Tier1
LWE,LNGDVW,Tier1
IYY,RYL,Tier1
YVY,RYLG,Tier1
PHG,FHNMEK,Tier1
RHE,RNDDLNYIQ,Tier1
RWR,QYP,Tier1
LLPHHH,RHG,Tier1
LWR,KKY,Tier1
YAY,YGGFM,Tier1
NADFGLNGLEGLA,QHGV,Tier1
LRGIKNYRVAVL,CQC,Tier1
PLFQNKLAHAK,GWNI,Tier1
PIAAEVYEHTEGSTTSY,LVSK,Tier1
HDHPVC,PYVRYL,Tier1
RHW,WHNVSGSP,Tier1
RHQ,IQW,Tier1
EFLQ,FKK,Tier1
YDY,DWDPK,Tier1
HQIYPV,AGGF,Tier1
PSHDAHPE,LVSK,Tier1
AHK,TRTGDPFF,Tier1
ISELWG,GLTSK,Tier1
VHHANEN,HVRETALV,Tier1
SALAM,GLLDSVKEGLKKVAGQLLDTLKCKISGCTPA,Tier1
LELHKLRSSHWFSRR,RHT,Tier1
FDSGPAGVL,GEGSGA,Tier1
PKAV,LHT,Tier1
RHW,GEC,Tier1
HGPLGPL,KDVPP,Tier1
RHN,HDH,Tier1
LPYY,ADHP,Tier1
NYY,AAVGGYRVAVL,Tier1
IEAEGE,AVPYPQR,Tier1
LPHSGY,MPACGSS,Tier1
EELDNALN,KKY,Tier1
YVY,IYIEQGNGITGM,Tier1
RHD,RWA,Tier1
YEY,YYM,Tier1
LQSGDALRVPSGTTYY,RWA,Tier1
RNR,YYQ,Tier1
KHNRGDEF,ADF,Tier1
NQE,PWW,Tier1
HDHPVC,PYPQ,Tier1
PLFQNKLAHAK,FLHRP,Tier1
LWK,YYA,Tier1
DAQEKLE,SWN,Tier1
TSQLLSDQ,KLSDW,Tier1
LTC,WEN,Tier1
YYE,YGYTGA,Tier1
HWH,MYY,Tier1
RHK,HFH,Tier1
YMY,IIENGEKWS,Tier1
RHL,FALPQYLK,Tier1
LGFEYY,GQFNDKRWIPFG,Tier1
VKL,PHN,Tier1
PAGY,PSLVGRPPVGKLTL,Tier1
PVMGA,QCL,Tier1
WYY,SNAAC,Tier1
LWY,PHF,Tier1
ACFL,FLNDFLHV,Tier1
LHA,RHI,Tier1
CYGPNR,WYGPD,Tier1
QWPAQ,PYFNK,Tier1
YVL,DGVVYY,Tier1
DVPPYM,YQEPVLGPVRGPFPIIV,Tier1
VECYG,PHR,Tier1
LWR,PWF,Tier1
YYG,DHTKE,Tier1
GHH,YEDCTDCGN,Tier1
LYPY,YLKT,Tier1
LALPA,LYEGY,Tier1
ADHP,DWDPK,Tier1
RHG,NHRYDR,Tier1
KAI,FRDEHKK,Tier1
RWW,FPLEMMPF,Tier1
DPALATEPDPMPF,KDVPP,Tier1
LHF,ECA,Tier1
DYY,HMPVTK,Tier1
LHM,KTFCGRH,Tier1
PHN,AGGF,Tier1
RWT,TIIPLPV,Tier1
LYPY,MILMR,Tier1
QVVPYPQ,TVYQ,Tier1
YYY,QYDQGV,Tier1
PHI,WNIP,Tier1
GSGGL,RYQ,Tier1
PWS,YNL,Tier1
VFPW,PYSFK,Tier1
YTY,QGAR,Tier1
LHT,PWE,Tier1
PKAVHE,LGFEY,Tier1
LWV,TERGY,Tier1
PAGY,YYV,Tier1
LVNPHDHQN,MHI,Tier1
RHF,APIRMWYMYRKLTDMEPKPVA,Tier1
ACFL,KFPE,Tier1
LEELEEELEGCE,FLNDFLHV,Tier1
RHQ,YHH,Tier1
PSYV,LHY,Tier1
FYY,ARHPHPHLSFM,Tier1
HDHPVC,IKK,Tier1
LHG,WEGPK,Tier1
PHY,HYY,Tier1
LHQ,KGLWE,Tier1
LHW,AAVGGYRVAVL,Tier1
VKP,AEERYP,Tier1
YQKFP,VKRRGQDCIHGFCSD,Tier1
PWA,YSEMPPGK,Tier1
VHDY,GTQY,Tier1
PHF,RYLG,Tier1
YTY,PYPQ,Tier1
PHM,PWW,Tier1
LHF,FVPH,Tier1
YYW,GEGSGA,Tier1
YCY,VSYT,Tier1
LWF,AEEEYPDL,Tier1
RWR,SGAF,Tier1
VKL,IPAGM,Tier1
LLR,MPACGSS,Tier1
AKYIPIQYVLSRYPSY,RASDPLLSV,Tier1
VPNSYP,RASDPLLSV,Tier1
LQGM,EQC,Tier1
RHV,YYF,Tier1
VPYPQ,CME,Tier1
LHI,ARHPHPHLSFM,Tier1
CYGPNR,ADF,Tier1
RHN,VECYGPNRPQF,Tier1
ARHPHP,MPACGSS,Tier1
FFAPGRNPTSFS,WISELG,Tier1
QWPAQ,YLGAK,Tier1
SDF,RPNYTDA,Tier1
TYQTF,GIISHR,Tier1
HYH,HYVPV,Tier1
RHW,FEQL,Tier1
ISELGY,RDMPIQ,Tier1
PHS,AMRLTGNRPGLYAT,Tier1
YFYPEL,RHY,Tier1
PHYL,PYSFK,Tier1
VPW,TVYQ,Tier1
PHE,IYIEQGNGITGM,Tier1
RHS,YQEPVLGP,Tier1
YYH,IPAGV,Tier1
YNL,HQIYPV,Tier1
HLHP,ADGF,Tier1
RHS,IQY,Tier1
RHF,GTW,Tier1
RHY,RWQ,Tier1
VVKL,CAAP,Tier1
LHY,LPF,Tier1
RWQ,VKEAMAPK,Tier1
RHS,AMRLTYNRPCLGAT,Tier1
NHAV,MILMR,Tier1
RHY,SDRDLLGPNNQYLPK,Tier1
FHH,DDPDKGMLKWKNDFFQEF,Tier1
YTY,ETTL,Tier1
EAK,RWR,Tier1
LHA,RHT,Tier1
RHK,MYY,Tier1
LLPHHH,GSGGL,Tier1
HGGEGGRPYHLGEES,LPM,Tier1
RWG,KYL,Tier1
IKL,VLVPK,Tier1
EAK,YLG,Tier1
FALPQYLK,IRW,Tier1
RHV,PYFNK,Tier1
PPQ,PHR,Tier1
VFPW,GFWDSVKEGLKNAAVTILNKIKCKISECPPA,Tier1
AHK,LARL,Tier1
LVGDEQAVPAVCVP,KTFCGRH,Tier1
HWH,VPYPQ,Tier1
KHNRGDEF,HEH,Tier1
YGYTGA,GYLEQ,Tier1
FYPEL,PPQ,Tier1
YYY,YQEPVLGPVRGPFPIIV,Tier1
LGLNGDDVN,HPH,Tier1
HHP,EQC,Tier1
IYY,MYY,Tier1
MHH,RADHP,Tier1
RWI,SNAAC,Tier1
PHR,RHH,Tier1
HLH,LHF,Tier1
YAY,GQFNDKRWIPFG,Tier1
VIPAGYP,LQGM,Tier1
HGPLGPL,PIAAEVYEHTEGSTTSY,Tier1
PEL,YYDPL,Tier1
PWG,YSEMPPGK,Tier1
WYSLAMAASDI,YQL,Tier1
FEQL,HNPI,Tier1
KVLPVPQK,HNPI,Tier1
LWG,IANNEADAISLDGGQVFEAG,Tier1
LKQELEDLLEKQE,VLSRYPS,Tier1
PHK,ISELGF,Tier1
AYY,YYIVS,Tier1
PKAV,ARHPHPHLSFM,Tier1
KAI,KKY,Tier1
RWA,FVNQPYLLYSVHMK,Tier1
QHH,WEGPK,Tier1
LHA,WNIP,Tier1
LGFEY,VLYEE,Tier1
PWL,YIY,Tier1
LWG,YDY,Tier1
GHH,FIPGLRRLFATVVPTVVCAINKLPPG,Tier1
VPSGK,LWM,Tier1
LPHSGY,MHIRL,Tier1
LHN,QHH,Tier1
VCSV,LEQQVDDLEGSLEQEKK,Tier1
FIGP,HGGEGGRPYHLGEES,Tier1
LWQ,HHY,Tier1
RWL,LYEGY,Tier1
LVMFLDNQHRVIRH,SRYPS,Tier1
DRVYIHPF,GIFE,Tier1
YQEP,GYLEQ,Tier1
DSGVT,AGWNIPIGT,Tier1
YYE,AGWNI,Tier1
YTY,RYL,Tier1
RWR,YLAGMN,Tier1
NGPLQAGQPGER,NHRYDR,Tier1
HLPH,GWNIP,Tier1
YFE,RYQ,Tier1
LHQ,VECYGPNRPQF,Tier1
VVGGDGDV,AWIRGCRL,Tier1
YPEL,FLKPLFNAALKLLP,Tier1
HLH,LAPSLPGKPKPD,Tier1
GEC,VPKVK,Tier1
RHY,FHH,Tier1
RWQ,AAVGGYRVAVL,Tier1
AKYIPIQYVLSRYPSY,RHS,Tier1
WSRRGEREEEDERRR,WEN,Tier1
IYY,VLYEE,Tier1
GALAAH,FEQI,Tier1
LPYY,GALAAH,Tier1
RHS,DHTKE,Tier1
IYY,ACFL,Tier1
HHY,GFPSG,Tier1
LEQQVDDLEGSLEQEKK,FVPH,Tier1
YPFPG,KKY,Tier1
TERGY,LPM,Tier1
RADHPF,FLPF,Tier1
YVY,WYSL,Tier1
PHV,IANNEADAISLDGGQVFEAG,Tier1
QKW,CLV,Tier1
AKYIPIQYVLSRYPSY,KVLPVPQK,Tier1
RWA,ARHPHP,Tier1
GHH,EERYP,Tier1
VPSGK,PSYV,Tier1
VNPHDHQN,KDVPP,Tier1
YYI,ESTTVPERTHPACPDFN,Tier1
TCSP,TETWNPNHPEL,Tier1
PSLPA,TVYQ,Tier1
RWE,DPALATEPDPMPF,Tier1
LHD,VLEANPRSF,Tier1
YYF,VKEAMPK,Tier1
FEQL,SGAF,Tier1
KVI,RYLGY,Tier1
LYY,GYLEQ,Tier1
LPYY,LPF,Tier1
LGLNGDDVN,IPAGV,Tier1
FIPGLRRLFATVVPTVVCAINKLPPG,YVGD,Tier1
LHG,IAPNYNTRATKL,Tier1
YAY,WDDMEK,Tier1
TRTGDPFF,GIFE,Tier1
LARL,FIGP,Tier1
YHY,LDY,Tier1
VKAGFAWTANQQLS,TIIPLPV,Tier1
HHPL,WSVPQPK,Tier1
NHK,MPACGSS,Tier1
MQFHT,CVHWMTNTARTACIAP,Tier1
RPPGFSPFR,SFGAKNAVKNGLQKLRNQCQANNYQGPFCDIFKKNP,Tier1
PHM,ARHPHP,Tier1
YWY,DRVYIHPF,Tier1
AMRLTYNRPCIYAT,IQW,Tier1
KHNRGDEF,YPI,Tier1
LLPHHH,YEADARSFHDLAEHDIRV,Tier1
QVVPYPQ,PVDENDEG,Tier1
AEERYP,AYFYPEL,Tier1
DAQEKLE,MHI,Tier1
AEAQKQLR,PWQ,Tier1
LVSK,TIASGEP,Tier1
RHQ,CHI,Tier1
IKL,LWF,Tier1
FEQI,AEERYP,Tier1
NQE,GPAGPAG,Tier1
FDEQE,ACQ,Tier1
YPEL,LNLPTAVYMVT,Tier1
YYW,EEYFPVGGDRPESF,Tier1
SALAM,DDPDKGMLKWKNDFFQEF,Tier1
DAQEKLE,GWNIP,Tier1
YAEERYPIL,TCSP,Tier1
YYL,YYM,Tier1
GALAAH,PYFNK,Tier1
LGFEY,GQFNDKRWIPFG,Tier1
MYY,GFGPEL,Tier1
PAGY,RYY,Tier1
TIIPLPV,LLR,Tier1
RYY,SVMPVVA,Tier1
LELHKLRSSHWFSRR,AMRLTGNRPGLYAT,Tier1
LWV,AYPS,Tier1
PHS,IRGCRL,Tier1
TIASGEP,EQC,Tier1
NHK,VPVTST,Tier1
LSGYGP,PYSFK,Tier1
SWN,VPNSYP,Tier1
AYY,SAEHGSLH,Tier1
HVCYMF,DGVVYY,Tier1
HGPLGPL,YGGFM,Tier1
YDY,AYPS,Tier1
SFGAKNAVKNGLQKLRNQCQANNYQGPFCDIFKKNP,KKY,Tier1
EYY,EFLQ,Tier1
RHT,DVFRELRVQ,Tier1
TVYQ,RPNYTDA,Tier1
SHDAHPE,HNPI,Tier1
LPL,YNI,Tier1
LELHKLRSSHWFSRR,IPAGM,Tier1
PHW,MHI,Tier1
LWR,PHY,Tier1
PLFQNKLAHAK,WDDMEK,Tier1
LARL,LAC,Tier1
LPYY,AGWNI,Tier1
YEDCTDCGN,GEGSGA,Tier1
LQPGQGQQG,VKCFR,Tier1
VLEANPRSF,SIITMTKEAKLPQLWKQIACRLYNTC,Tier1
AHH,YDY,Tier1
LEELEEELEGCE,HLPH,Tier1
RHK,YEDCTDCGN,Tier1
KAI,CSQAPLA,Tier1
HYH,VLSRYPS,Tier1
KLSDW,KGLWE,Tier1
RWI,GFGPEL,Tier1
HLHP,VPKVK,Tier1
LANAK,CAQ,Tier1
RHG,DHG,Tier1
LWT,ACQ,Tier1
PWW,IANNEADAISLDGGQVFEAG,Tier1
DYY,YNI,Tier1
YFY,FVNQPYLLYSVHMK,Tier1
LHA,LDY,Tier1
LQSGDALRVPSGTTYY,LPF,Tier1
LARL,YQKFPQY,Tier1
RHW,AMRLTGNRPGLYAT,Tier1
WEIKPSSLTGKSPYFSNNHGKL,AWDPE,Tier1
LQPGQGQQG,RHE,Tier1
YEY,VKRRGQDCIHGFCSD,Tier1
YYF,FLPF,Tier1
LLPHHH,NYY,Tier1
IPAGM,YSTA,Tier1
FYPEL,DVPPYM,Tier1
LWI,MHIRL,Tier1
SDF,ECA,Tier1
IANNEADAISLDGGQVFEAG,YQKFPQY,Tier1
PAGY,TEFTK,Tier1
WYSLAM,IVEYF,Tier1
LPTSEAAKY,RWN,Tier1
VECYGPNRPQF,SNAAC,Tier1
WHH,QLGNLGV,Tier1
VHHANEN,YPI,Tier1
VQYPVEHPNKFLKFGMTPSKGVLFY,YLGY,Tier1
RHK,GIISHR,Tier1
YYY,GPP,Tier1
VPVTST,LAC,Tier1
MYY,NHRYDR,Tier1
PSKYEPFV,PWL,Tier1
LYPY,GTQY,Tier1
LWH,SNAAC,Tier1
SFGAKNAVKNGLQKLRNQCQANNYQGPFCDIFKKNP,AYPS,Tier1
VIPAGYP,SAEHGSLH,Tier1
IYPF,YGGFL,Tier1
YAY,WEGPK,Tier1
LWK,EWPAQ,Tier1
SGQYFL,WYGPD,Tier1
LVGDEQAVPAVCVP,LHT,Tier1
YYS,WYSLA,Tier1
PWE,KLSDW,Tier1
LHF,VVGGDGDV,Tier1
QHH,TERGY,Tier1
HGPLGPL,LWM,Tier1
PSKYEPFV,YQLD,Tier1
RHA,IVEYF,Tier1
LRGIKNYRVAVL,GLLDSVKEGLKKVAGQLLDTLKCKISGCTPA,Tier1
IPIQYVL,YLMSR,Tier1
NGLEGLK,DYY,Tier1
AQIPQQ,LTTLDSE,Tier1
DSGVT,AEEEYPDL,Tier1
FRDEHKK,DEDTQAMP,Tier1
RHG,FDEQE,Tier1
PWR,YEDCTDCGN,Tier1
RHN,YYDPL,Tier1
SFGAKNAVKNGLQKLRNQCQANNYQGPFCDIFKKNP,DVPPYM,Tier1
RWE,AWIRGCRL,Tier1
EEEQVGQGYETIRARL,AAVGGYRVAVL,Tier1
FYPEL,LQPGQGQQG,Tier1
PWL,LDY,Tier1
LSGYGP,EERYP,Tier1
ESTTVPERTHPACPDFN,WYGPD,Tier1
RWY,GEC,Tier1
FIGP,ARHPHP,Tier1
LYPY,LHH,Tier1
PIAAEVYEHTEGSTTSY,AEEEYPDL,Tier1
VHHANEN,WNIP,Tier1
LWI,GQFNDKRWIPFG,Tier1
LNLPTAVYMVT,GFYPPP,Tier1
LWF,RHW,Tier1
AMRLTYNRPCLGAT,YAKP,Tier1
PHN,IQY,Tier1
KAI,LFC,Tier1
IEAEGE,GIISHR,Tier1
LQPGQGQQ,PHQ,Tier1
LWT,YGY,Tier1
CYGPNR,MEMK,Tier1
RWG,AGWNIP,Tier1
HHF,GAH,Tier1
ACFL,KVLPVPQK,Tier1
AYY,NYKQM,Tier1
WYSLAMA,KDVPP,Tier1
RWY,YYT,Tier1
GPAGPAG,GGIF,Tier1
LPHH,RWL,Tier1
IKL,LVDTGRGPIMY,Tier1
PWF,LRGIKNYRVAVL,Tier1
RHK,HQIYPV,Tier1
YYR,FRSGILKLASKIPSVLCAVLKNC,Tier1
FYPEL,GQVPP,Tier1
LHA,ADGF,Tier1
RHA,YIY,Tier1
SALAM,YWVTSGPK,Tier1
VKV,SYY,Tier1
RWQ,WRNRCKGTD,Tier1
PHYL,LPM,Tier1
AMRLTGNRPGLYAT,NHK,Tier1
PLFQNKLAHAK,TYY,Tier1
IYPF,AYFYPE,Tier1
AHK,TERGY,Tier1
PHN,IAPNYNTRATKL,Tier1
YYG,WSVPQPK,Tier1
IPIQYVL,FEQI,Tier1
YAY,LGFEY,Tier1
YPFPG,FVPH,Tier1
PYY,KFPE,Tier1
YPI,SVMPVVA,Tier1
KVI,VKEAMPK,Tier1
YYG,HNPI,Tier1
GPP,VGGRP,Tier1
PWL,GLTSK,Tier1
LWS,PHCKRM,Tier1
NHK,LPM,Tier1
SYY,MPDAHL,Tier1
RADHPF,DEDTQAMP,Tier1
AMTGLDA,HNPI,Tier1
PWT,FIPGLRRLFATVVPTVVCAINKLPPG,Tier1
PHG,GHH,Tier1
WYY,GWNIP,Tier1
YYDPL,RYL,Tier1
YVEEL,FRSGILKLASKIPSVLCAVLKNC,Tier1
YLYP,ADGF,Tier1
PHK,QVVPYPQ,Tier1
YQKFP,CAQ,Tier1
PHS,RWE,Tier1
LGLNGDDVN,RPPGFSPFR,Tier1
YGGFM,WPP,Tier1
RHN,RWY,Tier1
FIPGLRRLFATVVPTVVCAINKLPPG,QCL,Tier1
IKL,PHI,Tier1
FPLEMMPF,AMRLTYNKPCLYGT,Tier1
HPHL,VPW,Tier1
WHNVSGSP,NEN,Tier1
FRSGILKLASKIPSVLCAVLKNC,TEVWDSNEQ,Tier1
RWI,FHH,Tier1
LMGQW,WYS,Tier1
SGAF,AYFYPE,Tier1
PWY,DVPPYM,Tier1
DWDPK,RYLGY,Tier1
YYM,IRGCRL,Tier1
YYR,FEQL,Tier1
GYLEQ,IQW,Tier1
HNPI,YLL,Tier1
LVMFLDNQHRVIRH,DVFRELRVQ,Tier1
TDY,AGTTCLFTPLALPYDYSH,Tier1
AHH,YQKFPQY,Tier1
QVVPYPQ,WISELGW,Tier1
VPSGK,HVRETALV,Tier1
LWW,YMY,Tier1
YCY,WPP,Tier1
HFGDPFH,RHY,Tier1
YTY,GIFE,Tier1
YMY,LGY,Tier1
LHI,YFE,Tier1
QHH,RYLGY,Tier1
WHH,SGQYFL,Tier1
HHP,IVEYF,Tier1
PHF,PWY,Tier1
LVNPHDHQN,LQPGQGQQG,Tier1
KHNRGDEF,FFAPGRNPTSFS,Tier1
HFGDPFH,YEADARSFHDLAEHDIRV,Tier1
KHNRGDEF,PWL,Tier1
YYI,IPAGV,Tier1
DAQEKLE,YGYTGA,Tier1
LLPH,QCL,Tier1
YYK,NHAV,Tier1
AGTTCLFTPLALPYDYSH,EQC,Tier1
PWT,VSYT,Tier1
IEAEGE,PHN,Tier1
VKRRGQDCIHGFCSD,FPQY,Tier1
ISELWG,QYP,Tier1
YFE,QGAR,Tier1
RHG,YEADARSFHDLAEHDIRV,Tier1
PHS,EEEQVGQGYETIRARL,Tier1
IKL,HVCYMF,Tier1
LKQELEDLLEKQE,PWS,Tier1
RWQ,PVDENDEG,Tier1
YWY,YPPAK,Tier1
AQIPQQ,YYY,Tier1
YQKFP,LPM,Tier1
LGFEYY,GWNIP,Tier1
LHS,AYFYPEL,Tier1
VHDY,QKW,Tier1
PHE,QYDQGV,Tier1
GEGSGA,NEN,Tier1
DAQEKLE,RADHPF,Tier1
YEDCTDCGN,LPF,Tier1
LVNPHDHQN,PHM,Tier1
LLPHH,VLSRYPS,Tier1
MYY,YQIGL,Tier1
VHHANEN,TERGY,Tier1
AKAWGIPPHVIPQIVPVRIRPLCGNV,VPKVK,Tier1
LHQ,AKAWGIPPHVIPQIVPVRIRPLCGNV,Tier1
VPYPQ,YYIVS,Tier1
QWPAQ,DYK,Tier1
PWV,RLKKY,Tier1
LQSGDALRVPSGTTYY,EEYFPVGGDRPESF,Tier1
YYM,EFQL,Tier1
SVYT,DHG,Tier1
LWV,NRVYIHPFHLLVYS,Tier1
HPHL,YVY,Tier1
HWH,TVYQ,Tier1
WYT,AMRLTGNRPGLYAT,Tier1
EAK,LHL,Tier1
LVGDEQAVPAVCVP,DHTKE,Tier1
LGNTDYAVH,AGTTCLFTPLALPYDYSH,Tier1
RHT,HHY,Tier1
YLYP,DHTKE,Tier1
LMCH,CAAP,Tier1
YYA,PIAAEVYEHTEGSTTSY,Tier1
HLH,QCH,Tier1
NGPLQAGQPGER,RWN,Tier1
PWL,QWPAQ,Tier1
TEVWDSNEQ,PKLPPVKK,Tier1
LLPH,SGAF,Tier1
NHH,EERYP,Tier1
HWH,YGLN,Tier1
KYY,LYEGY,Tier1
NQE,WHH,Tier1
RWY,LRGIKNYRVAVL,Tier1
IAPNYNTRATKL,EFQL,Tier1
GPGGFI,TERGY,Tier1
WSRRGEREEEDERRR,AWIRGCRL,Tier1
AHK,AYFYPEL,Tier1
WEGPK,RNDDLNYIQ,Tier1
PKAVHE,VPNSYP,Tier1
PYFNK,LLPF,Tier1
PHI,CVHWMTNTARTACIAP,Tier1
YVY,LPL,Tier1
VIPAGYP,FRDEHKK,Tier1
GFFDRIKALTKNVTLELLNTITCKLPVTPP,SRYPS,Tier1
LLHH,VSYT,Tier1
PLHH,LGY,Tier1
DAQEKLE,AYPS,Tier1
FIKK,LFC,Tier1
PHH,LLR,Tier1
RHQ,QYY,Tier1
SNAAC,APIRMWYMYRKLTDMEPKPVA,Tier1
HHPLL,PVMGA,Tier1
DPALATEPDPMPF,PHCKRM,Tier1
HFH,QGAR,Tier1
YAEERYPIL,YPFPG,Tier1
YLYP,RYLG,Tier1
ARHPHPHLSFM,CME,Tier1
VHH,GFGPEL,Tier1
FLHRP,LDK,Tier1
HHPLL,LSGNK,Tier1
LHI,FEQL,Tier1
PSDHDHE,NHK,Tier1
WEGPK,IQY,Tier1
SYY,FRADHPFL,Tier1
LWQ,PGVPWP,Tier1
RYQ,VGDI,Tier1
VHHANEN,LGLNGDDVN,Tier1
IKL,YGYTGA,Tier1
MYY,AWDPE,Tier1
VPSGK,LEEAF,Tier1
PSIPA,YNL,Tier1
YFYPEL,FIGP,Tier1
SYY,RYL,Tier1
PWR,GLTSK,Tier1
SHDAHPE,AEEEYPDL,Tier1
LQGM,FALPQYLK,Tier1
PPQ,RHH,Tier1
QYY,STMMEERRMKVY,Tier1
ADHP,LSGNK,Tier1
VFPW,LTC,Tier1
PEL,VKEAMPK,Tier1
VLYEE,LPF,Tier1
VPSGK,QYP,Tier1
PWT,IQY,Tier1
RHE,VSYT,Tier1
TGGGNV,LGY,Tier1
LHA,LQGM,Tier1
MHIRL,ISELGY,Tier1
YEY,GFYPPP,Tier1
KTFCGRH,IRW,Tier1
PHN,QHH,Tier1
LKQELEDLLEKQE,WHH,Tier1
RHPHP,RYLG,Tier1
GGE,NHAV,Tier1
PEL,RPNYTDA,Tier1
ESTVPERTHPACPDFN,LSGYGP,Tier1
NPYVPR,FYQL,Tier1
IPIQYVL,TRTGDPFF,Tier1
CME,RYLG,Tier1
IPIQYVL,LLR,Tier1
RHS,GQVPP,Tier1
AKYIPIQYVLSRYPSY,LWR,Tier1
IVEYF,YQEPVLGPVRGPFPIIV,Tier1
LHE,QYP,Tier1
YAY,VLPVPQK,Tier1
HHPLL,LHE,Tier1
PWH,QHH,Tier1
LHK,LHQ,Tier1
GFPSG,PSLVGRPPVGKLTL,Tier1
FIGP,IQW,Tier1
TGGGNV,LAC,Tier1
NADFGLNGLEGLA,EWPAQ,Tier1
RHK,VFPW,Tier1
HDH,YNY,Tier1
LWH,LWT,Tier1
AADNANELFPPN,VLVPK,Tier1
IEAEGE,LVDTGRGPIMY,Tier1
RHF,FDEQE,Tier1
YFYPEL,PWL,Tier1
YYA,WVYY,Tier1
SRYPS,DVPPYM,Tier1
VKL,YQLD,Tier1
GVPLT,GYLEQ,Tier1
VKEAMPK,SALAM,Tier1
EEEQVGQGYETIRARL,RLKKY,Tier1
CYGPNR,ELLI,Tier1
PHV,HHY,Tier1
PYY,PYFNK,Tier1
LPTSEAAKY,FFAPGRNPTSFS,Tier1
YLYP,AIRQGDVF,Tier1
ESTTVPERTHPACPDFN,KKY,Tier1
YYN,CHI,Tier1
GPP,AGWNIP,Tier1
YGGFM,YQL,Tier1
PHN,FRSGILKLASKIPSVLCAVLKNC,Tier1
RWR,FRSGILKLASKIPSVLCAVLKNC,Tier1
SYY,YSTA,Tier1
VHHANEN,SALAM,Tier1
EAK,YYY,Tier1
PHW,FPLEMMPF,Tier1
YLYP,LLPF,Tier1
KVI,HVRETALV,Tier1
PHK,HQIYPV,Tier1
YQL,GTW,Tier1
LQSGDALRVPSGTTYY,TERGY,Tier1
YYH,DRVYIHPF,Tier1
QYDQGV,AEERYP,Tier1
NGLEGLK,MWL,Tier1
LVGDEQAVPAVCVP,YVL,Tier1
AKYIPIQYVLSRYPSY,GYY,Tier1
QYY,WISELGW,Tier1
VVKL,RADHP,Tier1
FDSGPAGVL,PHK,Tier1
LLPHHH,GIISHR,Tier1
PHYL,GWNI,Tier1
VVKL,GEGSGA,Tier1
LWV,AWDPE,Tier1
IKL,YYH,Tier1
PPK,AGGF,Tier1
LWS,GQFNDKRWIPFG,Tier1
PLFQNKLAHAK,RHM,Tier1
VDYP,GYY,Tier1
PWF,YQIGL,Tier1
PSHDAHPE,PHS,Tier1
LARL,LGY,Tier1
RHE,ESTTVPERTHPACPDFN,Tier1
QHH,VAMVPPFET,Tier1
RADHP,NEN,Tier1
ARHPHP,PKLPPVKK,Tier1
WYY,RADHPFL,Tier1
LWH,EQC,Tier1
AHH,IQY,Tier1
AKYIPIQYVLSRYPSY,HFGDPFH,Tier1
VPYPQ,LPF,Tier1
PPK,PHQ,Tier1
VCSV,FVNQPYLLYSVHMK,Tier1
LVDTGRGPIMY,RASDPLLSV,Tier1
NRVYIHPFHLLVYS,VSYT,Tier1
GVPLT,SGAF,Tier1
PPK,PHV,Tier1
ISELGW,YNL,Tier1
LFC,RYLG,Tier1
VLPVPQK,ISELGW,Tier1
YVY,HVCYMF,Tier1
LHA,STMMEERRMKVY,Tier1
PHD,LFC,Tier1
KVI,LAC,Tier1
LWV,IRGCRL,Tier1
LEQQVDDLEGSLEQEKK,KDVPP,Tier1
QHGV,CAAP,Tier1
RYY,WDR,Tier1
MHIRL,YVEEL,Tier1
MWL,VPW,Tier1
RHD,AMRLTYNRPCLGAT,Tier1
RNR,PKLPPVKK,Tier1
PWQ,RADHP,Tier1
PHA,RNDDLNYIQ,Tier1
LVGDEQAVPAVCVP,LAPSLPGKPKPD,Tier1
LPL,FRSGILKLASKIPSVLCAVLKNC,Tier1
VPSGK,WYSLAM,Tier1
YYF,AKAWGIPPHVIPQIVPVRIRPLCGNV,Tier1
LHT,AGWNIPIGT,Tier1
PHY,EFQL,Tier1
WNIP,HYVPV,Tier1
AQIPQQ,HMPVTK,Tier1
PKAV,EEEQVGQGYETIRARL,Tier1
PWW,TERGY,Tier1
AMRLTYNRPCLGAT,AGWNIP,Tier1
KVI,PHM,Tier1
HHY,VKEAMAPK,Tier1
PSYV,FRADHPFL,Tier1
YQIGL,TSQLLSDQ,Tier1
PAGY,LLPH,Tier1
NHH,PYPQ,Tier1
LVNPHDHQN,HPLH,Tier1
FYY,FLKPLFNAALKLLP,Tier1
LHG,DHTKE,Tier1
WYT,WNIP,Tier1
PSKYEPFV,PVMGA,Tier1
SVMPVVA,TYQTF,Tier1
LMCH,DYK,Tier1
RWN,YPFPG,Tier1
HPH,IPAGM,Tier1
YSTA,SGAF,Tier1
SVYT,VKP,Tier1
GAWA,CAQ,Tier1
VECYG,WSVPQPK,Tier1
LHL,YKY,Tier1
IEEAF,ARHPHP,Tier1
PSKYEPFV,TEVWDSNEQ,Tier1
YNL,VAMVPPFET,Tier1
PHA,KKY,Tier1
ELLI,QCH,Tier1
VPW,ISELWG,Tier1
NHAV,AMRLTGNRPGLYAT,Tier1
YRY,KLSDW,Tier1
MWL,GWNI,Tier1
PHA,DRVYIHPF,Tier1
YYF,LTC,Tier1
HHF,YNI,Tier1
LAPSLPGKPKPD,YLGY,Tier1
GAH,QKW,Tier1
TIIPLPV,VAMVPPFET,Tier1
VKL,VAWRNRCKGTD,Tier1
PYPQ,RHPHP,Tier1
HFGDPFH,HDH,Tier1
YYG,RDMPIQ,Tier1
LHH,VLSRYPS,Tier1
GAWA,MPACGSS,Tier1
LHQ,QCL,Tier1
RHL,HDH,Tier1
PKAVHE,RYLGY,Tier1
YQY,YVGD,Tier1
WHH,YYK,Tier1
PWG,RYL,Tier1
YHY,YPELF,Tier1
PHQ,KYY,Tier1
AMRLTGNRPGLYAT,ECA,Tier1
LPHSGY,FFAPGRNPTSFS,Tier1
PPQ,HDH,Tier1
PHQ,LAC,Tier1
YGY,VSYT,Tier1
RHL,PYVRYL,Tier1
IYPF,VAMVPPFET,Tier1
AHH,APIRMWYMYRKLTDMEPKPVA,Tier1
RHN,VQYPVEHPNKFLKFGMTPSKGVLFY,Tier1
QLGNLGV,RYQ,Tier1
RHG,GYY,Tier1
PWD,TGGGNV,Tier1
HGPLGPL,PHT,Tier1
RWW,QYY,Tier1
LELHKLRSSHWFSRR,QCH,Tier1
LHG,YTY,Tier1
AHK,PMDYMVT,Tier1
RWG,YYL,Tier1
VKEAMPK,EERYP,Tier1
PHW,IAPNYNTRATKL,Tier1
YHY,YEADARSFHDLAEHDIRV,Tier1
LLPH,LAPSLPGKPKPD,Tier1
VKRRGQDCIHGFCSD,RYLG,Tier1
PWQ,WPP,Tier1
VKV,LGY,Tier1
HDHPVC,LLR,Tier1
HHP,FEQL,Tier1
ACFL,SWN,Tier1
PHF,KTFCGRH,Tier1
CYGPNR,LEQQVDDLEGSLEQEKK,Tier1
EFIQ,VKCFR,Tier1
ISELGF,NEN,Tier1
HLPH,AYFYPEL,Tier1
SHH,WRNRCKGTD,Tier1
PHD,VYY,Tier1
VNPHDHQN,LQPGQGQQG,Tier1
YGYTGA,YVL,Tier1
YKY,MYY,Tier1
PWY,RWY,Tier1
PWS,NPYVPR,Tier1
PHI,RASDPLLSV,Tier1
TEFTK,ARHPHP,Tier1
AYY,ARHPHP,Tier1
LYPY,DYY,Tier1
SFGAKNAVKNGLQKLRNQCQANNYQGPFCDIFKKNP,NFHPQ,Tier1
DAQEKLE,VPW,Tier1
PHHADS,RDMPIQ,Tier1
VNPHDHQN,VKCFR,Tier1
YYD,CME,Tier1
LVGDEQAVPAVCVP,YQEP,Tier1
NYY,WYSL,Tier1
EELDNALN,GFPSG,Tier1
PSLPA,YQEPVLGPVRGPFPIIV,Tier1
RHT,RPNYTDA,Tier1
PHS,EFLQ,Tier1
HHP,HGGEGGRPYHLGEES,Tier1
WYSLAMAASDI,RYQ,Tier1
ESTVPERTHPACPDFN,YEADARSFHDLAEHDIRV,Tier1
PHN,AGTTCLFTPLALPYDYSH,Tier1
YFYPEL,FLNDFLHV,Tier1
WISELGW,RYQ,Tier1
RADHPFL,NFHPQ,Tier1
RNR,GWNIP,Tier1
AGWNIPIGT,WHNVSGSP,Tier1
PHW,ADHP,Tier1
RHG,VPYPQ,Tier1
FVAGK,PPQ,Tier1
YYQ,AMRLTGNRPGLYAT,Tier1
YHH,PYSFK,Tier1
FIKK,AMRLTYNRPCIYAT,Tier1
LARL,DDPDKGMLKWKNDFFQEF,Tier1
LLPH,MHIRL,Tier1
HMPVTK,KYL,Tier1
GALAAH,LPL,Tier1
YQL,KDVPP,Tier1
YYE,AGGF,Tier1
LHV,GIFE,Tier1
YYK,AWDPE,Tier1
YQKFP,MHI,Tier1
HYVPV,EQC,Tier1
NHRYDR,DGVVYY,Tier1
LPYY,NRVYIHPFHLLVYS,Tier1
NFHPQ,IVEYF,Tier1
EELDNALN,VIPMGL,Tier1
LPL,ETTL,Tier1
FVAGK,WVYY,Tier1
VLPVPQK,PKLPPVKK,Tier1
PWF,YYD,Tier1
AMRLTYNKPCLYGT,ISELGF,Tier1
YYH,EEEQVGQGYETIRARL,Tier1
PHG,PHM,Tier1
YAY,SGAF,Tier1
NRVYIHPFHLLVYS,WYSLAMA,Tier1
LHR,PHL,Tier1
LHR,RHD,Tier1
HPH,LPF,Tier1
LHV,HVCYMF,Tier1
VAVDKHDYEPLGHSDIGVY,VPKVK,Tier1
ESTTVPERTHPACPDFN,ACQ,Tier1
YYL,YTY,Tier1
LVNPHDHQN,KVI,Tier1
ISELGY,TDY,Tier1
PHV,RHL,Tier1
HFH,VKRRGQDCIHGFCSD,Tier1
EFLQ,GIISHR,Tier1
NHAV,FFGFN,Tier1
RHI,RHY,Tier1
FLQEFLHV,VPW,Tier1
YSEMPPGK,TSQLLSDQ,Tier1
LPTSEAAKY,VGDI,Tier1
PWD,YYIVS,Tier1
PHI,EYY,Tier1
TDY,YYIVS,Tier1
LLR,GLTSK,Tier1
PNRPQF,HVCYMF,Tier1
EEYFPVGGDRPESF,GLTSK,Tier1
HPLH,DRVYIHPF,Tier1
HFGDPFH,GGIF,Tier1
LLHH,FPLEMMPF,Tier1
QHH,YPFPG,Tier1
RADHPF,QCH,Tier1
EFQI,QYDQGV,Tier1
ARHPHP,EQC,Tier1
LANAK,IVEYF,Tier1
WEGPK,VLEANPRSF,Tier1
VDHDHPE,LNGDVW,Tier1
GWNIP,DVFRELRVQ,Tier1
ACFL,PYFNK,Tier1
YGGFM,CAQ,Tier1
HFH,HYVPV,Tier1
VNPHDHQN,YQY,Tier1
PWW,VLYEE,Tier1
LGLNGDDVN,LWT,Tier1
PLFQNKLAHAK,MTEEY,Tier1
LHPH,IRW,Tier1
LHN,IANNEADAISLDGGQVFEAG,Tier1
YNI,FKK,Tier1
YNL,TEFTK,Tier1
SIITMTKEAKLPQLWKQIACRLYNTC,NFHPQ,Tier1
NHRYDR,MWL,Tier1
ALEPDHR,GIFE,Tier1
YNI,VFPW,Tier1
YFE,SDF,Tier1
PHCKRM,RNDDLNYIQ,Tier1
LHQ,RHY,Tier1
YCY,SRYPS,Tier1
VIPAGYP,VKL,Tier1
LVGDEQAVPAVCVP,YGGFL,Tier1
MILMR,GVQEGAGHYALL,Tier1
TCSP,GGLEPINFN,Tier1
SFGAKNAVKNGLQKLRNQCQANNYQGPFCDIFKKNP,GIISHR,Tier1
PHN,WEIKPSSLTGKSPYFSNNHGKL,Tier1
CYGPNR,FIKK,Tier1
PLHH,SFGAKNAVKNGLQKLRNQCQANNYQGPFCDIFKKNP,Tier1
VKEAMAPK,LQGM,Tier1
YPFPG,LNGDVW,Tier1
LWA,PWW,Tier1
RWG,RPPGFSPFR,Tier1
PSDHDHE,IPAGM,Tier1
HHLP,VPVTST,Tier1
DWDPK,YQK,Tier1
EEEQVGQGYETIRARL,YAKP,Tier1
VIPAGYP,PWG,Tier1
SIITMTKEAKLPQLWKQIACRLYNTC,YYDPL,Tier1
LGFEYY,LLPF,Tier1
LQPGQGQQ,VPVTST,Tier1
YFY,LQL,Tier1
AKYIPIQYVLSRYPSY,SRYPS,Tier1
LPTSEAAKY,LVSK,Tier1
YPEL,MYY,Tier1
HWH,AKAWGIPPHVIPQIVPVRIRPLCGNV,Tier1
NGPLQAGQPGER,LRGIKNYRVAVL,Tier1
PWW,DPALATEPDPMPF,Tier1
YHY,VPVTST,Tier1
LEELEEELEGCE,DDPDKGMLKWKNDFFQEF,Tier1
NGPLQAGQPGER,RWA,Tier1
NGLEGLK,HEKVC,Tier1
QYP,YQK,Tier1
YIY,LLPF,Tier1
AQIPQQ,AYFYPEL,Tier1
HHLP,NHRYDR,Tier1
YHY,ACFL,Tier1
VPSGK,RCMAFLLSDGAAAAQQLLPQYW,Tier1
WISELG,TEVWDSNEQ,Tier1
FRDEHKK,YLGY,Tier1
YQLD,GQVPP,Tier1
PHS,YIPIQY,Tier1
PWV,GTW,Tier1
LWF,ACFL,Tier1
FLNDFLHV,TYQTF,Tier1
EAK,LRGIKNYRVAVL,Tier1
IPIQYVL,LQL,Tier1
EYY,LVMFLDNQHRVIRH,Tier1
ARHPHPHLSFM,WYS,Tier1
AAVGGYRVAVL,VGDI,Tier1
FVAGK,GFGPEL,Tier1
VSYT,KKY,Tier1
YIY,MPDAHL,Tier1
YTY,KKY,Tier1
FYPEL,YPPAK,Tier1
IRGCRL,IYIEQGNGITGM,Tier1
NGPLQAGQPGER,PWA,Tier1
VHH,NPYVPR,Tier1
RHS,YSY,Tier1
PWL,FLNDFLHV,Tier1
FDSGPAGVL,YFY,Tier1
LHA,ARHPHPHLSFM,Tier1
GIISHR,GFYPPP,Tier1
PWA,HEKVC,Tier1
KVLPVPQK,GGLEPINFN,Tier1
LQPGQGQQ,YQKFPQY,Tier1
YHH,RHPHP,Tier1
PWW,PSIPA,Tier1
LHK,QCL,Tier1
SVMPVVA,LYEGY,Tier1
ISELGW,AYPS,Tier1
ISELGY,KFPE,Tier1
YQEPVLGP,VAMVPPFET,Tier1
FRADHPFL,AYFYPE,Tier1
LWK,LALPA,Tier1
KHNRGDEF,LTTLDSE,Tier1
GALAAH,LGFEY,Tier1
RHF,GIFE,Tier1
VNPHDHQN,SHH,Tier1
TETWNPNHPEL,GGIF,Tier1
IEEAF,YLGAK,Tier1
TIIPLPV,STMMEERRMKVY,Tier1
LHY,AMTGLDA,Tier1
AGWNIPIGT,MHI,Tier1
RHF,YYQ,Tier1
RHS,LYY,Tier1
AQIPQQ,GWNI,Tier1
TTYY,IRGCRL,Tier1
AVPYPQR,IYPF,Tier1
RHN,LYEGY,Tier1
AGWNIPIGT,YLKT,Tier1
YLAGMN,EERYP,Tier1
HFH,PYFNK,Tier1
VHHANEN,FPLEMMPF,Tier1
RWW,AADNANELFPPN,Tier1
YKY,SGAF,Tier1
HLH,ADHP,Tier1
LHE,WDR,Tier1
LHA,RHPHP,Tier1
TETWNPNHPEL,QYP,Tier1
PWR,IIENGEKWS,Tier1
PWL,WYSLAMA,Tier1
VECYGPNRPQF,YQEP,Tier1
PSIPA,CQC,Tier1
SFGAKNAVKNGLQKLRNQCQANNYQGPFCDIFKKNP,IRGCRL,Tier1
PSHDAHPE,APIRMWYMYRKLTDMEPKPVA,Tier1
PWV,AGWNIPIGT,Tier1
PHQ,YYW,Tier1
LYY,VLSRYPS,Tier1
LWS,TDY,Tier1
SAEHGSLH,WYGPD,Tier1
PAGY,PWT,Tier1
RHW,YYL,Tier1
AYPS,KKY,Tier1
VPSIDDQEELM,VECYG,Tier1
GVPLT,MPACGSS,Tier1
LKQELEDLLEKQE,HMPVTK,Tier1
KVLPVPQK,SDRDLLGPNNQYLPK,Tier1
MILMR,GTQY,Tier1
YNI,KLSDW,Tier1
LLPH,LPHSGY,Tier1
AGWNIPIGT,VLYEE,Tier1
WVYY,DHTKE,Tier1
THH,WVYY,Tier1
WPP,APIRMWYMYRKLTDMEPKPVA,Tier1
LPYY,LSGNK,Tier1
PPQ,QYP,Tier1
KYY,LVSK,Tier1
FHNMEK,STMMEERRMKVY,Tier1
FRDEHKK,VKEAMAPK,Tier1
PMDYMVT,TEVWDSNEQ,Tier1
FEQL,RNDDLNYIQ,Tier1
PNRPQF,PGVPWP,Tier1
CME,KLSDW,Tier1
IPAGM,RADHPF,Tier1
VGGRP,AYFYPEL,Tier1
RNR,AIRQGDVF,Tier1
AMRLTGNRPGLYAT,AWIRGCRL,Tier1
KYY,TRTGDPFF,Tier1
GGE,AWIRGCRL,Tier1
VKCFR,VPVTST,Tier1
YDY,FIPGLRRLFATVVPTVVCAINKLPPG,Tier1
PSHDAHPE,WPP,Tier1
LQPGQGQQ,RHA,Tier1
VFPW,YPELF,Tier1
PYY,PWS,Tier1
NYY,APIRMWYMYRKLTDMEPKPVA,Tier1
LWE,VFPW,Tier1
PHHADS,RYLGY,Tier1
LHH,QWPAQ,Tier1
GLTSK,VAWRNRCKGTD,Tier1
LHQ,PWY,Tier1
AEEEYPDL,CAQ,Tier1
LHM,VVGGDGDV,Tier1
PAGY,PHR,Tier1
VKL,YVGD,Tier1
YAEERYPIL,GQVPP,Tier1
NADFGLNGLEGLA,LWS,Tier1
PHN,IYY,Tier1
PWL,YLKT,Tier1
GTW,ETTL,Tier1
PWG,YGGFM,Tier1
IQW,YLGY,Tier1
YLY,WYY,Tier1
GPGGFI,VVGGDGDV,Tier1
EFLQ,ISELGY,Tier1
FDEQE,LGY,Tier1
HGPLGPL,YYG,Tier1
FDSGPAGVL,WYT,Tier1
AGWNIPIGT,DHG,Tier1
YFE,VAMVPPFET,Tier1
VVGGDGDV,VAGTWY,Tier1
GFFDRIKALTKNVTLELLNTITCKLPVTPP,PVDENDEG,Tier1
YHH,YVY,Tier1
TGGGNV,ARHPHPHLSFM,Tier1
EAK,YLMSR,Tier1
VKP,YIPIQY,Tier1
LHR,YYW,Tier1
RHV,AYY,Tier1
LHQ,YNI,Tier1
HVCYMF,VECYGPNRPQF,Tier1
IEAEGE,SVMPVVA,Tier1
PHG,ADF,Tier1
LHF,WPP,Tier1
RDMPIQ,RYLGY,Tier1
YAY,EERYP,Tier1
GSGGL,AVPYPQR,Tier1
FDSGPAGVL,GGE,Tier1
LEEAF,YPI,Tier1
GFGPEL,PSLVGRPPVGKLTL,Tier1
LHW,HYY,Tier1
LLHH,LEEAF,Tier1
LPTSEAAKY,FEQI,Tier1
VKAGFAWTANQQLS,LLR,Tier1
LHS,PWV,Tier1
YYI,YNI,Tier1
HFGDPFH,NHH,Tier1
QYDQGV,FLPF,Tier1
LWK,PYFNK,Tier1
LNGDVW,YVL,Tier1
LPF,PGVPWP,Tier1
WYSLAMAASDI,HPH,Tier1
GPLGLLGFLGPLGLS,DLEE,Tier1
MILMR,TDY,Tier1
ESTVPERTHPACPDFN,PSLVGRPPVGKLTL,Tier1
PWE,YYY,Tier1
GALAAH,IPAGM,Tier1
FIKK,LGFEYY,Tier1
WEIKPSSLTGKSPYFSNNHGKL,VPVTST,Tier1
GGE,DDPDKGMLKWKNDFFQEF,Tier1
RYQ,EQC,Tier1
VDHDHPE,IAPNYNTRATKL,Tier1
YYY,WNIP,Tier1
LRGIKNYRVAVL,VIPMGL,Tier1
LELHKLRSSHWFSRR,FRDEHKK,Tier1
AYY,NPYVPR,Tier1
PHR,FPQY,Tier1
YNL,RLKKY,Tier1
AYY,MPDAHL,Tier1
YYE,NFHPQ,Tier1
LWS,IKK,Tier1
MPDAHL,DLEE,Tier1
FRADHPFL,LVSK,Tier1
RHH,DVPPYM,Tier1
PWL,QLGNLGV,Tier1
YVL,GFGPEL,Tier1
YYE,QKW,Tier1
WYSLAMAASDI,PHT,Tier1
LHH,GEC,Tier1
HDHPVC,QKW,Tier1
EFLQ,YPIL,Tier1
RHL,YYI,Tier1
RWG,YYI,Tier1
LHA,NHAV,Tier1
QVVPYPQ,WSVPQPK,Tier1
HHLP,AWIRGCRL,Tier1
YCY,PVMGA,Tier1
YYM,PSLVGRPPVGKLTL,Tier1
SHDAHPE,LEQQVDDLEGSLEQEKK,Tier1
YYD,GTQY,Tier1
WEIKPSSLTGKSPYFSNNHGKL,NHAV,Tier1
FPLEMMPF,AYPS,Tier1
YCY,LEQQVDDLEGSLEQEKK,Tier1
LWY,RWH,Tier1
LMGQW,KKY,Tier1
FIKK,LSGNK,Tier1
HHPL,YVEEL,Tier1
DPALATEPDPMPF,YIPIQY,Tier1
LWM,AYFYPE,Tier1
LPTSEAAKY,AIEWEGIESGSVEQA,Tier1
VNPHDHQN,VKP,Tier1
EAK,YPPAK,Tier1
RHI,RHN,Tier1
LLHH,LTTLDSE,Tier1
LHG,AMRLTGNRPGLYAT,Tier1
SDRDLLGPNNQYLPK,GEC,Tier1
PLHH,WSRRGEREEEDERRR,Tier1
LHN,YYL,Tier1
GSGGL,NHAV,Tier1
YGGFL,RLKKY,Tier1
PNRPQF,SGAF,Tier1
YPFPG,ACQ,Tier1
DYY,YIPIQY,Tier1
HGGEGGRPYHLGEES,TEFTK,Tier1
PKAVHE,PHI,Tier1
PHE,VKRRGQDCIHGFCSD,Tier1
AMRLTGNRPGLYAT,FLPF,Tier1
YQY,VAVDKHDYEPLGHSDIGVY,Tier1
VDYP,SHH,Tier1
PWT,AIEWEGIESGSVEQA,Tier1
LQPGQGQQG,QHGV,Tier1
AHH,FPLEMMPF,Tier1
LWQ,CME,Tier1
FHH,CVHWMTNTARTACIAP,Tier1
WYS,LVSK,Tier1
PHA,LYEGY,Tier1
WYS,GFYPPP,Tier1
LPYY,ISELWG,Tier1
VHH,PHY,Tier1
PSLPA,FALPQYLK,Tier1
YNY,NHRYDR,Tier1
DSGVT,RWE,Tier1
PHI,PHR,Tier1
PHQ,LYY,Tier1
ACFL,VAGTWY,Tier1
YYE,GPLGLLGFLGPLGLS,Tier1
WNIP,LTC,Tier1
VYY,AGWNIP,Tier1
ADF,FYQL,Tier1
KVI,LHG,Tier1
LVSK,VLSRYPS,Tier1
PLHH,YQEPVLGPVRGPFPIIV,Tier1
PWR,YFE,Tier1
FIGP,EFLQ,Tier1
LWV,AMRLTYNRPCIYAT,Tier1
GSGGL,IAPNYNTRATKL,Tier1
PAGY,RHM,Tier1
RYY,MYY,Tier1
PSYV,CAAP,Tier1
TTYY,PYVRYL,Tier1
SVYT,WISELGW,Tier1
PWA,IYPF,Tier1
LVGDEQAVPAVCVP,LWF,Tier1
QGAR,WIRGCRL,Tier1
YMY,LGNTDYAVH,Tier1
PHI,WYSLA,Tier1
KHNRGDEF,AYY,Tier1
CLV,IYIEQGNGITGM,Tier1
FIKK,WYSLAMA,Tier1
GPAGPAG,FPQY,Tier1
FKK,DLEE,Tier1
RHE,RWQ,Tier1
QLGNLGV,YQL,Tier1
GGE,WSVPQPK,Tier1
LHE,LRGIKNYRVAVL,Tier1
NGPLQAGQPGER,LGY,Tier1
EFIQ,VAWRNRCKGTD,Tier1
VHHANEN,RWN,Tier1
GPAGPAG,EWPAQ,Tier1
LPTSEAAKY,YYE,Tier1
YPFPG,WIRGCRL,Tier1
VFPW,YLKT,Tier1
PWD,RWR,Tier1
LPF,FLPF,Tier1
AHK,NHAV,Tier1
YNY,RYPS,Tier1
FRDEHKK,YWY,Tier1
YYS,TTYY,Tier1
FIGP,WYSL,Tier1
LHPH,HQIYPV,Tier1
YLAGMN,TVYQ,Tier1
GHH,KLSDW,Tier1
PWQ,ADF,Tier1
LHF,LWM,Tier1
PSDHDHE,DWDPK,Tier1
LDY,YYIVS,Tier1
WSY,ETTL,Tier1
LPTSEAAKY,YKY,Tier1
VVKL,PHR,Tier1
FVAGK,FFAPGRNPTSFS,Tier1
VSYT,TEVWDSNEQ,Tier1
YYN,ISELGW,Tier1
LGFEY,ISELWG,Tier1
LHI,STMMEERRMKVY,Tier1
LVGDEQAVPAVCVP,HWH,Tier1
HQIYPV,YYDPL,Tier1
VKAGFAWTANQQLS,SAEHGSLH,Tier1
AEAQKQLR,LHQ,Tier1
RLKKY,FLPF,Tier1
LLPHH,YYN,Tier1
YEY,PSIPA,Tier1
LHE,LNGDVW,Tier1
PMDYMVT,YSY,Tier1
YYV,WISELG,Tier1
YLKT,LLPF,Tier1
RHV,GLLDSVKEGLKKVAGQLLDTLKCKISGCTPA,Tier1
KAI,LHV,Tier1
YQL,IRGCRL,Tier1
LPYY,IRGCRL,Tier1
NGPLQAGQPGER,YQEPVLGPVRGPFPIIV,Tier1
AMRLTYNRPCLGAT,WPP,Tier1
IEEAF,WNIP,Tier1
PHI,HVRETALV,Tier1
MWL,FDEQE,Tier1
VHHANEN,IRGCRL,Tier1
PWF,GWNIP,Tier1
GHH,RCMAFLLSDGAAAAQQLLPQYW,Tier1
PLHH,YYQ,Tier1
GGE,QVVPYPQ,Tier1
VPSGK,AMRLTYNRPCIYAT,Tier1
DAQEKLE,ESTVPERTHPACPDFN,Tier1
HEH,HHF,Tier1
PSKYEPFV,HEH,Tier1
NPYVPR,SAEHGSLH,Tier1
FYPEL,YSTA,Tier1
LHI,VAVDKHDYEPLGHSDIGVY,Tier1
LHK,FFAPGRNPTSFS,Tier1
PAGY,PWW,Tier1
AMRLTYNRPCIYAT,AKAWGIPPHVIPQIVPVRIRPLCGNV,Tier1
YAEERYPIL,RLKKY,Tier1
LHT,LPL,Tier1
LYPY,RPPGFSPFR,Tier1
IEEAF,DWDPK,Tier1
PWE,ECA,Tier1
FYPEL,LHI,Tier1
YEDCTDCGN,AIEWEGIESGSVEQA,Tier1
YDY,TYY,Tier1
PWD,PVDENDEG,Tier1
PHI,PHS,Tier1
PHT,NHRYDR,Tier1
DSGVT,WYSLAMAASDI,Tier1
YYY,IEEAF,Tier1
PHL,AWDPE,Tier1
RWH,RWY,Tier1
NADFGLNGLEGLA,QVVPYPQ,Tier1
PHHADS,LHI,Tier1
HGPLGPL,VAGTWY,Tier1
LYPY,LWK,Tier1
YYD,RPPGFSPFR,Tier1
SVYT,LLPF,Tier1
HYY,YIY,Tier1
LHR,QCH,Tier1
HFH,YYL,Tier1
RWE,SALAM,Tier1
RWT,AEERYP,Tier1
LWQ,WYSL,Tier1
RHF,YRY,Tier1
YYN,DGVVYY,Tier1
YCY,GFPSG,Tier1
YVEEL,DDPDKGMLKWKNDFFQEF,Tier1
PHF,QWPAQ,Tier1
HDH,TETWNPNHPEL,Tier1
LRGIKNYRVAVL,HNPI,Tier1
LRGIKNYRVAVL,AYFYPE,Tier1
GWNIP,VKCFR,Tier1
VIPAGYP,RWA,Tier1
GAH,TEVWDSNEQ,Tier1
VPYPQ,VPVTST,Tier1
HFH,GWNI,Tier1
YYM,FIKK,Tier1
ISELGY,WHNVSGSP,Tier1
AMTGLDA,KKY,Tier1
TTYY,AWIRGCRL,Tier1
RWI,YAKP,Tier1
YYY,FKK,Tier1
LHE,AMRLTGNRPGLYAT,Tier1
RWI,GPAGPAG,Tier1
QGAR,AMRLTYNRPCIYAT,Tier1
HEKVC,RADHP,Tier1
FRDEHKK,CQC,Tier1
GALAAH,FYQL,Tier1
RHE,AIRQGDVF,Tier1
YMY,RADHPF,Tier1
LEELEEELEGCE,VVGGDGDV,Tier1
LHW,NHAV,Tier1
PHYL,RYQ,Tier1
IYY,RADHPF,Tier1
TYY,AMRLTGNRPGLYAT,Tier1
RHG,VAVDKHDYEPLGHSDIGVY,Tier1
WEGPK,VKP,Tier1
FALPQYLK,WISELGW,Tier1
YYE,TGGGNV,Tier1
LAC,KLSDW,Tier1
PHG,FRSGILKLASKIPSVLCAVLKNC,Tier1
WRNRCKGTD,CHI,Tier1
TYY,ESTTVPERTHPACPDFN,Tier1
PWW,FFAPGRNPTSFS,Tier1
THH,DRVYIHPF,Tier1
RNDDLNYIQ,GQFNDKRWIPFG,Tier1
PWS,YEADARSFHDLAEHDIRV,Tier1
LHT,TGGGNV,Tier1
LPHH,TIASGEP,Tier1
RHD,LDY,Tier1
HHY,IANNEADAISLDGGQVFEAG,Tier1
YLY,VAWRNRCKGTD,Tier1
WEGPK,EFIQ,Tier1
YHY,WSRRGEREEEDERRR,Tier1
FIPGLRRLFATVVPTVVCAINKLPPG,IRGCRL,Tier1
SWN,TETWNPNHPEL,Tier1
YMY,GWNI,Tier1
PKAVHE,CSQAPLA,Tier1
LHR,GLLDSVKEGLKKVAGQLLDTLKCKISGCTPA,Tier1
PWL,EEEQVGQGYETIRARL,Tier1
SRYPS,ECA,Tier1
GYY,SGAF,Tier1
AYFYPEL,VPKVK,Tier1
LPYY,GLTSK,Tier1
LHK,CVHWMTNTARTACIAP,Tier1
YLY,ARHPHPHLSFM,Tier1
LHR,FALPQYLK,Tier1
HHY,DVFRELRVQ,Tier1
LHH,YSEMPPGK,Tier1
VDYP,YYQ,Tier1
YYE,VLSRYPS,Tier1
PHL,WYSLA,Tier1
PLFQNKLAHAK,AYPS,Tier1
LVNPHDHQN,RHQ,Tier1
LHI,GSGGL,Tier1
LANAK,VAGTWY,Tier1
WNIP,TVYQ,Tier1
FYPEL,LTC,Tier1
GPGGFI,YGGFL,Tier1
YYD,KYL,Tier1
LWR,PHM,Tier1
HHY,VPW,Tier1
YEADARSFHDLAEHDIRV,GQFNDKRWIPFG,Tier1
WPL,VKP,Tier1
RWY,EFIQ,Tier1
PWG,NHRYDR,Tier1
RHM,RCMAFLLSDGAAAAQQLLPQYW,Tier1
EEEQVGQGYETIRARL,DRVYIHPF,Tier1
FLHRP,AMRLTYNRPCLGAT,Tier1
YHH,YDY,Tier1
LWE,DGVVYY,Tier1
PHY,VAMVPPFET,Tier1
ADGF,DWDPK,Tier1
IKL,NHAV,Tier1
YYR,PYVRYL,Tier1
LARL,KKY,Tier1
PYY,TRTGDPFF,Tier1
LWF,RWT,Tier1
QGAR,GFFDRIKALTKNVTLELLNTITCKLPVTPP,Tier1
YLAGMN,CAQ,Tier1
LHH,VAMVPPFET,Tier1
GFWDSVKEGLKNAAVTILNKIKCKISECPPA,NHK,Tier1
PKAVHE,DDPDKGMLKWKNDFFQEF,Tier1
YLY,AWIRGCRL,Tier1
AYY,SWN,Tier1
LYY,GFYPPP,Tier1
IEAEGE,LWG,Tier1
LHW,LEQQVDDLEGSLEQEKK,Tier1
LWD,RHT,Tier1
CAAP,MHI,Tier1
PHHADS,LWK,Tier1
YMY,QYDQGV,Tier1
CLV,PGVPWP,Tier1
GPP,ADGF,Tier1
DAQEKLE,LPHH,Tier1
HHF,YYA,Tier1
YYR,GPP,Tier1
PIAAEVYEHTEGSTTSY,YQLD,Tier1
YDY,TVYQ,Tier1
GSGGL,LPF,Tier1
LHQ,VLPVPQK,Tier1
GAWA,GEGSGA,Tier1
LMCH,LHH,Tier1
LLPH,WISELGW,Tier1
RNDDLNYIQ,GFYPPP,Tier1
WYSLAMAASDI,YYH,Tier1
YLYP,YTY,Tier1
LHV,QYDQGV,Tier1
PKAV,MHIRL,Tier1
RCMAFLLSDGAAAAQQLLPQYW,SGAF,Tier1
VDHDHPE,LHPH,Tier1
NADFGLNGLEGLA,PSIPA,Tier1
HLPLPL,RHI,Tier1
PWS,WDR,Tier1
IRW,ACQ,Tier1
LWS,IRW,Tier1
AMRLTYNRPCIYAT,LSGNK,Tier1
IEAEGE,HPHL,Tier1
YMY,WEIKPSSLTGKSPYFSNNHGKL,Tier1
LWW,PWG,Tier1
MHH,VQYPVEHPNKFLKFGMTPSKGVLFY,Tier1
IPAGM,IQW,Tier1
RHA,VHDY,Tier1
AEAQKQLR,HYY,Tier1
GHH,YNL,Tier1
HPH,LGFEY,Tier1
LHK,ECA,Tier1
YQL,VKRRGQDCIHGFCSD,Tier1
LHQ,YDY,Tier1
LQGM,MTEEY,Tier1
EFIQ,YLKT,Tier1
HLH,LHN,Tier1
LWN,AGTTCLFTPLALPYDYSH,Tier1
PHS,DYY,Tier1
LHM,DLEE,Tier1
KVI,LALPA,Tier1
PHS,LPAGV,Tier1
LVNPHDHQN,LVMFLDNQHRVIRH,Tier1
RHI,GGLEPINFN,Tier1
LHH,GTW,Tier1
LHE,FFAPGRNPTSFS,Tier1
LWT,PHN,Tier1
LYEGY,LPF,Tier1
YKY,ISELGF,Tier1
YQLD,VGGRP,Tier1
YPIL,DHG,Tier1
IIENGEKWS,WYSLAM,Tier1
IHH,GWNIP,Tier1
PLHH,RYLG,Tier1
QYY,LTC,Tier1
WYSLAMAASDI,PYY,Tier1
HVRETALV,ALEPDHR,Tier1
LWG,YQEPVLGPVRGPFPIIV,Tier1
LWY,WYSLA,Tier1
WSRRGEREEEDERRR,CSQAPLA,Tier1
RHT,TYY,Tier1
LWS,PWT,Tier1
YVEEL,QHGV,Tier1
NGLEGLK,LYPY,Tier1
HHPL,NYY,Tier1
AYY,GFPSG,Tier1
VKAGFAWTANQQLS,HDHPVC,Tier1
FIPGLRRLFATVVPTVVCAINKLPPG,PKLPPVKK,Tier1
HEH,WISELG,Tier1
KHNRGDEF,DRVYIHPF,Tier1
SIITMTKEAKLPQLWKQIACRLYNTC,IRGCRL,Tier1
YYT,FLHRP,Tier1
RWG,YNI,Tier1
PSIPA,DHTKE,Tier1
VHHANEN,HPH,Tier1
PHY,SALAM,Tier1
MHIRL,YIPIQY,Tier1
PMDYMVT,GTQY,Tier1
MPACGSS,TEVWDSNEQ,Tier1
PKLPPVKK,VAGTWY,Tier1
FIGP,GGLEPINFN,Tier1
SDF,YYIVS,Tier1
AIRQGDVF,LGFEYY,Tier1
MHIRL,RYLG,Tier1
NFHPQ,LPM,Tier1
VYY,DGVVYY,Tier1
AQIPQQ,PNRPQF,Tier1
LHY,RADHPF,Tier1
VECYGPNRPQF,VKRRGQDCIHGFCSD,Tier1
WISELG,NHK,Tier1
YYE,FRADHPFL,Tier1
SALAM,TSQLLSDQ,Tier1
PWI,EEEQVGQGYETIRARL,Tier1
RWY,TERGY,Tier1
HLH,WDDMEK,Tier1
RHA,AIRQGDVF,Tier1
PHQ,AMRLTYNRPCIYAT,Tier1
YQEP,AMRLTGNRPGLYAT,Tier1
PKAVHE,RADHPFL,Tier1
LPHSGY,LQGM,Tier1
VVKL,YQLD,Tier1
PSHDAHPE,IPIQYVL,Tier1
LWG,GPGGFI,Tier1
VIPAGYP,YAY,Tier1
WYSL,GFGPEL,Tier1
RWR,AGWNIP,Tier1
NQE,PSDHDHE,Tier1
VLYEE,VPVTST,Tier1
VIPAGYP,LHT,Tier1
VNPHDHQN,DDPDKGMLKWKNDFFQEF,Tier1
AKAWGIPPHVIPQIVPVRIRPLCGNV,HYVPV,Tier1
PLFQNKLAHAK,IVEYF,Tier1
LHQ,GPP,Tier1
PHS,YQL,Tier1
PWD,LANAK,Tier1
VKL,YAKP,Tier1
RHS,FRSGILKLASKIPSVLCAVLKNC,Tier1
HYH,FVPH,Tier1
LWG,LWW,Tier1
RHI,MQFHT,Tier1
PWA,YYV,Tier1
PWF,SDRDLLGPNNQYLPK,Tier1
PWN,RWT,Tier1
RWG,YLL,Tier1
PWY,YVEEL,Tier1
EAK,FLPF,Tier1
NHRYDR,AYPS,Tier1
RHA,YSTA,Tier1
HFH,YYIVS,Tier1
ADF,YLG,Tier1
VKRRGQDCIHGFCSD,KDVPP,Tier1
DSGVT,YEADARSFHDLAEHDIRV,Tier1
VHH,GVPLT,Tier1
HLPLPL,LHE,Tier1
DPALATEPDPMPF,LTC,Tier1
LVSK,RYLG,Tier1
LWN,YYL,Tier1
LHS,QVVPYPQ,Tier1
LWN,YMY,Tier1
LQPGQGQQG,PVMGA,Tier1
HWH,WVYY,Tier1
YNL,VKCFR,Tier1
PWI,RHM,Tier1
GIISHR,GQFNDKRWIPFG,Tier1
VKL,PHM,Tier1
FFAPGRNPTSFS,ISELGY,Tier1
LWR,FGHPY,Tier1
LGNTDYAVH,YLL,Tier1
NQE,IVEYF,Tier1
LVMFLDNQHRVIRH,GVQEGAGHYALL,Tier1
VDYP,YNY,Tier1
LQPGQGQQ,HPHL,Tier1
SHDAHPE,NHAV,Tier1
LHS,HGGEGGRPYHLGEES,Tier1
YYG,HVCYMF,Tier1
LPYY,HVRETALV,Tier1
HEKVC,FPQY,Tier1
PHF,VGGRP,Tier1
LHI,LARL,Tier1
GFWDSVKEGLKNAAVTILNKIKCKISECPPA,YLL,Tier1
HGGEGGRPYHLGEES,FDEQE,Tier1
PHI,AWIRGCRL,Tier1
YAEERYPIL,RWG,Tier1
LLPHH,VGGRP,Tier1
GTW,AYFYPE,Tier1
PSHDAHPE,YIY,Tier1
YAY,LNLPTAVYMVT,Tier1
FLHRP,FFGFN,Tier1
VDHDHPE,QKW,Tier1
YYI,LVMFLDNQHRVIRH,Tier1
CME,ADGF,Tier1
LWN,PWI,Tier1
YSY,VLYEE,Tier1
YGY,AADNANELFPPN,Tier1
QCH,GQVPP,Tier1
FVAGK,YNL,Tier1
HDHPVC,SDRDLLGPNNQYLPK,Tier1
YNI,FLHRP,Tier1
QVVPYPQ,RASDPLLSV,Tier1
DYK,GQFNDKRWIPFG,Tier1
PEL,EFQI,Tier1
NHRYDR,LSGNK,Tier1
AHH,QCH,Tier1
AHK,PIAAEVYEHTEGSTTSY,Tier1
VPYPQ,RYLGY,Tier1
HFGDPFH,CAQ,Tier1
LRGIKNYRVAVL,SDF,Tier1
PWV,YLGAK,Tier1
MTEEY,LGY,Tier1
KAI,GWNI,Tier1
KHNRGDEF,WYS,Tier1
NGLEGLK,DRVYIHPF,Tier1
HDHPVC,AGWNIPIGT,Tier1
YNY,LYEGY,Tier1
YWY,LVSK,Tier1
GVPLT,ADHP,Tier1
PPK,PYFNK,Tier1
HHPL,VFPW,Tier1
PWG,LQL,Tier1
SFGAKNAVKNGLQKLRNQCQANNYQGPFCDIFKKNP,PYFNK,Tier1
LHF,YIY,Tier1
IANNEADAISLDGGQVFEAG,WEN,Tier1
HHLP,AAVGGYRVAVL,Tier1
PNRPQF,PWA,Tier1
LYY,ADF,Tier1
YPEL,VPVTST,Tier1
HHF,KVLPVPQK,Tier1
VAGTWY,VPKVK,Tier1
RHH,FPQY,Tier1
LVDTGRGPIMY,VPW,Tier1
LYEGY,MPDAHL,Tier1
RWR,YNI,Tier1
VKV,ELLI,Tier1
RWY,VLPVPQK,Tier1
PWD,YNY,Tier1
RWE,YSY,Tier1
YHY,HVRETALV,Tier1
LVNPHDHQN,VPVTST,Tier1
DSGVT,GSGGL,Tier1
PYY,FDEQE,Tier1
PHF,FEQI,Tier1
LWG,MWL,Tier1
YMY,KTFCGRH,Tier1
VPW,GFYPPP,Tier1
LWD,YFE,Tier1
TGGGNV,LLPF,Tier1
LPL,YWVTSGPK,Tier1
VLPVPQK,IYIEQGNGITGM,Tier1
VDYP,FPLEMMPF,Tier1
RWE,MPDAHL,Tier1
WYSL,CQC,Tier1
KAI,RHK,Tier1
RHM,NHRYDR,Tier1
YPIL,LVSK,Tier1
LEELEEELEGCE,QYY,Tier1
YKY,VYY,Tier1
PWG,TGGGNV,Tier1
WEIKPSSLTGKSPYFSNNHGKL,GFYPPP,Tier1
RWT,SDF,Tier1
HHPL,YAY,Tier1
VSYT,PSLVGRPPVGKLTL,Tier1
PHY,WPP,Tier1
YYA,YGGFM,Tier1
HGPLGPL,AVPYPQR,Tier1
YPEL,PWA,Tier1
ISELWG,RYLG,Tier1
RWY,IQY,Tier1
LHA,GFYPPP,Tier1
RHE,VKCFR,Tier1
LHN,YQL,Tier1
RHD,LVDTGRGPIMY,Tier1
PHY,GFYPPP,Tier1
PAGY,PHM,Tier1
LLPHHH,IPAGM,Tier1
FRSGILKLASKIPSVLCAVLKNC,LVMFLDNQHRVIRH,Tier1
RWI,HYVPV,Tier1
LWT,SDF,Tier1
YNY,SGAF,Tier1
RWH,AMRLTYNRPCLGAT,Tier1
LQGM,RYL,Tier1
HYY,TIASGEP,Tier1
VIPAGYP,TIIPLPV,Tier1
PHF,VYY,Tier1
IEAEGE,IKK,Tier1
LWW,YYR,Tier1
WYY,AGGF,Tier1
RHD,TETWNPNHPEL,Tier1
NGPLQAGQPGER,IPAGM,Tier1
ADF,ELLI,Tier1
VKL,HEH,Tier1
NGPLQAGQPGER,PWS,Tier1
LHI,IANNEADAISLDGGQVFEAG,Tier1
NGLEGLK,ADGF,Tier1
LHY,CHI,Tier1
YGY,YYN,Tier1
RYY,HQIYPV,Tier1
YYA,LGNTDYAVH,Tier1
YIPIQY,RYL,Tier1
HHP,RYL,Tier1
LELHKLRSSHWFSRR,PNRPQF,Tier1
RWY,KGLWE,Tier1
FLQEFLHV,VPYPQ,Tier1
LHN,IYPF,Tier1
PWI,RWY,Tier1
VECYGPNRPQF,IYPF,Tier1
LPTSEAAKY,STMMEERRMKVY,Tier1
ARHPHPHLSFM,YPIL,Tier1
LALPA,GFYPPP,Tier1
VHHANEN,TEFTK,Tier1
PWF,WYGPD,Tier1
AHK,YYI,Tier1
ISELGW,FLHRP,Tier1
PHT,YYK,Tier1
HHPL,YWY,Tier1
YAKPA,LLPF,Tier1
LYPY,YGYTGA,Tier1
HDHPVC,IYPF,Tier1
FFAPGRNPTSFS,FLKPLFNAALKLLP,Tier1
YYQ,HGGEGGRPYHLGEES,Tier1
EAK,PYFNK,Tier1
LWS,YQEPVLGPVRGPFPIIV,Tier1
LVDTGRGPIMY,VKEAMAPK,Tier1
HHW,YQEPVLGPVRGPFPIIV,Tier1
HLHP,LHV,Tier1
NHK,MPDAHL,Tier1
AGWNIPIGT,GWNIP,Tier1
VECYGPNRPQF,GWNIP,Tier1
PNRPQF,FLHRP,Tier1
KHNRGDEF,IANNEADAISLDGGQVFEAG,Tier1
PAGY,PHE,Tier1
RHG,QCH,Tier1
HLH,LTC,Tier1
FEQL,GYLEQ,Tier1
LKQELEDLLEKQE,VAWRNRCKGTD,Tier1
YLYP,SIITMTKEAKLPQLWKQIACRLYNTC,Tier1
AEAQKQLR,RHA,Tier1
PHN,MYY,Tier1
HHLP,LWK,Tier1
VLEANPRSF,RDMPIQ,Tier1
VKP,VAWRNRCKGTD,Tier1
SHDAHPE,YGGFL,Tier1
VIPMGL,RDMPIQ,Tier1
EYY,GFPSG,Tier1
PHS,MYY,Tier1
PWS,NHH,Tier1
PHA,YQL,Tier1
FKK,AEEEYPDL,Tier1
RHA,ADGF,Tier1
PLHH,PHW,Tier1
WYSL,AEERYP,Tier1
YGYTGA,VPVTST,Tier1
LYY,FFGFN,Tier1
PWT,ISELGW,Tier1
LELHKLRSSHWFSRR,HFH,Tier1
VDYP,NQE,Tier1
YYQ,WHNVSGSP,Tier1
MYY,YPPAK,Tier1
PSLVGRPPVGKLTL,LPM,Tier1
PWQ,GEC,Tier1
HPHL,YYN,Tier1
LPHSGY,ISELGY,Tier1
FLHRP,IVEYF,Tier1
WYSLAM,SAEHGSLH,Tier1
WYSLAM,FPQY,Tier1
PHF,YYE,Tier1
YPELF,FLPF,Tier1
LHT,VQYPVEHPNKFLKFGMTPSKGVLFY,Tier1
KTFCGRH,GLLDSVKEGLKKVAGQLLDTLKCKISGCTPA,Tier1
PLHH,LPM,Tier1
PHY,GVQEGAGHYALL,Tier1
AKYIPIQYVLSRYPSY,LHG,Tier1
LHM,GPGGFI,Tier1
AQIPQQ,DRVYIHPF,Tier1
RHL,VKEAMAPK,Tier1
YVL,GWNIP,Tier1
RWY,YLAGMN,Tier1
VPNSYP,VLYEE,Tier1
LYY,YPIL,Tier1
LPTSEAAKY,PWG,Tier1
RWQ,FYQL,Tier1
AVPYPQR,WYT,Tier1
LYY,LMGQW,Tier1
SYY,YVGD,Tier1
FRADHPFL,IQY,Tier1
WVYY,YGGFL,Tier1
RYPS,VAGTWY,Tier1
PSDHDHE,FIPGLRRLFATVVPTVVCAINKLPPG,Tier1
FLKPLFNAALKLLP,YYDPL,Tier1
IAPNYNTRATKL,VVGGDGDV,Tier1
LGFEYY,DWDPK,Tier1
RHG,RHM,Tier1
VKEAMPK,CSQAPLA,Tier1
HGGEGGRPYHLGEES,YPI,Tier1
LELHKLRSSHWFSRR,LWV,Tier1
SVYT,SIITMTKEAKLPQLWKQIACRLYNTC,Tier1
PHW,LPL,Tier1
VIPAGYP,GFFDRIKALTKNVTLELLNTITCKLPVTPP,Tier1
PHK,RCMAFLLSDGAAAAQQLLPQYW,Tier1
IANNEADAISLDGGQVFEAG,CLV,Tier1
YSTA,QGAR,Tier1
QWPAQ,LPF,Tier1
LWF,PWF,Tier1
PSKYEPFV,AGWNIP,Tier1
PHF,HMPVTK,Tier1
IRW,RASDPLLSV,Tier1
RWN,PKLPPVKK,Tier1
WYY,IEEAF,Tier1
LELHKLRSSHWFSRR,VAGTWY,Tier1
FLKPLFNAALKLLP,IYIEQGNGITGM,Tier1
YYR,NRVYIHPFHLLVYS,Tier1
PHW,ACFL,Tier1
HPHL,PHM,Tier1
LWF,QCH,Tier1
HVRETALV,ISELGY,Tier1
LVNPHDHQN,ADHP,Tier1
PWL,HDH,Tier1
HHW,YLAGMN,Tier1
YSEMPPGK,RNDDLNYIQ,Tier1
WSRRGEREEEDERRR,LMGQW,Tier1
RASDPLLSV,CAQ,Tier1
PHV,FVNQPYLLYSVHMK,Tier1
LWQ,HQIYPV,Tier1
WEIKPSSLTGKSPYFSNNHGKL,YLGAK,Tier1
LVGDEQAVPAVCVP,YWVTSGPK,Tier1
SHDAHPE,DYY,Tier1
FYY,YQKFPQY,Tier1
LHF,YLAGMN,Tier1
LVSK,GTW,Tier1
PWG,YYG,Tier1
VECYG,RHA,Tier1
FLNDFLHV,CLV,Tier1
LPTSEAAKY,WSY,Tier1
PYVRYL,FYQL,Tier1
HNPI,VLYEE,Tier1
VPSGK,PYVRYL,Tier1
HHY,SIITMTKEAKLPQLWKQIACRLYNTC,Tier1
PWA,IYY,Tier1
LGFEYY,YLGAK,Tier1
LVNPHDHQN,MHH,Tier1
PAGY,HFGDPFH,Tier1
YLAGMN,DEDTQAMP,Tier1
DPALATEPDPMPF,RPNYTDA,Tier1
PHF,DRVYIHPF,Tier1
YYT,MTEEY,Tier1
DYY,EYY,Tier1
YHY,WNIP,Tier1
NHK,CHI,Tier1
PSHDAHPE,WYSLAMA,Tier1
RHQ,GFGPEL,Tier1
QYP,RYLG,Tier1
AMRLTYNRPCLGAT,MPDAHL,Tier1
LLPHH,YEY,Tier1
VVKL,WYSLAMA,Tier1
YYT,GFPSG,Tier1
ISELWG,IVEYF,Tier1
SHDAHPE,PHQ,Tier1
RADHP,ACQ,Tier1
AVPYPQR,PIAAEVYEHTEGSTTSY,Tier1
LVGDEQAVPAVCVP,CLV,Tier1
LWK,IHH,Tier1
PWI,VHDY,Tier1
LHF,RADHPF,Tier1
YYR,QCL,Tier1
LGLNGDDVN,PYPQ,Tier1
AHK,LPYY,Tier1
LWD,HDHPVC,Tier1
WEIKPSSLTGKSPYFSNNHGKL,VLEANPRSF,Tier1
LWF,TIASGEP,Tier1
LMGQW,GIISHR,Tier1
AEAQKQLR,QYP,Tier1
NGLEGLK,YYH,Tier1
GFGPEL,GVQEGAGHYALL,Tier1
VPSIDDQEELM,CHI,Tier1
YPFPG,ISELGW,Tier1
LEELEEELEGCE,HPLH,Tier1
LEELEEELEGCE,VLPVPQK,Tier1
YQY,GPP,Tier1
LPTSEAAKY,QHGV,Tier1
LNLPTAVYMVT,AMRLTYNRPCLGAT,Tier1
VECYGPNRPQF,GFGPEL,Tier1
LYPY,YKY,Tier1
YHH,MWL,Tier1
LHT,GGIF,Tier1
GPGGFI,DVFRELRVQ,Tier1
YYK,GYLEQ,Tier1
EFQL,YWVTSGPK,Tier1
IEEAF,PHCKRM,Tier1
LGLNGDDVN,TRTGDPFF,Tier1
AADNANELFPPN,EERYP,Tier1
LQL,WYSLAMA,Tier1
VLPVPQK,HMPVTK,Tier1
LWF,YIPIQY,Tier1
TDY,WIRGCRL,Tier1
VPSIDDQEELM,LARL,Tier1
LHD,LGY,Tier1
WYSLAMAASDI,PWY,Tier1
LHT,FHNMEK,Tier1
AMRLTGNRPGLYAT,YLG,Tier1
TYQTF,QKW,Tier1
EYY,YGLN,Tier1
LHT,ISELGF,Tier1
LHF,LWA,Tier1
FRADHPFL,EERYP,Tier1
LEQQVDDLEGSLEQEKK,AIEWEGIESGSVEQA,Tier1
AGWNI,AEERYP,Tier1
LLPHH,LWI,Tier1
NEN,MHI,Tier1
LNLPTAVYMVT,SRYPS,Tier1
FKK,QLGNLGV,Tier1
GGLEPINFN,WYGPD,Tier1
NHH,SHH,Tier1
RHG,GFFDRIKALTKNVTLELLNTITCKLPVTPP,Tier1
FRDEHKK,YQLD,Tier1
AKYIPIQYVLSRYPSY,FEQL,Tier1
PHHADS,HEKVC,Tier1
YYD,LANAK,Tier1
WHH,PYPQ,Tier1
YPFPG,FIKK,Tier1
KHNRGDEF,AEEEYPDL,Tier1
QHGV,DWDPK,Tier1
YFE,AGWNI,Tier1
PWR,SVMPVVA,Tier1
RADHPF,GEGSGA,Tier1
YMY,YQIGL,Tier1
YGY,YYM,Tier1
RCMAFLLSDGAAAAQQLLPQYW,APIRMWYMYRKLTDMEPKPVA,Tier1
RHL,GFGPEL,Tier1
RHG,MHIRL,Tier1
DRVYIHPF,HNPI,Tier1
LHG,PWE,Tier1
RHPHP,TVYQ,Tier1
GFPSG,QKW,Tier1
MWL,AEEEYPDL,Tier1
DPALATEPDPMPF,LGFEY,Tier1
GWNIP,IRGCRL,Tier1
YQKFP,RYLG,Tier1
LVNPHDHQN,YYE,Tier1
LQSGDALRVPSGTTYY,THH,Tier1
PWT,DVFRELRVQ,Tier1
EYY,FLQEFLHV,Tier1
RHE,FHNMEK,Tier1
RWN,YPELF,Tier1
FPLEMMPF,VPYPQ,Tier1
WEN,GQFNDKRWIPFG,Tier1
YAY,YPFPG,Tier1
HLPH,WSY,Tier1
LEELEEELEGCE,RADHP,Tier1
RHM,IEEAF,Tier1
PHE,DEDTQAMP,Tier1
NHAV,RADHP,Tier1
LWA,LGFEYY,Tier1
LVNPHDHQN,QYY,Tier1
VKL,YHH,Tier1
FLPF,QCL,Tier1
PHE,YAKP,Tier1
VVKL,MEMK,Tier1
YLY,GTW,Tier1
RHQ,YGLN,Tier1
RYPS,TIASGEP,Tier1
LWN,WDDMEK,Tier1
LWV,FVPH,Tier1
PWA,YLAGMN,Tier1
YLKT,TSQLLSDQ,Tier1
NHH,AIRQGDVF,Tier1
VHH,RYLGY,Tier1
VVKL,LEELEEELEGCE,Tier1
HHPL,VKCFR,Tier1
HPHL,PWI,Tier1
NGLEGLK,PWD,Tier1
HWH,LVDTGRGPIMY,Tier1
EEYFPVGGDRPESF,YVGD,Tier1
LVGDEQAVPAVCVP,YYH,Tier1
VCSV,YGLN,Tier1
MILMR,RYPS,Tier1
LHG,VIPMGL,Tier1
LWV,WYGPD,Tier1
TIASGEP,DLEE,Tier1
LWD,IYPF,Tier1
YQIGL,AYFYPE,Tier1
CAAP,WISELGW,Tier1
VFPW,AADNANELFPPN,Tier1
SIITMTKEAKLPQLWKQIACRLYNTC,WDDMEK,Tier1
NQE,EEEQVGQGYETIRARL,Tier1
YLGY,AYFYPE,Tier1
WYS,GVQEGAGHYALL,Tier1
HHF,YYF,Tier1
PHYL,HGGEGGRPYHLGEES,Tier1
KVI,LQPGQGQQ,Tier1
RADHPFL,YQEPVLGPVRGPFPIIV,Tier1
PWT,RHI,Tier1
PHW,VLPVPQK,Tier1
YQIGL,WYSLA,Tier1
HHW,YWVTSGPK,Tier1
RWW,MHH,Tier1
LHH,PHG,Tier1
LYPY,WYGPD,Tier1
YYN,VQYPVEHPNKFLKFGMTPSKGVLFY,Tier1
PEL,YQEP,Tier1
YGYTGA,RDMPIQ,Tier1
YYN,AGWNIP,Tier1
LGLNGDDVN,LWK,Tier1
GPAGPAG,RASDPLLSV,Tier1
LWM,AGGF,Tier1
HHPL,SWN,Tier1
WYSLAMAASDI,LHK,Tier1
PPK,HHLP,Tier1
PWT,WPL,Tier1
VKV,PIAAEVYEHTEGSTTSY,Tier1
AQIPQQ,TSQLLSDQ,Tier1
IEAEGE,PHR,Tier1
VCSV,QYDQGV,Tier1
WEN,DYK,Tier1
YYE,VHDY,Tier1
YPPAK,RHPHP,Tier1
WDDMEK,DGVVYY,Tier1
DYY,YLL,Tier1
LYY,YNL,Tier1
VAVDKHDYEPLGHSDIGVY,LSGYGP,Tier1
YEY,TETWNPNHPEL,Tier1
ADF,VGDI,Tier1
PHH,GFYPPP,Tier1
LWD,AHH,Tier1
YVEEL,MHI,Tier1
AADNANELFPPN,YAKP,Tier1
LHD,LPM,Tier1
YYS,FPLEMMPF,Tier1
YYG,TRTGDPFF,Tier1
YGGFM,GFFDRIKALTKNVTLELLNTITCKLPVTPP,Tier1
YGY,YVEEL,Tier1
PSHDAHPE,RHA,Tier1
LHD,YYD,Tier1
FRSGILKLASKIPSVLCAVLKNC,WNIP,Tier1
PWI,YQIGL,Tier1
PWE,DEDTQAMP,Tier1
EFQL,YVL,Tier1
QWPAQ,SNAAC,Tier1
RHQ,MPDAHL,Tier1
PHI,EEYFPVGGDRPESF,Tier1
VHHANEN,PPQ,Tier1
EELDNALN,PWD,Tier1
PEL,GLTSK,Tier1
HFGDPFH,VLEANPRSF,Tier1
HLH,EFLQ,Tier1
LQPGQGQQ,WYS,Tier1
HLH,IEEAF,Tier1
SHDAHPE,ETTL,Tier1
TGGGNV,QKW,Tier1
YYE,AVPYPQR,Tier1
PWF,AGTTCLFTPLALPYDYSH,Tier1
LWM,QYDQGV,Tier1
CYGPNR,THH,Tier1
GHH,YYF,Tier1
IEEAF,AGWNIPIGT,Tier1
YYK,WYSLAMA,Tier1
MHH,DGVVYY,Tier1
CYGPNR,PNRPQF,Tier1
WYSLAMAASDI,ETTL,Tier1
LVGDEQAVPAVCVP,YYIVS,Tier1
DWDPK,KDVPP,Tier1
FRDEHKK,YYF,Tier1
PYFNK,IQW,Tier1
LWK,GGLEPINFN,Tier1
VNPHDHQN,EFQL,Tier1
FDSGPAGVL,ELLI,Tier1
RWA,TYQTF,Tier1
WYY,GFPSG,Tier1
PMDYMVT,VKEAMPK,Tier1
GFPSG,MTEEY,Tier1
RWR,GFYPPP,Tier1
LGLNGDDVN,FYY,Tier1
HFGDPFH,LARL,Tier1
IRW,AIEWEGIESGSVEQA,Tier1
LHH,YYG,Tier1
RHV,LPF,Tier1
VDHDHPE,VPVTST,Tier1
HHPL,PWA,Tier1
PHV,GWNI,Tier1
KHNRGDEF,YLGAK,Tier1
LPAGV,YWVTSGPK,Tier1
RPPGFSPFR,LDY,Tier1
VNPHDHQN,PVMGA,Tier1
YLYP,LYY,Tier1
YAEERYPIL,LHH,Tier1
VCSV,IRGCRL,Tier1
YHY,YYQ,Tier1
VVKL,FPQY,Tier1
WISELG,FFGFN,Tier1
THH,RYLG,Tier1
HMPVTK,RPNYTDA,Tier1
PHY,EEYFPVGGDRPESF,Tier1
LHG,CME,Tier1
PHD,IYIEQGNGITGM,Tier1
PWA,FEQI,Tier1
AGWNI,YLG,Tier1
YFY,VLSRYPS,Tier1
FKK,FRSGILKLASKIPSVLCAVLKNC,Tier1
VDYP,LHV,Tier1
AMRLTYNRPCLGAT,YQL,Tier1
VIPMGL,YPELF,Tier1
LHM,GFGPEL,Tier1
YPELF,AGTTCLFTPLALPYDYSH,Tier1
PHE,VPW,Tier1
GIISHR,MPACGSS,Tier1
YYH,AKAWGIPPHVIPQIVPVRIRPLCGNV,Tier1
YYW,NPYVPR,Tier1
VDHDHPE,ADF,Tier1
LLPHHH,WPL,Tier1
RHI,LYEGY,Tier1
RHY,YEDCTDCGN,Tier1
RHF,GQFNDKRWIPFG,Tier1
RWY,LGFEY,Tier1
NPYVPR,ISELWG,Tier1
PYFNK,DVFRELRVQ,Tier1
IKL,DVFRELRVQ,Tier1
HHF,LPM,Tier1
WPL,HMPVTK,Tier1
LLPHH,PYVRYL,Tier1
RHT,LNGDVW,Tier1
AHH,AWIRGCRL,Tier1
PSLVGRPPVGKLTL,PGVPWP,Tier1
WEIKPSSLTGKSPYFSNNHGKL,FVNQPYLLYSVHMK,Tier1
KLSDW,TEVWDSNEQ,Tier1
YQY,LQL,Tier1
FLPF,ECA,Tier1
LHY,PHS,Tier1
EFIQ,FLQEFLHV,Tier1
GYLEQ,RLKKY,Tier1
PWT,YAKPA,Tier1
YNI,WISELGW,Tier1
AGTTCLFTPLALPYDYSH,RYLGY,Tier1
EEEQVGQGYETIRARL,WYSLAM,Tier1
VDHDHPE,WIRGCRL,Tier1
IHH,LFC,Tier1
RADHPF,ELLI,Tier1
VDHDHPE,WSY,Tier1
LQPGQGQQG,HPHL,Tier1
PHD,EEYFPVGGDRPESF,Tier1
HVCYMF,YGGFM,Tier1
LLR,WRNRCKGTD,Tier1
IHH,DLEE,Tier1
HLPH,DYK,Tier1
PHY,SGAF,Tier1
PHCKRM,TIIPLPV,Tier1
LHF,MQFHT,Tier1
KFPE,LLPF,Tier1
HLHP,FLKPLFNAALKLLP,Tier1
LWK,FEQI,Tier1
GWNIP,YYIVS,Tier1
PPQ,VECYG,Tier1
PPK,TTYY,Tier1
LVNPHDHQN,RYLGY,Tier1
RWY,LARL,Tier1
FLNDFLHV,VLVPK,Tier1
RWT,GIFE,Tier1
MILMR,LAC,Tier1
VCSV,VGDI,Tier1
HFGDPFH,FVNQPYLLYSVHMK,Tier1
LQPGQGQQ,YFY,Tier1
PWD,ETTL,Tier1
YFYPEL,HHW,Tier1
LHS,PHA,Tier1
PWR,VECYGPNRPQF,Tier1
EAK,LPTSEAAKY,Tier1
VLEANPRSF,LSGYGP,Tier1
VPSIDDQEELM,RNDDLNYIQ,Tier1
RHW,GPGGFI,Tier1
PSHDAHPE,DYK,Tier1
YEDCTDCGN,DVPPYM,Tier1
PWQ,FLHRP,Tier1
RHI,RWT,Tier1
FHH,YYI,Tier1
FRSGILKLASKIPSVLCAVLKNC,RYLG,Tier1
LWS,KYY,Tier1
RHS,FPLEMMPF,Tier1
EAK,AKYIPIQYVLSRYPSY,Tier1
HHW,MPDAHL,Tier1
YPEL,PHT,Tier1
RHY,VHDY,Tier1
LNLPTAVYMVT,WNIP,Tier1
PHY,LPHSGY,Tier1
QYY,SALAM,Tier1
VAVDKHDYEPLGHSDIGVY,RYPS,Tier1
LHE,LAPSLPGKPKPD,Tier1
AMTGLDA,IPAGV,Tier1
VLEANPRSF,PKLPPVKK,Tier1
YPI,FRSGILKLASKIPSVLCAVLKNC,Tier1
YPFPG,AGTTCLFTPLALPYDYSH,Tier1
YYE,YQEP,Tier1
YYT,EFLQ,Tier1
IYY,QVVPYPQ,Tier1
YCY,MWL,Tier1
FRDEHKK,KVLPVPQK,Tier1
WYSLAM,GWNI,Tier1
LANAK,WIRGCRL,Tier1
ARHPHPHLSFM,IANNEADAISLDGGQVFEAG,Tier1
DPALATEPDPMPF,NFHPQ,Tier1
NHH,EEEQVGQGYETIRARL,Tier1
YYV,ACQ,Tier1
VKEAMAPK,VAWRNRCKGTD,Tier1
RHG,GWNI,Tier1
AMRLTYNKPCLYGT,LAPSLPGKPKPD,Tier1
YYH,WISELGW,Tier1
AAVGGYRVAVL,IQY,Tier1
PSLPA,DEDTQAMP,Tier1
PWW,YNY,Tier1
LQPGQGQQG,VAMVPPFET,Tier1
YQIGL,RYQ,Tier1
AYPS,WPP,Tier1
LVNPHDHQN,PYSFK,Tier1
EEYFPVGGDRPESF,AYFYPEL,Tier1
RHF,YYN,Tier1
AKAWGIPPHVIPQIVPVRIRPLCGNV,AYFYPE,Tier1
AYY,LAC,Tier1
YTY,NHAV,Tier1
TCSP,PKLPPVKK,Tier1
DSGVT,FLPF,Tier1
SHDAHPE,FKK,Tier1
IPAGV,YNL,Tier1
AEAQKQLR,TTYY,Tier1
DSGVT,GQVPP,Tier1
RWG,ELLI,Tier1
ACFL,QYDQGV,Tier1
RHN,FVNQPYLLYSVHMK,Tier1
VVKL,VKAGFAWTANQQLS,Tier1
HHY,LDY,Tier1
RHY,KVLPVPQK,Tier1
NGPLQAGQPGER,CAQ,Tier1
MILMR,ARHPHP,Tier1
YYI,LGNTDYAVH,Tier1
PWE,SGAF,Tier1
FLNDFLHV,LPL,Tier1
LVNPHDHQN,LMGQW,Tier1
YQY,ACQ,Tier1
VDYP,PSYV,Tier1
PHW,AGWNIP,Tier1
LWF,MQFHT,Tier1
HLPLPL,ARHPHPHLSFM,Tier1
LVNPHDHQN,PHN,Tier1
NHAV,EWPAQ,Tier1
PSHDAHPE,HEH,Tier1
LHG,ACQ,Tier1
YYI,EWPAQ,Tier1
PMDYMVT,PHY,Tier1
LVMFLDNQHRVIRH,GQVPP,Tier1
YFY,GAWA,Tier1
YLY,VGDI,Tier1
IHH,MWL,Tier1
HHPLL,LHQ,Tier1
LWH,PWE,Tier1
QYY,VKEAMAPK,Tier1
VDYP,QCH,Tier1
RHQ,GPGGFI,Tier1
ADF,QYDQGV,Tier1
HEH,VAMVPPFET,Tier1
PWQ,GAH,Tier1
WISELGW,WRNRCKGTD,Tier1
RWQ,WYSLAM,Tier1
LWG,FLHRP,Tier1
VKAGFAWTANQQLS,GVQEGAGHYALL,Tier1
SALAM,AGTTCLFTPLALPYDYSH,Tier1
YIY,YYDPL,Tier1
HFH,LTC,Tier1
YLAGMN,KTFCGRH,Tier1
HLHP,LPHSGY,Tier1
NQE,VPNSYP,Tier1
HLHP,RYL,Tier1
YYY,IYIEQGNGITGM,Tier1
LHG,EFIQ,Tier1
HHPLL,GYLEQ,Tier1
EFLQ,FLHRP,Tier1
PSLPA,ADF,Tier1
LYY,WHNVSGSP,Tier1
DSGVT,IRW,Tier1
PHS,VLSRYPS,Tier1
HDH,MTEEY,Tier1
LWD,CVHWMTNTARTACIAP,Tier1
QHH,WDDMEK,Tier1
YYM,VKP,Tier1
YSY,LNLPTAVYMVT,Tier1
LHI,PWA,Tier1
HLH,LQL,Tier1
PYPQ,YQLD,Tier1
RHQ,WNIP,Tier1
NRVYIHPFHLLVYS,LGFEY,Tier1
LHR,RWA,Tier1
VDYP,AIEWEGIESGSVEQA,Tier1
NRVYIHPFHLLVYS,STMMEERRMKVY,Tier1
LWS,YYIVS,Tier1
VKP,VVGGDGDV,Tier1
RHG,IQY,Tier1
FVAGK,ETTL,Tier1
PLFQNKLAHAK,AIEWEGIESGSVEQA,Tier1
YWY,MHI,Tier1
LHPH,RYLGY,Tier1
YNY,VPNSYP,Tier1
YPEL,YYF,Tier1
YPPAK,DGVVYY,Tier1
YLYP,ISELGF,Tier1
PLFQNKLAHAK,RNDDLNYIQ,Tier1
LEEAF,GFPSG,Tier1
IEAEGE,HVCYMF,Tier1
SGAF,VPKVK,Tier1
PWF,AEEEYPDL,Tier1
PHE,IANNEADAISLDGGQVFEAG,Tier1
YYL,FLKPLFNAALKLLP,Tier1
LHQ,RWA,Tier1
YYR,KVLPVPQK,Tier1
YYV,GIISHR,Tier1
GIISHR,YLL,Tier1
HLPLPL,FEQI,Tier1
FLHRP,SAEHGSLH,Tier1
LHA,WEIKPSSLTGKSPYFSNNHGKL,Tier1
CYGPNR,PWT,Tier1
PWH,RADHPF,Tier1
YYG,LGY,Tier1
HGPLGPL,RADHPFL,Tier1
PWH,IQW,Tier1
RWG,NYY,Tier1
LWA,YMY,Tier1
PHN,YPFPG,Tier1
YQEP,AYPS,Tier1
RADHP,VKP,Tier1
WYSL,GTQY,Tier1
HEH,YLG,Tier1
LPTSEAAKY,AYFYPE,Tier1
LWF,HDHPVC,Tier1
YLAGMN,SGAF,Tier1
SHDAHPE,ISELGW,Tier1
HWH,VQYPVEHPNKFLKFGMTPSKGVLFY,Tier1
LLPHH,GGLEPINFN,Tier1
THH,AAVGGYRVAVL,Tier1
SYY,ISELGF,Tier1
QVVPYPQ,YQEPVLGPVRGPFPIIV,Tier1
HHP,YVY,Tier1
HLPLPL,RHD,Tier1
YGLN,ADGF,Tier1
LWS,YGLN,Tier1
LWA,FEQL,Tier1
KVI,FRSGILKLASKIPSVLCAVLKNC,Tier1
PWL,IYIEQGNGITGM,Tier1
LWM,ARHPHP,Tier1
ESTTVPERTHPACPDFN,AIRQGDVF,Tier1
LPTSEAAKY,NHK,Tier1
RHI,YKY,Tier1
LWH,GFGPEL,Tier1
PWD,VIPMGL,Tier1
LHPH,YQEPVLGPVRGPFPIIV,Tier1
ESTVPERTHPACPDFN,RPNYTDA,Tier1
YYV,YVGD,Tier1
RHA,RHD,Tier1
LHM,APIRMWYMYRKLTDMEPKPVA,Tier1
YMY,AWIRGCRL,Tier1
WPL,CAQ,Tier1
LYPY,VSYT,Tier1
AYY,VKCFR,Tier1
ISELWG,VAMVPPFET,Tier1
LWK,YGLN,Tier1
PAGY,SDF,Tier1
PHV,GEC,Tier1
NHK,STMMEERRMKVY,Tier1
VHH,FYQL,Tier1
LDK,KDVPP,Tier1
HLHP,HQIYPV,Tier1
VECYG,HHY,Tier1
YCY,GSGGL,Tier1
VKAGFAWTANQQLS,LQL,Tier1
PKAV,RWI,Tier1
LQSGDALRVPSGTTYY,PHM,Tier1
WYS,GGLEPINFN,Tier1
YYN,WEN,Tier1
LAPSLPGKPKPD,GTW,Tier1
YKY,EFQL,Tier1
LKQELEDLLEKQE,LDK,Tier1
RHV,VLVPK,Tier1
WYT,RPNYTDA,Tier1
HNPI,LVSK,Tier1
NADFGLNGLEGLA,WPL,Tier1
NADFGLNGLEGLA,NYY,Tier1
VVKL,GPP,Tier1
YDY,RYLG,Tier1
GVPLT,FRSGILKLASKIPSVLCAVLKNC,Tier1
QHGV,LYEGY,Tier1
HHLP,YEADARSFHDLAEHDIRV,Tier1
PWI,LANAK,Tier1
YGY,AIEWEGIESGSVEQA,Tier1
TRTGDPFF,HYVPV,Tier1
FDSGPAGVL,LHK,Tier1
LYPY,YYN,Tier1
PHN,WIRGCRL,Tier1
RHY,MILMR,Tier1
NGLEGLK,PLHH,Tier1
LHQ,WVYY,Tier1
YYN,YYQ,Tier1
KVLPVPQK,WSVPQPK,Tier1
EFQL,GEGSGA,Tier1
PWQ,RHG,Tier1
VHHANEN,LHM,Tier1
RHT,VAWRNRCKGTD,Tier1
YYW,YQEP,Tier1
DSGVT,RWA,Tier1
HHY,AWIRGCRL,Tier1
LLHH,YGGFM,Tier1
LWW,GIFE,Tier1
YAY,FIPGLRRLFATVVPTVVCAINKLPPG,Tier1
VKV,CVHWMTNTARTACIAP,Tier1
NYY,PSLVGRPPVGKLTL,Tier1
HLH,GEC,Tier1
MYY,YPELF,Tier1
WYSLAM,GFYPPP,Tier1
VPSGK,GTQY,Tier1
VGGRP,GQFNDKRWIPFG,Tier1
EFQI,YQL,Tier1
GWNIP,TVYQ,Tier1
HGPLGPL,RWY,Tier1
PHK,ARHPHPHLSFM,Tier1
HLHP,NRVYIHPFHLLVYS,Tier1
LWK,MEMK,Tier1
YQY,WISELGW,Tier1
ACFL,LAC,Tier1
PHHADS,YQIGL,Tier1
KFPE,YLGY,Tier1
LHV,FEQL,Tier1
RWR,YYH,Tier1
LQSGDALRVPSGTTYY,YWVTSGPK,Tier1
ADHP,YYDPL,Tier1
HLHP,LWF,Tier1
HLHP,IYIEQGNGITGM,Tier1
GAWA,EFLQ,Tier1
LPHSGY,YQEP,Tier1
SALAM,AGWNIPIGT,Tier1
PWE,PYVRYL,Tier1
TGGGNV,FLHRP,Tier1
LWM,LEQQVDDLEGSLEQEKK,Tier1
HDH,GFYPPP,Tier1
GWNIP,WHNVSGSP,Tier1
HHPLL,MPDAHL,Tier1
YYW,QLGNLGV,Tier1
LWQ,YLMSR,Tier1
TETWNPNHPEL,FVPH,Tier1
PWD,CVHWMTNTARTACIAP,Tier1
YNY,LGFEY,Tier1
ARHPHPHLSFM,IYIEQGNGITGM,Tier1
LWA,QYDQGV,Tier1
PHR,YEDCTDCGN,Tier1
WYSLAMA,FLKPLFNAALKLLP,Tier1
IYY,MTEEY,Tier1
VDHDHPE,QVVPYPQ,Tier1
SALAM,LAPSLPGKPKPD,Tier1
YYD,YWVTSGPK,Tier1
LHM,HHW,Tier1
WPP,LSGNK,Tier1
WSRRGEREEEDERRR,RDMPIQ,Tier1
HGPLGPL,RHN,Tier1
PWA,YYK,Tier1
VAVDKHDYEPLGHSDIGVY,WYSLAM,Tier1
HHLP,IPAGM,Tier1
YEADARSFHDLAEHDIRV,VLEANPRSF,Tier1
RWH,WYSLAMA,Tier1
AIEWEGIESGSVEQA,LAPSLPGKPKPD,Tier1
EYY,AYY,Tier1
AHK,EEEQVGQGYETIRARL,Tier1
PLHH,LWG,Tier1
AMRLTYNKPCLYGT,LDY,Tier1
LHL,LRGIKNYRVAVL,Tier1
LHS,RWE,Tier1
LVDTGRGPIMY,VVGGDGDV,Tier1
LWI,YYI,Tier1
WPL,DVPPYM,Tier1
AGWNIP,ELLI,Tier1
YYD,CVHWMTNTARTACIAP,Tier1
LARL,YPELF,Tier1
PAGY,YSY,Tier1
PSLPA,DRVYIHPF,Tier1
WYS,SNAAC,Tier1
YGGFM,GEC,Tier1
VGGRP,APIRMWYMYRKLTDMEPKPVA,Tier1
LELHKLRSSHWFSRR,LLR,Tier1
YYH,WYS,Tier1
WRNRCKGTD,QKW,Tier1
VNPHDHQN,WYY,Tier1
PHHADS,NHRYDR,Tier1
LYY,HYVPV,Tier1
YIPIQY,RYLGY,Tier1
YYL,YEDCTDCGN,Tier1
HHPLL,YYI,Tier1
FLHRP,CHI,Tier1
PWH,RWT,Tier1
LWK,VLVPK,Tier1
RNR,LLR,Tier1
PNRPQF,QGAR,Tier1
YIY,AVPYPQR,Tier1
PPK,LPTSEAAKY,Tier1
PWH,WYS,Tier1
LHG,RCMAFLLSDGAAAAQQLLPQYW,Tier1
LPHH,MTEEY,Tier1
RHV,NHK,Tier1
PHI,LTTLDSE,Tier1
RHD,KVLPVPQK,Tier1
PHD,RLKKY,Tier1
HFH,PVDENDEG,Tier1
YPEL,LLPHHH,Tier1
LWK,LANAK,Tier1
MILMR,TEVWDSNEQ,Tier1
ESTVPERTHPACPDFN,QYDQGV,Tier1
GPAGPAG,RLKKY,Tier1
HMPVTK,YYIVS,Tier1
GGLEPINFN,FPQY,Tier1
YYS,CHI,Tier1
KGLWE,YQEPVLGPVRGPFPIIV,Tier1
TERGY,GFYPPP,Tier1
CYGPNR,WYT,Tier1
PHS,RHI,Tier1
LWA,DHG,Tier1
LWG,PHD,Tier1
VKEAMPK,GLTSK,Tier1
GFPSG,GFWDSVKEGLKNAAVTILNKIKCKISECPPA,Tier1
FKK,IRW,Tier1
LHI,AEERYP,Tier1
VKV,LHS,Tier1
LLHH,WISELG,Tier1
RYY,RASDPLLSV,Tier1
LHG,YYN,Tier1
QHH,FRSGILKLASKIPSVLCAVLKNC,Tier1
LHG,RHS,Tier1
YSEMPPGK,GQVPP,Tier1
RWL,TERGY,Tier1
LHT,SFGAKNAVKNGLQKLRNQCQANNYQGPFCDIFKKNP,Tier1
IANNEADAISLDGGQVFEAG,PKLPPVKK,Tier1
IPAGV,AYFYPEL,Tier1
FYQL,LAC,Tier1
LLPH,LSGYGP,Tier1
LHH,KYL,Tier1
RYY,YYIVS,Tier1
KLSDW,SGAF,Tier1
ESTVPERTHPACPDFN,ADGF,Tier1
IQY,GIISHR,Tier1
NADFGLNGLEGLA,RHQ,Tier1
LWK,YYD,Tier1
EAK,ALEPDHR,Tier1
LLHH,LGFEYY,Tier1
QHGV,RNDDLNYIQ,Tier1
RHW,FHH,Tier1
LWV,AGWNIP,Tier1
LLHH,YQY,Tier1
SRYPS,VAGTWY,Tier1
DPALATEPDPMPF,RCMAFLLSDGAAAAQQLLPQYW,Tier1
YAEERYPIL,NGPLQAGQPGER,Tier1
EFQL,PGVPWP,Tier1
VECYG,YYG,Tier1
RHL,YQLD,Tier1
FIKK,DVPPYM,Tier1
LVDTGRGPIMY,ADHP,Tier1
HEKVC,EERYP,Tier1
YVY,RPNYTDA,Tier1
FLQEFLHV,AGWNIP,Tier1
YYF,DGVVYY,Tier1
IRGCRL,AGGF,Tier1
PHA,PWV,Tier1
VKEAMPK,TVYQ,Tier1
AYY,RYL,Tier1
PWH,PWW,Tier1
LHY,GPLGLLGFLGPLGLS,Tier1
HLPH,GPP,Tier1
RWY,GFYPPP,Tier1
YNI,CME,Tier1
KHNRGDEF,YCY,Tier1
AGWNIP,RNDDLNYIQ,Tier1
LHY,RWN,Tier1
RWW,IHH,Tier1
WYSLAMAASDI,AMRLTYNRPCLGAT,Tier1
LWW,MPACGSS,Tier1
YFY,PYVRYL,Tier1
DYK,DGVVYY,Tier1
VHDY,ADF,Tier1
YYD,GTW,Tier1
YTY,LQL,Tier1
LHG,YWY,Tier1
WVYY,LEQQVDDLEGSLEQEKK,Tier1
LVGDEQAVPAVCVP,YYK,Tier1
YYG,RYLGY,Tier1
VVKL,SRYPS,Tier1
HNPI,DGVVYY,Tier1
HGPLGPL,AWDPE,Tier1
EFQI,GWNIP,Tier1
YQEPVLGP,WYGPD,Tier1
LVMFLDNQHRVIRH,SNAAC,Tier1
PHS,NHRYDR,Tier1
DSGVT,ACQ,Tier1
RYLG,YQKFPQY,Tier1
LWD,RWH,Tier1
VAMVPPFET,YGLN,Tier1
IHH,SWN,Tier1
LHF,IANNEADAISLDGGQVFEAG,Tier1
LPTSEAAKY,KHNRGDEF,Tier1
YEY,YYR,Tier1
HYH,SRYPS,Tier1
GWNI,LVSK,Tier1
VDYP,RDMPIQ,Tier1
LWV,PHT,Tier1
YYA,YPELF,Tier1
IKL,IAPNYNTRATKL,Tier1
RWR,IPAGV,Tier1
PHN,RHW,Tier1
LHG,WPP,Tier1
LEELEEELEGCE,FYY,Tier1
MYY,DDPDKGMLKWKNDFFQEF,Tier1
HEH,YYF,Tier1
PSLPA,WISELGW,Tier1
FVAGK,FEQI,Tier1
LHG,LSGNK,Tier1
LHQ,EFQL,Tier1
DPALATEPDPMPF,EEYFPVGGDRPESF,Tier1
RHS,EEEQVGQGYETIRARL,Tier1
WEGPK,IQW,Tier1
AQIPQQ,RHA,Tier1
RHE,AVPYPQR,Tier1
YYQ,YPI,Tier1
VKL,DVPPYM,Tier1
FEQI,QLGNLGV,Tier1
MQFHT,DDPDKGMLKWKNDFFQEF,Tier1
LHD,LWR,Tier1
LGFEYY,DVFRELRVQ,Tier1
PMDYMVT,YPPAK,Tier1
GSGGL,AMRLTYNKPCLYGT,Tier1
YGYTGA,QCH,Tier1
LHT,LALPA,Tier1
MQFHT,LAPSLPGKPKPD,Tier1
HFH,AEEEYPDL,Tier1
HLPLPL,ARHPHP,Tier1
LEEAF,IEEAF,Tier1
PHR,NHAV,Tier1
LHF,LNGDVW,Tier1
VECYG,PYSFK,Tier1
RWN,LNLPTAVYMVT,Tier1
LLPH,LYPY,Tier1
PAGY,QHH,Tier1
LQL,QGAR,Tier1
GALAAH,IEEAF,Tier1
RWT,CSQAPLA,Tier1
RWG,APIRMWYMYRKLTDMEPKPVA,Tier1
VPSIDDQEELM,RWE,Tier1
YQY,RLKKY,Tier1
WYSLAMA,LQGM,Tier1
RNR,RWA,Tier1
PVMGA,LPM,Tier1
YYY,YWY,Tier1
QGAR,PSLVGRPPVGKLTL,Tier1
LHF,NEN,Tier1
LHF,YSY,Tier1
PMDYMVT,HYVPV,Tier1
HYH,AYFYPEL,Tier1
KVI,WYY,Tier1
PHF,IPAGV,Tier1
VHHANEN,IIENGEKWS,Tier1
WYSL,AIEWEGIESGSVEQA,Tier1
RWI,VPVTST,Tier1
IHH,FLNDFLHV,Tier1
YHH,GFWDSVKEGLKNAAVTILNKIKCKISECPPA,Tier1
SHH,NHAV,Tier1
AEERYP,SNAAC,Tier1
NYY,NRVYIHPFHLLVYS,Tier1
YYE,YAKP,Tier1
WYSLAMA,TYQTF,Tier1
ISELGF,YQK,Tier1
WYSLAMAASDI,YCY,Tier1
ISELWG,LSGYGP,Tier1
HGGEGGRPYHLGEES,YQEP,Tier1
RWG,YGYTGA,Tier1
TYY,ACQ,Tier1
RWH,QGAR,Tier1
PHQ,LTC,Tier1
HVCYMF,EWPAQ,Tier1
PEL,TEFTK,Tier1
EYY,ACFL,Tier1
LELHKLRSSHWFSRR,VECYGPNRPQF,Tier1
PVMGA,CSQAPLA,Tier1
RHL,QKW,Tier1
HQIYPV,GIFE,Tier1
GPP,AYFYPEL,Tier1
VVKL,RLKKY,Tier1
SYY,NEN,Tier1
VIPMGL,RYLG,Tier1
YVEEL,AGWNI,Tier1
HYY,YSTA,Tier1
YNI,DVPPYM,Tier1
LHK,SRYPS,Tier1
SWN,AMRLTGNRPGLYAT,Tier1
FDSGPAGVL,VQYPVEHPNKFLKFGMTPSKGVLFY,Tier1
PHD,LDY,Tier1
GIFE,WIRGCRL,Tier1
LVNPHDHQN,SHH,Tier1
WYSLAMAASDI,GQFNDKRWIPFG,Tier1
PHT,GSGGL,Tier1
PYSFK,AWIRGCRL,Tier1
GPGGFI,YGYTGA,Tier1
YEDCTDCGN,YQKFPQY,Tier1
WYS,EERYP,Tier1
VPYPQ,WISELGW,Tier1
TEFTK,ETTL,Tier1
SNAAC,YQKFPQY,Tier1
VQYPVEHPNKFLKFGMTPSKGVLFY,WYGPD,Tier1
KVI,MEMK,Tier1
LWA,AKAWGIPPHVIPQIVPVRIRPLCGNV,Tier1
LELHKLRSSHWFSRR,LDY,Tier1
WISELG,IYIEQGNGITGM,Tier1
VKAGFAWTANQQLS,LLPHH,Tier1
VHDY,SVMPVVA,Tier1
HLHP,HHPL,Tier1
PKAVHE,YYR,Tier1
PSDHDHE,GVQEGAGHYALL,Tier1
LHT,HMPVTK,Tier1
YPPAK,IQY,Tier1
IANNEADAISLDGGQVFEAG,NPYVPR,Tier1
AHK,NYKQM,Tier1
LLHH,TGGGNV,Tier1
TRTGDPFF,MPACGSS,Tier1
YPEL,AGWNI,Tier1
LHK,FPLEMMPF,Tier1
YLAGMN,VGDI,Tier1
VHDY,CQC,Tier1
RWT,EYY,Tier1
YYD,YVEEL,Tier1
YPI,YQKFPQY,Tier1
ISELWG,QCH,Tier1
YFE,AEERYP,Tier1
FYPEL,NHRYDR,Tier1
LQPGQGQQ,EFIQ,Tier1
GFPSG,AKAWGIPPHVIPQIVPVRIRPLCGNV,Tier1
AKAWGIPPHVIPQIVPVRIRPLCGNV,CHI,Tier1
YYV,YQKFP,Tier1
LEEAF,EWPAQ,Tier1
NGPLQAGQPGER,PHS,Tier1
RWL,GAH,Tier1
ISELWG,LAC,Tier1
PLHH,AYPS,Tier1
LANAK,AWDPE,Tier1
RNR,HDHPVC,Tier1
PHD,YLMSR,Tier1
DAQEKLE,NHAV,Tier1
PHL,MWL,Tier1
VECYG,YNY,Tier1
EFIQ,SNAAC,Tier1
GWNIP,DHG,Tier1
RHY,IYPF,Tier1
HVRETALV,STMMEERRMKVY,Tier1
PLHH,DDPDKGMLKWKNDFFQEF,Tier1
TYY,AEERYP,Tier1
HGGEGGRPYHLGEES,KKY,Tier1
LVGDEQAVPAVCVP,QKW,Tier1
HHW,LNLPTAVYMVT,Tier1
YNI,VPVTST,Tier1
VYY,MQFHT,Tier1
FYPEL,HHP,Tier1
LELHKLRSSHWFSRR,PYY,Tier1
PWD,QLGNLGV,Tier1
WIRGCRL,CSQAPLA,Tier1
HHP,QWPAQ,Tier1
VHH,IIENGEKWS,Tier1
YPIL,RPNYTDA,Tier1
PWL,LGNTDYAVH,Tier1
CAAP,LYEGY,Tier1
IYPF,GVQEGAGHYALL,Tier1
NGLEGLK,TIASGEP,Tier1
YYH,YGGFM,Tier1
YFE,SFGAKNAVKNGLQKLRNQCQANNYQGPFCDIFKKNP,Tier1
VKAGFAWTANQQLS,PWL,Tier1
YYR,YYT,Tier1
VLPVPQK,EFLQ,Tier1
RYY,KDVPP,Tier1
PYSFK,DGVVYY,Tier1
YYQ,WYS,Tier1
LHW,YFY,Tier1
PLHH,PSLVGRPPVGKLTL,Tier1
PWS,HHW,Tier1
YAY,RADHP,Tier1
AGWNIP,SVMPVVA,Tier1
LHH,GYLEQ,Tier1
NADFGLNGLEGLA,TERGY,Tier1
PHD,LYY,Tier1
HVRETALV,MILMR,Tier1
AVPYPQR,FIKK,Tier1
RWA,GWNIP,Tier1
PHT,GFFDRIKALTKNVTLELLNTITCKLPVTPP,Tier1
IQY,VLYEE,Tier1
PSLPA,SNAAC,Tier1
LTC,VAGTWY,Tier1
YVGD,RYLG,Tier1
GAWA,AGTTCLFTPLALPYDYSH,Tier1
PYPQ,AGTTCLFTPLALPYDYSH,Tier1
GVPLT,FPQY,Tier1
YGY,WSRRGEREEEDERRR,Tier1
ISELGW,SAEHGSLH,Tier1
ARHPHPHLSFM,AWDPE,Tier1
WHH,YLMSR,Tier1
YYT,LYEGY,Tier1
PHHADS,YGY,Tier1
PIAAEVYEHTEGSTTSY,YAKPA,Tier1
TIASGEP,LFC,Tier1
VDHDHPE,VLPVPQK,Tier1
PWR,GAWA,Tier1
PSHDAHPE,RLKKY,Tier1
AGWNIP,ARHPHP,Tier1
HLHP,IKK,Tier1
FEQI,PKLPPVKK,Tier1
MQFHT,VLYEE,Tier1
QHH,LRGIKNYRVAVL,Tier1
WSY,AYPS,Tier1
PLFQNKLAHAK,DWDPK,Tier1
IEAEGE,PNRPQF,Tier1
HGPLGPL,MHI,Tier1
DAQEKLE,NHRYDR,Tier1
QVVPYPQ,AKAWGIPPHVIPQIVPVRIRPLCGNV,Tier1
FIKK,VPW,Tier1
PWR,NFHPQ,Tier1
YQY,EEYFPVGGDRPESF,Tier1
GGE,EWPAQ,Tier1
YYQ,WPP,Tier1
QWPAQ,AGWNI,Tier1
MYY,FRADHPFL,Tier1
RWR,KTFCGRH,Tier1
PHL,MHH,Tier1
DDPDKGMLKWKNDFFQEF,VPYPQ,Tier1
EAK,DSGVT,Tier1
YAEERYPIL,PSDHDHE,Tier1
VDYP,GTQY,Tier1
HHPLL,MHI,Tier1
AEAQKQLR,HLPH,Tier1
MYY,FEQI,Tier1
YQEP,IYIEQGNGITGM,Tier1
LPYY,AGWNIP,Tier1
HHPLL,GFYPPP,Tier1
FVPH,DGVVYY,Tier1
CLV,VKRRGQDCIHGFCSD,Tier1
WVYY,VFPW,Tier1
HLHP,HLH,Tier1
LHS,VAWRNRCKGTD,Tier1
YYR,HMPVTK,Tier1
AMTGLDA,YEDCTDCGN,Tier1
EFQI,PSIPA,Tier1
TERGY,SRYPS,Tier1
LHF,LGFEY,Tier1
AKAWGIPPHVIPQIVPVRIRPLCGNV,VGGRP,Tier1
YIPIQY,VVGGDGDV,Tier1
AHK,KVLPVPQK,Tier1
YSEMPPGK,TEVWDSNEQ,Tier1
HNPI,DDPDKGMLKWKNDFFQEF,Tier1
QGAR,VAWRNRCKGTD,Tier1
PWL,VAGTWY,Tier1
KVI,QVVPYPQ,Tier1
PHQ,YPIL,Tier1
EWPAQ,AMRLTYNRPCIYAT,Tier1
AGGF,GFYPPP,Tier1
LQPGQGQQ,PYPQ,Tier1
HPLH,TYQTF,Tier1
YYY,YFY,Tier1
VNPHDHQN,RWR,Tier1
HDH,EQC,Tier1
AGWNI,DHTKE,Tier1
LQPGQGQQ,ISELGW,Tier1
NHRYDR,WYT,Tier1
YQY,YLKT,Tier1
AGWNI,LLPF,Tier1
RHA,RWE,Tier1
LKQELEDLLEKQE,IKK,Tier1
KHNRGDEF,YYH,Tier1
IYPF,DRVYIHPF,Tier1
IEAEGE,FEQI,Tier1
SVYT,YQKFP,Tier1
YKY,SDRDLLGPNNQYLPK,Tier1
LHA,SGAF,Tier1
YYT,WHNVSGSP,Tier1
ESTTVPERTHPACPDFN,TETWNPNHPEL,Tier1
RNR,VHDY,Tier1
AAVGGYRVAVL,WDDMEK,Tier1
PHI,IPAGM,Tier1
VHHANEN,IHH,Tier1
YFE,YLG,Tier1
LARL,VLPVPQK,Tier1
LQPGQGQQ,LHT,Tier1
RHQ,YYA,Tier1
YYA,FIKK,Tier1
HHPL,PSLVGRPPVGKLTL,Tier1
SIITMTKEAKLPQLWKQIACRLYNTC,GFFDRIKALTKNVTLELLNTITCKLPVTPP,Tier1
EFQL,DHTKE,Tier1
IPAGM,YPELF,Tier1
LHI,DYY,Tier1
LHA,DYY,Tier1
LLHH,RADHPFL,Tier1
IHH,TRTGDPFF,Tier1
VVKL,PWD,Tier1
IKK,STMMEERRMKVY,Tier1
HHW,HQIYPV,Tier1
GALAAH,IANNEADAISLDGGQVFEAG,Tier1
LQL,LLPF,Tier1
HHPLL,VCSV,Tier1
KYY,TYQTF,Tier1
YQIGL,PSLVGRPPVGKLTL,Tier1
LWS,RNR,Tier1
YVGD,AWIRGCRL,Tier1
YFE,PGVPWP,Tier1
PNRPQF,EWPAQ,Tier1
GIFE,CSQAPLA,Tier1
LYPY,LPAGV,Tier1
RHV,LTC,Tier1
MWL,WSVPQPK,Tier1
TTYY,PVDENDEG,Tier1
LWG,IYPF,Tier1
LMGQW,VAMVPPFET,Tier1
RWL,YYR,Tier1
YDY,PSLVGRPPVGKLTL,Tier1
LHL,AWDPE,Tier1
LYY,LEEAF,Tier1
KFPE,DYK,Tier1
LHD,VAWRNRCKGTD,Tier1
AKYIPIQYVLSRYPSY,LKQELEDLLEKQE,Tier1
HHW,KFPE,Tier1
PMDYMVT,VQYPVEHPNKFLKFGMTPSKGVLFY,Tier1
FHH,LNLPTAVYMVT,Tier1
PHG,LPHSGY,Tier1
RWA,YLGY,Tier1
RHD,PSIPA,Tier1
LHT,LGY,Tier1
RADHPF,EQC,Tier1
YQY,FVNQPYLLYSVHMK,Tier1
LVGDEQAVPAVCVP,AWDPE,Tier1
LHS,RWA,Tier1
PSYV,DVFRELRVQ,Tier1
PWY,WVYY,Tier1
HFH,YAKP,Tier1
LHA,LVDTGRGPIMY,Tier1
LLPHHH,LVDTGRGPIMY,Tier1
LHH,YEDCTDCGN,Tier1
HHY,TYY,Tier1
LHPH,HEKVC,Tier1
FKK,YQEPVLGP,Tier1
PSKYEPFV,HHW,Tier1
PSYV,FEQL,Tier1
HLPLPL,YIY,Tier1
PLFQNKLAHAK,WHH,Tier1
PKAV,TEFTK,Tier1
FLKPLFNAALKLLP,KFPE,Tier1
NADFGLNGLEGLA,FRSGILKLASKIPSVLCAVLKNC,Tier1
TTYY,VAGTWY,Tier1
PSLPA,IEEAF,Tier1
SIITMTKEAKLPQLWKQIACRLYNTC,MEMK,Tier1
NYY,NPYVPR,Tier1
IPAGV,NYKQM,Tier1
LWT,LPAGV,Tier1
RWY,CME,Tier1
VKRRGQDCIHGFCSD,PKLPPVKK,Tier1
LHM,PWD,Tier1
SIITMTKEAKLPQLWKQIACRLYNTC,VAGTWY,Tier1
GALAAH,DGVVYY,Tier1
PWV,FLQEFLHV,Tier1
LKQELEDLLEKQE,AMRLTYNKPCLYGT,Tier1
HHPL,SVYT,Tier1
PSHDAHPE,LHT,Tier1
LHW,PIAAEVYEHTEGSTTSY,Tier1
WYSLAM,LQGM,Tier1
LHF,VPKVK,Tier1
LQPGQGQQ,PLFQNKLAHAK,Tier1
PHN,TYQTF,Tier1
RHG,YSY,Tier1
PHA,PHR,Tier1
PWD,IRW,Tier1
PHE,RPNYTDA,Tier1
FKK,ALEPDHR,Tier1
RHV,YEDCTDCGN,Tier1
WYSLAMA,NEN,Tier1
PWI,WYSLAMA,Tier1
AQIPQQ,YYDPL,Tier1
HWH,WEGPK,Tier1
DHTKE,KKY,Tier1
VNPHDHQN,HLH,Tier1
IKL,LMGQW,Tier1
FYY,NEN,Tier1
PHY,PHCKRM,Tier1
PHK,RASDPLLSV,Tier1
PHN,WRNRCKGTD,Tier1
HFGDPFH,WDDMEK,Tier1
RHE,SHH,Tier1
AQIPQQ,PWI,Tier1
HGPLGPL,FVNQPYLLYSVHMK,Tier1
GALAAH,QKW,Tier1
ESTTVPERTHPACPDFN,VPKVK,Tier1
PHI,RNDDLNYIQ,Tier1
YHH,YCY,Tier1
FVNQPYLLYSVHMK,YLL,Tier1
LWY,PWH,Tier1
CAAP,AYFYPE,Tier1
LHH,LVDTGRGPIMY,Tier1
HDH,GPAGPAG,Tier1
FDSGPAGVL,HDHPVC,Tier1
PWL,EERYP,Tier1
KVI,HNPI,Tier1
PPK,WYSLAM,Tier1
HGGEGGRPYHLGEES,SDRDLLGPNNQYLPK,Tier1
RWW,LARL,Tier1
EAK,IANNEADAISLDGGQVFEAG,Tier1
NHAV,SDF,Tier1
VFPW,TDY,Tier1
FLQEFLHV,YLGY,Tier1
PSHDAHPE,NRVYIHPFHLLVYS,Tier1
LHPH,SAEHGSLH,Tier1
TRTGDPFF,IYIEQGNGITGM,Tier1
MWL,ISELGF,Tier1
LPHSGY,IQY,Tier1
VPSIDDQEELM,EYY,Tier1
LHG,LEQQVDDLEGSLEQEKK,Tier1
HVCYMF,ARHPHPHLSFM,Tier1
LYY,DVFRELRVQ,Tier1
VGDI,QKW,Tier1
PYSFK,GIISHR,Tier1
VKCFR,VGGRP,Tier1
PVMGA,WYSLAMA,Tier1
LGFEY,VAGTWY,Tier1
YLYP,NYY,Tier1
YDY,LEQQVDDLEGSLEQEKK,Tier1
LVGDEQAVPAVCVP,AMRLTYNKPCLYGT,Tier1
PHI,PHW,Tier1
PSHDAHPE,VKRRGQDCIHGFCSD,Tier1
LHH,LHM,Tier1
HWH,YLL,Tier1
VKV,LQGM,Tier1
AVPYPQR,TVYQ,Tier1
AMTGLDA,ETTL,Tier1
PYY,MILMR,Tier1
CSQAPLA,VPKVK,Tier1
KAI,YRY,Tier1
LQPGQGQQ,GFGPEL,Tier1
YYD,HVCYMF,Tier1
LWW,RPPGFSPFR,Tier1
GGLEPINFN,AGGF,Tier1
RHS,WEN,Tier1
FFAPGRNPTSFS,LPM,Tier1
YLYP,FEQI,Tier1
LWW,ETTL,Tier1
LPHSGY,LYEGY,Tier1
NADFGLNGLEGLA,CQC,Tier1
YFY,YQEP,Tier1
FEQI,FLKPLFNAALKLLP,Tier1
PHI,LAC,Tier1
YGY,DWDPK,Tier1
LHF,SDF,Tier1
AKAWGIPPHVIPQIVPVRIRPLCGNV,VLSRYPS,Tier1
VECYG,YYR,Tier1
HDHPVC,QCL,Tier1
FALPQYLK,RNDDLNYIQ,Tier1
VVKL,YLL,Tier1
YPFPG,VGGRP,Tier1
AMRLTYNRPCIYAT,AEERYP,Tier1
GFFDRIKALTKNVTLELLNTITCKLPVTPP,YYDPL,Tier1
HDHPVC,WYSLAM,Tier1
PWQ,APIRMWYMYRKLTDMEPKPVA,Tier1
RHQ,YPI,Tier1
HDH,LLPF,Tier1
RHF,YYIVS,Tier1
RHM,LANAK,Tier1
VHH,LWG,Tier1
AYY,TYQTF,Tier1
PWW,MYY,Tier1
HYY,HQIYPV,Tier1
AKYIPIQYVLSRYPSY,ISELGY,Tier1
VGGRP,STMMEERRMKVY,Tier1
EWPAQ,VIPMGL,Tier1
LRGIKNYRVAVL,FLPF,Tier1
AGWNI,YQKFP,Tier1
GFWDSVKEGLKNAAVTILNKIKCKISECPPA,AGTTCLFTPLALPYDYSH,Tier1
YFYPEL,SAEHGSLH,Tier1
VFPW,YQKFPQY,Tier1
VKEAMPK,EFIQ,Tier1
ACFL,RLKKY,Tier1
KVLPVPQK,EQC,Tier1
NYKQM,EQC,Tier1
PYY,PWL,Tier1
WYY,FIKK,Tier1
LPHH,MHH,Tier1
YNI,RDMPIQ,Tier1
HVCYMF,FLHRP,Tier1
RHF,GFYPPP,Tier1
YVGD,RPNYTDA,Tier1
GPGGFI,PSLVGRPPVGKLTL,Tier1
AMTGLDA,LDY,Tier1
LPTSEAAKY,LLPHHH,Tier1
WEIKPSSLTGKSPYFSNNHGKL,TYQTF,Tier1
RHD,YGGFL,Tier1
GWNIP,PYFNK,Tier1
LWV,YNI,Tier1
LWR,RASDPLLSV,Tier1
NRVYIHPFHLLVYS,AIEWEGIESGSVEQA,Tier1
YLY,GPAGPAG,Tier1
DPALATEPDPMPF,FPQY,Tier1
FKK,SIITMTKEAKLPQLWKQIACRLYNTC,Tier1
PLHH,LQL,Tier1
ADF,ISELGF,Tier1
LWH,LEEAF,Tier1
AADNANELFPPN,YQK,Tier1
FLKPLFNAALKLLP,WDR,Tier1
VIPMGL,IVEYF,Tier1
VVKL,NYY,Tier1
LGLNGDDVN,ECA,Tier1
YEY,MQFHT,Tier1
RWY,TSQLLSDQ,Tier1
LEELEEELEGCE,LWF,Tier1
WYSLAMAASDI,LLPHH,Tier1
YFE,QCH,Tier1
PWY,TIASGEP,Tier1
PHF,PWH,Tier1
KVLPVPQK,GVQEGAGHYALL,Tier1
YYR,HYVPV,Tier1
IPAGV,GFYPPP,Tier1
RNR,RLKKY,Tier1
WYSLAMA,FIPGLRRLFATVVPTVVCAINKLPPG,Tier1
NGLEGLK,IQW,Tier1
YLGAK,CLV,Tier1
YCY,ISELGF,Tier1
HFGDPFH,HHPL,Tier1
DAQEKLE,NFHPQ,Tier1
VVKL,GPGGFI,Tier1
HHY,DYY,Tier1
NHAV,IQW,Tier1
VIPAGYP,PLHH,Tier1
IYY,QWPAQ,Tier1
YQY,QLGNLGV,Tier1
PYPQ,TYQTF,Tier1
VFPW,HNPI,Tier1
LHV,YQL,Tier1
YSTA,LDK,Tier1
VHDY,GVPLT,Tier1
KVI,AMRLTYNKPCLYGT,Tier1
YYQ,LMGQW,Tier1
PWW,ADGF,Tier1
NQE,YVL,Tier1
ISELGY,YQEPVLGPVRGPFPIIV,Tier1
GALAAH,YQKFP,Tier1
PHW,AADNANELFPPN,Tier1
YEY,PYVRYL,Tier1
PSYV,LWA,Tier1
PWV,IVEYF,Tier1
VCSV,GIISHR,Tier1
AKAWGIPPHVIPQIVPVRIRPLCGNV,VLYEE,Tier1
PWW,FVPH,Tier1
IPIQYVL,YQIGL,Tier1
LLPHH,RHV,Tier1
FEQL,FIKK,Tier1
YYK,LFC,Tier1
WHNVSGSP,FFGFN,Tier1
IEEAF,VECYGPNRPQF,Tier1
PHY,WIRGCRL,Tier1
PHH,RHF,Tier1
RWW,YGGFL,Tier1
PSDHDHE,AMRLTYNKPCLYGT,Tier1
YYK,YLGY,Tier1
RADHP,VPW,Tier1
RDMPIQ,VPVTST,Tier1
GALAAH,VAVDKHDYEPLGHSDIGVY,Tier1
VHHANEN,PYVRYL,Tier1
LELHKLRSSHWFSRR,AYFYPE,Tier1
EWPAQ,YLKT,Tier1
HHPL,CQC,Tier1
LHQ,LPM,Tier1
TSQLLSDQ,YLGY,Tier1
PMDYMVT,MEMK,Tier1
PYPQ,LLR,Tier1
HHLP,RADHP,Tier1
AMTGLDA,AAVGGYRVAVL,Tier1
LHK,SVYT,Tier1
RHN,RYL,Tier1
YDY,ESTTVPERTHPACPDFN,Tier1
LHQ,GWNI,Tier1
RWL,YLGAK,Tier1
YYQ,AEERYP,Tier1
YPPAK,MHI,Tier1
GPP,YQLD,Tier1
SVMPVVA,VLYEE,Tier1
YNL,WYSLA,Tier1
YAEERYPIL,DLEE,Tier1
FYPEL,YLKT,Tier1
NYKQM,YQEP,Tier1
LPAGV,FPQY,Tier1
KYY,GGE,Tier1
YAY,EFQI,Tier1
NPYVPR,LANAK,Tier1
AYPS,RASDPLLSV,Tier1
PWD,RWE,Tier1
VHHANEN,DLEE,Tier1
PHYL,FPQY,Tier1
PSKYEPFV,YIPIQY,Tier1
YNY,AMRLTGNRPGLYAT,Tier1
LWI,LRGIKNYRVAVL,Tier1
KYY,LDK,Tier1
FGHPY,APIRMWYMYRKLTDMEPKPVA,Tier1
FVNQPYLLYSVHMK,GTQY,Tier1
VKAGFAWTANQQLS,PHD,Tier1
NADFGLNGLEGLA,LWF,Tier1
PHA,QWPAQ,Tier1
YYS,FHNMEK,Tier1
YYV,FDEQE,Tier1
HGGEGGRPYHLGEES,YQEPVLGPVRGPFPIIV,Tier1
YNY,GGE,Tier1
PLHH,LARL,Tier1
YGLN,LANAK,Tier1
PHQ,RWA,Tier1
PHCKRM,FRADHPFL,Tier1
RHPHP,TETWNPNHPEL,Tier1
YPPAK,QYDQGV,Tier1
LHV,YCY,Tier1
YIY,KTFCGRH,Tier1
FLNDFLHV,FYQL,Tier1
LHI,LALPA,Tier1
YVL,LPF,Tier1
SWN,PYPQ,Tier1
PWT,WVYY,Tier1
PWH,NYY,Tier1
RADHPFL,LANAK,Tier1
VCSV,QVVPYPQ,Tier1
FLHRP,DLEE,Tier1
YQL,DGVVYY,Tier1
HVRETALV,FYQL,Tier1
YQEP,FVPH,Tier1
LHM,AKAWGIPPHVIPQIVPVRIRPLCGNV,Tier1
FDSGPAGVL,AADNANELFPPN,Tier1
RHA,GIISHR,Tier1
HWH,FIPGLRRLFATVVPTVVCAINKLPPG,Tier1
RNR,QYY,Tier1
YKY,IPAGM,Tier1
VHH,PYFNK,Tier1
YFYPEL,NHAV,Tier1
LHS,YAKPA,Tier1
YTY,QYDQGV,Tier1
VLYEE,APIRMWYMYRKLTDMEPKPVA,Tier1
LHK,YCY,Tier1
RASDPLLSV,SGAF,Tier1
MYY,YVGD,Tier1
VCSV,YLL,Tier1
IEEAF,DYK,Tier1
AKYIPIQYVLSRYPSY,VECYGPNRPQF,Tier1
YYH,DEDTQAMP,Tier1
YVEEL,ALEPDHR,Tier1
QVVPYPQ,AADNANELFPPN,Tier1
YAEERYPIL,LWY,Tier1
PKAVHE,YSEMPPGK,Tier1
YHH,AYFYPEL,Tier1
LHR,DRVYIHPF,Tier1
QHGV,VAMVPPFET,Tier1
AQIPQQ,VPKVK,Tier1
PPQ,LHW,Tier1
VPSIDDQEELM,GPLGLLGFLGPLGLS,Tier1
QGAR,VAMVPPFET,Tier1
FLNDFLHV,KKY,Tier1
DAQEKLE,EQC,Tier1
YVGD,MTEEY,Tier1
NPYVPR,PKLPPVKK,Tier1
RWL,YYDPL,Tier1
PSLPA,WVYY,Tier1
LHM,VPW,Tier1
LWF,RHA,Tier1
YQIGL,RCMAFLLSDGAAAAQQLLPQYW,Tier1
GYY,WIRGCRL,Tier1
AIEWEGIESGSVEQA,ADGF,Tier1
YEDCTDCGN,VLYEE,Tier1
TYY,VKEAMAPK,Tier1
GHH,GWNIP,Tier1
YGY,YIPIQY,Tier1
FKK,YPI,Tier1
TYQTF,VLVPK,Tier1
NGPLQAGQPGER,FRSGILKLASKIPSVLCAVLKNC,Tier1
PNRPQF,YVGD,Tier1
PHI,FDEQE,Tier1
PHQ,LPF,Tier1
YRY,SNAAC,Tier1
LLPHH,FLNDFLHV,Tier1
YKY,WYY,Tier1
LWA,LMGQW,Tier1
HWH,YQK,Tier1
VKL,HPH,Tier1
WHH,GPP,Tier1
NADFGLNGLEGLA,RYL,Tier1
EFQL,RHPHP,Tier1
RHM,RASDPLLSV,Tier1
EFQL,YQEPVLGPVRGPFPIIV,Tier1
YYI,NPYVPR,Tier1
YVY,AMRLTGNRPGLYAT,Tier1
WVYY,RLKKY,Tier1
GFFDRIKALTKNVTLELLNTITCKLPVTPP,CLV,Tier1
PSYV,VKP,Tier1
DPALATEPDPMPF,YLGAK,Tier1
LELHKLRSSHWFSRR,HHW,Tier1
IKL,VKAGFAWTANQQLS,Tier1
YYL,MEMK,Tier1
SALAM,ISELGY,Tier1
YQIGL,LAC,Tier1
PWW,AIRQGDVF,Tier1
VDHDHPE,LTTLDSE,Tier1
RWE,KTFCGRH,Tier1
RWT,CVHWMTNTARTACIAP,Tier1
GYY,AYPS,Tier1
GAH,VKRRGQDCIHGFCSD,Tier1
HPLH,PWD,Tier1
NFHPQ,GIFE,Tier1
AIRQGDVF,GWNI,Tier1
LHV,TEVWDSNEQ,Tier1
LHH,PHF,Tier1
PHI,HHW,Tier1
LYPY,RHQ,Tier1
RHQ,GAH,Tier1
LWD,ADGF,Tier1
YVGD,GLTSK,Tier1
PWL,CLV,Tier1
YNL,FALPQYLK,Tier1
GAH,NHK,Tier1
GVPLT,WYS,Tier1
YRY,QVVPYPQ,Tier1
RWT,PYPQ,Tier1
AVPYPQR,WSY,Tier1
LWF,GGLEPINFN,Tier1
LHL,KFPE,Tier1
LLPHH,KTFCGRH,Tier1
YKY,LQGM,Tier1
IHH,TEFTK,Tier1
YFYPEL,VVGGDGDV,Tier1
PNRPQF,YEY,Tier1
AEEEYPDL,SDRDLLGPNNQYLPK,Tier1
LHQ,APIRMWYMYRKLTDMEPKPVA,Tier1
YYH,VLYEE,Tier1
GWNI,LTTLDSE,Tier1
LHQ,HVRETALV,Tier1
AVPYPQR,LANAK,Tier1
HLHP,DHTKE,Tier1
PSDHDHE,LQGM,Tier1
PHR,RHN,Tier1
PHHADS,HPH,Tier1
VHDY,GGIF,Tier1
NHH,YYN,Tier1
YYG,EFIQ,Tier1
AEAQKQLR,GALAAH,Tier1
LHL,LWG,Tier1
RHT,HYVPV,Tier1
YYD,LEQQVDDLEGSLEQEKK,Tier1
IKL,HHW,Tier1
VHH,PYSFK,Tier1
PYVRYL,TVYQ,Tier1
WEIKPSSLTGKSPYFSNNHGKL,RHPHP,Tier1
HGPLGPL,LLR,Tier1
PKAV,KKY,Tier1
AGWNIP,LLR,Tier1
GYY,MTEEY,Tier1
WYS,YAKPA,Tier1
VHHANEN,HQIYPV,Tier1
FRDEHKK,LLR,Tier1
HEH,AMRLTYNKPCLYGT,Tier1
LHG,MPDAHL,Tier1
AKYIPIQYVLSRYPSY,PWL,Tier1
VLPVPQK,GEGSGA,Tier1
EERYP,GVQEGAGHYALL,Tier1
PYVRYL,LAC,Tier1
LHT,FVPH,Tier1
AIRQGDVF,EQC,Tier1
FDSGPAGVL,YAY,Tier1
YEADARSFHDLAEHDIRV,YGGFM,Tier1
SWN,QYDQGV,Tier1
RPPGFSPFR,YQEPVLGPVRGPFPIIV,Tier1
GWNI,ARHPHP,Tier1
LWE,LRGIKNYRVAVL,Tier1
DWDPK,FPQY,Tier1
LHPH,QYDQGV,Tier1
YAEERYPIL,YNI,Tier1
WYY,AYFYPEL,Tier1
YPEL,YGGFM,Tier1
YSY,NEN,Tier1
IEAEGE,GEC,Tier1
KAI,YIPIQY,Tier1
YYV,LRGIKNYRVAVL,Tier1
PHL,YPPAK,Tier1
LWM,GQVPP,Tier1
PHA,SDRDLLGPNNQYLPK,Tier1
HHLP,HQIYPV,Tier1
QKW,KYL,Tier1
LHQ,IHH,Tier1
WPL,LSGNK,Tier1
PWE,WYGPD,Tier1
VLEANPRSF,LVMFLDNQHRVIRH,Tier1
IKL,FHNMEK,Tier1
RWG,AMTGLDA,Tier1
LWR,HEKVC,Tier1
KHNRGDEF,YMY,Tier1
SYY,DGVVYY,Tier1
RHW,FLQEFLHV,Tier1
VNPHDHQN,YEDCTDCGN,Tier1
PWA,RWE,Tier1
VGGRP,AWIRGCRL,Tier1
RADHPFL,WDDMEK,Tier1
FIGP,STMMEERRMKVY,Tier1
PKAV,PWD,Tier1
YYY,RYLGY,Tier1
NHH,YPI,Tier1
WYY,GEGSGA,Tier1
LRGIKNYRVAVL,RPNYTDA,Tier1
HHPL,HYH,Tier1
LVNPHDHQN,AKAWGIPPHVIPQIVPVRIRPLCGNV,Tier1
YQEP,TERGY,Tier1
YGY,YSTA,Tier1
HHP,RLKKY,Tier1
YYT,WYS,Tier1
YYK,KYL,Tier1
LWY,LMGQW,Tier1
PKAVHE,RHK,Tier1
LPHH,EFLQ,Tier1
NADFGLNGLEGLA,LHH,Tier1
PWS,MTEEY,Tier1
FHH,YYQ,Tier1
HLH,DYK,Tier1
MWL,YPI,Tier1
LTTLDSE,DLEE,Tier1
LYY,ESTTVPERTHPACPDFN,Tier1
WHNVSGSP,RYLGY,Tier1
LHQ,RASDPLLSV,Tier1
LPHH,RASDPLLSV,Tier1
PAGY,YQL,Tier1
IEAEGE,HYH,Tier1
LMGQW,FIPGLRRLFATVVPTVVCAINKLPPG,Tier1
NHK,TETWNPNHPEL,Tier1
CYGPNR,KKY,Tier1
YLYP,LPAGV,Tier1
PHK,YYT,Tier1
LVNPHDHQN,LQGM,Tier1
LHF,HVCYMF,Tier1
YYT,IQY,Tier1
YYY,QYP,Tier1
GTW,SGAF,Tier1
YYE,FEQL,Tier1
QYY,HMPVTK,Tier1
LNLPTAVYMVT,QKW,Tier1
WHNVSGSP,LFC,Tier1
ISELGF,LVMFLDNQHRVIRH,Tier1
VKV,LEELEEELEGCE,Tier1
AVPYPQR,DRVYIHPF,Tier1
LNGDVW,AWDPE,Tier1
YFY,FDEQE,Tier1
PYY,YAKP,Tier1
YYA,YYL,Tier1
RWI,GAH,Tier1
AGWNIPIGT,KLSDW,Tier1
QWPAQ,NHK,Tier1
GAH,ALEPDHR,Tier1
AHK,IPAGM,Tier1
KVLPVPQK,MPACGSS,Tier1
PPK,LPF,Tier1
LPAGV,AGGF,Tier1
YYK,QLGNLGV,Tier1
LWQ,HYVPV,Tier1
LHE,FLHRP,Tier1
FFAPGRNPTSFS,FLQEFLHV,Tier1
RHK,YGLN,Tier1
VKAGFAWTANQQLS,FDEQE,Tier1
TEVWDSNEQ,VLVPK,Tier1
FGHPY,WYGPD,Tier1
AAVGGYRVAVL,GYLEQ,Tier1
LWR,GFFDRIKALTKNVTLELLNTITCKLPVTPP,Tier1
LHW,LWD,Tier1
VKAGFAWTANQQLS,YGLN,Tier1
RYQ,QCH,Tier1
SVYT,IQY,Tier1
YQEP,TEFTK,Tier1
FFAPGRNPTSFS,MQFHT,Tier1
FLQEFLHV,IANNEADAISLDGGQVFEAG,Tier1
PWR,YSEMPPGK,Tier1
PWT,WDDMEK,Tier1
RHQ,YGGFM,Tier1
KYY,CHI,Tier1
EEEQVGQGYETIRARL,LSGYGP,Tier1
DPALATEPDPMPF,TCSP,Tier1
VDHDHPE,DYY,Tier1
PKAV,WYGPD,Tier1
VQYPVEHPNKFLKFGMTPSKGVLFY,WYSLAM,Tier1
VCSV,YYDPL,Tier1
IKL,AMRLTYNKPCLYGT,Tier1
SGAF,PKLPPVKK,Tier1
RWW,FRSGILKLASKIPSVLCAVLKNC,Tier1
HPLH,AYY,Tier1
PHN,PVDENDEG,Tier1
GFWDSVKEGLKNAAVTILNKIKCKISECPPA,IRGCRL,Tier1
DAQEKLE,YQLD,Tier1
FLKPLFNAALKLLP,VKCFR,Tier1
PYPQ,GQVPP,Tier1
NQE,RHPHP,Tier1
YDY,LPM,Tier1
SIITMTKEAKLPQLWKQIACRLYNTC,GEC,Tier1
PWG,IYPF,Tier1
YIY,DHTKE,Tier1
RHPHP,ETTL,Tier1
HLPH,LLPHH,Tier1
LKQELEDLLEKQE,GPLGLLGFLGPLGLS,Tier1
QYY,ADF,Tier1
PHA,PHL,Tier1
LTC,PKLPPVKK,Tier1
IEAEGE,AHH,Tier1
SIITMTKEAKLPQLWKQIACRLYNTC,AEEEYPDL,Tier1
RNR,HGGEGGRPYHLGEES,Tier1
RHL,SHH,Tier1
HFH,YYY,Tier1
LVGDEQAVPAVCVP,YQY,Tier1
PWF,YYR,Tier1
FYY,ETTL,Tier1
YYS,AVPYPQR,Tier1
PSHDAHPE,WYSLA,Tier1
PHHADS,QYDQGV,Tier1
WYS,ECA,Tier1
YYI,VQYPVEHPNKFLKFGMTPSKGVLFY,Tier1
VHHANEN,VFPW,Tier1
FLHRP,YQK,Tier1
PHL,YHH,Tier1
FLQEFLHV,GPLGLLGFLGPLGLS,Tier1
IQY,PSLVGRPPVGKLTL,Tier1
PWA,YNI,Tier1
IPAGV,IVEYF,Tier1
EWPAQ,TRTGDPFF,Tier1
YYG,TVYQ,Tier1
IEAEGE,NGLEGLK,Tier1
GAWA,LQGM,Tier1
YYT,GIISHR,Tier1
YPPAK,YLL,Tier1
HGGEGGRPYHLGEES,ELLI,Tier1
VECYGPNRPQF,YPELF,Tier1
LWA,MYY,Tier1
LWQ,RCMAFLLSDGAAAAQQLLPQYW,Tier1
PKAV,YLGAK,Tier1
RHQ,RPPGFSPFR,Tier1
CAAP,YQEP,Tier1
PWF,LEEAF,Tier1
LQSGDALRVPSGTTYY,WDR,Tier1
YYM,EFIQ,Tier1
FIPGLRRLFATVVPTVVCAINKLPPG,PYFNK,Tier1
QWPAQ,YQIGL,Tier1
LQPGQGQQG,RLKKY,Tier1
AIEWEGIESGSVEQA,LFC,Tier1
WDR,AWIRGCRL,Tier1
MILMR,LSGNK,Tier1
PHHADS,WPL,Tier1
IPIQYVL,RWR,Tier1
YYV,SGAF,Tier1
PHL,RHS,Tier1
LWY,TYY,Tier1
HPH,YLKT,Tier1
EELDNALN,LHF,Tier1
NYKQM,WEN,Tier1
QYDQGV,SFGAKNAVKNGLQKLRNQCQANNYQGPFCDIFKKNP,Tier1
YYE,GQFNDKRWIPFG,Tier1
PHM,CHI,Tier1
WPP,ECA,Tier1
RHG,YGLN,Tier1
DHTKE,PVDENDEG,Tier1
LLHH,THH,Tier1
RHE,YTY,Tier1
EFQL,CLV,Tier1
YQEP,AKAWGIPPHVIPQIVPVRIRPLCGNV,Tier1
RWA,CHI,Tier1
LWI,VLSRYPS,Tier1
IQY,CSQAPLA,Tier1
NHAV,EFQL,Tier1
LWM,VIPMGL,Tier1
VVKL,YYF,Tier1
RWQ,HHF,Tier1
HYVPV,LFC,Tier1
LQSGDALRVPSGTTYY,NFHPQ,Tier1
LVNPHDHQN,AYPS,Tier1
FYPEL,EFIQ,Tier1
AKYIPIQYVLSRYPSY,HHPLL,Tier1
RWN,TYQTF,Tier1
PSIPA,FYQL,Tier1
PYY,TGGGNV,Tier1
PEL,PWR,Tier1
PWL,RHG,Tier1
VNPHDHQN,HHPL,Tier1
TTYY,YVGD,Tier1
YEADARSFHDLAEHDIRV,RADHPFL,Tier1
KHNRGDEF,GPP,Tier1
MPDAHL,WDR,Tier1
HPLH,PHV,Tier1
LKQELEDLLEKQE,ACFL,Tier1
AMRLTYNRPCLGAT,CVHWMTNTARTACIAP,Tier1
PHM,GTQY,Tier1
YFYPEL,IEEAF,Tier1
LHM,FKK,Tier1
RHW,AMRLTYNRPCLGAT,Tier1
HMPVTK,MHI,Tier1
YYS,FIGP,Tier1
VKAGFAWTANQQLS,RHV,Tier1
FYY,VPW,Tier1
LKQELEDLLEKQE,YLKT,Tier1
FLQEFLHV,LLPF,Tier1
YLAGMN,MPACGSS,Tier1
FHH,SHH,Tier1
EAK,KKY,Tier1
QVVPYPQ,LSGYGP,Tier1
PWE,RNDDLNYIQ,Tier1
NYY,GTW,Tier1
YYH,VPW,Tier1
PKAV,LLPF,Tier1
HFGDPFH,LGFEYY,Tier1
LHH,LPHSGY,Tier1
GFPSG,YLMSR,Tier1
PWW,VLVPK,Tier1
PHR,YYV,Tier1
QYDQGV,YQL,Tier1
LYPY,DPALATEPDPMPF,Tier1
KTFCGRH,ELLI,Tier1
LHQ,TETWNPNHPEL,Tier1
VKL,VAMVPPFET,Tier1
LHI,YQIGL,Tier1
FDSGPAGVL,LWA,Tier1
NPYVPR,ECA,Tier1
DHTKE,AYFYPEL,Tier1
PHN,LLR,Tier1
PHHADS,PHK,Tier1
YLYP,CAAP,Tier1
PHL,DYK,Tier1
HGPLGPL,LWT,Tier1
PWY,ACQ,Tier1
VKEAMAPK,WIRGCRL,Tier1
PHF,NYY,Tier1
PWQ,YYI,Tier1
TEFTK,GEC,Tier1
VNPHDHQN,ACFL,Tier1
GHH,QCH,Tier1
GYLEQ,ADGF,Tier1
VECYGPNRPQF,TRTGDPFF,Tier1
RHI,APIRMWYMYRKLTDMEPKPVA,Tier1
LHT,EWPAQ,Tier1
PHD,YNI,Tier1
LPYY,GWNI,Tier1
RYY,RYL,Tier1
LHPH,PYFNK,Tier1
MHIRL,DVPPYM,Tier1
FYPEL,RHM,Tier1
GPAGPAG,GTQY,Tier1
IPAGM,LYEGY,Tier1
LWG,EFQL,Tier1
ARHPHP,LAC,Tier1
NYY,DLEE,Tier1
RHF,DDPDKGMLKWKNDFFQEF,Tier1
PHL,LNLPTAVYMVT,Tier1
LDK,DVPPYM,Tier1
PYY,AEERYP,Tier1
NYY,GEGSGA,Tier1
HLPH,RWL,Tier1
NHAV,EQC,Tier1
TEFTK,SRYPS,Tier1
YYW,WISELGW,Tier1
YSEMPPGK,RLKKY,Tier1
RHW,VQYPVEHPNKFLKFGMTPSKGVLFY,Tier1
YHH,YEADARSFHDLAEHDIRV,Tier1
GHH,EFQI,Tier1
EFLQ,KTFCGRH,Tier1
FHNMEK,PVDENDEG,Tier1
RHM,AGTTCLFTPLALPYDYSH,Tier1
IYPF,RYL,Tier1
YQEP,YQLD,Tier1
LWF,TCSP,Tier1
SVYT,AMRLTYNRPCLGAT,Tier1
YIY,DEDTQAMP,Tier1
PPK,RHD,Tier1
DYK,VAGTWY,Tier1
NADFGLNGLEGLA,YYA,Tier1
FLNDFLHV,LPF,Tier1
FYPEL,EEEQVGQGYETIRARL,Tier1
PHE,IAPNYNTRATKL,Tier1
AYPS,KGLWE,Tier1
LGLNGDDVN,IANNEADAISLDGGQVFEAG,Tier1
WSRRGEREEEDERRR,CLV,Tier1
VKV,DVPPYM,Tier1
FRDEHKK,PIAAEVYEHTEGSTTSY,Tier1
ARHPHPHLSFM,LLR,Tier1
YYL,RDMPIQ,Tier1
PHG,CVHWMTNTARTACIAP,Tier1
LQGM,AMRLTYNRPCLGAT,Tier1
PHE,PHW,Tier1
VHDY,FRADHPFL,Tier1
IEAEGE,VYY,Tier1
GLLDSVKEGLKKVAGQLLDTLKCKISGCTPA,IVEYF,Tier1
ESTVPERTHPACPDFN,WYY,Tier1
PLFQNKLAHAK,DPALATEPDPMPF,Tier1
LHQ,HEKVC,Tier1
PWN,GTQY,Tier1
LWE,YQY,Tier1
LWK,VAMVPPFET,Tier1
RWW,RWY,Tier1
LEEAF,TIIPLPV,Tier1
FRDEHKK,VQYPVEHPNKFLKFGMTPSKGVLFY,Tier1
SWN,VGDI,Tier1
AGWNIP,DYK,Tier1
IKL,EAK,Tier1
FRDEHKK,GGIF,Tier1
PHE,PHYL,Tier1
YYK,HVCYMF,Tier1
SGQYFL,YQKFPQY,Tier1
GVPLT,TERGY,Tier1
RHL,EFQI,Tier1
RHE,QCH,Tier1
YYG,SNAAC,Tier1
YNI,IRW,Tier1
CVHWMTNTARTACIAP,YLKT,Tier1
HHPL,GYLEQ,Tier1
YPEL,KDVPP,Tier1
RHQ,RHS,Tier1
RHL,VPNSYP,Tier1
HVRETALV,YAKPA,Tier1
YYW,AADNANELFPPN,Tier1
PKAV,LNGDVW,Tier1
IPIQYVL,THH,Tier1
PWF,RYLG,Tier1
KVI,CQC,Tier1
WYSLAMAASDI,EQC,Tier1
LKQELEDLLEKQE,NPYVPR,Tier1
NHAV,WHNVSGSP,Tier1
HPLH,SIITMTKEAKLPQLWKQIACRLYNTC,Tier1
HVRETALV,PSIPA,Tier1
PWI,NHK,Tier1
TYY,LNGDVW,Tier1
PSDHDHE,LQL,Tier1
LVGDEQAVPAVCVP,YVEEL,Tier1
RWH,SYY,Tier1
PHD,QYDQGV,Tier1
RASDPLLSV,IVEYF,Tier1
LEELEEELEGCE,PWG,Tier1
WISELG,VKCFR,Tier1
DPALATEPDPMPF,SALAM,Tier1
YVY,MHI,Tier1
WYY,EQC,Tier1
HNPI,AWDPE,Tier1
FYPEL,AMTGLDA,Tier1
YHY,IEEAF,Tier1
RWQ,SGAF,Tier1
RWE,PVMGA,Tier1
RYPS,LTTLDSE,Tier1
YAY,CME,Tier1
VYY,YMY,Tier1
YPEL,YLKT,Tier1
YFY,AMTGLDA,Tier1
SYY,VECYGPNRPQF,Tier1
LGLNGDDVN,YYE,Tier1
RWT,FYY,Tier1
EFQL,WNIP,Tier1
LHR,RWN,Tier1
PWV,IAPNYNTRATKL,Tier1
YYT,YQLD,Tier1
LELHKLRSSHWFSRR,LPM,Tier1
PYPQ,SNAAC,Tier1
YHH,YWVTSGPK,Tier1
LKQELEDLLEKQE,RHE,Tier1
FYY,YQY,Tier1
FDSGPAGVL,PVMGA,Tier1
HPHL,EFIQ,Tier1
NGLEGLK,HNPI,Tier1
PHE,SYY,Tier1
PHN,YSTA,Tier1
VDYP,LHK,Tier1
PHH,FYQL,Tier1
FIKK,FRADHPFL,Tier1
LNGDVW,LLPF,Tier1
PSKYEPFV,MPDAHL,Tier1
GALAAH,AWDPE,Tier1
LVGDEQAVPAVCVP,GVPLT,Tier1
AAVGGYRVAVL,FLQEFLHV,Tier1
IPAGV,YVL,Tier1
LLPH,HHPLL,Tier1
RHD,APIRMWYMYRKLTDMEPKPVA,Tier1
ADHP,QVVPYPQ,Tier1
LLPHHH,PHM,Tier1
YFY,FEQL,Tier1
VPSIDDQEELM,VGGRP,Tier1
YQL,AEERYP,Tier1
LYPY,AGGF,Tier1
LHD,TYY,Tier1
PEL,LMGQW,Tier1
EFQL,YQKFPQY,Tier1
HHLP,YCY,Tier1
LWF,SRYPS,Tier1
QWPAQ,FFGFN,Tier1
WVYY,ADF,Tier1
LWW,DHTKE,Tier1
IQY,NPYVPR,Tier1
RWA,WYY,Tier1
PHM,DVFRELRVQ,Tier1
NHRYDR,GFWDSVKEGLKNAAVTILNKIKCKISECPPA,Tier1
LQPGQGQQ,MYY,Tier1
LWV,VPYPQ,Tier1
PHR,FIPGLRRLFATVVPTVVCAINKLPPG,Tier1
HPH,LANAK,Tier1
YQIGL,NPYVPR,Tier1
NYY,WYT,Tier1
VKV,PHM,Tier1
AHK,YWVTSGPK,Tier1
HPHL,ISELGF,Tier1
AKYIPIQYVLSRYPSY,PSLPA,Tier1
LKQELEDLLEKQE,WVYY,Tier1
ACQ,YLGY,Tier1
LNLPTAVYMVT,TETWNPNHPEL,Tier1
SDF,AGWNIPIGT,Tier1
YLMSR,KDVPP,Tier1
LPYY,VAMVPPFET,Tier1
WHH,EFQI,Tier1
YYR,AGWNI,Tier1
SHDAHPE,TRTGDPFF,Tier1
IPIQYVL,APIRMWYMYRKLTDMEPKPVA,Tier1
WYSLAMAASDI,LWE,Tier1
FDSGPAGVL,HHPLL,Tier1
YGYTGA,IRW,Tier1
LGLNGDDVN,LHK,Tier1
YYH,GFYPPP,Tier1
PWQ,YQL,Tier1
LTTLDSE,WPP,Tier1
TETWNPNHPEL,LFC,Tier1
LHM,PSLVGRPPVGKLTL,Tier1
YYD,VLVPK,Tier1
HLPLPL,KVLPVPQK,Tier1
LWM,VLEANPRSF,Tier1
YYG,YGGFL,Tier1
GIFE,GTW,Tier1
LWK,FRSGILKLASKIPSVLCAVLKNC,Tier1
RYQ,PYSFK,Tier1
PHCKRM,FLPF,Tier1
LHH,SGQYFL,Tier1
VKEAMAPK,AGWNIPIGT,Tier1
NGPLQAGQPGER,GQVPP,Tier1
VPSIDDQEELM,CAAP,Tier1
WYSLAMA,VKRRGQDCIHGFCSD,Tier1
GPAGPAG,HNPI,Tier1
LANAK,LFC,Tier1
RHH,WYSLAM,Tier1
RWH,YPELF,Tier1
EELDNALN,GVQEGAGHYALL,Tier1
VPSGK,YPELF,Tier1
RHA,FYQL,Tier1
VHH,RHD,Tier1
LWH,LTC,Tier1
EEYFPVGGDRPESF,HMPVTK,Tier1
PWY,HFH,Tier1
KYY,YWVTSGPK,Tier1
YFYPEL,MHIRL,Tier1
GTQY,EERYP,Tier1
VDYP,YIY,Tier1
YAY,LPF,Tier1
HFGDPFH,HNPI,Tier1
PYFNK,RYL,Tier1
YLGAK,DGVVYY,Tier1
LPM,IYIEQGNGITGM,Tier1
LHT,ADHP,Tier1
YPFPG,LDK,Tier1
YVEEL,LGY,Tier1
EYY,IRGCRL,Tier1
DDPDKGMLKWKNDFFQEF,YSEMPPGK,Tier1
YGGFM,YLKT,Tier1
GGE,QCL,Tier1
VPSIDDQEELM,ISELWG,Tier1
WYSLA,TYQTF,Tier1
IRW,DVFRELRVQ,Tier1
QVVPYPQ,TEFTK,Tier1
HHLP,LAC,Tier1
TCSP,VGDI,Tier1
HHP,LHR,Tier1
EFLQ,LGFEY,Tier1
NGPLQAGQPGER,MQFHT,Tier1
FRADHPFL,LGY,Tier1
YYD,YEDCTDCGN,Tier1
PHH,RPNYTDA,Tier1
NGLEGLK,QLGNLGV,Tier1
KVI,PWL,Tier1
LDK,GWNIP,Tier1
YRY,HDHPVC,Tier1
YGY,RYPS,Tier1
GYLEQ,TVYQ,Tier1
YFYPEL,YQY,Tier1
WYSL,AGTTCLFTPLALPYDYSH,Tier1
YLKT,LFC,Tier1
LWD,GQFNDKRWIPFG,Tier1
RHH,CVHWMTNTARTACIAP,Tier1
LWD,ADHP,Tier1
MHIRL,VAWRNRCKGTD,Tier1
PWW,YLKT,Tier1
PWG,LARL,Tier1
CYGPNR,PHW,Tier1
EEYFPVGGDRPESF,PYPQ,Tier1
SHDAHPE,PNRPQF,Tier1
DSGVT,SGAF,Tier1
YAEERYPIL,LSGYGP,Tier1
QCL,AGGF,Tier1
YYE,AWIRGCRL,Tier1
AGTTCLFTPLALPYDYSH,CLV,Tier1
YEDCTDCGN,YWVTSGPK,Tier1
RDMPIQ,VGGRP,Tier1
PHS,EFQL,Tier1
LHL,WYS,Tier1
YRY,IQY,Tier1
EAK,THH,Tier1
SYY,VLPVPQK,Tier1
PHHADS,PLFQNKLAHAK,Tier1
LQPGQGQQG,KLSDW,Tier1
PYY,WEIKPSSLTGKSPYFSNNHGKL,Tier1
YIY,PSLPA,Tier1
RHE,YQEPVLGPVRGPFPIIV,Tier1
YYA,SVYT,Tier1
YFYPEL,VGDI,Tier1
LHY,NHRYDR,Tier1
GPLGLLGFLGPLGLS,CLV,Tier1
GLLDSVKEGLKKVAGQLLDTLKCKISGCTPA,ECA,Tier1
WEGPK,WVYY,Tier1
HHF,DHTKE,Tier1
LHQ,SDF,Tier1
GGIF,YLG,Tier1
RHD,WYS,Tier1
PWH,YPPAK,Tier1
PWY,LVSK,Tier1
YFE,AMRLTYNRPCIYAT,Tier1
LVNPHDHQN,VECYG,Tier1
PHG,RHN,Tier1
WYSLAMAASDI,TYY,Tier1
PHK,YLY,Tier1
HLPLPL,WSRRGEREEEDERRR,Tier1
QVVPYPQ,LQGM,Tier1
NHK,RHPHP,Tier1
LHS,RWY,Tier1
HHPLL,FGHPY,Tier1
YPIL,PVDENDEG,Tier1
PPK,QCL,Tier1
LHS,LARL,Tier1
RHN,EERYP,Tier1
VPSGK,LSGYGP,Tier1
HLPH,YPPAK,Tier1
AADNANELFPPN,GLLDSVKEGLKKVAGQLLDTLKCKISGCTPA,Tier1
PPK,VPNSYP,Tier1
LWM,MPACGSS,Tier1
RWR,YYK,Tier1
PHG,WYGPD,Tier1
FYQL,TYQTF,Tier1
IAPNYNTRATKL,IQW,Tier1
FIGP,YQL,Tier1
DAQEKLE,VAGTWY,Tier1
LFC,TEVWDSNEQ,Tier1
HWH,WYSLAMA,Tier1
HHPL,AMRLTYNKPCLYGT,Tier1
PWA,YSTA,Tier1
VLEANPRSF,VLSRYPS,Tier1
YNI,YQK,Tier1
KAI,RHA,Tier1
PWH,RHG,Tier1
LPHSGY,GTW,Tier1
PWQ,YTY,Tier1
LANAK,LSGNK,Tier1
YHH,YVL,Tier1
LLPH,YYQ,Tier1
YYF,YSEMPPGK,Tier1
LLHH,FHNMEK,Tier1
NHAV,RADHPFL,Tier1
AKYIPIQYVLSRYPSY,YYA,Tier1
YLYP,LWF,Tier1
DSGVT,KFPE,Tier1
WYSLAM,AWDPE,Tier1
LWW,GGE,Tier1
LWW,RYL,Tier1
SYY,KYL,Tier1
LQSGDALRVPSGTTYY,AKAWGIPPHVIPQIVPVRIRPLCGNV,Tier1
LLPHH,QGAR,Tier1
VDHDHPE,GAH,Tier1
LHE,FDEQE,Tier1
FVPH,CLV,Tier1
LHS,PHD,Tier1
KLSDW,VPKVK,Tier1
PHE,LPL,Tier1
WYSL,IVEYF,Tier1
PWF,EFLQ,Tier1
GFWDSVKEGLKNAAVTILNKIKCKISECPPA,YQL,Tier1
SDRDLLGPNNQYLPK,WEN,Tier1
RYY,FFAPGRNPTSFS,Tier1
NGPLQAGQPGER,PSYV,Tier1
LYY,LARL,Tier1
HHPLL,KVLPVPQK,Tier1
LHF,GHH,Tier1
HLPH,EERYP,Tier1
LHV,LWG,Tier1
LHV,ACQ,Tier1
VKV,PSIPA,Tier1
RHD,YYY,Tier1
LWN,LPL,Tier1
VLYEE,AWDPE,Tier1
VHHANEN,EFQL,Tier1
PSIPA,TDY,Tier1
HLPLPL,SAEHGSLH,Tier1
TTYY,SFGAKNAVKNGLQKLRNQCQANNYQGPFCDIFKKNP,Tier1
VHH,KKY,Tier1
NADFGLNGLEGLA,GPGGFI,Tier1
YGGFL,WHNVSGSP,Tier1
LHQ,EEEQVGQGYETIRARL,Tier1
YWVTSGPK,RPNYTDA,Tier1
LELHKLRSSHWFSRR,HHLP,Tier1
LHW,GHH,Tier1
LARL,ARHPHPHLSFM,Tier1
GPP,AIRQGDVF,Tier1
LPL,VLSRYPS,Tier1
PHE,PWV,Tier1
YAKP,GFYPPP,Tier1
PSKYEPFV,ACFL,Tier1
DPALATEPDPMPF,FDEQE,Tier1
PAGY,YAY,Tier1
YRY,TEFTK,Tier1
VQYPVEHPNKFLKFGMTPSKGVLFY,GAWA,Tier1
KLSDW,VAGTWY,Tier1
TEFTK,WPP,Tier1
VNPHDHQN,RYL,Tier1
FYY,YMY,Tier1
LWA,AYFYPEL,Tier1
YYV,YVL,Tier1
VAVDKHDYEPLGHSDIGVY,YQEPVLGPVRGPFPIIV,Tier1
PHH,HDH,Tier1
LVNPHDHQN,LLPH,Tier1
LQPGQGQQ,LNLPTAVYMVT,Tier1
RNR,YLY,Tier1
LGFEYY,TDY,Tier1
YWY,MQFHT,Tier1
PMDYMVT,YLL,Tier1
NGPLQAGQPGER,QHGV,Tier1
LLPHHH,YQY,Tier1
YAEERYPIL,LPHH,Tier1
PAGY,LPF,Tier1
AMRLTYNRPCLGAT,RYLGY,Tier1
LVDTGRGPIMY,HEKVC,Tier1
LHG,SIITMTKEAKLPQLWKQIACRLYNTC,Tier1
RHN,VSYT,Tier1
YYA,TIIPLPV,Tier1
PEL,VAVDKHDYEPLGHSDIGVY,Tier1
LEELEEELEGCE,KVLPVPQK,Tier1
EEYFPVGGDRPESF,FLKPLFNAALKLLP,Tier1
HNPI,GGLEPINFN,Tier1
LVMFLDNQHRVIRH,IVEYF,Tier1
NHAV,LAC,Tier1
WYSL,TEVWDSNEQ,Tier1
PVDENDEG,VKRRGQDCIHGFCSD,Tier1
GPP,PYSFK,Tier1
YYS,AEERYP,Tier1
HLPH,ARHPHP,Tier1
VPSGK,YMY,Tier1
VDHDHPE,ESTVPERTHPACPDFN,Tier1
WDDMEK,RHPHP,Tier1
LVNPHDHQN,PLHH,Tier1
VLYEE,YQL,Tier1
YAY,YLKT,Tier1
PSLPA,KYL,Tier1
EFQL,KDVPP,Tier1
GHH,SHH,Tier1
YAEERYPIL,PYFNK,Tier1
LHT,SGQYFL,Tier1
YLYP,LWG,Tier1
LWA,VKP,Tier1
WNIP,KYL,Tier1
YAEERYPIL,LVGDEQAVPAVCVP,Tier1
NHRYDR,VPKVK,Tier1
SHDAHPE,RHV,Tier1
LHF,DPALATEPDPMPF,Tier1
WSRRGEREEEDERRR,IAPNYNTRATKL,Tier1
HLH,FIKK,Tier1
WNIP,HMPVTK,Tier1
YYI,AVPYPQR,Tier1
LPAGV,PVDENDEG,Tier1
RHI,YYV,Tier1
LWE,CLV,Tier1
PAGY,RLKKY,Tier1
RYY,YWY,Tier1
YYN,FGHPY,Tier1
VHH,LKQELEDLLEKQE,Tier1
LEEAF,ADGF,Tier1
RWR,TEVWDSNEQ,Tier1
FPLEMMPF,AMRLTYNRPCIYAT,Tier1
YRY,QHGV,Tier1
LWH,YGGFL,Tier1
RDMPIQ,VAGTWY,Tier1
YYW,MEMK,Tier1
LHV,FDEQE,Tier1
YYH,CLV,Tier1
LPAGV,VIPMGL,Tier1
PWY,GVPLT,Tier1
AGTTCLFTPLALPYDYSH,NFHPQ,Tier1
PWT,HHW,Tier1
VCSV,WEN,Tier1
IYPF,YYIVS,Tier1
YYN,HVCYMF,Tier1
PWW,YPELF,Tier1
LHE,WHNVSGSP,Tier1
HHPLL,VHDY,Tier1
YQY,GSGGL,Tier1
MHH,CHI,Tier1
PHD,TVYQ,Tier1
AIRQGDVF,AYFYPEL,Tier1
DAQEKLE,SVMPVVA,Tier1
LQSGDALRVPSGTTYY,VPYPQ,Tier1
SALAM,FRADHPFL,Tier1
LHR,QKW,Tier1
YYV,RDMPIQ,Tier1
IEEAF,FHNMEK,Tier1
PHE,LGY,Tier1
LWS,LWW,Tier1
PHT,DRVYIHPF,Tier1
VDHDHPE,ESTTVPERTHPACPDFN,Tier1
YVL,AWDPE,Tier1
LFC,FPQY,Tier1
IHH,RADHP,Tier1
GGE,YVL,Tier1
IPAGM,QYDQGV,Tier1
LLPF,GQVPP,Tier1
KAI,HMPVTK,Tier1
LHS,EEEQVGQGYETIRARL,Tier1
YFE,TTYY,Tier1
VIPAGYP,YQL,Tier1
WYY,IVEYF,Tier1
NYY,YSY,Tier1
PHN,TIASGEP,Tier1
PYVRYL,VPW,Tier1
PWS,TEVWDSNEQ,Tier1
VSYT,YQEP,Tier1
PHF,RYL,Tier1
LKQELEDLLEKQE,HVCYMF,Tier1
SHDAHPE,RWA,Tier1
ESTVPERTHPACPDFN,LEQQVDDLEGSLEQEKK,Tier1
VKL,NGLEGLK,Tier1
HLHP,LWG,Tier1
LKQELEDLLEKQE,LHPH,Tier1
YSTA,AIEWEGIESGSVEQA,Tier1
YLYP,CVHWMTNTARTACIAP,Tier1
LLPH,ADGF,Tier1
HFH,LYEGY,Tier1
VQYPVEHPNKFLKFGMTPSKGVLFY,ACQ,Tier1
YYS,STMMEERRMKVY,Tier1
LPHH,PHY,Tier1
LLPHHH,WYY,Tier1
VHH,NADFGLNGLEGLA,Tier1
VPVTST,YLL,Tier1
PWA,HFH,Tier1
LPAGV,GIISHR,Tier1
VKAGFAWTANQQLS,LAC,Tier1
AMRLTGNRPGLYAT,RDMPIQ,Tier1
PHG,HHY,Tier1
YLYP,AYY,Tier1
LEELEEELEGCE,GAH,Tier1
LARL,YYDPL,Tier1
PHD,RNDDLNYIQ,Tier1
YYQ,GTQY,Tier1
YQEPVLGP,GLLDSVKEGLKKVAGQLLDTLKCKISGCTPA,Tier1
WSY,PIAAEVYEHTEGSTTSY,Tier1
HLPH,YLG,Tier1
PHF,PHW,Tier1
PLHH,GIISHR,Tier1
PHT,VAWRNRCKGTD,Tier1
PEL,PWA,Tier1
YKY,FIPGLRRLFATVVPTVVCAINKLPPG,Tier1
HGGEGGRPYHLGEES,VPW,Tier1
LWW,YLKT,Tier1
PSYV,FPLEMMPF,Tier1
RHA,WHH,Tier1
LARL,GFFDRIKALTKNVTLELLNTITCKLPVTPP,Tier1
LWQ,ISELGF,Tier1
QYY,LGY,Tier1
WNIP,NFHPQ,Tier1
FHH,WSY,Tier1
VKRRGQDCIHGFCSD,AYFYPE,Tier1
FRDEHKK,GFFDRIKALTKNVTLELLNTITCKLPVTPP,Tier1
WISELGW,FHNMEK,Tier1
KAI,GSGGL,Tier1
PWL,YYN,Tier1
HPLH,DYK,Tier1
RWN,YYL,Tier1
PWA,EWPAQ,Tier1
PWQ,LPF,Tier1
YEDCTDCGN,FDEQE,Tier1
LHS,RWG,Tier1
WYSLAM,PGVPWP,Tier1
YNY,YSEMPPGK,Tier1
PSDHDHE,TEVWDSNEQ,Tier1
CLV,RYLG,Tier1
RHN,FEQL,Tier1
HDH,PSLPA,Tier1
HEH,YQEPVLGPVRGPFPIIV,Tier1
NRVYIHPFHLLVYS,SFGAKNAVKNGLQKLRNQCQANNYQGPFCDIFKKNP,Tier1
VQYPVEHPNKFLKFGMTPSKGVLFY,HVRETALV,Tier1
SYY,GWNI,Tier1
ISELWG,MPACGSS,Tier1
LWI,LSGYGP,Tier1
HPH,LWN,Tier1
YAY,LALPA,Tier1
HGPLGPL,VYY,Tier1
NRVYIHPFHLLVYS,LGFEYY,Tier1
SHDAHPE,RYLG,Tier1
VDHDHPE,YLGAK,Tier1
FEQL,ACQ,Tier1
YPELF,ALEPDHR,Tier1
LLPHH,QWPAQ,Tier1
WSY,QHGV,Tier1
VECYG,VLVPK,Tier1
RHQ,DRVYIHPF,Tier1
TVYQ,GIISHR,Tier1
YPELF,AYFYPE,Tier1
LVGDEQAVPAVCVP,RHW,Tier1
FKK,CHI,Tier1
LHM,PWT,Tier1
YYW,AIRQGDVF,Tier1
RHS,RHPHP,Tier1
LWQ,GLLDSVKEGLKKVAGQLLDTLKCKISGCTPA,Tier1
RWL,WPL,Tier1
PSHDAHPE,PYVRYL,Tier1
PWI,YYH,Tier1
WHH,EFIQ,Tier1
YEADARSFHDLAEHDIRV,PYSFK,Tier1
HPHL,FLPF,Tier1
LQSGDALRVPSGTTYY,RWG,Tier1
IEEAF,FLHRP,Tier1
CLV,ETTL,Tier1
RHPHP,LGNTDYAVH,Tier1
YYI,WDDMEK,Tier1
SDF,PGVPWP,Tier1
YVGD,RCMAFLLSDGAAAAQQLLPQYW,Tier1
WYT,LDK,Tier1
HPLH,QCL,Tier1
PWI,YCY,Tier1
ACFL,NHK,Tier1
YLYP,LLPHH,Tier1
LPTSEAAKY,YPELF,Tier1
YYH,VLEANPRSF,Tier1
VPSGK,WDDMEK,Tier1
AYY,SGQYFL,Tier1
PWN,LGFEY,Tier1
IKK,YVL,Tier1
VPNSYP,FVNQPYLLYSVHMK,Tier1
LHT,LHV,Tier1
RHH,YQIGL,Tier1
WEIKPSSLTGKSPYFSNNHGKL,GTW,Tier1
RHH,YDY,Tier1
AQIPQQ,YYD,Tier1
FVAGK,MTEEY,Tier1
IPIQYVL,YQEP,Tier1
TYY,VPW,Tier1
DSGVT,PYSFK,Tier1
PWI,CSQAPLA,Tier1
RHQ,YYS,Tier1
PHY,QKW,Tier1
GTQY,VVGGDGDV,Tier1
RHW,YIY,Tier1
PPQ,LWG,Tier1
YAKP,GGIF,Tier1
THH,WPP,Tier1
LHPH,RHW,Tier1
VKEAMAPK,VIPMGL,Tier1
EEYFPVGGDRPESF,LSGNK,Tier1
PWQ,VCSV,Tier1
VHHANEN,RWY,Tier1
PHQ,YAKP,Tier1
LQSGDALRVPSGTTYY,LPTSEAAKY,Tier1
PSHDAHPE,TERGY,Tier1
PHW,LSGNK,Tier1
YYT,SRYPS,Tier1
HLPH,ISELGY,Tier1
RHH,LGNTDYAVH,Tier1
VPYPQ,FPQY,Tier1
FRDEHKK,YSTA,Tier1
RHD,YFE,Tier1
HDHPVC,VKEAMAPK,Tier1
FYPEL,LHD,Tier1
YFYPEL,SALAM,Tier1
IEAEGE,HLHP,Tier1
LWM,LTTLDSE,Tier1
LPAGV,PSLVGRPPVGKLTL,Tier1
PHI,RPPGFSPFR,Tier1
RWA,YYD,Tier1
EAK,NADFGLNGLEGLA,Tier1
HYY,IANNEADAISLDGGQVFEAG,Tier1
PKAV,NHK,Tier1
PHK,PHR,Tier1
YNY,VSYT,Tier1
HLPLPL,PWW,Tier1
WYY,YYDPL,Tier1
VHHANEN,WHH,Tier1
PWE,GPP,Tier1
GHH,GPGGFI,Tier1
MWL,MEMK,Tier1
EYY,EQC,Tier1
LWM,ISELWG,Tier1
PWD,KKY,Tier1
LQPGQGQQG,WEN,Tier1
LWH,YLG,Tier1
TIIPLPV,CVHWMTNTARTACIAP,Tier1
PHA,VYY,Tier1
AGWNI,LGFEYY,Tier1
LNLPTAVYMVT,YQK,Tier1
AYPS,CME,Tier1
VKV,IPAGV,Tier1
YEY,SYY,Tier1
VHH,YCY,Tier1
VKEAMPK,HQIYPV,Tier1
LPTSEAAKY,YYS,Tier1
FYPEL,LEQQVDDLEGSLEQEKK,Tier1
LHN,ISELGF,Tier1
GAH,VLEANPRSF,Tier1
LVMFLDNQHRVIRH,KLSDW,Tier1
LVNPHDHQN,AQIPQQ,Tier1
EEYFPVGGDRPESF,HDHPVC,Tier1
LHQ,HVCYMF,Tier1
LHI,LGNTDYAVH,Tier1
AAVGGYRVAVL,SIITMTKEAKLPQLWKQIACRLYNTC,Tier1
PWF,KLSDW,Tier1
PHK,AGGF,Tier1
LHK,LVDTGRGPIMY,Tier1
LWS,SDF,Tier1
LQSGDALRVPSGTTYY,LQL,Tier1
YFYPEL,AYFYPE,Tier1
FRSGILKLASKIPSVLCAVLKNC,VPKVK,Tier1
CVHWMTNTARTACIAP,KKY,Tier1
LHN,HHF,Tier1
RHK,HDHPVC,Tier1
RHG,QVVPYPQ,Tier1
RHK,YYQ,Tier1
PHQ,SDRDLLGPNNQYLPK,Tier1
NGLEGLK,LNGDVW,Tier1
RPNYTDA,IRGCRL,Tier1
HFH,WDDMEK,Tier1
EFLQ,VLYEE,Tier1
YYF,CAAP,Tier1
CYGPNR,WEGPK,Tier1
EFQI,DHTKE,Tier1
RWE,AMRLTGNRPGLYAT,Tier1
NHH,VECYGPNRPQF,Tier1
SALAM,GQVPP,Tier1
HGPLGPL,LWA,Tier1
LLPHHH,LWN,Tier1
RHF,HVCYMF,Tier1
IEEAF,LNGDVW,Tier1
ISELWG,NFHPQ,Tier1
RWT,FVNQPYLLYSVHMK,Tier1
YLMSR,MTEEY,Tier1
RWI,YEDCTDCGN,Tier1
NQE,VYY,Tier1
HHPL,VLYEE,Tier1
FIGP,ELLI,Tier1
FYPEL,AWDPE,Tier1
YPEL,NYY,Tier1
YCY,SDF,Tier1
LSGYGP,LPF,Tier1
LWR,AYPS,Tier1
NPYVPR,MTEEY,Tier1
HPLH,LALPA,Tier1
PHM,RWL,Tier1
LYY,AYFYPEL,Tier1
SWN,YPI,Tier1
LVDTGRGPIMY,YQIGL,Tier1
RWT,GQVPP,Tier1
NGPLQAGQPGER,NYKQM,Tier1
VKEAMAPK,QCL,Tier1
SIITMTKEAKLPQLWKQIACRLYNTC,VKCFR,Tier1
FEQL,VLYEE,Tier1
AGTTCLFTPLALPYDYSH,IVEYF,Tier1
LHH,YLGY,Tier1
TERGY,GQFNDKRWIPFG,Tier1
YIY,IRGCRL,Tier1
YFYPEL,IPAGV,Tier1
HDHPVC,ARHPHP,Tier1
YSY,VKP,Tier1
LHV,LNGDVW,Tier1
LLPHHH,LEQQVDDLEGSLEQEKK,Tier1
AHK,WIRGCRL,Tier1
FIKK,LPM,Tier1
GIISHR,MHI,Tier1
HLPLPL,LVMFLDNQHRVIRH,Tier1
LWE,QHGV,Tier1
RNR,RWT,Tier1
SHH,WYSLA,Tier1
GGIF,KDVPP,Tier1
LEELEEELEGCE,WSVPQPK,Tier1
VKL,STMMEERRMKVY,Tier1
HHW,GPP,Tier1
WISELG,YWVTSGPK,Tier1
LLPH,PHL,Tier1
LSGYGP,CSQAPLA,Tier1
EERYP,AGGF,Tier1
VKL,YYI,Tier1
KVLPVPQK,AGTTCLFTPLALPYDYSH,Tier1
LHY,AIRQGDVF,Tier1
LWQ,YMY,Tier1
DYK,RYL,Tier1
YPELF,CSQAPLA,Tier1
PHF,VLVPK,Tier1
LHW,GTQY,Tier1
SWN,FALPQYLK,Tier1
NGLEGLK,LYY,Tier1
RYY,GGLEPINFN,Tier1
YQL,QYP,Tier1
VKEAMAPK,PVDENDEG,Tier1
PWI,LTTLDSE,Tier1
FRADHPFL,LAC,Tier1
VPVTST,YQEPVLGPVRGPFPIIV,Tier1
WPL,VPVTST,Tier1
LHW,GLTSK,Tier1
YYF,VQYPVEHPNKFLKFGMTPSKGVLFY,Tier1
ARHPHP,QCH,Tier1
YYG,TIIPLPV,Tier1
VKAGFAWTANQQLS,NEN,Tier1
LVNPHDHQN,VVKL,Tier1
GYY,SRYPS,Tier1
DHTKE,AWDPE,Tier1
YGYTGA,VPKVK,Tier1
DLEE,YQK,Tier1
AMTGLDA,YEADARSFHDLAEHDIRV,Tier1
PSLPA,FHNMEK,Tier1
YYS,EFQL,Tier1
LWF,AMTGLDA,Tier1
PPK,NHK,Tier1
AADNANELFPPN,KGLWE,Tier1
RHV,LGFEYY,Tier1
PHS,LNLPTAVYMVT,Tier1
YGYTGA,EWPAQ,Tier1
YYY,YEADARSFHDLAEHDIRV,Tier1
IKK,NHK,Tier1
AQIPQQ,VLEANPRSF,Tier1
TYY,LPHSGY,Tier1
FLQEFLHV,WYGPD,Tier1
HYY,DVFRELRVQ,Tier1
EERYP,YQKFPQY,Tier1
HVCYMF,CLV,Tier1
PSKYEPFV,FHNMEK,Tier1
KKY,YLG,Tier1
SALAM,GWNI,Tier1
WVYY,NFHPQ,Tier1
TDY,LSGYGP,Tier1
HVCYMF,AMRLTYNKPCLYGT,Tier1
PLHH,SDRDLLGPNNQYLPK,Tier1
WYSL,GYLEQ,Tier1
LALPA,YYIVS,Tier1
AYY,EFQI,Tier1
HLPLPL,YVGD,Tier1
CYGPNR,KYY,Tier1
LHM,VKCFR,Tier1
YAKPA,GTQY,Tier1
LHG,DRVYIHPF,Tier1
HFH,WYT,Tier1
VHHANEN,PKAVHE,Tier1
VGDI,PYSFK,Tier1
AYY,LLPF,Tier1
DRVYIHPF,TEVWDSNEQ,Tier1
PWQ,RHD,Tier1
YHH,GHH,Tier1
VSYT,FVPH,Tier1
EAK,MHIRL,Tier1
FHH,YYW,Tier1
AKAWGIPPHVIPQIVPVRIRPLCGNV,KGLWE,Tier1
AWDPE,RYL,Tier1
QWPAQ,LTC,Tier1
PPK,AHH,Tier1
LLPHHH,YLY,Tier1
PHW,YVL,Tier1
HHW,LPL,Tier1
RHF,YWVTSGPK,Tier1
NYY,WVYY,Tier1
LWS,MWL,Tier1
RHA,LARL,Tier1
ESTVPERTHPACPDFN,VLVPK,Tier1
PWA,IHH,Tier1
PHI,MYY,Tier1
DPALATEPDPMPF,TVYQ,Tier1
HPH,YIPIQY,Tier1
YLAGMN,AIEWEGIESGSVEQA,Tier1
HVCYMF,FPQY,Tier1
DAQEKLE,ADGF,Tier1
YYG,FIKK,Tier1
WVYY,YPI,Tier1
FLHRP,NHK,Tier1
AKYIPIQYVLSRYPSY,PWQ,Tier1
YAEERYPIL,NQE,Tier1
LWK,FIPGLRRLFATVVPTVVCAINKLPPG,Tier1
YTY,SRYPS,Tier1
YLYP,HHF,Tier1
LALPA,IANNEADAISLDGGQVFEAG,Tier1
GAWA,TTYY,Tier1
GSGGL,QCL,Tier1
IQY,SRYPS,Tier1
LWG,RHG,Tier1
LWD,WRNRCKGTD,Tier1
TYY,QCL,Tier1
PWN,RDMPIQ,Tier1
FVAGK,IANNEADAISLDGGQVFEAG,Tier1
LQPGQGQQG,LNGDVW,Tier1
AMRLTGNRPGLYAT,GPLGLLGFLGPLGLS,Tier1
LHT,PWW,Tier1
PWR,RHS,Tier1
GYY,HYVPV,Tier1
PAGY,YQIGL,Tier1
EEEQVGQGYETIRARL,YGGFL,Tier1
YVEEL,PIAAEVYEHTEGSTTSY,Tier1
VKEAMAPK,LFC,Tier1
RPPGFSPFR,RADHP,Tier1
EFIQ,RADHPF,Tier1
VECYGPNRPQF,KLSDW,Tier1
VKAGFAWTANQQLS,HEKVC,Tier1
PHF,FRSGILKLASKIPSVLCAVLKNC,Tier1
YHY,HEKVC,Tier1
LQSGDALRVPSGTTYY,GWNIP,Tier1
MPDAHL,ALEPDHR,Tier1
YIPIQY,SNAAC,Tier1
PHV,FYQL,Tier1
HYH,GFWDSVKEGLKNAAVTILNKIKCKISECPPA,Tier1
CHI,DVPPYM,Tier1
LMCH,GGE,Tier1
VPSIDDQEELM,FIPGLRRLFATVVPTVVCAINKLPPG,Tier1
VDYP,YLGAK,Tier1
RWL,YYQ,Tier1
HNPI,ECA,Tier1
AIEWEGIESGSVEQA,CQC,Tier1
LQPGQGQQ,RWY,Tier1
PWR,RWY,Tier1
PYPQ,PYFNK,Tier1
PSHDAHPE,TCSP,Tier1
LDY,YLG,Tier1
WYSLAMAASDI,NPYVPR,Tier1
SHDAHPE,FHNMEK,Tier1
KHNRGDEF,VECYGPNRPQF,Tier1
LWD,RHY,Tier1
HLPLPL,VECYG,Tier1
YYE,YYS,Tier1
LALPA,YQK,Tier1
IEAEGE,LDY,Tier1
ISELGF,IVEYF,Tier1
LWM,LQGM,Tier1
YLYP,RWW,Tier1
HWH,WRNRCKGTD,Tier1
WYY,NYY,Tier1
HPHL,DWDPK,Tier1
RHE,GQVPP,Tier1
WYS,CSQAPLA,Tier1
PWL,AYFYPE,Tier1
VHHANEN,LWI,Tier1
YLY,TCSP,Tier1
VDHDHPE,RLKKY,Tier1
RWA,IRW,Tier1
IPIQYVL,LKQELEDLLEKQE,Tier1
PHE,QKW,Tier1
PWH,VVGGDGDV,Tier1
AVPYPQR,VLYEE,Tier1
RWW,WHNVSGSP,Tier1
PSKYEPFV,WYT,Tier1
ISELGW,WEN,Tier1
EFIQ,DHG,Tier1
FLPF,HYVPV,Tier1
RHQ,VLYEE,Tier1
PWH,VAWRNRCKGTD,Tier1
LMCH,HNPI,Tier1
PWS,HWH,Tier1
RHF,DEDTQAMP,Tier1
PKAVHE,PYY,Tier1
RNR,AGWNIP,Tier1
ESTVPERTHPACPDFN,WEIKPSSLTGKSPYFSNNHGKL,Tier1
VQYPVEHPNKFLKFGMTPSKGVLFY,CVHWMTNTARTACIAP,Tier1
FRADHPFL,PIAAEVYEHTEGSTTSY,Tier1
RPNYTDA,WYGPD,Tier1
PHV,EFIQ,Tier1
WEGPK,DHG,Tier1
EAK,AKAWGIPPHVIPQIVPVRIRPLCGNV,Tier1
AMRLTYNKPCLYGT,CLV,Tier1
FYPEL,LGFEYY,Tier1
GAWA,SVMPVVA,Tier1
RHA,NRVYIHPFHLLVYS,Tier1
RWI,KTFCGRH,Tier1
YQEP,YSEMPPGK,Tier1
YYK,LVSK,Tier1
YAKPA,AWIRGCRL,Tier1
YSY,RYPS,Tier1
LAPSLPGKPKPD,VAWRNRCKGTD,Tier1
VHDY,LANAK,Tier1
FVAGK,VKP,Tier1
VNPHDHQN,YLG,Tier1
GVPLT,AMRLTYNKPCLYGT,Tier1
LQL,YPELF,Tier1
YWVTSGPK,RHPHP,Tier1
ESTVPERTHPACPDFN,WISELGW,Tier1
HLH,PWE,Tier1
STMMEERRMKVY,YQEPVLGPVRGPFPIIV,Tier1
TETWNPNHPEL,YLGY,Tier1
PWV,WHNVSGSP,Tier1
EFQI,GEGSGA,Tier1
PWY,VFPW,Tier1
LEELEEELEGCE,GGIF,Tier1
PHT,IVEYF,Tier1
PWL,VPVTST,Tier1
LLPH,QYDQGV,Tier1
NRVYIHPFHLLVYS,WYS,Tier1
LWT,GPLGLLGFLGPLGLS,Tier1
VHH,PAGY,Tier1
HHW,FLQEFLHV,Tier1
HPH,RASDPLLSV,Tier1
AIEWEGIESGSVEQA,EERYP,Tier1
DAQEKLE,GPAGPAG,Tier1
YGGFM,VPW,Tier1
DVFRELRVQ,MPACGSS,Tier1
HPH,YEDCTDCGN,Tier1
IPAGV,WYSL,Tier1
YAKP,CSQAPLA,Tier1
LPTSEAAKY,YPI,Tier1
PWG,GTQY,Tier1
GVQEGAGHYALL,DLEE,Tier1
PHA,YHH,Tier1
RWE,LARL,Tier1
PHQ,LFC,Tier1
NYY,TTYY,Tier1
FLNDFLHV,HQIYPV,Tier1
LHPH,VFPW,Tier1
YFYPEL,HHP,Tier1
CHI,RYL,Tier1
LLPHH,YLL,Tier1
VHDY,YLL,Tier1
YPEL,GGIF,Tier1
VHHANEN,SVMPVVA,Tier1
LWS,AYPS,Tier1
VHH,STMMEERRMKVY,Tier1
LHT,RADHPFL,Tier1
PPQ,RHV,Tier1
ARHPHP,RLKKY,Tier1
LKQELEDLLEKQE,LHT,Tier1
PNRPQF,YGYTGA,Tier1
YVY,YYA,Tier1
AIEWEGIESGSVEQA,IRGCRL,Tier1
QVVPYPQ,RCMAFLLSDGAAAAQQLLPQYW,Tier1
VKCFR,PKLPPVKK,Tier1
WYSLA,LVSK,Tier1
PWT,IAPNYNTRATKL,Tier1
LHPH,GLLDSVKEGLKKVAGQLLDTLKCKISGCTPA,Tier1
ESTVPERTHPACPDFN,YFE,Tier1
KHNRGDEF,LHD,Tier1
EELDNALN,MHI,Tier1
AHK,VKAGFAWTANQQLS,Tier1
VKAGFAWTANQQLS,RYPS,Tier1
LHY,DHTKE,Tier1
YQEP,GTW,Tier1
PHHADS,RWH,Tier1
NGLEGLK,PWQ,Tier1
VAVDKHDYEPLGHSDIGVY,QHGV,Tier1
RYQ,GEC,Tier1
RHL,FYY,Tier1
IEAEGE,RWG,Tier1
VPSGK,LPHH,Tier1
RHY,SRYPS,Tier1
YQIGL,RYLGY,Tier1
ACFL,RYQ,Tier1
QWPAQ,VAMVPPFET,Tier1
FYY,IVEYF,Tier1
VSYT,AGWNI,Tier1
NHK,KDVPP,Tier1
YCY,LALPA,Tier1
RNR,LDK,Tier1
PWS,QGAR,Tier1
VQYPVEHPNKFLKFGMTPSKGVLFY,VPKVK,Tier1
VECYG,RHN,Tier1
LHPH,VLPVPQK,Tier1
YGYTGA,AMRLTGNRPGLYAT,Tier1
LWI,VCSV,Tier1
RYY,FLKPLFNAALKLLP,Tier1
PPQ,WEIKPSSLTGKSPYFSNNHGKL,Tier1
LHF,RADHPFL,Tier1
IHH,QYY,Tier1
YWVTSGPK,FPQY,Tier1
FYY,PYFNK,Tier1
PYVRYL,WNIP,Tier1
WYSLA,HMPVTK,Tier1
LWM,LPF,Tier1
LVNPHDHQN,IYPF,Tier1
IEEAF,WDR,Tier1
EWPAQ,DHTKE,Tier1
LHH,LDY,Tier1
HGPLGPL,YQEPVLGP,Tier1
LRGIKNYRVAVL,GGLEPINFN,Tier1
VLEANPRSF,VPKVK,Tier1
GFGPEL,EERYP,Tier1
HHPLL,GPGGFI,Tier1
GVPLT,DWDPK,Tier1
EELDNALN,YQK,Tier1
PNRPQF,DVFRELRVQ,Tier1
QYDQGV,RPNYTDA,Tier1
RHW,YVEEL,Tier1
NGPLQAGQPGER,FKK,Tier1
YPFPG,PYFNK,Tier1
GAWA,MWL,Tier1
PAGY,GEC,Tier1
CME,CSQAPLA,Tier1
HYY,ISELGY,Tier1
RWQ,VQYPVEHPNKFLKFGMTPSKGVLFY,Tier1
PWH,WSY,Tier1
FLKPLFNAALKLLP,VKRRGQDCIHGFCSD,Tier1
LHL,LWE,Tier1
CYGPNR,DEDTQAMP,Tier1
LLPH,ADHP,Tier1
YSY,LLPF,Tier1
FIPGLRRLFATVVPTVVCAINKLPPG,AIEWEGIESGSVEQA,Tier1
VVGGDGDV,AYFYPE,Tier1
VSYT,LTC,Tier1
YAY,GQVPP,Tier1
LLHH,RHN,Tier1
DDPDKGMLKWKNDFFQEF,CHI,Tier1
LWR,TETWNPNHPEL,Tier1
LVGDEQAVPAVCVP,HYY,Tier1
NHH,WHNVSGSP,Tier1
GPGGFI,ELLI,Tier1
VVKL,PPQ,Tier1
PWN,RHA,Tier1
GAWA,IANNEADAISLDGGQVFEAG,Tier1
PWY,LDK,Tier1
AGTTCLFTPLALPYDYSH,VPKVK,Tier1
HDHPVC,GPAGPAG,Tier1
EEEQVGQGYETIRARL,GLTSK,Tier1
RHL,EQC,Tier1
YGLN,AEERYP,Tier1
LHS,IRGCRL,Tier1
PWD,AYFYPE,Tier1
LPTSEAAKY,VLPVPQK,Tier1
YPFPG,SRYPS,Tier1
AEEEYPDL,AYFYPEL,Tier1
AVPYPQR,MILMR,Tier1
IPAGV,YGGFL,Tier1
VIPAGYP,IIENGEKWS,Tier1
RWE,TEVWDSNEQ,Tier1
YYM,WDDMEK,Tier1
LHV,TVYQ,Tier1
YYS,VAWRNRCKGTD,Tier1
RWR,VLSRYPS,Tier1
HLHP,LARL,Tier1
HHPLL,VPYPQ,Tier1
YPPAK,ALEPDHR,Tier1
NADFGLNGLEGLA,FLPF,Tier1
WEGPK,FLHRP,Tier1
PWG,RWT,Tier1
WNIP,YLMSR,Tier1
GWNIP,RPNYTDA,Tier1
FDEQE,DEDTQAMP,Tier1
HYVPV,ETTL,Tier1
YSEMPPGK,WPP,Tier1
MWL,SRYPS,Tier1
VKEAMPK,IAPNYNTRATKL,Tier1
HVCYMF,LTTLDSE,Tier1
VQYPVEHPNKFLKFGMTPSKGVLFY,NHK,Tier1
HHLP,IIENGEKWS,Tier1
YYW,NHRYDR,Tier1
PHT,YQKFPQY,Tier1
YKY,KGLWE,Tier1
SWN,PGVPWP,Tier1
RWW,ISELWG,Tier1
HEKVC,WHNVSGSP,Tier1
LPTSEAAKY,KGLWE,Tier1
YYE,YTY,Tier1
TYY,IYPF,Tier1
EERYP,RYLGY,Tier1
PAGY,LWG,Tier1
PWV,VKEAMPK,Tier1
WSRRGEREEEDERRR,SGQYFL,Tier1
IIENGEKWS,YPELF,Tier1
YYG,RYL,Tier1
VCSV,AGWNI,Tier1
LWS,SIITMTKEAKLPQLWKQIACRLYNTC,Tier1
HLPH,FGHPY,Tier1
PHT,YEDCTDCGN,Tier1
PHN,YGY,Tier1
LMCH,YAKPA,Tier1
PHHADS,IANNEADAISLDGGQVFEAG,Tier1
GFPSG,VAGTWY,Tier1
YYS,DEDTQAMP,Tier1
LQPGQGQQG,WYT,Tier1
LHS,YYY,Tier1
EELDNALN,WYSL,Tier1
PHL,PHM,Tier1
AAVGGYRVAVL,TEFTK,Tier1
YQY,SYY,Tier1
ESTVPERTHPACPDFN,YKY,Tier1
RWH,SVMPVVA,Tier1
HPLH,VGDI,Tier1
GFFDRIKALTKNVTLELLNTITCKLPVTPP,LANAK,Tier1
RHI,YGYTGA,Tier1
LRGIKNYRVAVL,MEMK,Tier1
PHCKRM,IANNEADAISLDGGQVFEAG,Tier1
PSYV,IHH,Tier1
LHW,PHL,Tier1
LLHH,HYY,Tier1
VGDI,LSGNK,Tier1
HDH,LFC,Tier1
FYQL,AEEEYPDL,Tier1
NADFGLNGLEGLA,PYVRYL,Tier1
LPYY,AMRLTYNKPCLYGT,Tier1
LRGIKNYRVAVL,YNL,Tier1
PVMGA,VGGRP,Tier1
HDHPVC,LTTLDSE,Tier1
IYPF,QYDQGV,Tier1
YYY,ARHPHPHLSFM,Tier1
NYKQM,WISELG,Tier1
PYY,EEEQVGQGYETIRARL,Tier1
VDYP,GIFE,Tier1
RHN,WRNRCKGTD,Tier1
PHY,TGGGNV,Tier1
LYPY,RHW,Tier1
GIFE,QYP,Tier1
WYSLAMA,WISELG,Tier1
AKYIPIQYVLSRYPSY,IYIEQGNGITGM,Tier1
WYT,VAGTWY,Tier1
GVPLT,AIRQGDVF,Tier1
ETTL,YLG,Tier1
EFQL,YYIVS,Tier1
RWG,LANAK,Tier1
RHD,FVPH,Tier1
WSRRGEREEEDERRR,KFPE,Tier1
VPSIDDQEELM,TERGY,Tier1
PWW,SWN,Tier1
FDSGPAGVL,YYG,Tier1
PYY,LYY,Tier1
RNR,QYP,Tier1
VAMVPPFET,GTW,Tier1
LHD,RNR,Tier1
RHG,HYY,Tier1
LQPGQGQQ,YYD,Tier1
WYSLAMA,NPYVPR,Tier1
ISELGF,GIFE,Tier1
PHF,IAPNYNTRATKL,Tier1
VKCFR,YLKT,Tier1
LEQQVDDLEGSLEQEKK,GEGSGA,Tier1
PHT,VIPMGL,Tier1
TGGGNV,HYVPV,Tier1
HDH,AYPS,Tier1
PWG,YYDPL,Tier1
WYSL,FHNMEK,Tier1
VDYP,YYN,Tier1
LQSGDALRVPSGTTYY,PWR,Tier1
LLR,TRTGDPFF,Tier1
TERGY,LAC,Tier1
PYY,GPLGLLGFLGPLGLS,Tier1
VKL,SIITMTKEAKLPQLWKQIACRLYNTC,Tier1
YAY,YYL,Tier1
PHYL,PVMGA,Tier1
YPIL,RLKKY,Tier1
YYG,KTFCGRH,Tier1
RWA,LGFEY,Tier1
PHK,HFH,Tier1
LVSK,ALEPDHR,Tier1
YAEERYPIL,VECYG,Tier1
YKY,ESTTVPERTHPACPDFN,Tier1
FIKK,GIISHR,Tier1
SRYPS,IYIEQGNGITGM,Tier1
LEELEEELEGCE,AYY,Tier1
PHE,FHNMEK,Tier1
PHF,LYY,Tier1
RHV,AWIRGCRL,Tier1
FLHRP,HMPVTK,Tier1
PSHDAHPE,PSIPA,Tier1
RHL,YCY,Tier1
AKYIPIQYVLSRYPSY,PWV,Tier1
EEYFPVGGDRPESF,TCSP,Tier1
FIPGLRRLFATVVPTVVCAINKLPPG,GGLEPINFN,Tier1
YIY,RYL,Tier1
TEFTK,RCMAFLLSDGAAAAQQLLPQYW,Tier1
HLPLPL,YWVTSGPK,Tier1
LHV,IAPNYNTRATKL,Tier1
LHV,CVHWMTNTARTACIAP,Tier1
GYLEQ,CME,Tier1
HHLP,PSLVGRPPVGKLTL,Tier1
FGHPY,TEVWDSNEQ,Tier1
ISELGW,AGWNIP,Tier1
HNPI,VAMVPPFET,Tier1
YFY,SGQYFL,Tier1
EWPAQ,VLEANPRSF,Tier1
WYSLAM,AYFYPEL,Tier1
PKAV,YEADARSFHDLAEHDIRV,Tier1
VKEAMPK,DVFRELRVQ,Tier1
GAH,VPNSYP,Tier1
YYL,ALEPDHR,Tier1
AHH,YYD,Tier1
LLPH,RWL,Tier1
RHK,YVEEL,Tier1
LSGNK,PGVPWP,Tier1
MWL,PHCKRM,Tier1
VDYP,GPLGLLGFLGPLGLS,Tier1
PKAV,WNIP,Tier1
RHI,QYY,Tier1
LARL,YQEPVLGPVRGPFPIIV,Tier1
PSLPA,DLEE,Tier1
VKEAMPK,APIRMWYMYRKLTDMEPKPVA,Tier1
RHG,AGWNIP,Tier1
DSGVT,GPGGFI,Tier1
GLLDSVKEGLKKVAGQLLDTLKCKISGCTPA,FYQL,Tier1
SHDAHPE,GTW,Tier1
YNI,VLVPK,Tier1
PLFQNKLAHAK,YEY,Tier1
LLPHH,PHI,Tier1
NADFGLNGLEGLA,YVY,Tier1
YYQ,QCH,Tier1
VDYP,VVGGDGDV,Tier1
LWR,YQY,Tier1
MPDAHL,TSQLLSDQ,Tier1
LHD,WSVPQPK,Tier1
PWG,LSGNK,Tier1
YLY,YYM,Tier1
FKK,AIEWEGIESGSVEQA,Tier1
FEQL,IRGCRL,Tier1
HLPLPL,LYPY,Tier1
LQPGQGQQ,QYP,Tier1
LWQ,FRADHPFL,Tier1
YEY,AYY,Tier1
AVPYPQR,LDY,Tier1
AMRLTYNRPCIYAT,YWVTSGPK,Tier1
PEL,PHK,Tier1
TEFTK,DHG,Tier1
RHN,VVGGDGDV,Tier1
LLPH,VAMVPPFET,Tier1
YNL,WYSLAMA,Tier1
YPI,VPNSYP,Tier1
VECYGPNRPQF,LAPSLPGKPKPD,Tier1
EWPAQ,CLV,Tier1
LPM,YQK,Tier1
YPI,RADHP,Tier1
PKAVHE,KTFCGRH,Tier1
PHR,YGGFM,Tier1
LWM,VKCFR,Tier1
NHAV,STMMEERRMKVY,Tier1
WSRRGEREEEDERRR,YQIGL,Tier1
HPH,QKW,Tier1
YLY,LMGQW,Tier1
RHH,PSLPA,Tier1
PHM,RADHPFL,Tier1
LMCH,PWF,Tier1
WHNVSGSP,WDR,Tier1
RHL,TETWNPNHPEL,Tier1
HPH,FALPQYLK,Tier1
LHK,PSLPA,Tier1
KHNRGDEF,AYFYPE,Tier1
LHE,HEH,Tier1
AAVGGYRVAVL,PYPQ,Tier1
LVDTGRGPIMY,VGDI,Tier1
LVDTGRGPIMY,IEEAF,Tier1
NQE,EYY,Tier1
PHS,RYQ,Tier1
LARL,LNLPTAVYMVT,Tier1
THH,FVNQPYLLYSVHMK,Tier1
PKAVHE,LTTLDSE,Tier1
PWD,VAWRNRCKGTD,Tier1
CYGPNR,NHAV,Tier1
FHH,YQEPVLGP,Tier1
RHY,YQY,Tier1
LHD,RHS,Tier1
YGYTGA,ISELGW,Tier1
VKV,RWA,Tier1
MHH,DLEE,Tier1
YWY,ISELGF,Tier1
LELHKLRSSHWFSRR,FFAPGRNPTSFS,Tier1
YSY,QCH,Tier1
LHA,RWH,Tier1
LHH,WRNRCKGTD,Tier1
HLPLPL,YQEP,Tier1
RHM,ARHPHPHLSFM,Tier1
RDMPIQ,DYK,Tier1
WSY,DLEE,Tier1
LEELEEELEGCE,CLV,Tier1
PAGY,MHIRL,Tier1
RDMPIQ,LGY,Tier1
LHH,YYS,Tier1
PHT,GYY,Tier1
PWW,LNGDVW,Tier1
IPAGM,SIITMTKEAKLPQLWKQIACRLYNTC,Tier1
VVKL,HLH,Tier1
IQW,VLVPK,Tier1
LLPHHH,LWK,Tier1
DYY,IPAGM,Tier1
YFY,LARL,Tier1
RADHPFL,SAEHGSLH,Tier1
HHLP,RYQ,Tier1
NPYVPR,DVPPYM,Tier1
RWH,YSEMPPGK,Tier1
VIPMGL,GLTSK,Tier1
LLPHHH,CVHWMTNTARTACIAP,Tier1
HDH,RNDDLNYIQ,Tier1
QYY,EEYFPVGGDRPESF,Tier1
LWN,PHI,Tier1
LWQ,PWS,Tier1
PKAVHE,RHN,Tier1
HLH,DYY,Tier1
PPQ,YLY,Tier1
IPAGV,GQFNDKRWIPFG,Tier1
EELDNALN,WEN,Tier1
RHK,YYIVS,Tier1
LGLNGDDVN,PGVPWP,Tier1
GEGSGA,YLL,Tier1
HLPH,SGQYFL,Tier1
WYSLA,RCMAFLLSDGAAAAQQLLPQYW,Tier1
IPAGM,GLLDSVKEGLKKVAGQLLDTLKCKISGCTPA,Tier1
RHE,TTYY,Tier1
LWQ,IHH,Tier1
LWD,KKY,Tier1
QCH,SGAF,Tier1
VPSIDDQEELM,LTTLDSE,Tier1
HLPH,PWW,Tier1
FEQL,IQY,Tier1
YEY,ACQ,Tier1
LHG,VKP,Tier1
PWT,YWY,Tier1
VFPW,VPNSYP,Tier1
PSKYEPFV,YVGD,Tier1
HHLP,NHAV,Tier1
LLPHH,YGLN,Tier1
IKL,YYK,Tier1
IRGCRL,CQC,Tier1
LHE,LWM,Tier1
YPELF,NFHPQ,Tier1
VPSIDDQEELM,EEYFPVGGDRPESF,Tier1
LQPGQGQQG,FEQL,Tier1
LWH,QYY,Tier1
RHF,YDY,Tier1
PSHDAHPE,SYY,Tier1
GGE,GPP,Tier1
YPI,GQFNDKRWIPFG,Tier1
PHHADS,VPYPQ,Tier1
LLHH,RASDPLLSV,Tier1
RPPGFSPFR,PVDENDEG,Tier1
VLEANPRSF,TIASGEP,Tier1
PNRPQF,LMGQW,Tier1
WHNVSGSP,AGTTCLFTPLALPYDYSH,Tier1
PWW,PVMGA,Tier1
ADF,LYEGY,Tier1
LWR,YYE,Tier1
PKAVHE,FALPQYLK,Tier1
HHW,FFGFN,Tier1
LLHH,RPNYTDA,Tier1
LKQELEDLLEKQE,LHF,Tier1
WYT,SVMPVVA,Tier1
KYL,YQK,Tier1
AEAQKQLR,AIEWEGIESGSVEQA,Tier1
VFPW,YSEMPPGK,Tier1
EAK,PSHDAHPE,Tier1
LMGQW,VLVPK,Tier1
KVLPVPQK,LGY,Tier1
AADNANELFPPN,PKLPPVKK,Tier1
MYY,RYLG,Tier1
PHV,YYM,Tier1
AYY,YSEMPPGK,Tier1
VDYP,PLFQNKLAHAK,Tier1
LWD,RASDPLLSV,Tier1
LQL,GIFE,Tier1
VKV,PAGY,Tier1
AGTTCLFTPLALPYDYSH,WYGPD,Tier1
FRDEHKK,GSGGL,Tier1
NGLEGLK,QKW,Tier1
GHH,AGWNIPIGT,Tier1
RWW,TYY,Tier1
YYH,LRGIKNYRVAVL,Tier1
AQIPQQ,YYR,Tier1
TCSP,AMRLTYNRPCLGAT,Tier1
DHG,LLPF,Tier1
ISELGW,IAPNYNTRATKL,Tier1
YYIVS,HYVPV,Tier1
HFH,SDRDLLGPNNQYLPK,Tier1
RHW,YYN,Tier1
GFPSG,RHPHP,Tier1
VIPAGYP,GFYPPP,Tier1
RASDPLLSV,CSQAPLA,Tier1
LNGDVW,WPP,Tier1
PWD,HYVPV,Tier1
HQIYPV,AWIRGCRL,Tier1
GSGGL,TCSP,Tier1
WYT,FKK,Tier1
LWI,RYY,Tier1
LWM,QCH,Tier1
SHDAHPE,AGWNIPIGT,Tier1
YRY,LEEAF,Tier1
RHN,PVDENDEG,Tier1
YYF,GWNIP,Tier1
AGTTCLFTPLALPYDYSH,MPACGSS,Tier1
YEY,LAC,Tier1
YVGD,VAWRNRCKGTD,Tier1
HHW,TIIPLPV,Tier1
HFH,CQC,Tier1
PWH,YNY,Tier1
LQPGQGQQ,ELLI,Tier1
IEAEGE,VQYPVEHPNKFLKFGMTPSKGVLFY,Tier1
YYW,DDPDKGMLKWKNDFFQEF,Tier1
YPFPG,QLGNLGV,Tier1
SALAM,PVDENDEG,Tier1
LEEAF,GFFDRIKALTKNVTLELLNTITCKLPVTPP,Tier1
GSGGL,AGWNIP,Tier1
VPNSYP,AEERYP,Tier1
PHYL,RLKKY,Tier1
LHM,YVL,Tier1
WYY,DHG,Tier1
LHH,PHL,Tier1
HLPLPL,HNPI,Tier1
LHY,YYL,Tier1
HEKVC,LDY,Tier1
RHS,LMGQW,Tier1
VKP,EQC,Tier1
HNPI,YLKT,Tier1
WYSLAMAASDI,LWW,Tier1
PSDHDHE,ADF,Tier1
IPAGM,LTTLDSE,Tier1
LVNPHDHQN,LTTLDSE,Tier1
YYT,ACFL,Tier1
PYY,RADHPF,Tier1
RWL,QLGNLGV,Tier1
LWI,LSGNK,Tier1
YRY,PSIPA,Tier1
HHLP,WYSLA,Tier1
HPHL,SFGAKNAVKNGLQKLRNQCQANNYQGPFCDIFKKNP,Tier1
WYSLAMA,SNAAC,Tier1
LHS,LWS,Tier1
SVYT,YGGFL,Tier1
AQIPQQ,NHH,Tier1
LYPY,WSVPQPK,Tier1
PHH,EERYP,Tier1
RHQ,LGY,Tier1
LELHKLRSSHWFSRR,HNPI,Tier1
HEKVC,FLQEFLHV,Tier1
FLNDFLHV,ESTTVPERTHPACPDFN,Tier1
MQFHT,WYSLA,Tier1
RWG,VQYPVEHPNKFLKFGMTPSKGVLFY,Tier1
YMY,WYSLA,Tier1
YPFPG,NFHPQ,Tier1
YYY,ALEPDHR,Tier1
PHH,NHK,Tier1
PAGY,GALAAH,Tier1
NHH,EEYFPVGGDRPESF,Tier1
GVPLT,LPL,Tier1
KVLPVPQK,TGGGNV,Tier1
ARHPHPHLSFM,CAQ,Tier1
VKV,VDYP,Tier1
VKL,WYY,Tier1
HLH,LHE,Tier1
GFFDRIKALTKNVTLELLNTITCKLPVTPP,DVPPYM,Tier1
PHV,PWT,Tier1
PWR,DHTKE,Tier1
LYY,GIFE,Tier1
IYPF,AWDPE,Tier1
GALAAH,AYPS,Tier1
YYD,VLYEE,Tier1
AIRQGDVF,GIISHR,Tier1
LKQELEDLLEKQE,YPI,Tier1
LNGDVW,KLSDW,Tier1
PEL,TDY,Tier1
HWH,ADGF,Tier1
KYL,RYLG,Tier1
LLPHH,SIITMTKEAKLPQLWKQIACRLYNTC,Tier1
IEAEGE,TTYY,Tier1
LWK,MTEEY,Tier1
LPHSGY,DDPDKGMLKWKNDFFQEF,Tier1
FYPEL,YNY,Tier1
GPGGFI,SGQYFL,Tier1
YTY,ACQ,Tier1
FHH,GPP,Tier1
FVNQPYLLYSVHMK,VLSRYPS,Tier1
KAI,DAQEKLE,Tier1
RHY,AGWNIPIGT,Tier1
YIPIQY,MHI,Tier1
MWL,CHI,Tier1
PHD,GFPSG,Tier1
RWT,IPAGV,Tier1
IKK,VLVPK,Tier1
YPFPG,YGYTGA,Tier1
YGGFM,FPQY,Tier1
GWNIP,QCH,Tier1
IAPNYNTRATKL,HVCYMF,Tier1
HHP,PHW,Tier1
ARHPHPHLSFM,YQLD,Tier1
EWPAQ,TIASGEP,Tier1
RHS,TETWNPNHPEL,Tier1
VKL,VPSGK,Tier1
KHNRGDEF,MILMR,Tier1
EYY,WEGPK,Tier1
EFQI,YSEMPPGK,Tier1
YGYTGA,WYGPD,Tier1
YNL,ADGF,Tier1
RWY,YWY,Tier1
LWR,PSLPA,Tier1
YHY,GFWDSVKEGLKNAAVTILNKIKCKISECPPA,Tier1
YYL,WRNRCKGTD,Tier1
RHK,AGWNI,Tier1
VKEAMPK,STMMEERRMKVY,Tier1
YIPIQY,YLG,Tier1
HGPLGPL,LHD,Tier1
ESTVPERTHPACPDFN,LHA,Tier1
EAK,VLYEE,Tier1
YAKPA,YLL,Tier1
LHT,PHE,Tier1
AMRLTGNRPGLYAT,TERGY,Tier1
HPH,YGY,Tier1
NQE,WEGPK,Tier1
HVRETALV,ECA,Tier1
VLPVPQK,QKW,Tier1
LHA,VAVDKHDYEPLGHSDIGVY,Tier1
RWA,MYY,Tier1
PSLPA,MQFHT,Tier1
SHH,YKY,Tier1
RHT,LLR,Tier1
YAKP,LLPF,Tier1
SDF,AMRLTYNRPCLGAT,Tier1
VGDI,KYL,Tier1
PHD,GTW,Tier1
NGLEGLK,YYE,Tier1
PHW,SFGAKNAVKNGLQKLRNQCQANNYQGPFCDIFKKNP,Tier1
NYKQM,WYSL,Tier1
LHK,YAKP,Tier1
HHPL,FLQEFLHV,Tier1
DEDTQAMP,WEN,Tier1
PMDYMVT,PHL,Tier1
RHPHP,WPP,Tier1
WYSLAMAASDI,GGIF,Tier1
NHRYDR,VLVPK,Tier1
VHHANEN,HPHL,Tier1
LWN,LWV,Tier1
LWT,AMRLTYNKPCLYGT,Tier1
LYPY,NHAV,Tier1
NRVYIHPFHLLVYS,QYDQGV,Tier1
YCY,WYSLAMA,Tier1
LPHH,LHT,Tier1
TSQLLSDQ,DLEE,Tier1
AEAQKQLR,YNY,Tier1
LDY,CHI,Tier1
LPAGV,YQEPVLGP,Tier1
RHY,IPAGM,Tier1
YHY,LGNTDYAVH,Tier1
EERYP,GLTSK,Tier1
HEH,YPPAK,Tier1
YNY,DHTKE,Tier1
YLAGMN,LLR,Tier1
AGTTCLFTPLALPYDYSH,QKW,Tier1
LVNPHDHQN,YWVTSGPK,Tier1
VECYG,RYPS,Tier1
YYG,VECYGPNRPQF,Tier1
RHY,GPAGPAG,Tier1
LHI,RHD,Tier1
AQIPQQ,AWIRGCRL,Tier1
RHL,RHN,Tier1
AMRLTYNRPCLGAT,LLR,Tier1
DYK,ADGF,Tier1
AEAQKQLR,YQEPVLGPVRGPFPIIV,Tier1
AMRLTYNRPCLGAT,AKAWGIPPHVIPQIVPVRIRPLCGNV,Tier1
FYPEL,DDPDKGMLKWKNDFFQEF,Tier1
PWN,HYVPV,Tier1
TTYY,VPYPQ,Tier1
DYY,WIRGCRL,Tier1
YYR,MHI,Tier1
TTYY,LYEGY,Tier1
PSYV,GFWDSVKEGLKNAAVTILNKIKCKISECPPA,Tier1
SVYT,AADNANELFPPN,Tier1
PHQ,WDR,Tier1
VHH,LWE,Tier1
FVAGK,FHH,Tier1
VKV,YAKP,Tier1
PEL,APIRMWYMYRKLTDMEPKPVA,Tier1
HGPLGPL,MILMR,Tier1
MYY,FYQL,Tier1
LEELEEELEGCE,YLGAK,Tier1
VPVTST,SGQYFL,Tier1
AMRLTYNKPCLYGT,ISELWG,Tier1
YVY,WYGPD,Tier1
YAEERYPIL,RHM,Tier1
EELDNALN,MPDAHL,Tier1
DVFRELRVQ,MHI,Tier1
YYF,GVPLT,Tier1
WEGPK,TSQLLSDQ,Tier1
PWY,VLVPK,Tier1
ISELWG,VGDI,Tier1
EFLQ,QYP,Tier1
GFWDSVKEGLKNAAVTILNKIKCKISECPPA,SVMPVVA,Tier1
RWH,VPKVK,Tier1
PVMGA,GFWDSVKEGLKNAAVTILNKIKCKISECPPA,Tier1
PLFQNKLAHAK,TIASGEP,Tier1
ACFL,WSRRGEREEEDERRR,Tier1
VECYGPNRPQF,PYVRYL,Tier1
WSY,VKP,Tier1
PHQ,VIPMGL,Tier1
PYVRYL,AYPS,Tier1
FIGP,TTYY,Tier1
RHH,VGGRP,Tier1
LHT,SAEHGSLH,Tier1
MILMR,AGGF,Tier1
WEGPK,MPDAHL,Tier1
GYLEQ,CSQAPLA,Tier1
VNPHDHQN,CAAP,Tier1
NQE,HWH,Tier1
SVYT,QWPAQ,Tier1
PHN,PWQ,Tier1
LEELEEELEGCE,HDH,Tier1
RWN,ISELGY,Tier1
WPL,YQK,Tier1
PNRPQF,YYA,Tier1
PHE,YYH,Tier1
YPFPG,LEQQVDDLEGSLEQEKK,Tier1
RHW,LMGQW,Tier1
ADHP,VKCFR,Tier1
YIY,YQY,Tier1
PKAV,YQK,Tier1
IEAEGE,YSEMPPGK,Tier1
PPQ,VQYPVEHPNKFLKFGMTPSKGVLFY,Tier1
YYI,WYSLAMA,Tier1
HLH,GFPSG,Tier1
WISELG,DVFRELRVQ,Tier1
PWL,EWPAQ,Tier1
PWQ,GPP,Tier1
HNPI,YAKPA,Tier1
YPI,YPELF,Tier1
LWY,PHE,Tier1
KTFCGRH,CME,Tier1
EQC,APIRMWYMYRKLTDMEPKPVA,Tier1
VDHDHPE,LMCH,Tier1
HYY,ADF,Tier1
HNPI,FRSGILKLASKIPSVLCAVLKNC,Tier1
YYE,GFYPPP,Tier1
PHT,HWH,Tier1
WISELGW,RASDPLLSV,Tier1
YYK,WYY,Tier1
PHK,VQYPVEHPNKFLKFGMTPSKGVLFY,Tier1
PWR,KFPE,Tier1
IKK,HNPI,Tier1
RHG,YLGAK,Tier1
WYY,YAKPA,Tier1
RWH,FFGFN,Tier1
YYD,WYGPD,Tier1
VPSIDDQEELM,LHS,Tier1
YYV,YFY,Tier1
ESTVPERTHPACPDFN,AYPS,Tier1
VKL,MTEEY,Tier1
PWE,YYD,Tier1
DAQEKLE,YTY,Tier1
EYY,YLMSR,Tier1
IKL,GALAAH,Tier1
HHY,YFY,Tier1
PHA,PSLVGRPPVGKLTL,Tier1
KYY,STMMEERRMKVY,Tier1
KVLPVPQK,LPF,Tier1
RADHPFL,VFPW,Tier1
HHPL,PHG,Tier1
FGHPY,YIPIQY,Tier1
VPSGK,VAWRNRCKGTD,Tier1
ACFL,LVMFLDNQHRVIRH,Tier1
IYY,SVMPVVA,Tier1
LHR,GQFNDKRWIPFG,Tier1
ADHP,GVQEGAGHYALL,Tier1
LWK,GYLEQ,Tier1
LNLPTAVYMVT,QYP,Tier1
KVI,YGGFL,Tier1
LVDTGRGPIMY,RADHPF,Tier1
SVYT,FIKK,Tier1
PWG,IPAGM,Tier1
LGNTDYAVH,AEEEYPDL,Tier1
YAY,FVNQPYLLYSVHMK,Tier1
LQPGQGQQG,FFAPGRNPTSFS,Tier1
YEY,YNI,Tier1
PWH,TDY,Tier1
GHH,PGVPWP,Tier1
GWNIP,GGIF,Tier1
YQEPVLGP,WDR,Tier1
EYY,GGE,Tier1
PHN,YYIVS,Tier1
YKY,YLL,Tier1
WYSLAMAASDI,DYK,Tier1
VYY,RYLGY,Tier1
MEMK,VAGTWY,Tier1
RHPHP,YLGY,Tier1
YYK,DEDTQAMP,Tier1
HLHP,RYY,Tier1
PSHDAHPE,QVVPYPQ,Tier1
RHM,NYY,Tier1
LHG,VLVPK,Tier1
PYPQ,VGGRP,Tier1
AGWNIPIGT,KGLWE,Tier1
LMGQW,YQEPVLGP,Tier1
LQPGQGQQG,HLHP,Tier1
PHG,HDHPVC,Tier1
WISELGW,ISELGF,Tier1
AMRLTGNRPGLYAT,GVQEGAGHYALL,Tier1
YAEERYPIL,AADNANELFPPN,Tier1
YIY,LDY,Tier1
YEADARSFHDLAEHDIRV,LAPSLPGKPKPD,Tier1
IRW,AYPS,Tier1
LHF,YEADARSFHDLAEHDIRV,Tier1
CLV,CHI,Tier1
GWNIP,ELLI,Tier1
PWE,YMY,Tier1
QKW,TEVWDSNEQ,Tier1
ADF,VPKVK,Tier1
AHK,PHH,Tier1
WYY,SGQYFL,Tier1
HEH,GPAGPAG,Tier1
PWL,EFQL,Tier1
WYSLAMA,RYPS,Tier1
PWV,RHS,Tier1
LHT,NYKQM,Tier1
PHCKRM,ECA,Tier1
YQY,QYDQGV,Tier1
LVDTGRGPIMY,VKP,Tier1
YDY,KKY,Tier1
YYL,SFGAKNAVKNGLQKLRNQCQANNYQGPFCDIFKKNP,Tier1
GQVPP,RYL,Tier1
NRVYIHPFHLLVYS,YQEPVLGPVRGPFPIIV,Tier1
YPPAK,GQVPP,Tier1
VKL,VAVDKHDYEPLGHSDIGVY,Tier1
MHH,YLL,Tier1
QHGV,CQC,Tier1
ISELGW,FEQL,Tier1
YQEP,SFGAKNAVKNGLQKLRNQCQANNYQGPFCDIFKKNP,Tier1
YPI,ISELWG,Tier1
HPH,NHH,Tier1
PNRPQF,SRYPS,Tier1
DHG,LTTLDSE,Tier1
DSGVT,YYK,Tier1
ESTVPERTHPACPDFN,PWR,Tier1
PWI,ARHPHP,Tier1
DYY,WYSLAM,Tier1
VYY,IYPF,Tier1
RNR,MQFHT,Tier1
AIRQGDVF,YSEMPPGK,Tier1
HDH,EYY,Tier1
RHV,EYY,Tier1
YGYTGA,TRTGDPFF,Tier1
DPALATEPDPMPF,NHK,Tier1
YKY,QCL,Tier1
PMDYMVT,DGVVYY,Tier1
VLEANPRSF,LGFEYY,Tier1
VIPAGYP,LHK,Tier1
PHA,KLSDW,Tier1
DAQEKLE,RYLGY,Tier1
PKAV,IPAGM,Tier1
TIIPLPV,VPNSYP,Tier1
PSHDAHPE,VKP,Tier1
PWW,YYD,Tier1
LALPA,GFFDRIKALTKNVTLELLNTITCKLPVTPP,Tier1
EFLQ,HMPVTK,Tier1
CME,MHI,Tier1
GHH,RYPS,Tier1
YQEPVLGP,VAGTWY,Tier1
LHD,AVPYPQR,Tier1
PSHDAHPE,PNRPQF,Tier1
GHH,IVEYF,Tier1
LHL,AGTTCLFTPLALPYDYSH,Tier1
YLAGMN,SFGAKNAVKNGLQKLRNQCQANNYQGPFCDIFKKNP,Tier1
FRADHPFL,QKW,Tier1
FVAGK,LWD,Tier1
ISELGW,CAAP,Tier1
YMY,DHG,Tier1
GPP,IANNEADAISLDGGQVFEAG,Tier1
ISELWG,EQC,Tier1
YPFPG,NHAV,Tier1
YKY,RNDDLNYIQ,Tier1
FLKPLFNAALKLLP,WIRGCRL,Tier1
CYGPNR,NYKQM,Tier1
PHL,FVPH,Tier1
LQPGQGQQG,KKY,Tier1
HDHPVC,LEQQVDDLEGSLEQEKK,Tier1
LMGQW,ISELGY,Tier1
LLPHHH,IQW,Tier1
YHH,VKCFR,Tier1
LPAGV,MPACGSS,Tier1
VKCFR,TEFTK,Tier1
LHA,APIRMWYMYRKLTDMEPKPVA,Tier1
YYDPL,AEEEYPDL,Tier1
GYY,SAEHGSLH,Tier1
GSGGL,VLYEE,Tier1
MYY,GAH,Tier1
PPK,IKK,Tier1
AADNANELFPPN,YLG,Tier1
YNL,PYSFK,Tier1
YRY,RPNYTDA,Tier1
NQE,PYVRYL,Tier1
RHE,EFIQ,Tier1
PNRPQF,PWR,Tier1
NGPLQAGQPGER,YGY,Tier1
VVGGDGDV,MHI,Tier1
AIRQGDVF,VKRRGQDCIHGFCSD,Tier1
RHN,LGY,Tier1
YAY,GAWA,Tier1
YYY,LRGIKNYRVAVL,Tier1
YTY,ADF,Tier1
AMRLTYNRPCLGAT,YYDPL,Tier1
HVCYMF,KDVPP,Tier1
LWH,RWI,Tier1
LHS,AHH,Tier1
FKK,LEQQVDDLEGSLEQEKK,Tier1
DSGVT,YYF,Tier1
NHK,TSQLLSDQ,Tier1
VIPAGYP,LPTSEAAKY,Tier1
GGLEPINFN,GLTSK,Tier1
NGPLQAGQPGER,HYY,Tier1
EFQL,MWL,Tier1
EEYFPVGGDRPESF,PIAAEVYEHTEGSTTSY,Tier1
AHK,AAVGGYRVAVL,Tier1
PLFQNKLAHAK,AWDPE,Tier1
YHY,GYLEQ,Tier1
LPHSGY,AADNANELFPPN,Tier1
FIGP,FLKPLFNAALKLLP,Tier1
VPYPQ,LYEGY,Tier1
LWY,DLEE,Tier1
LPHH,LGFEYY,Tier1
LPHH,HDH,Tier1
LWN,RWI,Tier1
FDSGPAGVL,TGGGNV,Tier1
NYY,EQC,Tier1
MQFHT,WRNRCKGTD,Tier1
AKAWGIPPHVIPQIVPVRIRPLCGNV,SAEHGSLH,Tier1
IPIQYVL,FDSGPAGVL,Tier1
LWY,IPAGM,Tier1
WVYY,GGLEPINFN,Tier1
VYY,PGVPWP,Tier1
YYR,YYH,Tier1
PHM,QVVPYPQ,Tier1
CVHWMTNTARTACIAP,MTEEY,Tier1
VHH,QYDQGV,Tier1
LHQ,YIY,Tier1
WVYY,DVFRELRVQ,Tier1
AHK,WYT,Tier1
PKAVHE,RNR,Tier1
TGGGNV,AGGF,Tier1
HFH,TVYQ,Tier1
IKL,PVDENDEG,Tier1
AQIPQQ,LHY,Tier1
HHLP,RWY,Tier1
IIENGEKWS,ARHPHPHLSFM,Tier1
LHG,YAKPA,Tier1
LHE,HYVPV,Tier1
PYPQ,QKW,Tier1
LKQELEDLLEKQE,LNLPTAVYMVT,Tier1
LVDTGRGPIMY,LGY,Tier1
CLV,RCMAFLLSDGAAAAQQLLPQYW,Tier1
LWN,WHH,Tier1
HQIYPV,QYDQGV,Tier1
YAEERYPIL,FKK,Tier1
LWV,YPPAK,Tier1
YAY,APIRMWYMYRKLTDMEPKPVA,Tier1
GPLGLLGFLGPLGLS,KFPE,Tier1
LPHH,FVPH,Tier1
WISELG,RASDPLLSV,Tier1
LLHH,LLR,Tier1
VKL,LANAK,Tier1
IKL,LEEAF,Tier1
PWN,AYFYPE,Tier1
DYY,PKLPPVKK,Tier1
RHK,CME,Tier1
LQPGQGQQ,FRADHPFL,Tier1
AGWNI,GFYPPP,Tier1
LHPH,PWW,Tier1
LYY,VKRRGQDCIHGFCSD,Tier1
PWA,YYD,Tier1
HPH,HHF,Tier1
AVPYPQR,CHI,Tier1
IPIQYVL,PHS,Tier1
GAWA,CQC,Tier1
AKYIPIQYVLSRYPSY,LVGDEQAVPAVCVP,Tier1
YKY,RDMPIQ,Tier1
YQEPVLGP,AGTTCLFTPLALPYDYSH,Tier1
GGIF,YLL,Tier1
VCSV,LNLPTAVYMVT,Tier1
PWY,TERGY,Tier1
YPFPG,QYP,Tier1
VKL,DRVYIHPF,Tier1
LHY,HNPI,Tier1
HPLH,RWT,Tier1
PHM,SFGAKNAVKNGLQKLRNQCQANNYQGPFCDIFKKNP,Tier1
IEAEGE,FYY,Tier1
PLFQNKLAHAK,DRVYIHPF,Tier1
RADHP,GQFNDKRWIPFG,Tier1
YLYP,GWNI,Tier1
LHF,RHS,Tier1
LWF,LWR,Tier1
VPNSYP,LTC,Tier1
NGLEGLK,PSYV,Tier1
LPHH,MPACGSS,Tier1
LWW,PHM,Tier1
FYY,YQEPVLGPVRGPFPIIV,Tier1
VYY,AYFYPEL,Tier1
PLFQNKLAHAK,HHW,Tier1
RWW,LNGDVW,Tier1
FIKK,TEVWDSNEQ,Tier1
AGTTCLFTPLALPYDYSH,PYSFK,Tier1
PHS,KLSDW,Tier1
PWS,VYY,Tier1
LWM,YGYTGA,Tier1
FLQEFLHV,GFYPPP,Tier1
YPEL,LHW,Tier1
YGGFM,DLEE,Tier1
LWD,MHI,Tier1
AMRLTGNRPGLYAT,VAWRNRCKGTD,Tier1
NGLEGLK,VAVDKHDYEPLGHSDIGVY,Tier1
AQIPQQ,SDF,Tier1
PMDYMVT,PHH,Tier1
HFGDPFH,PWD,Tier1
YYK,AGWNI,Tier1
LQSGDALRVPSGTTYY,PVDENDEG,Tier1
LWY,AMRLTGNRPGLYAT,Tier1
LHT,GSGGL,Tier1
EAK,LFC,Tier1
YYT,YPFPG,Tier1
IPIQYVL,SIITMTKEAKLPQLWKQIACRLYNTC,Tier1
LYPY,HYVPV,Tier1
ALEPDHR,YQKFPQY,Tier1
LHS,RPPGFSPFR,Tier1
HLPLPL,SDRDLLGPNNQYLPK,Tier1
YYW,GVPLT,Tier1
LGFEY,QCL,Tier1
GGE,NYKQM,Tier1
KVLPVPQK,ECA,Tier1
LQPGQGQQG,PHCKRM,Tier1
IKL,AMRLTYNRPCIYAT,Tier1
HEKVC,SGAF,Tier1
EELDNALN,FVPH,Tier1
PHM,GFFDRIKALTKNVTLELLNTITCKLPVTPP,Tier1
LARL,MEMK,Tier1
VECYGPNRPQF,VPW,Tier1
NPYVPR,VLVPK,Tier1
LYY,LFC,Tier1
QHGV,GLTSK,Tier1
NQE,DYK,Tier1
PWE,LGY,Tier1
HHPLL,GSGGL,Tier1
PWF,IPAGV,Tier1
KVI,EEYFPVGGDRPESF,Tier1
SDF,FDEQE,Tier1
VPNSYP,VKCFR,Tier1
RWN,WYT,Tier1
YHH,LPF,Tier1
AIRQGDVF,AMRLTYNRPCLGAT,Tier1
LLPHH,RYLG,Tier1
LMGQW,GFYPPP,Tier1
FDSGPAGVL,HHF,Tier1
LHK,VLEANPRSF,Tier1
ISELGW,AGTTCLFTPLALPYDYSH,Tier1
PHA,QYDQGV,Tier1
IAPNYNTRATKL,RYPS,Tier1
WSVPQPK,PVDENDEG,Tier1
IEEAF,DLEE,Tier1
FVAGK,PHR,Tier1
PHK,YGGFM,Tier1
YLMSR,AYFYPEL,Tier1
LWV,AIRQGDVF,Tier1
PHV,YGGFM,Tier1
VFPW,QYP,Tier1
VVKL,ISELWG,Tier1
WHH,FEQI,Tier1
GGIF,PKLPPVKK,Tier1
PHG,FLNDFLHV,Tier1
HNPI,IRGCRL,Tier1
GLLDSVKEGLKKVAGQLLDTLKCKISGCTPA,VLVPK,Tier1
PHD,TIIPLPV,Tier1
RADHPF,WYSL,Tier1
RHE,FFGFN,Tier1
LVDTGRGPIMY,DHG,Tier1
FDSGPAGVL,RHE,Tier1
PSYV,SALAM,Tier1
PHN,FFGFN,Tier1
HLH,YEY,Tier1
PWN,YNI,Tier1
PWN,GSGGL,Tier1
RWN,THH,Tier1
PWT,VECYGPNRPQF,Tier1
FLQEFLHV,AIRQGDVF,Tier1
AHK,DAQEKLE,Tier1
FEQL,GGLEPINFN,Tier1
LALPA,GIFE,Tier1
AIRQGDVF,GFYPPP,Tier1
PSYV,LVSK,Tier1
LWD,RWR,Tier1
VECYG,YQEP,Tier1
PWR,ESTTVPERTHPACPDFN,Tier1
VVKL,FGHPY,Tier1
YYL,MWL,Tier1
LLPHHH,NHH,Tier1
LWS,IHH,Tier1
GPP,DVFRELRVQ,Tier1
ADHP,GFFDRIKALTKNVTLELLNTITCKLPVTPP,Tier1
LQPGQGQQ,HVCYMF,Tier1
FYY,FPQY,Tier1
PWQ,VAVDKHDYEPLGHSDIGVY,Tier1
PWR,YYG,Tier1
PHA,PHF,Tier1
LQSGDALRVPSGTTYY,RYLG,Tier1
LLPHH,PWL,Tier1
WEGPK,RCMAFLLSDGAAAAQQLLPQYW,Tier1
YYA,VQYPVEHPNKFLKFGMTPSKGVLFY,Tier1
LWE,AMTGLDA,Tier1
HPH,KVLPVPQK,Tier1
YQL,VPVTST,Tier1
HHY,YAKPA,Tier1
TVYQ,VKRRGQDCIHGFCSD,Tier1
PWS,LSGNK,Tier1
NGPLQAGQPGER,EFLQ,Tier1
LHK,PWQ,Tier1
PWL,GIISHR,Tier1
LHE,YYL,Tier1
YYK,VGDI,Tier1
AEERYP,ECA,Tier1
HLHP,SAEHGSLH,Tier1
KAI,LWE,Tier1
IPIQYVL,CAQ,Tier1
RHK,LEEAF,Tier1
FLHRP,AKAWGIPPHVIPQIVPVRIRPLCGNV,Tier1
FVNQPYLLYSVHMK,PVDENDEG,Tier1
YYK,ISELWG,Tier1
HEKVC,YQEP,Tier1
RYQ,TSQLLSDQ,Tier1
MHIRL,NHK,Tier1
PHG,PVMGA,Tier1
YKY,IRW,Tier1
NHAV,SAEHGSLH,Tier1
GIFE,KFPE,Tier1
PWG,HHW,Tier1
HDH,LVDTGRGPIMY,Tier1
PHI,VSYT,Tier1
THH,YSTA,Tier1
GTQY,TYQTF,Tier1
AHH,LFC,Tier1
VDHDHPE,IQW,Tier1
HGPLGPL,HDHPVC,Tier1
TYY,YTY,Tier1
YPPAK,FRADHPFL,Tier1
AHH,TYQTF,Tier1
YAKP,VVGGDGDV,Tier1
LARL,FLKPLFNAALKLLP,Tier1
WPL,RYQ,Tier1
WYSLA,ISELWG,Tier1
FDSGPAGVL,WYSL,Tier1
PHI,KFPE,Tier1
AAVGGYRVAVL,AGTTCLFTPLALPYDYSH,Tier1
FEQL,TETWNPNHPEL,Tier1
HHPLL,MILMR,Tier1
LKQELEDLLEKQE,PHK,Tier1
PSLPA,YAKP,Tier1
PLHH,YYD,Tier1
YYR,AIRQGDVF,Tier1
FGHPY,GTW,Tier1
WHH,RYL,Tier1
PHT,TIIPLPV,Tier1
LHI,PHI,Tier1
HHPL,LVDTGRGPIMY,Tier1
NRVYIHPFHLLVYS,GGE,Tier1
VNPHDHQN,LYY,Tier1
KAI,LWW,Tier1
LPHH,YGGFM,Tier1
NHRYDR,WSRRGEREEEDERRR,Tier1
PWE,FKK,Tier1
EFQI,LQGM,Tier1
PHCKRM,YSEMPPGK,Tier1
WEGPK,PSIPA,Tier1
EYY,YKY,Tier1
YPELF,FPQY,Tier1
LHL,LWY,Tier1
YYI,YQEPVLGP,Tier1
YYI,YYG,Tier1
AMTGLDA,KLSDW,Tier1
RHM,TDY,Tier1
NPYVPR,VPKVK,Tier1
VDYP,ARHPHP,Tier1
VDHDHPE,LHE,Tier1
NGPLQAGQPGER,YDY,Tier1
YYA,IPAGM,Tier1
IIENGEKWS,HVRETALV,Tier1
YQIGL,DHTKE,Tier1
FKK,MPACGSS,Tier1
GFFDRIKALTKNVTLELLNTITCKLPVTPP,WRNRCKGTD,Tier1
NFHPQ,GVQEGAGHYALL,Tier1
LHE,YQLD,Tier1
AMRLTYNRPCIYAT,VPVTST,Tier1
ESTVPERTHPACPDFN,PHL,Tier1
LWN,RADHPFL,Tier1
KKY,SGAF,Tier1
PWW,ALEPDHR,Tier1
YPFPG,YLGY,Tier1
YYK,MEMK,Tier1
IYY,ISELGY,Tier1
PHG,DVFRELRVQ,Tier1
VAVDKHDYEPLGHSDIGVY,DHG,Tier1
NGPLQAGQPGER,TEVWDSNEQ,Tier1
KYY,YRY,Tier1
LWR,RHH,Tier1
RNR,HDH,Tier1
YYV,PGVPWP,Tier1
GAH,VSYT,Tier1
NQE,LFC,Tier1
FVAGK,QLGNLGV,Tier1
FFAPGRNPTSFS,TDY,Tier1
LWR,YEY,Tier1
PSIPA,WPP,Tier1
FVNQPYLLYSVHMK,GTW,Tier1
EFQL,LYEGY,Tier1
AYPS,DHTKE,Tier1
LQSGDALRVPSGTTYY,YPFPG,Tier1
YFYPEL,LYEGY,Tier1
VYY,AADNANELFPPN,Tier1
LNLPTAVYMVT,FIPGLRRLFATVVPTVVCAINKLPPG,Tier1
VKEAMAPK,YEDCTDCGN,Tier1
VNPHDHQN,VPSGK,Tier1
PHY,RHI,Tier1
PWY,WIRGCRL,Tier1
LWV,RWT,Tier1
PHG,SNAAC,Tier1
LWV,KLSDW,Tier1
YHY,RPNYTDA,Tier1
CVHWMTNTARTACIAP,PSLVGRPPVGKLTL,Tier1
RHM,YLKT,Tier1
VHDY,GTW,Tier1
PHQ,SVMPVVA,Tier1
VHDY,LGFEYY,Tier1
YYR,IVEYF,Tier1
GHH,YDY,Tier1
IKL,AAVGGYRVAVL,Tier1
FGHPY,AGGF,Tier1
VPNSYP,LPM,Tier1
YAEERYPIL,RHQ,Tier1
QYDQGV,YEDCTDCGN,Tier1
IEAEGE,WPL,Tier1
GVPLT,MTEEY,Tier1
YYY,PHCKRM,Tier1
LHG,RWW,Tier1
THH,YYS,Tier1
YDY,GAH,Tier1
VECYGPNRPQF,GGLEPINFN,Tier1
AMTGLDA,RCMAFLLSDGAAAAQQLLPQYW,Tier1
LHD,ACQ,Tier1
LWI,GGLEPINFN,Tier1
LALPA,WISELG,Tier1
LHM,MQFHT,Tier1
PWW,VHDY,Tier1
LWS,RWT,Tier1
YYF,ARHPHP,Tier1
FYPEL,VLSRYPS,Tier1
SVYT,QKW,Tier1
YVY,IYPF,Tier1
TGGGNV,FIPGLRRLFATVVPTVVCAINKLPPG,Tier1
CAAP,WYGPD,Tier1
YQEP,SDRDLLGPNNQYLPK,Tier1
QVVPYPQ,KKY,Tier1
ALEPDHR,KYL,Tier1
LHV,GHH,Tier1
YYE,GFWDSVKEGLKNAAVTILNKIKCKISECPPA,Tier1
HWH,FALPQYLK,Tier1
YPPAK,CHI,Tier1
RWI,DHTKE,Tier1
HNPI,YVGD,Tier1
VIPMGL,YSEMPPGK,Tier1
RASDPLLSV,YLGAK,Tier1
YQLD,FYQL,Tier1
FRADHPFL,CLV,Tier1
HYY,TTYY,Tier1
LGFEY,QKW,Tier1
PLHH,YYE,Tier1
NRVYIHPFHLLVYS,YQL,Tier1
HPHL,KDVPP,Tier1
LDK,IYIEQGNGITGM,Tier1
LYY,GTW,Tier1
SHDAHPE,VAWRNRCKGTD,Tier1
YEADARSFHDLAEHDIRV,LSGNK,Tier1
RWN,NPYVPR,Tier1
PHL,VGDI,Tier1
HYH,MHH,Tier1
YLGY,LGY,Tier1
EAK,LGNTDYAVH,Tier1
LWM,AMRLTYNRPCLGAT,Tier1
PHHADS,SALAM,Tier1
IEAEGE,LHG,Tier1
YLY,AYFYPE,Tier1
LHY,GPAGPAG,Tier1
FEQI,YYIVS,Tier1
AHK,FEQI,Tier1
RWQ,MHIRL,Tier1
NHH,GLLDSVKEGLKKVAGQLLDTLKCKISGCTPA,Tier1
YTY,ALEPDHR,Tier1
VHDY,ADGF,Tier1
EAK,RYL,Tier1
VHHANEN,LLPHHH,Tier1
FALPQYLK,WPP,Tier1
LHL,FPLEMMPF,Tier1
YSY,VAMVPPFET,Tier1
YFYPEL,YLG,Tier1
PSIPA,RYLGY,Tier1
PHH,MHI,Tier1
KTFCGRH,YLKT,Tier1
YLY,GIISHR,Tier1
PAGY,WYSLAMA,Tier1
FDEQE,FPQY,Tier1
WYSLAMA,KKY,Tier1
WYY,YSEMPPGK,Tier1
YGGFM,NHK,Tier1
YAEERYPIL,RWT,Tier1
FALPQYLK,IYIEQGNGITGM,Tier1
NGPLQAGQPGER,LWS,Tier1
RWT,HWH,Tier1
RWT,YWVTSGPK,Tier1
IPAGV,NPYVPR,Tier1
RWA,YLY,Tier1
CYGPNR,SALAM,Tier1
YGGFM,GFGPEL,Tier1
ECA,CLV,Tier1
RHF,QLGNLGV,Tier1
GALAAH,YQEPVLGP,Tier1
LHV,RYPS,Tier1
YQEP,SALAM,Tier1
HHW,PYFNK,Tier1
RHD,YVGD,Tier1
VKL,ARHPHP,Tier1
LWN,LWS,Tier1
FEQI,GFPSG,Tier1
LHK,GTQY,Tier1
YDY,ALEPDHR,Tier1
RWQ,GFFDRIKALTKNVTLELLNTITCKLPVTPP,Tier1
LVNPHDHQN,AGGF,Tier1
AIEWEGIESGSVEQA,PYSFK,Tier1
VECYGPNRPQF,SIITMTKEAKLPQLWKQIACRLYNTC,Tier1
FLPF,AWIRGCRL,Tier1
PSYV,AGWNIPIGT,Tier1
EWPAQ,RYLG,Tier1
MHH,VLSRYPS,Tier1
PVMGA,TETWNPNHPEL,Tier1
WYSL,YPELF,Tier1
IAPNYNTRATKL,VKRRGQDCIHGFCSD,Tier1
HHF,YHY,Tier1
GSGGL,FIPGLRRLFATVVPTVVCAINKLPPG,Tier1
GPP,DHTKE,Tier1
VKAGFAWTANQQLS,RHS,Tier1
MHH,LQGM,Tier1
PWR,LGNTDYAVH,Tier1
TIIPLPV,RASDPLLSV,Tier1
MQFHT,AIEWEGIESGSVEQA,Tier1
FALPQYLK,VLVPK,Tier1
GAH,GPAGPAG,Tier1
VLYEE,DEDTQAMP,Tier1
LNLPTAVYMVT,YGGFM,Tier1
LPHSGY,TEVWDSNEQ,Tier1
GAWA,VKCFR,Tier1
QYY,ARHPHPHLSFM,Tier1
GPGGFI,VKCFR,Tier1
YYS,IEEAF,Tier1
VPSIDDQEELM,PHK,Tier1
SHDAHPE,YYT,Tier1
YQY,YQIGL,Tier1
VKCFR,AGTTCLFTPLALPYDYSH,Tier1
RHT,GFYPPP,Tier1
VIPAGYP,QKW,Tier1
GVPLT,GVQEGAGHYALL,Tier1
VPW,YQKFPQY,Tier1
YYI,LPL,Tier1
PAGY,GYY,Tier1
VCSV,FLKPLFNAALKLLP,Tier1
AVPYPQR,LTC,Tier1
IEAEGE,TVYQ,Tier1
VKL,WPP,Tier1
FYY,PYPQ,Tier1
YYH,ELLI,Tier1
NHH,LPF,Tier1
ADHP,AADNANELFPPN,Tier1
FHH,KLSDW,Tier1
AHH,YLGY,Tier1
LWV,YYM,Tier1
LPAGV,WYSLA,Tier1
IPIQYVL,WPP,Tier1
VDYP,AMTGLDA,Tier1
VYY,TIASGEP,Tier1
HYY,YWVTSGPK,Tier1
LKQELEDLLEKQE,GPGGFI,Tier1
LLPHHH,PHCKRM,Tier1
VHH,YGGFL,Tier1
RWH,AYY,Tier1
LQPGQGQQG,NRVYIHPFHLLVYS,Tier1
LHT,WVYY,Tier1
NGPLQAGQPGER,PWD,Tier1
TTYY,FRSGILKLASKIPSVLCAVLKNC,Tier1
FYY,EERYP,Tier1
NHK,KFPE,Tier1
NPYVPR,KGLWE,Tier1
SHH,YDY,Tier1
WEIKPSSLTGKSPYFSNNHGKL,PYVRYL,Tier1
KVLPVPQK,ARHPHP,Tier1
PHYL,VIPMGL,Tier1
FALPQYLK,NPYVPR,Tier1
WYSLAMAASDI,YYM,Tier1
PHT,AYY,Tier1
HHY,YQL,Tier1
LWH,GAH,Tier1
ESTVPERTHPACPDFN,PWL,Tier1
YVEEL,QCH,Tier1
ESTVPERTHPACPDFN,HLPH,Tier1
PEL,LHH,Tier1
RWN,YVGD,Tier1
FDSGPAGVL,ISELGF,Tier1
LLR,LPF,Tier1
LWF,GQVPP,Tier1
LWM,YFE,Tier1
LARL,DEDTQAMP,Tier1
YSEMPPGK,GQFNDKRWIPFG,Tier1
YQLD,ECA,Tier1
THH,RYPS,Tier1
HHY,DEDTQAMP,Tier1
LELHKLRSSHWFSRR,YYW,Tier1
LLPHHH,VIPMGL,Tier1
YTY,GGE,Tier1
YYR,VSYT,Tier1
ADHP,MILMR,Tier1
FLNDFLHV,RYQ,Tier1
SGQYFL,SGAF,Tier1
PSHDAHPE,FLHRP,Tier1
RWQ,GFWDSVKEGLKNAAVTILNKIKCKISECPPA,Tier1
DSGVT,HDH,Tier1
AMRLTYNRPCIYAT,SGQYFL,Tier1
GPAGPAG,SRYPS,Tier1
WISELG,SRYPS,Tier1
LLPHH,HYVPV,Tier1
LWT,RHG,Tier1
RWW,GFYPPP,Tier1
QYY,VFPW,Tier1
LHI,AYY,Tier1
LWF,LPM,Tier1
PHG,IHH,Tier1
YSEMPPGK,VGDI,Tier1
YYT,SALAM,Tier1
DWDPK,DGVVYY,Tier1
YEADARSFHDLAEHDIRV,GGLEPINFN,Tier1
LHS,YYD,Tier1
DDPDKGMLKWKNDFFQEF,TETWNPNHPEL,Tier1
VKV,YLMSR,Tier1
GPAGPAG,TRTGDPFF,Tier1
IKL,LGNTDYAVH,Tier1
FRDEHKK,RCMAFLLSDGAAAAQQLLPQYW,Tier1
FDSGPAGVL,AMRLTGNRPGLYAT,Tier1
LWS,SALAM,Tier1
LQPGQGQQG,VIPMGL,Tier1
NQE,GALAAH,Tier1
VPSIDDQEELM,AGTTCLFTPLALPYDYSH,Tier1
FDEQE,SGQYFL,Tier1
EYY,PSLVGRPPVGKLTL,Tier1
HVRETALV,FLKPLFNAALKLLP,Tier1
ACFL,GIISHR,Tier1
HHW,VPVTST,Tier1
PKAV,YYL,Tier1
YCY,AEERYP,Tier1
MQFHT,FHNMEK,Tier1
YKY,WISELG,Tier1
YGYTGA,SWN,Tier1
VKL,WEIKPSSLTGKSPYFSNNHGKL,Tier1
PHK,LARL,Tier1
HEH,YPELF,Tier1
PNRPQF,STMMEERRMKVY,Tier1
PKAV,YQEPVLGPVRGPFPIIV,Tier1
LWR,FHH,Tier1
NHK,LTC,Tier1
YYQ,NFHPQ,Tier1
RPPGFSPFR,AIRQGDVF,Tier1
HHPL,MYY,Tier1
NYKQM,PVDENDEG,Tier1
GALAAH,SAEHGSLH,Tier1
VHDY,GALAAH,Tier1
AKYIPIQYVLSRYPSY,WRNRCKGTD,Tier1
ACQ,KKY,Tier1
WYT,AWDPE,Tier1
SHDAHPE,YYR,Tier1
DAQEKLE,YSEMPPGK,Tier1
ADHP,ISELGF,Tier1
VIPAGYP,KTFCGRH,Tier1
PWY,WNIP,Tier1
PSKYEPFV,PHD,Tier1
RHF,YQEP,Tier1
WYSLAMAASDI,YEY,Tier1
PHL,YLGY,Tier1
YEDCTDCGN,DGVVYY,Tier1
PEL,IYY,Tier1
MYY,ADF,Tier1
VKEAMAPK,HNPI,Tier1
VNPHDHQN,GAWA,Tier1
LQPGQGQQG,YYQ,Tier1
SVMPVVA,PKLPPVKK,Tier1
LWR,APIRMWYMYRKLTDMEPKPVA,Tier1
GPGGFI,VKEAMAPK,Tier1
AEAQKQLR,RWR,Tier1
YYE,FVNQPYLLYSVHMK,Tier1
PKAVHE,RHL,Tier1
LWR,PWI,Tier1
FIKK,AYFYPEL,Tier1
LHF,YYR,Tier1
YSTA,CME,Tier1
LVNPHDHQN,LELHKLRSSHWFSRR,Tier1
PHI,YLAGMN,Tier1
HHPLL,MHH,Tier1
PWA,ELLI,Tier1
HLPLPL,FPLEMMPF,Tier1
PHF,AEERYP,Tier1
PHD,YYDPL,Tier1
VECYG,NYY,Tier1
YEADARSFHDLAEHDIRV,LDK,Tier1
HGGEGGRPYHLGEES,GIISHR,Tier1
YYK,TERGY,Tier1
SDF,EERYP,Tier1
PYFNK,YQL,Tier1
MILMR,GFYPPP,Tier1
EYY,AGGF,Tier1
PWR,YYIVS,Tier1
WEGPK,HVCYMF,Tier1
GYY,YFE,Tier1
LHW,YYIVS,Tier1
HHP,PYPQ,Tier1
PWH,YQL,Tier1
IHH,DVFRELRVQ,Tier1
PHW,ISELGY,Tier1
PHM,GPGGFI,Tier1
IKK,AGGF,Tier1
LHM,TSQLLSDQ,Tier1
HEH,EWPAQ,Tier1
YQEPVLGP,YQIGL,Tier1
IANNEADAISLDGGQVFEAG,ARHPHP,Tier1
YYIVS,SGQYFL,Tier1
PYY,YPPAK,Tier1
TGGGNV,VKRRGQDCIHGFCSD,Tier1
AKYIPIQYVLSRYPSY,YYN,Tier1
ESTVPERTHPACPDFN,LTTLDSE,Tier1
PHA,EQC,Tier1
SWN,WNIP,Tier1
LARL,LPAGV,Tier1
WHNVSGSP,FVPH,Tier1
LHT,YGGFM,Tier1
KAI,TGGGNV,Tier1
IIENGEKWS,VPVTST,Tier1
VLPVPQK,LTC,Tier1
LWM,ADGF,Tier1
AQIPQQ,NYKQM,Tier1
VGGRP,DYK,Tier1
PHT,YPFPG,Tier1
VAVDKHDYEPLGHSDIGVY,SIITMTKEAKLPQLWKQIACRLYNTC,Tier1
AKYIPIQYVLSRYPSY,EEYFPVGGDRPESF,Tier1
NYY,HEKVC,Tier1
PAGY,PYFNK,Tier1
GLLDSVKEGLKKVAGQLLDTLKCKISGCTPA,KDVPP,Tier1
LDK,TTYY,Tier1
PHCKRM,DVPPYM,Tier1
KYY,YPIL,Tier1
HEKVC,PYSFK,Tier1
LMCH,LSGYGP,Tier1
PHR,PWV,Tier1
NHAV,HVCYMF,Tier1
MILMR,NHK,Tier1
RASDPLLSV,DHTKE,Tier1
GPP,QVVPYPQ,Tier1
RWR,EQC,Tier1
YVEEL,RADHPF,Tier1
LWR,PHF,Tier1
YYK,STMMEERRMKVY,Tier1
PWN,HMPVTK,Tier1
VAVDKHDYEPLGHSDIGVY,AGGF,Tier1
SYY,LLR,Tier1
SRYPS,GQVPP,Tier1
HLPLPL,VPKVK,Tier1
LQPGQGQQ,RNDDLNYIQ,Tier1
LMCH,YGYTGA,Tier1
MWL,SALAM,Tier1
YGYTGA,GFYPPP,Tier1
EFQL,VAWRNRCKGTD,Tier1
GAWA,YSEMPPGK,Tier1
LHY,ISELGF,Tier1
PHN,LGFEYY,Tier1
GHH,QCL,Tier1
LWR,YVGD,Tier1
PWW,HVCYMF,Tier1
SALAM,AGGF,Tier1
VYY,EWPAQ,Tier1
LQPGQGQQG,RHS,Tier1
VPNSYP,TDY,Tier1
GGE,MILMR,Tier1
PEL,WSVPQPK,Tier1
PHA,HVRETALV,Tier1
PWV,PWY,Tier1
PWN,DHG,Tier1
WPL,LLR,Tier1
GHH,TTYY,Tier1
PSYV,MHIRL,Tier1
LWI,YPI,Tier1
LHT,DHTKE,Tier1
HFGDPFH,VECYG,Tier1
MHIRL,ESTTVPERTHPACPDFN,Tier1
YPPAK,YQIGL,Tier1
YNY,YLL,Tier1
FFAPGRNPTSFS,VKEAMAPK,Tier1
YPPAK,FKK,Tier1
SALAM,ISELWG,Tier1
LWY,AHH,Tier1
AIEWEGIESGSVEQA,CME,Tier1
DYY,YRY,Tier1
QVVPYPQ,YGLN,Tier1
PSKYEPFV,GFGPEL,Tier1
WEN,FPQY,Tier1
VKL,FKK,Tier1
HVRETALV,KLSDW,Tier1
LQPGQGQQG,LHD,Tier1
IRW,SAEHGSLH,Tier1
VKAGFAWTANQQLS,IAPNYNTRATKL,Tier1
PYY,MHH,Tier1
HVCYMF,RADHP,Tier1
AYPS,QKW,Tier1
RHF,FEQL,Tier1
LHF,RCMAFLLSDGAAAAQQLLPQYW,Tier1
MEMK,TEVWDSNEQ,Tier1
YIY,YYY,Tier1
HGPLGPL,QGAR,Tier1
YYG,VPKVK,Tier1
HHLP,AGWNIPIGT,Tier1
VPSIDDQEELM,GVQEGAGHYALL,Tier1
DEDTQAMP,QCH,Tier1
NFHPQ,GLTSK,Tier1
VDHDHPE,CAAP,Tier1
DAQEKLE,LHH,Tier1
YPIL,ADHP,Tier1
HHY,SDRDLLGPNNQYLPK,Tier1
HHPLL,PKLPPVKK,Tier1
LHF,LWD,Tier1
EYY,RADHPF,Tier1
PPK,RWA,Tier1
RHI,AMRLTYNRPCLGAT,Tier1
NGLEGLK,YGYTGA,Tier1
IEAEGE,YQKFPQY,Tier1
WHH,NYY,Tier1
YYK,MHI,Tier1
YYG,WISELG,Tier1
ALEPDHR,AWDPE,Tier1
IPIQYVL,HEH,Tier1
VHHANEN,YYW,Tier1
MTEEY,WEN,Tier1
HMPVTK,PVDENDEG,Tier1
PSYV,RHT,Tier1
KFPE,WEN,Tier1
RYY,YQEPVLGPVRGPFPIIV,Tier1
YEADARSFHDLAEHDIRV,SGQYFL,Tier1
YVEEL,TEFTK,Tier1
GLLDSVKEGLKKVAGQLLDTLKCKISGCTPA,LVSK,Tier1
AMRLTYNRPCIYAT,NPYVPR,Tier1
SYY,GVPLT,Tier1
VVKL,PHS,Tier1
YFY,MTEEY,Tier1
LHE,HDH,Tier1
AMRLTGNRPGLYAT,ISELWG,Tier1
YLAGMN,YLKT,Tier1
PWQ,NHRYDR,Tier1
SVYT,GLLDSVKEGLKKVAGQLLDTLKCKISGCTPA,Tier1
LQPGQGQQG,GPGGFI,Tier1
NRVYIHPFHLLVYS,FVNQPYLLYSVHMK,Tier1
HWH,QKW,Tier1
RHQ,LAPSLPGKPKPD,Tier1
WISELGW,IVEYF,Tier1
YGY,SIITMTKEAKLPQLWKQIACRLYNTC,Tier1
VKP,VLVPK,Tier1
YFE,DEDTQAMP,Tier1
LHF,WIRGCRL,Tier1
PYFNK,VLSRYPS,Tier1
GVPLT,IPAGM,Tier1
CAQ,AYFYPE,Tier1
RHS,LEEAF,Tier1
DRVYIHPF,TYQTF,Tier1
LHH,YLMSR,Tier1
NRVYIHPFHLLVYS,EFQI,Tier1
FPLEMMPF,AYFYPE,Tier1
TYY,GPAGPAG,Tier1
MWL,ISELGY,Tier1
LEEAF,AMRLTYNRPCIYAT,Tier1
VKEAMPK,YQEPVLGPVRGPFPIIV,Tier1
PKAV,PWV,Tier1
IKL,GTW,Tier1
WSVPQPK,GEC,Tier1
DPALATEPDPMPF,ETTL,Tier1
DRVYIHPF,AIRQGDVF,Tier1
IANNEADAISLDGGQVFEAG,PVDENDEG,Tier1
LPTSEAAKY,LWW,Tier1
RWW,PSLVGRPPVGKLTL,Tier1
PHY,CHI,Tier1
PWI,YYG,Tier1
PHT,PHYL,Tier1
QGAR,WEN,Tier1
PHV,DHG,Tier1
LVGDEQAVPAVCVP,HDH,Tier1
YYA,ARHPHP,Tier1
YYD,FYY,Tier1
YQL,CME,Tier1
ESTVPERTHPACPDFN,FLNDFLHV,Tier1
LPTSEAAKY,YGGFM,Tier1
DYY,DVFRELRVQ,Tier1
GFFDRIKALTKNVTLELLNTITCKLPVTPP,VGDI,Tier1
HVRETALV,GGLEPINFN,Tier1
YSTA,AGTTCLFTPLALPYDYSH,Tier1
YYQ,FVPH,Tier1
VKAGFAWTANQQLS,GAWA,Tier1
YFE,HVCYMF,Tier1
LNLPTAVYMVT,IYIEQGNGITGM,Tier1
NYKQM,TEFTK,Tier1
ADHP,VFPW,Tier1
VAMVPPFET,SAEHGSLH,Tier1
LNLPTAVYMVT,ACQ,Tier1
VHHANEN,PSKYEPFV,Tier1
TCSP,VKEAMAPK,Tier1
KHNRGDEF,PHM,Tier1
TIIPLPV,YPELF,Tier1
VHDY,AIEWEGIESGSVEQA,Tier1
YPFPG,PGVPWP,Tier1
YRY,GAH,Tier1
YLY,SFGAKNAVKNGLQKLRNQCQANNYQGPFCDIFKKNP,Tier1
YAEERYPIL,YPI,Tier1
LWA,FIPGLRRLFATVVPTVVCAINKLPPG,Tier1
YPFPG,WISELGW,Tier1
HFH,IKK,Tier1
YTY,YYT,Tier1
IPIQYVL,RWI,Tier1
LEELEEELEGCE,WEIKPSSLTGKSPYFSNNHGKL,Tier1
LLPHHH,PWS,Tier1
VPNSYP,VGGRP,Tier1
LHQ,WDDMEK,Tier1
PHV,YPIL,Tier1
LGLNGDDVN,TYY,Tier1
HHPL,NYKQM,Tier1
LHE,EQC,Tier1
SGQYFL,DYK,Tier1
LELHKLRSSHWFSRR,PVMGA,Tier1
VECYGPNRPQF,AKAWGIPPHVIPQIVPVRIRPLCGNV,Tier1
LHR,PYPQ,Tier1
YLY,YYW,Tier1
WSY,VAWRNRCKGTD,Tier1
HFGDPFH,IEEAF,Tier1
LLPHHH,MTEEY,Tier1
TETWNPNHPEL,CQC,Tier1
WNIP,YQLD,Tier1
EYY,FIPGLRRLFATVVPTVVCAINKLPPG,Tier1
HDH,LGNTDYAVH,Tier1
NADFGLNGLEGLA,VKRRGQDCIHGFCSD,Tier1
PHI,VKEAMPK,Tier1
EYY,YYD,Tier1
LHK,IRGCRL,Tier1
VHH,YEDCTDCGN,Tier1
NQE,TRTGDPFF,Tier1
LPYY,VPKVK,Tier1
PPK,DHG,Tier1
HLPLPL,SALAM,Tier1
PHF,PWS,Tier1
LPHH,RYLGY,Tier1
GALAAH,YYDPL,Tier1
VCSV,LYEGY,Tier1
LVDTGRGPIMY,KLSDW,Tier1
YQEP,SIITMTKEAKLPQLWKQIACRLYNTC,Tier1
PEL,DGVVYY,Tier1
PHN,QWPAQ,Tier1
FYPEL,RYQ,Tier1
RWR,MQFHT,Tier1
LHI,GWNI,Tier1
LWI,FFAPGRNPTSFS,Tier1
YYR,WSY,Tier1
HWH,RPNYTDA,Tier1
FDSGPAGVL,PSIPA,Tier1
LQSGDALRVPSGTTYY,YGLN,Tier1
RADHPFL,YPELF,Tier1
IKL,LLHH,Tier1
PWV,KDVPP,Tier1
LWE,PWA,Tier1
YEDCTDCGN,WIRGCRL,Tier1
WDDMEK,AWDPE,Tier1
HGGEGGRPYHLGEES,ESTTVPERTHPACPDFN,Tier1
MHH,LYEGY,Tier1
LWF,MHIRL,Tier1
QYY,MILMR,Tier1
PPK,PWY,Tier1
MYY,YVEEL,Tier1
HHPL,AYFYPE,Tier1
PHF,PYFNK,Tier1
LLPHHH,RWN,Tier1
GFFDRIKALTKNVTLELLNTITCKLPVTPP,LGFEY,Tier1
PPK,VPW,Tier1
RWG,VYY,Tier1
SHH,YEDCTDCGN,Tier1
HLH,GFFDRIKALTKNVTLELLNTITCKLPVTPP,Tier1
ESTTVPERTHPACPDFN,FKK,Tier1
LELHKLRSSHWFSRR,VGGRP,Tier1
PWI,IANNEADAISLDGGQVFEAG,Tier1
YSY,WHNVSGSP,Tier1
NYKQM,HDHPVC,Tier1
PWR,TGGGNV,Tier1
AGWNIP,MEMK,Tier1
PSKYEPFV,PHY,Tier1
YQY,AMRLTGNRPGLYAT,Tier1
CYGPNR,RYQ,Tier1
PWG,FDEQE,Tier1
LWI,WVYY,Tier1
FKK,ISELGY,Tier1
FYQL,AWIRGCRL,Tier1
AKYIPIQYVLSRYPSY,LGFEYY,Tier1
VHHANEN,RCMAFLLSDGAAAAQQLLPQYW,Tier1
YNL,FHNMEK,Tier1
LHPH,RWL,Tier1
LHD,GIFE,Tier1
QGAR,WHNVSGSP,Tier1
THH,IVEYF,Tier1
RWR,YNY,Tier1
IHH,YQIGL,Tier1
FYY,EQC,Tier1
LQPGQGQQ,WYY,Tier1
GVPLT,RADHP,Tier1
VLPVPQK,WDR,Tier1
LPHH,IANNEADAISLDGGQVFEAG,Tier1
MWL,RYQ,Tier1
VECYG,VKP,Tier1
EEEQVGQGYETIRARL,KGLWE,Tier1
PWH,IHH,Tier1
LWD,SGQYFL,Tier1
DSGVT,YYI,Tier1
PWN,WEGPK,Tier1
RWH,TIIPLPV,Tier1
GAWA,GLLDSVKEGLKKVAGQLLDTLKCKISGCTPA,Tier1
GPAGPAG,YYDPL,Tier1
VDHDHPE,KYL,Tier1
EELDNALN,PWF,Tier1
HHLP,EFLQ,Tier1
PMDYMVT,YNI,Tier1
IPAGV,LSGNK,Tier1
IEAEGE,TSQLLSDQ,Tier1
LGLNGDDVN,YLGY,Tier1
WHH,VYY,Tier1
YGYTGA,VLEANPRSF,Tier1
YYM,YQIGL,Tier1
YLY,AMRLTYNKPCLYGT,Tier1
THH,NYY,Tier1
LQSGDALRVPSGTTYY,WYT,Tier1
YPIL,TVYQ,Tier1
HWH,IPAGM,Tier1
VHHANEN,CSQAPLA,Tier1
VLPVPQK,QYP,Tier1
LWT,AMRLTYNRPCLGAT,Tier1
YFY,GGE,Tier1
TERGY,TDY,Tier1
IEAEGE,PWL,Tier1
LHK,FHNMEK,Tier1
PKAV,FLNDFLHV,Tier1
LEELEEELEGCE,FLKPLFNAALKLLP,Tier1
RHT,FLQEFLHV,Tier1
YLY,SDRDLLGPNNQYLPK,Tier1
YHY,GEC,Tier1
LHE,SRYPS,Tier1
TERGY,AEEEYPDL,Tier1
PYPQ,WYSLAM,Tier1
LWE,YYDPL,Tier1
WYSL,WHNVSGSP,Tier1
VLYEE,RYLG,Tier1
YAEERYPIL,PYPQ,Tier1
IKK,RYL,Tier1
LHG,RNDDLNYIQ,Tier1
GYY,CQC,Tier1
AQIPQQ,QYY,Tier1
CYGPNR,HHLP,Tier1
PVMGA,YQEPVLGP,Tier1
LHPH,ETTL,Tier1
WYSL,YLGY,Tier1
FHH,IRGCRL,Tier1
YLYP,YYM,Tier1
FYQL,DWDPK,Tier1
RYY,WSVPQPK,Tier1
HGGEGGRPYHLGEES,ALEPDHR,Tier1
PHHADS,PVDENDEG,Tier1
NRVYIHPFHLLVYS,PGVPWP,Tier1
CAAP,LNLPTAVYMVT,Tier1
EEEQVGQGYETIRARL,IKK,Tier1
PWQ,GPAGPAG,Tier1
THH,MHI,Tier1
YPIL,ARHPHP,Tier1
PEL,FFGFN,Tier1
YPIL,LQGM,Tier1
LQSGDALRVPSGTTYY,CHI,Tier1
VHDY,IQY,Tier1
VPSGK,RWR,Tier1
RYPS,PSLVGRPPVGKLTL,Tier1
FEQL,LGFEY,Tier1
PWL,RWW,Tier1
LWG,TEFTK,Tier1
RHG,KLSDW,Tier1
PKAVHE,FIPGLRRLFATVVPTVVCAINKLPPG,Tier1
PHI,QGAR,Tier1
PMDYMVT,LWW,Tier1
ISELGF,LAC,Tier1
PAGY,LWR,Tier1
LYY,YLG,Tier1
VNPHDHQN,ISELGF,Tier1
HPLH,AWDPE,Tier1
VKEAMPK,ETTL,Tier1
VNPHDHQN,DYK,Tier1
KHNRGDEF,YLL,Tier1
HFGDPFH,ARHPHP,Tier1
PHT,ALEPDHR,Tier1
SHDAHPE,SGQYFL,Tier1
FLHRP,GVQEGAGHYALL,Tier1
YSEMPPGK,YAKPA,Tier1
DHG,AGTTCLFTPLALPYDYSH,Tier1
HFGDPFH,HHP,Tier1
LNLPTAVYMVT,NFHPQ,Tier1
LHQ,PHK,Tier1
LHW,CQC,Tier1
GFPSG,VIPMGL,Tier1
QYDQGV,GFYPPP,Tier1
EFQI,WISELGW,Tier1
PHHADS,DHG,Tier1
THH,TEFTK,Tier1
LQL,VLVPK,Tier1
YQEP,AIRQGDVF,Tier1
LWH,CQC,Tier1
RNR,APIRMWYMYRKLTDMEPKPVA,Tier1
YAEERYPIL,PWQ,Tier1
LWV,ARHPHPHLSFM,Tier1
EYY,YPIL,Tier1
YGY,QYDQGV,Tier1
LYEGY,NEN,Tier1
MHIRL,GIISHR,Tier1
RWE,AYFYPE,Tier1
FDSGPAGVL,PHCKRM,Tier1
NGLEGLK,AGTTCLFTPLALPYDYSH,Tier1
LHY,FIKK,Tier1
AIEWEGIESGSVEQA,ARHPHP,Tier1
AMRLTYNKPCLYGT,RYQ,Tier1
LWV,HYVPV,Tier1
PHL,WRNRCKGTD,Tier1
LWI,LGNTDYAVH,Tier1
TEFTK,GFGPEL,Tier1
VLPVPQK,ALEPDHR,Tier1
TDY,YLGY,Tier1
QYY,HQIYPV,Tier1
QWPAQ,VAGTWY,Tier1
SVYT,AWIRGCRL,Tier1
YYH,LANAK,Tier1
YYF,QVVPYPQ,Tier1
YGGFL,RYL,Tier1
PHD,RYPS,Tier1
RWI,MQFHT,Tier1
VPSIDDQEELM,PWH,Tier1
HLHP,YQK,Tier1
LMCH,QHH,Tier1
YCY,WYSLAM,Tier1
LGFEYY,CSQAPLA,Tier1
PHA,PWQ,Tier1
WYSLAMA,DHG,Tier1
LWH,CSQAPLA,Tier1
PHH,NEN,Tier1
AGWNIPIGT,ADGF,Tier1
KYY,RADHPF,Tier1
WYSLAMAASDI,QYY,Tier1
LLHH,YHY,Tier1
MYY,GTW,Tier1
RDMPIQ,LFC,Tier1
PPQ,YYH,Tier1
FEQL,YVL,Tier1
PHN,GIISHR,Tier1
GYLEQ,DVFRELRVQ,Tier1
YYY,HQIYPV,Tier1
YYW,HVCYMF,Tier1
RWL,HDHPVC,Tier1
RHW,WNIP,Tier1
ESTVPERTHPACPDFN,PHT,Tier1
AMTGLDA,DGVVYY,Tier1
DHG,WIRGCRL,Tier1
YYT,RLKKY,Tier1
PHA,TSQLLSDQ,Tier1
LWK,HDH,Tier1
RHE,CME,Tier1
AADNANELFPPN,VKRRGQDCIHGFCSD,Tier1
HHY,ETTL,Tier1
EEYFPVGGDRPESF,YPIL,Tier1
LWY,NHK,Tier1
WYY,MHI,Tier1
PHV,RCMAFLLSDGAAAAQQLLPQYW,Tier1
HHPL,VYY,Tier1
FLKPLFNAALKLLP,VAMVPPFET,Tier1
VVKL,GFPSG,Tier1
YYQ,CLV,Tier1
AMTGLDA,QLGNLGV,Tier1
LKQELEDLLEKQE,HQIYPV,Tier1
WYT,NYKQM,Tier1
TVYQ,LAPSLPGKPKPD,Tier1
LLR,CQC,Tier1
HHPLL,YWVTSGPK,Tier1
DYY,NHAV,Tier1
YLYP,PHE,Tier1
RYY,HVRETALV,Tier1
IPAGM,YNL,Tier1
YEY,CAAP,Tier1
YYM,SAEHGSLH,Tier1
HHLP,LLHH,Tier1
MWL,LAPSLPGKPKPD,Tier1
DSGVT,PHCKRM,Tier1
PWD,AWDPE,Tier1
RHE,LYEGY,Tier1
LGLNGDDVN,GPP,Tier1
EELDNALN,DVFRELRVQ,Tier1
IHH,WYSLAM,Tier1
HQIYPV,VKRRGQDCIHGFCSD,Tier1
PHCKRM,TDY,Tier1
HDH,IRW,Tier1
RPPGFSPFR,YQK,Tier1
HHY,QHH,Tier1
LHQ,CHI,Tier1
SIITMTKEAKLPQLWKQIACRLYNTC,FLPF,Tier1
WYS,VAMVPPFET,Tier1
LVNPHDHQN,GGLEPINFN,Tier1
LPL,LANAK,Tier1
KVI,LNGDVW,Tier1
HNPI,KKY,Tier1
YYL,GPP,Tier1
GVPLT,WYGPD,Tier1
LHY,PHYL,Tier1
AEAQKQLR,HPLH,Tier1
KVI,NHAV,Tier1
PWI,YIPIQY,Tier1
VLSRYPS,APIRMWYMYRKLTDMEPKPVA,Tier1
HFH,PSDHDHE,Tier1
VKEAMPK,VCSV,Tier1
PWR,IYIEQGNGITGM,Tier1
LWA,WPP,Tier1
LLPH,TRTGDPFF,Tier1
GEGSGA,YQEPVLGPVRGPFPIIV,Tier1
CVHWMTNTARTACIAP,YQKFPQY,Tier1
LWK,YRY,Tier1
RHA,AGGF,Tier1
MYY,RADHPF,Tier1
FEQL,TERGY,Tier1
KYY,YYDPL,Tier1
LPYY,LHR,Tier1
PHH,LNGDVW,Tier1
WYSLAMAASDI,ALEPDHR,Tier1
FHH,AAVGGYRVAVL,Tier1
RADHPF,YWVTSGPK,Tier1
LHE,DDPDKGMLKWKNDFFQEF,Tier1
RHI,WSRRGEREEEDERRR,Tier1
IPAGM,GPAGPAG,Tier1
YVEEL,EFIQ,Tier1
RHK,AMRLTYNKPCLYGT,Tier1
VNPHDHQN,RWL,Tier1
PHA,WYY,Tier1
RHT,LEQQVDDLEGSLEQEKK,Tier1
PWG,TYY,Tier1
YGYTGA,LPM,Tier1
LVNPHDHQN,LGNTDYAVH,Tier1
YMY,LVDTGRGPIMY,Tier1
YYV,FIGP,Tier1
QGAR,LNLPTAVYMVT,Tier1
LMCH,VECYGPNRPQF,Tier1
LPHSGY,YAKP,Tier1
HFGDPFH,LGLNGDDVN,Tier1
TYY,MHI,Tier1
LLHH,YYIVS,Tier1
VKAGFAWTANQQLS,VKP,Tier1
ADF,CSQAPLA,Tier1
LWD,VLEANPRSF,Tier1
WHH,TCSP,Tier1
HPH,PHQ,Tier1
LLPHH,LPHSGY,Tier1
RHN,RHV,Tier1
LWA,WEIKPSSLTGKSPYFSNNHGKL,Tier1
TGGGNV,FYQL,Tier1
KHNRGDEF,VFPW,Tier1
QGAR,STMMEERRMKVY,Tier1
AKYIPIQYVLSRYPSY,YLGY,Tier1
TCSP,ISELGF,Tier1
LLPHH,YYT,Tier1
GFPSG,YYDPL,Tier1
LWW,FLNDFLHV,Tier1
HYH,AYY,Tier1
FGHPY,IQY,Tier1
VPSGK,PWA,Tier1
VECYGPNRPQF,DEDTQAMP,Tier1
KHNRGDEF,PKLPPVKK,Tier1
IEEAF,SDRDLLGPNNQYLPK,Tier1
LWQ,QLGNLGV,Tier1
LHN,FPQY,Tier1
HQIYPV,RYQ,Tier1
RHV,IRGCRL,Tier1
PLFQNKLAHAK,ECA,Tier1
RWI,HVCYMF,Tier1
EFLQ,GQFNDKRWIPFG,Tier1
RHV,RWL,Tier1
LLPHH,IYIEQGNGITGM,Tier1
LHT,LWN,Tier1
MHI,DLEE,Tier1
FLNDFLHV,LGY,Tier1
LWI,RPNYTDA,Tier1
LWF,EEYFPVGGDRPESF,Tier1
VKL,YGYTGA,Tier1
HHP,YYH,Tier1
WPL,CSQAPLA,Tier1
WHH,KGLWE,Tier1
RHS,YGYTGA,Tier1
VSYT,GLLDSVKEGLKKVAGQLLDTLKCKISGCTPA,Tier1
VIPAGYP,PWW,Tier1
LWV,RHK,Tier1
IPAGM,TDY,Tier1
VKAGFAWTANQQLS,NFHPQ,Tier1
IPAGM,SVYT,Tier1
ISELGF,RPNYTDA,Tier1
LTTLDSE,GGLEPINFN,Tier1
VLEANPRSF,AADNANELFPPN,Tier1
YEADARSFHDLAEHDIRV,SALAM,Tier1
YLYP,MTEEY,Tier1
PWL,MPACGSS,Tier1
AHH,FVNQPYLLYSVHMK,Tier1
PHD,GFYPPP,Tier1
YYM,LNLPTAVYMVT,Tier1
YSTA,LDY,Tier1
LHS,YLGY,Tier1
PSIPA,AMRLTYNKPCLYGT,Tier1
PHA,PSLPA,Tier1
PWR,YHH,Tier1
LWK,WEN,Tier1
PKAVHE,LHI,Tier1
LHM,YHH,Tier1
LMCH,AEERYP,Tier1
LHS,YYK,Tier1
SDF,AADNANELFPPN,Tier1
YYW,FFAPGRNPTSFS,Tier1
RWQ,MTEEY,Tier1
VPSGK,YSY,Tier1
PHE,PWN,Tier1
YTY,PYVRYL,Tier1
RWE,YVL,Tier1
LPHH,GYLEQ,Tier1
RHE,YYG,Tier1
PKAV,PHY,Tier1
RHF,YYT,Tier1
YQY,LANAK,Tier1
AIEWEGIESGSVEQA,FLKPLFNAALKLLP,Tier1
PPQ,HMPVTK,Tier1
LNLPTAVYMVT,VLSRYPS,Tier1
LQPGQGQQG,LEEAF,Tier1
FLPF,SGAF,Tier1
LGFEYY,RNDDLNYIQ,Tier1
PYVRYL,SRYPS,Tier1
LVGDEQAVPAVCVP,IPAGM,Tier1
ALEPDHR,AEEEYPDL,Tier1
PHR,YIPIQY,Tier1
PPQ,HPH,Tier1
TGGGNV,TERGY,Tier1
RWL,YLAGMN,Tier1
YPEL,LVGDEQAVPAVCVP,Tier1
AYY,YNY,Tier1
VPSIDDQEELM,RADHP,Tier1
FYPEL,HPHL,Tier1
RASDPLLSV,DGVVYY,Tier1
PWH,YVEEL,Tier1
PHV,FHNMEK,Tier1
AMTGLDA,FLHRP,Tier1
RWQ,NPYVPR,Tier1
FFAPGRNPTSFS,LDK,Tier1
PMDYMVT,ISELGY,Tier1
ELLI,GQFNDKRWIPFG,Tier1
YYD,APIRMWYMYRKLTDMEPKPVA,Tier1
RWL,YQL,Tier1
YWY,WISELGW,Tier1
WRNRCKGTD,KLSDW,Tier1
HEH,YNL,Tier1
IYY,GTW,Tier1
LHT,WRNRCKGTD,Tier1
RHT,VVGGDGDV,Tier1
YHH,CHI,Tier1
HYH,WYSLAMA,Tier1
RHQ,LYEGY,Tier1
LGFEYY,WIRGCRL,Tier1
PEL,EERYP,Tier1
PPQ,RDMPIQ,Tier1
RWR,GSGGL,Tier1
WYY,MEMK,Tier1
HHPLL,GGLEPINFN,Tier1
PGVPWP,VAGTWY,Tier1
YPI,RCMAFLLSDGAAAAQQLLPQYW,Tier1
LLPH,YYF,Tier1
HLHP,LGFEYY,Tier1
HLHP,AHH,Tier1
YHH,YNL,Tier1
TYY,PSIPA,Tier1
CYGPNR,ARHPHP,Tier1
VKL,LDK,Tier1
VNPHDHQN,RYPS,Tier1
LQSGDALRVPSGTTYY,PYPQ,Tier1
WRNRCKGTD,CME,Tier1
YEADARSFHDLAEHDIRV,ECA,Tier1
MHIRL,CSQAPLA,Tier1
AYFYPE,YQK,Tier1
GHH,HNPI,Tier1
LDK,MEMK,Tier1
WYS,TSQLLSDQ,Tier1
SFGAKNAVKNGLQKLRNQCQANNYQGPFCDIFKKNP,AMRLTYNKPCLYGT,Tier1
LLPH,PHE,Tier1
NYY,GLTSK,Tier1
IKL,NYKQM,Tier1
SDF,RCMAFLLSDGAAAAQQLLPQYW,Tier1
NRVYIHPFHLLVYS,SDRDLLGPNNQYLPK,Tier1
AVPYPQR,SDF,Tier1
RHW,NHRYDR,Tier1
RHK,RADHP,Tier1
HEKVC,DLEE,Tier1
FHH,HHW,Tier1
EELDNALN,YFE,Tier1
IIENGEKWS,MQFHT,Tier1
LHK,KGLWE,Tier1
YYE,GFFDRIKALTKNVTLELLNTITCKLPVTPP,Tier1
LWF,ARHPHPHLSFM,Tier1
PKAVHE,LHN,Tier1
FIPGLRRLFATVVPTVVCAINKLPPG,GQVPP,Tier1
LALPA,FFGFN,Tier1
FYY,GWNI,Tier1
YYV,YEDCTDCGN,Tier1
FKK,RYLG,Tier1
PKAV,GFPSG,Tier1
AQIPQQ,YTY,Tier1
PMDYMVT,VGDI,Tier1
NYY,DHTKE,Tier1
PWD,PWE,Tier1
GYY,VHDY,Tier1
PHR,PIAAEVYEHTEGSTTSY,Tier1
YIPIQY,SAEHGSLH,Tier1
PPQ,GTQY,Tier1
RHY,NHH,Tier1
YYH,GEGSGA,Tier1
HLHP,EERYP,Tier1
PSYV,FLKPLFNAALKLLP,Tier1
YYIVS,LPM,Tier1
FYY,VKEAMAPK,Tier1
SVYT,VKCFR,Tier1
PHY,IEEAF,Tier1
RHI,FLKPLFNAALKLLP,Tier1
WSY,KGLWE,Tier1
YYQ,WNIP,Tier1
YYK,FFGFN,Tier1
LLPH,LLPHHH,Tier1
EFQI,YLG,Tier1
YDY,QYY,Tier1
KVI,LHW,Tier1
RPNYTDA,LLPF,Tier1
RHI,AADNANELFPPN,Tier1
PSKYEPFV,YNY,Tier1
GPAGPAG,NPYVPR,Tier1
LPHSGY,KGLWE,Tier1
PKAVHE,PAGY,Tier1
YYF,KFPE,Tier1
LHI,GFGPEL,Tier1
FYPEL,YYN,Tier1
YEADARSFHDLAEHDIRV,IRW,Tier1
QVVPYPQ,VAWRNRCKGTD,Tier1
WYSLAMAASDI,LHE,Tier1
HPLH,TETWNPNHPEL,Tier1
PWV,EFLQ,Tier1
LYPY,YYS,Tier1
SHDAHPE,LSGNK,Tier1
LLPHHH,HMPVTK,Tier1
NGPLQAGQPGER,PHR,Tier1
PSYV,AGWNI,Tier1
AIEWEGIESGSVEQA,AWIRGCRL,Tier1
SRYPS,KFPE,Tier1
HYH,YLMSR,Tier1
LPTSEAAKY,RWY,Tier1
VLPVPQK,CLV,Tier1
KYL,YLGY,Tier1
IKL,RDMPIQ,Tier1
PHI,HYY,Tier1
PEL,AVPYPQR,Tier1
IHH,LEEAF,Tier1
IPAGV,SVYT,Tier1
LHV,PHK,Tier1
PPK,DDPDKGMLKWKNDFFQEF,Tier1
FRDEHKK,TTYY,Tier1
PEL,NGPLQAGQPGER,Tier1
IIENGEKWS,PYVRYL,Tier1
VHH,FRDEHKK,Tier1
VPSGK,YLAGMN,Tier1
LWG,QHH,Tier1
LWW,YYF,Tier1
YPPAK,RADHPFL,Tier1
QWPAQ,WDDMEK,Tier1
LPAGV,MHI,Tier1
NADFGLNGLEGLA,PHQ,Tier1
PWL,YAKP,Tier1
PHG,YYY,Tier1
FIKK,PKLPPVKK,Tier1
WNIP,LVMFLDNQHRVIRH,Tier1
LLPHH,PHL,Tier1
WYS,YVGD,Tier1
LLHH,GIFE,Tier1
QKW,GFYPPP,Tier1
LTC,DLEE,Tier1
DHTKE,LTC,Tier1
WHNVSGSP,DHG,Tier1
LPTSEAAKY,YYK,Tier1
RLKKY,TETWNPNHPEL,Tier1
LLHH,LVMFLDNQHRVIRH,Tier1
PHI,YKY,Tier1
LANAK,YLGY,Tier1
HHP,KFPE,Tier1
YIY,KYL,Tier1
AKYIPIQYVLSRYPSY,RHH,Tier1
NHRYDR,NFHPQ,Tier1
YVY,YQLD,Tier1
HLPLPL,GPGGFI,Tier1
LWQ,TTYY,Tier1
YYS,AWDPE,Tier1
YNL,FLQEFLHV,Tier1
GFWDSVKEGLKNAAVTILNKIKCKISECPPA,FVPH,Tier1
HHP,VGGRP,Tier1
YIY,MEMK,Tier1
LWK,KVLPVPQK,Tier1
SNAAC,GTW,Tier1
AQIPQQ,MPDAHL,Tier1
AADNANELFPPN,RCMAFLLSDGAAAAQQLLPQYW,Tier1
NQE,PSIPA,Tier1
LWA,YYM,Tier1
QHGV,YQKFP,Tier1
YNL,VGGRP,Tier1
HFH,HDHPVC,Tier1
LHY,NEN,Tier1
NYKQM,AEEEYPDL,Tier1
QYY,VLEANPRSF,Tier1
IEAEGE,PWA,Tier1
VKEAMPK,YQEP,Tier1
EFQI,DVPPYM,Tier1
YHH,YYW,Tier1
RWQ,TEVWDSNEQ,Tier1
LPHH,HMPVTK,Tier1
WYT,QCL,Tier1
YYL,FIPGLRRLFATVVPTVVCAINKLPPG,Tier1
WVYY,EERYP,Tier1
AGWNIPIGT,MEMK,Tier1
VVKL,PWA,Tier1
PSKYEPFV,RHPHP,Tier1
HPH,IKK,Tier1
HHY,YWVTSGPK,Tier1
VKEAMPK,QKW,Tier1
LKQELEDLLEKQE,HDH,Tier1
YPPAK,QHGV,Tier1
IYY,IEEAF,Tier1
GALAAH,MHIRL,Tier1
VPSIDDQEELM,TEFTK,Tier1
EERYP,APIRMWYMYRKLTDMEPKPVA,Tier1
RHPHP,RPNYTDA,Tier1
YYIVS,PSLVGRPPVGKLTL,Tier1
RHM,AWDPE,Tier1
DSGVT,HLPLPL,Tier1
PWA,WDDMEK,Tier1
VKV,AMTGLDA,Tier1
LELHKLRSSHWFSRR,EFQL,Tier1
HPLH,LAPSLPGKPKPD,Tier1
PHD,RWA,Tier1
LHY,PYFNK,Tier1
RADHPFL,VGDI,Tier1
KAI,PSLVGRPPVGKLTL,Tier1
LHI,AVPYPQR,Tier1
PSHDAHPE,LEEAF,Tier1
VIPMGL,SDRDLLGPNNQYLPK,Tier1
AKAWGIPPHVIPQIVPVRIRPLCGNV,YGLN,Tier1
LPHH,GGIF,Tier1
NRVYIHPFHLLVYS,IANNEADAISLDGGQVFEAG,Tier1
PWQ,GVPLT,Tier1
PHF,WISELG,Tier1
YLAGMN,NHAV,Tier1
PLFQNKLAHAK,FFGFN,Tier1
VQYPVEHPNKFLKFGMTPSKGVLFY,CQC,Tier1
KVI,LWM,Tier1
LWR,SAEHGSLH,Tier1
FVAGK,WYY,Tier1
RHD,YYG,Tier1
YSTA,FVNQPYLLYSVHMK,Tier1
NADFGLNGLEGLA,ISELGW,Tier1
YLY,IAPNYNTRATKL,Tier1
VDYP,FVNQPYLLYSVHMK,Tier1
PHR,YYQ,Tier1
FEQI,IYPF,Tier1
WNIP,WDR,Tier1
ECA,VAGTWY,Tier1
RPPGFSPFR,LLR,Tier1
AEAQKQLR,DVPPYM,Tier1
CYGPNR,YKY,Tier1
YYL,VHDY,Tier1
LHR,LTTLDSE,Tier1
VKP,LVMFLDNQHRVIRH,Tier1
KYL,SGAF,Tier1
PWF,VHDY,Tier1
RHH,YVEEL,Tier1
LELHKLRSSHWFSRR,ARHPHP,Tier1
LHW,LWW,Tier1
PLFQNKLAHAK,HYH,Tier1
VAVDKHDYEPLGHSDIGVY,LGFEYY,Tier1
PHT,YYQ,Tier1
LHPH,YYM,Tier1
GAH,FIKK,Tier1
ADHP,WYSLA,Tier1
LHL,VGGRP,Tier1
PHD,RHQ,Tier1
YPI,FVNQPYLLYSVHMK,Tier1
HLHP,VLVPK,Tier1
CYGPNR,TIASGEP,Tier1
LELHKLRSSHWFSRR,MYY,Tier1
YQY,WEGPK,Tier1
WEGPK,VAMVPPFET,Tier1
PWY,GHH,Tier1
ARHPHPHLSFM,WYSLAMA,Tier1
EEEQVGQGYETIRARL,RYPS,Tier1
VDYP,MWL,Tier1
KYY,WYSLAM,Tier1
LHD,PWY,Tier1
PHA,YDY,Tier1
HPHL,YPPAK,Tier1
LWE,VQYPVEHPNKFLKFGMTPSKGVLFY,Tier1
KHNRGDEF,LWK,Tier1
PAGY,GQFNDKRWIPFG,Tier1
PHHADS,PHV,Tier1
IKL,WYSLA,Tier1
LHS,YVGD,Tier1
YYM,YEDCTDCGN,Tier1
DYY,TEVWDSNEQ,Tier1
IEAEGE,ESTVPERTHPACPDFN,Tier1
PHI,TTYY,Tier1
LYPY,RWH,Tier1
GAWA,LALPA,Tier1
YYQ,GPLGLLGFLGPLGLS,Tier1
QHH,FRADHPFL,Tier1
GAWA,WEN,Tier1
PHT,WYT,Tier1
LWT,AIEWEGIESGSVEQA,Tier1
PHA,GFWDSVKEGLKNAAVTILNKIKCKISECPPA,Tier1
LWE,PSLPA,Tier1
MHI,YQKFPQY,Tier1
FLNDFLHV,LEEAF,Tier1
PWE,GFFDRIKALTKNVTLELLNTITCKLPVTPP,Tier1
LLPHH,LPF,Tier1
GPGGFI,HVCYMF,Tier1
HYY,LPL,Tier1
PWW,FLPF,Tier1
YEDCTDCGN,WDR,Tier1
PHG,YPIL,Tier1
AEAQKQLR,LPF,Tier1
KLSDW,YQK,Tier1
DSGVT,LEEAF,Tier1
PVMGA,GTW,Tier1
RADHP,APIRMWYMYRKLTDMEPKPVA,Tier1
FYY,QHGV,Tier1
RHW,PYSFK,Tier1
LQPGQGQQG,DEDTQAMP,Tier1
PHHADS,YPPAK,Tier1
WYT,AGTTCLFTPLALPYDYSH,Tier1
NGPLQAGQPGER,FFGFN,Tier1
LHH,PYSFK,Tier1
TDY,ADGF,Tier1
RYY,TTYY,Tier1
LPHSGY,IIENGEKWS,Tier1
PHM,ADF,Tier1
RWT,KVLPVPQK,Tier1
RYQ,RASDPLLSV,Tier1
LLR,YVGD,Tier1
YYT,ISELGW,Tier1
GSGGL,ECA,Tier1
GAH,AIRQGDVF,Tier1
DAQEKLE,EFQI,Tier1
MHIRL,VIPMGL,Tier1
NGLEGLK,ESTVPERTHPACPDFN,Tier1
VVGGDGDV,ELLI,Tier1
PHS,AIRQGDVF,Tier1
YEADARSFHDLAEHDIRV,GLTSK,Tier1
PHE,WISELGW,Tier1
SALAM,LDY,Tier1
YYD,YQIGL,Tier1
FHNMEK,DHTKE,Tier1
YYL,APIRMWYMYRKLTDMEPKPVA,Tier1
PEL,DLEE,Tier1
LHR,PWA,Tier1
LELHKLRSSHWFSRR,LWW,Tier1
SHDAHPE,YCY,Tier1
RHD,RHPHP,Tier1
YYT,TTYY,Tier1
GHH,ARHPHPHLSFM,Tier1
ISELWG,RYLGY,Tier1
PPK,LHE,Tier1
AEAQKQLR,WISELGW,Tier1
KYL,YQEPVLGPVRGPFPIIV,Tier1
PWD,YAY,Tier1
YYS,RHPHP,Tier1
AQIPQQ,SVMPVVA,Tier1
PWF,QCL,Tier1
PHT,WPL,Tier1
LHV,TTYY,Tier1
EEEQVGQGYETIRARL,GYLEQ,Tier1
PHD,SHH,Tier1
CYGPNR,FALPQYLK,Tier1
PHM,YYK,Tier1
PLFQNKLAHAK,ADHP,Tier1
WYY,IYIEQGNGITGM,Tier1
YMY,YEADARSFHDLAEHDIRV,Tier1
PYSFK,PKLPPVKK,Tier1
VQYPVEHPNKFLKFGMTPSKGVLFY,GIISHR,Tier1
PWY,GALAAH,Tier1
LYEGY,LFC,Tier1
ADF,KKY,Tier1
RHA,YYG,Tier1
LHA,VIPMGL,Tier1
ALEPDHR,VKRRGQDCIHGFCSD,Tier1
GAH,LPM,Tier1
LARL,SFGAKNAVKNGLQKLRNQCQANNYQGPFCDIFKKNP,Tier1
EFQI,YPPAK,Tier1
ARHPHPHLSFM,RYLG,Tier1
ARHPHPHLSFM,MEMK,Tier1
LWN,LSGYGP,Tier1
LWE,HFH,Tier1
HGGEGGRPYHLGEES,RASDPLLSV,Tier1
PWG,QLGNLGV,Tier1
LWA,YYDPL,Tier1
PHN,YYV,Tier1
PWH,AVPYPQR,Tier1
SHDAHPE,RHI,Tier1
YKY,GFYPPP,Tier1
YYE,FALPQYLK,Tier1
PHK,YQLD,Tier1
LHS,YGGFM,Tier1
AKAWGIPPHVIPQIVPVRIRPLCGNV,YSEMPPGK,Tier1
AQIPQQ,WEGPK,Tier1
NQE,AMTGLDA,Tier1
NHRYDR,LEQQVDDLEGSLEQEKK,Tier1
HLHP,LHN,Tier1
RHL,SDRDLLGPNNQYLPK,Tier1
WYY,WYS,Tier1
PYY,TSQLLSDQ,Tier1
KVI,LWY,Tier1
LQSGDALRVPSGTTYY,CAAP,Tier1
PHM,PHT,Tier1
ELLI,RYLGY,Tier1
WYSLAMAASDI,RHI,Tier1
WEIKPSSLTGKSPYFSNNHGKL,GYLEQ,Tier1
TGGGNV,AWDPE,Tier1
RHT,FIKK,Tier1
PHS,YYIVS,Tier1
AGWNIPIGT,VKP,Tier1
TVYQ,DHG,Tier1
RWW,GVPLT,Tier1
YEY,KYY,Tier1
GAWA,LQL,Tier1
YYK,YYV,Tier1
HWH,MEMK,Tier1
PHQ,FLKPLFNAALKLLP,Tier1
YYH,YLGAK,Tier1
IANNEADAISLDGGQVFEAG,LGY,Tier1
AHH,RCMAFLLSDGAAAAQQLLPQYW,Tier1
PYY,FLHRP,Tier1
AKYIPIQYVLSRYPSY,LWT,Tier1
VPSGK,PHW,Tier1
VHH,WYSLA,Tier1
FLKPLFNAALKLLP,LGNTDYAVH,Tier1
HPLH,RHN,Tier1
HWH,NRVYIHPFHLLVYS,Tier1
YTY,GGIF,Tier1
LNLPTAVYMVT,NEN,Tier1
EWPAQ,LQGM,Tier1
YYH,DHTKE,Tier1
FIKK,YQLD,Tier1
LWH,SYY,Tier1
PKAVHE,FKK,Tier1
LVNPHDHQN,RWT,Tier1
WEN,CLV,Tier1
HHF,QKW,Tier1
FRDEHKK,YLL,Tier1
YAY,WHNVSGSP,Tier1
AQIPQQ,CLV,Tier1
VKAGFAWTANQQLS,YQEP,Tier1
HYY,YQLD,Tier1
YFY,ARHPHP,Tier1
YYL,TEFTK,Tier1
YQLD,YQK,Tier1
LLPHH,LEEAF,Tier1
VECYGPNRPQF,AEERYP,Tier1
VKAGFAWTANQQLS,RHG,Tier1
HQIYPV,WHNVSGSP,Tier1
PAGY,YLGY,Tier1
PWQ,YYIVS,Tier1
DDPDKGMLKWKNDFFQEF,LSGNK,Tier1
AHK,YFYPEL,Tier1
PLFQNKLAHAK,LGY,Tier1
PWS,YAKP,Tier1
PHHADS,RHY,Tier1
RDMPIQ,LAC,Tier1
LLPHH,RHD,Tier1
LWW,GGIF,Tier1
VKEAMPK,IYIEQGNGITGM,Tier1
RWR,PVMGA,Tier1
MYY,GQVPP,Tier1
EFIQ,LPM,Tier1
WYSLAMAASDI,GFFDRIKALTKNVTLELLNTITCKLPVTPP,Tier1
PHM,YYF,Tier1
LYPY,HYY,Tier1
YFE,EERYP,Tier1
MQFHT,LVMFLDNQHRVIRH,Tier1
LWM,VAMVPPFET,Tier1
LQPGQGQQG,GHH,Tier1
RNR,HHY,Tier1
YYIVS,SNAAC,Tier1
CYGPNR,WISELGW,Tier1
VNPHDHQN,RYLG,Tier1
KHNRGDEF,MHIRL,Tier1
YPPAK,YAKPA,Tier1
VPSGK,RHT,Tier1
LWW,AVPYPQR,Tier1
SHDAHPE,VYY,Tier1
NADFGLNGLEGLA,PYFNK,Tier1
LTTLDSE,GLTSK,Tier1
WNIP,RNDDLNYIQ,Tier1
VCSV,EERYP,Tier1
LNGDVW,YQKFP,Tier1
VECYGPNRPQF,HYVPV,Tier1
VIPAGYP,TGGGNV,Tier1
LHL,EQC,Tier1
LPAGV,GFPSG,Tier1
PPK,EEEQVGQGYETIRARL,Tier1
RWH,GPLGLLGFLGPLGLS,Tier1
SYY,VLEANPRSF,Tier1
WEIKPSSLTGKSPYFSNNHGKL,GLLDSVKEGLKKVAGQLLDTLKCKISGCTPA,Tier1
PHI,YVL,Tier1
RWL,YLMSR,Tier1
GWNI,FVPH,Tier1
LHV,ESTTVPERTHPACPDFN,Tier1
PHD,QYP,Tier1
PHR,HGGEGGRPYHLGEES,Tier1
PPQ,FEQI,Tier1
YYA,IQW,Tier1
FLNDFLHV,EFIQ,Tier1
HGPLGPL,LPHSGY,Tier1
PWI,QYDQGV,Tier1
LHY,YIPIQY,Tier1
VHDY,YGGFL,Tier1
SHH,RYLG,Tier1
WSRRGEREEEDERRR,KYL,Tier1
DAQEKLE,RPPGFSPFR,Tier1
VKP,YLL,Tier1
PIAAEVYEHTEGSTTSY,WEN,Tier1
FGHPY,KFPE,Tier1
LPL,MILMR,Tier1
LYPY,WEGPK,Tier1
PWS,LDY,Tier1
FFAPGRNPTSFS,GWNI,Tier1
LHD,TSQLLSDQ,Tier1
YYW,HMPVTK,Tier1
YYH,WSY,Tier1
FDEQE,RYQ,Tier1
LVGDEQAVPAVCVP,HPHL,Tier1
RHG,VKEAMPK,Tier1
YHY,EQC,Tier1
LWF,VPNSYP,Tier1
PHYL,FKK,Tier1
PWL,VQYPVEHPNKFLKFGMTPSKGVLFY,Tier1
YMY,QLGNLGV,Tier1
FVAGK,GLTSK,Tier1
FLNDFLHV,SVMPVVA,Tier1
VHHANEN,YLAGMN,Tier1
PPQ,LLR,Tier1
MHH,ETTL,Tier1
FLHRP,LEQQVDDLEGSLEQEKK,Tier1
HPLH,GFGPEL,Tier1
HQIYPV,MILMR,Tier1
FALPQYLK,WYGPD,Tier1
RWL,NPYVPR,Tier1
PHY,ETTL,Tier1
LGLNGDDVN,LYY,Tier1
RHF,RYPS,Tier1
YYE,KTFCGRH,Tier1
LWR,DHTKE,Tier1
PWD,SALAM,Tier1
LEQQVDDLEGSLEQEKK,YGLN,Tier1
HPHL,HEH,Tier1
PWY,TYY,Tier1
LVNPHDHQN,PAGY,Tier1
FLQEFLHV,SDRDLLGPNNQYLPK,Tier1
LDY,NFHPQ,Tier1
VCSV,QCH,Tier1
LWM,AWDPE,Tier1
YWY,YPI,Tier1
PWE,IPAGV,Tier1
RWT,VECYGPNRPQF,Tier1
WYSLAM,DRVYIHPF,Tier1
VKL,YPEL,Tier1
AEEEYPDL,KLSDW,Tier1
AHK,QWPAQ,Tier1
DHG,PSLVGRPPVGKLTL,Tier1
YHY,FRSGILKLASKIPSVLCAVLKNC,Tier1
HGPLGPL,YLG,Tier1
AQIPQQ,YDY,Tier1
THH,ACFL,Tier1
TGGGNV,AMRLTYNRPCLGAT,Tier1
PHE,FHH,Tier1
DVFRELRVQ,DWDPK,Tier1
GALAAH,FLPF,Tier1
PYFNK,PGVPWP,Tier1
PHHADS,FLKPLFNAALKLLP,Tier1
PPK,MPDAHL,Tier1
FDSGPAGVL,LGFEYY,Tier1
VDHDHPE,MPDAHL,Tier1
GPP,WYS,Tier1
LHN,NHRYDR,Tier1
DSGVT,VLYEE,Tier1
VKAGFAWTANQQLS,NHRYDR,Tier1
PYY,VKRRGQDCIHGFCSD,Tier1
LALPA,FYQL,Tier1
HHY,YVEEL,Tier1
YGGFM,WEN,Tier1
HHPL,GPLGLLGFLGPLGLS,Tier1
QYY,WYSLAMA,Tier1
HDH,ISELGY,Tier1
PYY,ADF,Tier1
RDMPIQ,LGNTDYAVH,Tier1
LQSGDALRVPSGTTYY,HVRETALV,Tier1
PYPQ,FVPH,Tier1
GWNI,ISELGY,Tier1
LWW,GVQEGAGHYALL,Tier1
PWQ,EEYFPVGGDRPESF,Tier1
KHNRGDEF,SVYT,Tier1
RHV,GSGGL,Tier1
YVGD,NFHPQ,Tier1
YWY,YQEP,Tier1
LPTSEAAKY,YSY,Tier1
LWE,RYL,Tier1
TETWNPNHPEL,RPNYTDA,Tier1
RWA,SRYPS,Tier1
YYD,IANNEADAISLDGGQVFEAG,Tier1
VQYPVEHPNKFLKFGMTPSKGVLFY,DYK,Tier1
HHPL,RHY,Tier1
PHT,RHH,Tier1
EYY,IYY,Tier1
CHI,ADGF,Tier1
RHG,GVQEGAGHYALL,Tier1
FVAGK,YSEMPPGK,Tier1
LWY,RYY,Tier1
LQSGDALRVPSGTTYY,PHW,Tier1
GVPLT,FFAPGRNPTSFS,Tier1
VQYPVEHPNKFLKFGMTPSKGVLFY,VVGGDGDV,Tier1
MQFHT,PIAAEVYEHTEGSTTSY,Tier1
WHNVSGSP,LLR,Tier1
LLPH,SALAM,Tier1
LWG,PHYL,Tier1
WYSLA,LVMFLDNQHRVIRH,Tier1
VKL,AIRQGDVF,Tier1
EEEQVGQGYETIRARL,WYT,Tier1
IRW,IRGCRL,Tier1
WYY,ETTL,Tier1
HHP,CHI,Tier1
LHN,YEDCTDCGN,Tier1
EFQL,RADHP,Tier1
QYDQGV,SVMPVVA,Tier1
TEFTK,VGDI,Tier1
QVVPYPQ,HNPI,Tier1
WISELG,VLSRYPS,Tier1
LNLPTAVYMVT,QYDQGV,Tier1
HGPLGPL,FALPQYLK,Tier1
VKEAMAPK,ACQ,Tier1
VVKL,PHE,Tier1
KTFCGRH,TETWNPNHPEL,Tier1
PWA,AGGF,Tier1
LEEAF,ISELGF,Tier1
FEQL,HVCYMF,Tier1
LLPH,HEH,Tier1
SALAM,DHG,Tier1
LMCH,HGGEGGRPYHLGEES,Tier1
PSLVGRPPVGKLTL,KKY,Tier1
PHR,YYDPL,Tier1
CME,APIRMWYMYRKLTDMEPKPVA,Tier1
FYQL,FVPH,Tier1
PWG,RHPHP,Tier1
AAVGGYRVAVL,TTYY,Tier1
VIPAGYP,RHQ,Tier1
LLHH,VPNSYP,Tier1
YQEP,LTC,Tier1
NQE,SFGAKNAVKNGLQKLRNQCQANNYQGPFCDIFKKNP,Tier1
RHV,YLGY,Tier1
LANAK,KDVPP,Tier1
YYY,ARHPHP,Tier1
NPYVPR,YYIVS,Tier1
EELDNALN,FIGP,Tier1
PWA,YPELF,Tier1
IPAGV,SFGAKNAVKNGLQKLRNQCQANNYQGPFCDIFKKNP,Tier1
THH,NPYVPR,Tier1
WYSLAMAASDI,IYIEQGNGITGM,Tier1
LLPHHH,NRVYIHPFHLLVYS,Tier1
LKQELEDLLEKQE,YYM,Tier1
WHH,LSGNK,Tier1
QYY,CAQ,Tier1
YPEL,YQY,Tier1
HHPLL,LWE,Tier1
LWH,PYSFK,Tier1
PEL,GGE,Tier1
ARHPHPHLSFM,QYDQGV,Tier1
YTY,FVPH,Tier1
EFIQ,ELLI,Tier1
EWPAQ,GIFE,Tier1
IEEAF,MPDAHL,Tier1
PHQ,ADHP,Tier1
FFAPGRNPTSFS,FKK,Tier1
PWW,LPM,Tier1
LHV,YVL,Tier1
HPH,EWPAQ,Tier1
HFH,AMTGLDA,Tier1
DDPDKGMLKWKNDFFQEF,AYFYPEL,Tier1
YYT,LDY,Tier1
LDK,FDEQE,Tier1
HPHL,WSY,Tier1
LVSK,DYK,Tier1
QHH,GLTSK,Tier1
MEMK,FVPH,Tier1
PHH,YQY,Tier1
SWN,VCSV,Tier1
WPL,AIEWEGIESGSVEQA,Tier1
YYM,NPYVPR,Tier1
DYY,MPACGSS,Tier1
ISELGY,PSLVGRPPVGKLTL,Tier1
HPLH,YSY,Tier1
LVMFLDNQHRVIRH,LPF,Tier1
PWD,YSTA,Tier1
TEVWDSNEQ,YQEPVLGPVRGPFPIIV,Tier1
LWG,NPYVPR,Tier1
PHK,GAH,Tier1
AIEWEGIESGSVEQA,RYLGY,Tier1
EFQI,SRYPS,Tier1
RHS,AGWNIP,Tier1
HHW,GQFNDKRWIPFG,Tier1
YVL,LANAK,Tier1
PHV,YVEEL,Tier1
VPNSYP,WPP,Tier1
LWQ,YQEP,Tier1
YQKFP,SGAF,Tier1
YHH,LDY,Tier1
WISELGW,YLKT,Tier1
GEC,YLG,Tier1
NGLEGLK,LHA,Tier1
LLHH,LAPSLPGKPKPD,Tier1
PNRPQF,YLGY,Tier1
VKV,IHH,Tier1
FDEQE,AEEEYPDL,Tier1
LHR,RHF,Tier1
PHD,PHI,Tier1
LYPY,FRADHPFL,Tier1
AKYIPIQYVLSRYPSY,DYK,Tier1
GSGGL,PHCKRM,Tier1
RHW,LQGM,Tier1
WEGPK,IPAGV,Tier1
RWQ,IRW,Tier1
VPSIDDQEELM,PWS,Tier1
LHG,VLEANPRSF,Tier1
YPPAK,LGFEY,Tier1
YYK,FRSGILKLASKIPSVLCAVLKNC,Tier1
YYW,PGVPWP,Tier1
YHY,VKEAMAPK,Tier1
YAEERYPIL,GGIF,Tier1
RHA,HGGEGGRPYHLGEES,Tier1
PHM,FHH,Tier1
YNY,YNI,Tier1
LHD,SNAAC,Tier1
FVAGK,AMTGLDA,Tier1
ESTVPERTHPACPDFN,YYF,Tier1
WVYY,LAPSLPGKPKPD,Tier1
PSLPA,KDVPP,Tier1
YVEEL,TYQTF,Tier1
LEELEEELEGCE,RHG,Tier1
PWD,MHIRL,Tier1
YEADARSFHDLAEHDIRV,YYDPL,Tier1
WHH,LDK,Tier1
HFGDPFH,FYQL,Tier1
AVPYPQR,YPIL,Tier1
FVAGK,GFYPPP,Tier1
YHY,YMY,Tier1
RWY,DVFRELRVQ,Tier1
PSKYEPFV,IYIEQGNGITGM,Tier1
GEC,LGY,Tier1
VDHDHPE,YAKPA,Tier1
PWA,GAWA,Tier1
LVNPHDHQN,FLNDFLHV,Tier1
THH,IPAGM,Tier1
SHDAHPE,HLH,Tier1
VPSGK,RHPHP,Tier1
LHK,YGLN,Tier1
RWE,LFC,Tier1
YYW,SWN,Tier1
PHK,YQY,Tier1
TIASGEP,YVGD,Tier1
LYY,LGNTDYAVH,Tier1
IKK,ISELGF,Tier1
NRVYIHPFHLLVYS,EWPAQ,Tier1
VPW,FLKPLFNAALKLLP,Tier1
PMDYMVT,GPLGLLGFLGPLGLS,Tier1
PHG,PYFNK,Tier1
YVY,TCSP,Tier1
EFQL,FEQL,Tier1
LWA,LFC,Tier1
VAVDKHDYEPLGHSDIGVY,RHPHP,Tier1
LHL,RWR,Tier1
LEQQVDDLEGSLEQEKK,SIITMTKEAKLPQLWKQIACRLYNTC,Tier1
LHY,GWNIP,Tier1
YMY,ESTTVPERTHPACPDFN,Tier1
YYK,KLSDW,Tier1
PHG,CHI,Tier1
PHYL,YLGY,Tier1
VKAGFAWTANQQLS,PHY,Tier1
HHLP,LDK,Tier1
PLFQNKLAHAK,LHM,Tier1
YYD,YCY,Tier1
YAY,TYY,Tier1
LGLNGDDVN,LPM,Tier1
RHE,ISELGY,Tier1
MWL,FPQY,Tier1
RWT,TSQLLSDQ,Tier1
HGGEGGRPYHLGEES,MILMR,Tier1
FHH,RYQ,Tier1
YYR,GEC,Tier1
HLPH,PHM,Tier1
RYLGY,RYL,Tier1
PPK,VYY,Tier1
LWH,TEFTK,Tier1
LWF,GFYPPP,Tier1
PWN,VKP,Tier1
LDK,IVEYF,Tier1
YYG,CAQ,Tier1
LPL,YQEPVLGP,Tier1
LLPHHH,FHNMEK,Tier1
RWT,HGGEGGRPYHLGEES,Tier1
HHP,PHH,Tier1
AHH,AGWNIP,Tier1
DAQEKLE,RWI,Tier1
NYKQM,VLEANPRSF,Tier1
VNPHDHQN,NGPLQAGQPGER,Tier1
WHH,FALPQYLK,Tier1
YYR,YTY,Tier1
GALAAH,IQY,Tier1
YTY,EEYFPVGGDRPESF,Tier1
IANNEADAISLDGGQVFEAG,CQC,Tier1
LHF,DWDPK,Tier1
PWL,YYS,Tier1
VKL,RHD,Tier1
VECYG,FVNQPYLLYSVHMK,Tier1
PWR,RHN,Tier1
VPW,VKP,Tier1
QYY,TETWNPNHPEL,Tier1
RHD,YNL,Tier1
YSEMPPGK,PYSFK,Tier1
NADFGLNGLEGLA,LSGYGP,Tier1
YLMSR,GEGSGA,Tier1
IEEAF,TVYQ,Tier1
VECYG,LHY,Tier1
AYY,PGVPWP,Tier1
IHH,QYP,Tier1
AYY,QVVPYPQ,Tier1
PPK,AEAQKQLR,Tier1
RYY,WNIP,Tier1
PWA,KTFCGRH,Tier1
AIEWEGIESGSVEQA,STMMEERRMKVY,Tier1
YLMSR,YQLD,Tier1
YVEEL,MWL,Tier1
RADHPF,AADNANELFPPN,Tier1
LWV,YPELF,Tier1
RHN,IQW,Tier1
LALPA,FHNMEK,Tier1
PHHADS,YQY,Tier1
YYH,AGWNIP,Tier1
RWY,LYY,Tier1
WSRRGEREEEDERRR,WYSL,Tier1
ARHPHPHLSFM,GFFDRIKALTKNVTLELLNTITCKLPVTPP,Tier1
YGYTGA,YYDPL,Tier1
PMDYMVT,GPAGPAG,Tier1
EEEQVGQGYETIRARL,FIPGLRRLFATVVPTVVCAINKLPPG,Tier1
MHH,HEKVC,Tier1
LWV,YAKPA,Tier1
PSLPA,LAPSLPGKPKPD,Tier1
DYY,WVYY,Tier1
HPLH,DVFRELRVQ,Tier1
LWD,RADHPFL,Tier1
TIIPLPV,ALEPDHR,Tier1
YGGFL,NEN,Tier1
TTYY,WYGPD,Tier1
YFE,AKAWGIPPHVIPQIVPVRIRPLCGNV,Tier1
AKYIPIQYVLSRYPSY,YYV,Tier1
IYY,HMPVTK,Tier1
PWW,LPL,Tier1
RWW,LPM,Tier1
GPP,PYVRYL,Tier1
RPPGFSPFR,EERYP,Tier1
LHH,PWA,Tier1
VVKL,QCL,Tier1
RHG,RWY,Tier1
PHG,NYKQM,Tier1
LHE,GAWA,Tier1
TGGGNV,VKEAMAPK,Tier1
RLKKY,AWDPE,Tier1
GHH,YPIL,Tier1
FYY,YQKFP,Tier1
WPL,GFFDRIKALTKNVTLELLNTITCKLPVTPP,Tier1
NGPLQAGQPGER,GVPLT,Tier1
HLPH,YGYTGA,Tier1
PWG,GWNI,Tier1
YRY,SVYT,Tier1
CYGPNR,HEH,Tier1
LPYY,GEGSGA,Tier1
LYY,YIPIQY,Tier1
PWY,RWN,Tier1
QKW,SGAF,Tier1
LWW,PWF,Tier1
KVI,MHH,Tier1
PWQ,YQEP,Tier1
WHH,LEEAF,Tier1
PWV,YLG,Tier1
RHQ,YLGY,Tier1
IEAEGE,RADHPF,Tier1
FALPQYLK,CLV,Tier1
PKAVHE,PSDHDHE,Tier1
NPYVPR,VAMVPPFET,Tier1
SWN,VKRRGQDCIHGFCSD,Tier1
GHH,RYLGY,Tier1
PSKYEPFV,GEGSGA,Tier1
RHPHP,SNAAC,Tier1
YHY,IIENGEKWS,Tier1
AADNANELFPPN,MPDAHL,Tier1
SHDAHPE,LDY,Tier1
LGLNGDDVN,GPLGLLGFLGPLGLS,Tier1
RHA,TRTGDPFF,Tier1
LPAGV,LEEAF,Tier1
WYS,IQY,Tier1
LALPA,LGY,Tier1
YAY,ACQ,Tier1
LVNPHDHQN,VPNSYP,Tier1
LALPA,GEC,Tier1
KYY,DEDTQAMP,Tier1
AKAWGIPPHVIPQIVPVRIRPLCGNV,TRTGDPFF,Tier1
RHF,FKK,Tier1
YSTA,GFPSG,Tier1
RWT,WYGPD,Tier1
GPAGPAG,VIPMGL,Tier1
RWY,GYLEQ,Tier1
WYS,WYSLAM,Tier1
PWF,KYY,Tier1
YFE,HMPVTK,Tier1
RHF,FYQL,Tier1
YYQ,EFLQ,Tier1
GLLDSVKEGLKKVAGQLLDTLKCKISGCTPA,QYP,Tier1
RHN,YLG,Tier1
LKQELEDLLEKQE,RYQ,Tier1
FLNDFLHV,ARHPHP,Tier1
RWI,HFH,Tier1
YNY,YYT,Tier1
YTY,VPYPQ,Tier1
VPW,AMRLTYNKPCLYGT,Tier1
HGPLGPL,LHW,Tier1
LHQ,VKEAMAPK,Tier1
LRGIKNYRVAVL,IVEYF,Tier1
LLPHHH,YGGFL,Tier1
NGLEGLK,GLTSK,Tier1
WYSL,LTTLDSE,Tier1
RHS,TIIPLPV,Tier1
SAEHGSLH,WIRGCRL,Tier1
YGGFL,YLGAK,Tier1
AYPS,GGIF,Tier1
RHT,VPKVK,Tier1
YSY,GPP,Tier1
YCY,RYL,Tier1
FYPEL,MYY,Tier1
LHPH,FGHPY,Tier1
VIPMGL,YLGAK,Tier1
EFIQ,IRW,Tier1
GVPLT,AAVGGYRVAVL,Tier1
NADFGLNGLEGLA,LAC,Tier1
YYL,QYP,Tier1
LHR,YYF,Tier1
YYM,LSGNK,Tier1
PHHADS,LSGNK,Tier1
LWW,PYVRYL,Tier1
YHH,WYGPD,Tier1
DPALATEPDPMPF,RYPS,Tier1
HPLH,PHS,Tier1
DYY,RNDDLNYIQ,Tier1
RNDDLNYIQ,PGVPWP,Tier1
YYM,AYFYPE,Tier1
VHHANEN,WRNRCKGTD,Tier1
LHD,RHE,Tier1
PHHADS,RHG,Tier1
LLHH,LNLPTAVYMVT,Tier1
LHK,YYR,Tier1
RADHPFL,FVPH,Tier1
AQIPQQ,RWR,Tier1
LQSGDALRVPSGTTYY,PWV,Tier1
YNY,WYGPD,Tier1
LHN,SALAM,Tier1
PWT,YYH,Tier1
HPHL,HHF,Tier1
YYG,PYVRYL,Tier1
KHNRGDEF,YYK,Tier1
LVNPHDHQN,WEIKPSSLTGKSPYFSNNHGKL,Tier1
IQW,APIRMWYMYRKLTDMEPKPVA,Tier1
PYY,RWI,Tier1
RNR,YQKFP,Tier1
NGPLQAGQPGER,RWQ,Tier1
LWY,YYQ,Tier1
WIRGCRL,KDVPP,Tier1
LGFEYY,YGLN,Tier1
EELDNALN,AHH,Tier1
LWI,RWQ,Tier1
YFYPEL,YYQ,Tier1
LHM,MEMK,Tier1
IEEAF,YQL,Tier1
VFPW,QCH,Tier1
VKL,FVAGK,Tier1
VIPAGYP,LHW,Tier1
PYY,KGLWE,Tier1
YHY,KTFCGRH,Tier1
RWE,IIENGEKWS,Tier1
LALPA,WDR,Tier1
QYY,NRVYIHPFHLLVYS,Tier1
AYY,VGGRP,Tier1
LWK,YLKT,Tier1
HPHL,QVVPYPQ,Tier1
YGYTGA,PSLPA,Tier1
LWN,ISELWG,Tier1
LWK,YAKPA,Tier1
PNRPQF,SDRDLLGPNNQYLPK,Tier1
IKL,LVSK,Tier1
PHQ,LLR,Tier1
PWD,KFPE,Tier1
IEAEGE,HDH,Tier1
ESTVPERTHPACPDFN,YCY,Tier1
HGPLGPL,NYY,Tier1
VKV,YLGAK,Tier1
SHH,GEGSGA,Tier1
MHIRL,CLV,Tier1
LWK,RWN,Tier1
RNR,EYY,Tier1
LWI,WYSLAM,Tier1
VPSGK,VDHDHPE,Tier1
RWL,YRY,Tier1
LYPY,GAWA,Tier1
YWY,GLTSK,Tier1
PHY,CAAP,Tier1
AHH,TDY,Tier1
RHH,FPLEMMPF,Tier1
PWN,TTYY,Tier1
IPIQYVL,RHL,Tier1
LHH,LYY,Tier1
LHN,LWH,Tier1
ISELGY,ARHPHP,Tier1
LDK,QCL,Tier1
RHN,EEYFPVGGDRPESF,Tier1
YYR,YYDPL,Tier1
RNR,YGGFL,Tier1
PAGY,RNDDLNYIQ,Tier1
LHPH,LHR,Tier1
QYDQGV,YLMSR,Tier1
LWI,WISELG,Tier1
RHPHP,LANAK,Tier1
PHS,DDPDKGMLKWKNDFFQEF,Tier1
VKL,DGVVYY,Tier1
RWN,IEEAF,Tier1
LHK,QWPAQ,Tier1
FHH,LSGYGP,Tier1
RPPGFSPFR,WPL,Tier1
RHT,NPYVPR,Tier1
YWY,VKCFR,Tier1
KVI,RHV,Tier1
NQE,RHW,Tier1
LHPH,AAVGGYRVAVL,Tier1
TGGGNV,LLR,Tier1
VPSGK,MHIRL,Tier1
LPYY,LGY,Tier1
KVLPVPQK,GGIF,Tier1
LEELEEELEGCE,HPH,Tier1
PHHADS,KTFCGRH,Tier1
YNI,HMPVTK,Tier1
VHHANEN,IEEAF,Tier1
LPHSGY,SGQYFL,Tier1
IEEAF,FVPH,Tier1
RHL,VAWRNRCKGTD,Tier1
MILMR,LGNTDYAVH,Tier1
LMCH,YFY,Tier1
DHTKE,TSQLLSDQ,Tier1
YSY,ISELGF,Tier1
NHK,AYFYPE,Tier1
HFGDPFH,VGDI,Tier1
VKL,QKW,Tier1
SHDAHPE,YYI,Tier1
YVL,TEFTK,Tier1
GVPLT,IIENGEKWS,Tier1
NQE,ESTTVPERTHPACPDFN,Tier1
YYY,VGGRP,Tier1
VSYT,YFE,Tier1
VKL,HHP,Tier1
RHL,FFGFN,Tier1
RNR,VKP,Tier1
FDEQE,KDVPP,Tier1
YYG,VKCFR,Tier1
PHV,IRGCRL,Tier1
AHH,GEC,Tier1
PKAVHE,LWR,Tier1
YYW,VAWRNRCKGTD,Tier1
IKL,PHL,Tier1
LWD,TTYY,Tier1
LHA,RHE,Tier1
PSYV,HFH,Tier1
PHHADS,YPFPG,Tier1
HHW,VIPMGL,Tier1
QGAR,LPF,Tier1
AQIPQQ,HPHL,Tier1
PPQ,GQVPP,Tier1
LQPGQGQQG,SALAM,Tier1
RWN,LPAGV,Tier1
AKYIPIQYVLSRYPSY,QYDQGV,Tier1
LPTSEAAKY,LPL,Tier1
FRDEHKK,RYPS,Tier1
GVPLT,TIASGEP,Tier1
LPYY,LHH,Tier1
HFGDPFH,VAMVPPFET,Tier1
GPP,YVL,Tier1
PHCKRM,QYP,Tier1
SVMPVVA,CAQ,Tier1
ISELGF,VGGRP,Tier1
AMRLTYNRPCLGAT,YLL,Tier1
PHH,HHF,Tier1
VECYG,HMPVTK,Tier1
VDHDHPE,RYL,Tier1
YEADARSFHDLAEHDIRV,FEQI,Tier1
HLHP,MTEEY,Tier1
YMY,MPACGSS,Tier1
LWV,GGLEPINFN,Tier1
LMCH,CSQAPLA,Tier1
LHQ,PHD,Tier1
GSGGL,GFPSG,Tier1
SIITMTKEAKLPQLWKQIACRLYNTC,ALEPDHR,Tier1
YEDCTDCGN,LVMFLDNQHRVIRH,Tier1
AMRLTYNKPCLYGT,QLGNLGV,Tier1
LLPH,IYIEQGNGITGM,Tier1
PHK,TGGGNV,Tier1
DPALATEPDPMPF,GEC,Tier1
VDYP,VFPW,Tier1
HLPLPL,CLV,Tier1
LHG,PWV,Tier1
AGWNI,TEFTK,Tier1
EFQI,HDHPVC,Tier1
HPH,LLR,Tier1
NQE,GTQY,Tier1
PHK,PWV,Tier1
YDY,GTW,Tier1
LVNPHDHQN,YTY,Tier1
FYY,CAAP,Tier1
IPAGV,NHK,Tier1
RHK,TSQLLSDQ,Tier1
SVMPVVA,VAMVPPFET,Tier1
PHT,YNI,Tier1
PWQ,WHH,Tier1
PLFQNKLAHAK,VKEAMAPK,Tier1
RWW,DWDPK,Tier1
PSYV,AVPYPQR,Tier2
NFHPQ,GEGSGA,Tier2
FEQI,LAPSLPGKPKPD,Tier2
FYY,CGN,Tier2
HLH,HAVSEGTK,Tier2
HPLH,HHLP,Tier2
LLPHHH,RASDPLLSV,Tier2
RPNYTDA,AIVIL,Tier2
PSYV,EYW,Tier2
VECYGPNRPQF,CGN,Tier2
RNDDLNYIQ,GVDLIRQGWSR,Tier2
GLTSK,SMLLTGGSASGGL,Tier2
IEAEGE,PSLPA,Tier2
PHYA,HAVSEGTK,Tier2
PSIPA,GLTSK,Tier2
RASDPLLSV,NIDNPSHADFVNPQ,Tier2
LLPHHH,FYY,Tier2
LHH,GVDFIRHR,Tier2
SEVFH,SPHWTIN,Tier2
PLHH,MPACGSS,Tier2
TTGIVLDSGDGVSH,PAIDL,Tier2
LPAGV,GTAHWL,Tier2
HHP,CTN,Tier2
AIQSPH,WVHNDGNAE,Tier2
EFIQ,MMGW,Tier2
PLHH,LPHH,Tier2
AGTTCLFTPLALPYDYSH,RCMAFLLSDGAAAAQQLLPQYW,Tier2
HHP,RPNYTDA,Tier2
PHH,GVDFIRHR,Tier2
GLTSK,TIHSDHEGGNVSAH,Tier2
WVYY,YANQLDPNHRRF,Tier2
SFLAGGISSEHIQGQQQ,ALFSPH,Tier2
DAHK,MTEEY,Tier2
HHPL,LQL,Tier2
NFHPQ,LLLLG,Tier2
WVYY,VSAVNVKQEHSAS,Tier2
LSGNK,GVDFIRHR,Tier2
RNDDLNYIQ,ERF,Tier2
LLHH,GIVSPH,Tier2
HHLP,AGTTCLFTPLALPYDYSH,Tier2
FSPH,DSGDGVSHTVPIYEGY,Tier2
HLHP,MTEEY,Tier2
DHHK,LAF,Tier2
DHHK,FSPH,Tier2
DNIQGITKPAIR,VPSGHPI,Tier2
LALPA,TTGIVLDSGDGVSH,Tier2
FEQI,MPACGSS,Tier2
AWFS,EYW,Tier2
MPACGSS,PAIDL,Tier2
IGGIGTVPVGR,QFAW,Tier2
DSGDGVSHTVPIYEGY,QFAW,Tier2
RNDDLNYIQ,WVHNDGNAE,Tier2
FEQI,AQKIPAGT,Tier2
LLPHHH,RHASEGGHG,Tier2
HPHL,AVPYPQR,Tier2
PSIPA,PSLPA,Tier2
HLHP,HAVSEGTK,Tier2
GVDFIRHR,NPSHADFV,Tier2
YLAGNPHQQQQGGR,LLLGI,Tier2
YLLLK,CTN,Tier2
DAQEKLE,KVLPVPQK,Tier2
MTEEY,PAIDL,Tier2
AVPYPQR,PHYA,Tier2
AIQSPH,ISITDFGGVGDGR,Tier2
PSLPA,TIHSDHEGGNVSAH,Tier2
DSGVT,MPACGSS,Tier2
IEEAF,VVPSGHPI,Tier2
SCH,AIVIL,Tier2
AVLAPH,AIVIL,Tier2
PSIPA,VECYGPNRPQF,Tier2
WVYY,DFIRHR,Tier2
LLLGI,RAILTLV,Tier2
DSGVT,GENDQRGHIIFVQ,Tier2
VPSIDDQEELM,RHASEGG,Tier2
AVPYPQR,WVHNDGNAE,Tier2
TRTGDPFF,FPILEH,Tier2
LLHH,TRTGDPFF,Tier2
HHP,LAF,Tier2
LLPHH,PHWPLPPF,Tier2
LPHH,LLLLG,Tier2
FVVPSGHPI,CSGD,Tier2
LPL,MPACGSS,Tier2
HAVSEGTK,LLLGI,Tier2
DHHK,RAILTLV,Tier2
DHHQ,FPILEHL,Tier2
DFIRHR,DSGDGVSHTVPIYEGY,Tier2
LQLWDTAGQER,ILAGPTTI,Tier2
IPAGM,TGLVIDSGDGVTH,Tier2
LAPSLPGKPKPD,AWFS,Tier2
HLHP,NIDNPSHADFVNPQ,Tier2
HFGDPFH,CTN,Tier2
RNDDLNYIQ,AGTTCLFTPLALPYDYSH,Tier2
IEAEGE,HHPL,Tier2
HHPLL,AGTTCLFTPLALPYDYSH,Tier2
HHLP,LPHH,Tier2
HHPL,GVDFIRH,Tier2
TSQLLSDQ,HADAD,Tier2
GLTSK,PHWPLPPF,Tier2
IPAGV,LAN,Tier2
FVVPSGHPI,MMGW,Tier2
NFHPQ,FVVPSGHPI,Tier2
YNI,EYLAAEVLELAGNAAR,Tier2
SFLAGGISSEHIQGQQQ,IINVIGEPIDER,Tier2
GEHIEESR,HAVSEGTK,Tier2
HPH,YLAGNPHQQQQGGR,Tier2
HHPLL,PHH,Tier2
NIDNPSHADFVNPQ,EVVLEKSETVKDT,Tier2
SCH,AWFS,Tier2
YNI,EFIQ,Tier2
SMLLTGGSASGGL,PAIDL,Tier2
FEQI,HAVSEGTK,Tier2
FEQL,GLTSK,Tier2
AWFS,VSAVNVKQEHSAS,Tier2
LHPH,LTDQHPEQIVTSEAKGS,Tier2
PHH,CSGD,Tier2
HPHL,RAILTLV,Tier2
EELDNALN,LLPHHH,Tier2
LPL,TSQLLSDQ,Tier2
EYLAAEVLELAGNAAR,PHWPLPPF,Tier2
DHHK,HWPLPPF,Tier2
HHPLL,DSGDGVSHTVPIYEGY,Tier2
LPL,GVDFIRHR,Tier2
DSGVT,AVFVDLEPTVIDEVR,Tier2
MPACGSS,TIHSDHEGGNVSAH,Tier2
FFRSKLLSDGAAAKGALLPQYW,HAVSEGTK,Tier2
PHWPLPPF,ERF,Tier2
PSIPA,YNI,Tier2
RASDPLLSV,AIQSPH,Tier2
LLHH,QFAAD,Tier2
HHPLL,RAILTLV,Tier2
LLHH,FSPH,Tier2
HPHL,QFAW,Tier2
GPHWPLPPF,VVPSGHPI,Tier2
PSLPA,LLLGI,Tier2
LLHH,AQKIPAGT,Tier2
HHP,VSYT,Tier2
TSQLLSDQ,EVVLEKSETVKDT,Tier2
IPAGM,LAF,Tier2
AWFS,QFAAD,Tier2
LLPH,HHP,Tier2
GVDLIRQGWSR,QFAW,Tier2
KKGVLGLA,FLQL,Tier2
WAFS,FSPH,Tier2
DHHQVYSPGEQ,FSPH,Tier2
TRTGDPFF,MPACGSS,Tier2
IPAGV,DNIQGITKPAIR,Tier2
AVLAPH,TTGIVLDSGDGVSH,Tier2
HHPL,FSPH,Tier2
DAQEKLE,TTGIVLDSGDGVSH,Tier2
PHH,FLQL,Tier2
HHPL,PAIDL,Tier2
DHHK,AIVIL,Tier2
IPAGV,MPACGSS,Tier2
LPHH,SEVFHVD,Tier2
NFHPQ,ALFSPH,Tier2
PSLPA,SDRDLLGPNNQYLPK,Tier2
LQLWDTAGQER,CGN,Tier2
DFIRH,LLLGI,Tier2
DAQEKLE,CTN,Tier2
FYY,AVLAPH,Tier2
EFQI,MPACGSS,Tier2
SCH,KVLPVPQK,Tier2
PSIPA,CTN,Tier2
LSGNK,SDRDLLGPNNQYLPK,Tier2
DAHK,PHYA,Tier2
DHHQVYSPGEQ,MPACGSS,Tier2
RHASEGG,AIVIL,Tier2
HPH,YLLLK,Tier2
LLPHHH,HAVSEGTK,Tier2
PLHH,GEGSGA,Tier2
DSGVT,HNDGNTELVVVVF,Tier2
WVYY,LTDQHPEQIVTSEAKGS,Tier2
IGGIGTVPVGR,CTN,Tier2
DAQEKLE,EYW,Tier2
LHPH,AVPYPQR,Tier2
LEEAF,CGN,Tier2
HLPH,ALFSPH,Tier2
CTN,QFAW,Tier2
EFQL,IINVIGEPIDER,Tier2
LLPH,EFLQ,Tier2
FPILEH,YANQLDPNHRRF,Tier2
LLPH,SPHWTIN,Tier2
DAHK,AWFS,Tier2
FYY,SFLAGGISSEHIQGQQQ,Tier2
EYLAAEVLELAGNAAR,EYW,Tier2
PSIPA,TSQLLSDQ,Tier2
WVYY,IEEAF,Tier2
PSYV,GEHIEESR,Tier2
IEEAF,HNDGNTELVVVVF,Tier2
AWFS,GEHIEESR,Tier2
PSLPA,MTEEY,Tier2
SCH,GVDFIRHR,Tier2
HLPH,ASEGGHG,Tier2
DHHQ,RNDDLNYIQ,Tier2
SEVFHVD,TTGIVLDSGDGVSH,Tier2
AGTTCLFTPLALPYDYSH,FPILEH,Tier2
PSYV,LAPSLPGKPKPD,Tier2
EFIQ,DSGDGVSHTVPIYEGY,Tier2
GLTSK,GVDFIRH,Tier2
LPHH,GLTSK,Tier2
SEVFHVD,AQKIPAGT,Tier2
DSGDGVSHTVPIYEGY,PAIDL,Tier2
HPLH,GVDFIRH,Tier2
KVLPVPQK,WAFS,Tier2
IEEAF,QFAAD,Tier2
HLPH,MPACGSS,Tier2
SCH,ISITDFGGVGDGR,Tier2
FSPH,SEVFH,Tier2
ISITDFGGVGDGR,AQKIPAGT,Tier2
KVLPVPQK,NPSHADFV,Tier2
YNI,MMGW,Tier2
PLHH,GIFE,Tier2
DSGVT,ISITDFGGVGDGR,Tier2
KKGVLGLA,PAIDL,Tier2
VECYGPNRPQF,YANQLDPNHRRF,Tier2
LPHH,IINVIGEPIDER,Tier2
FSPH,GVDFIRH,Tier2
LPAGV,AVLAPH,Tier2
FPILEHL,AIVIL,Tier2
GIVSPH,EYLAAEVLELAGNAAR,Tier2
AIQSPH,EVVLEKSETVKDT,Tier2
EFLQ,CTN,Tier2
EFIQ,GVDLIRQGWSR,Tier2
YNL,GVDFIRHR,Tier2
DFIRH,LAF,Tier2
EVVLEKSETVKDT,CSGD,Tier2
DSGVT,DFIRH,Tier2
DAHK,FFRSKLLSDGAAAKGALLPQYW,Tier2
IINVIGEPIDER,QFAAD,Tier2
GENDQRGHIIFVQ,YLAGNPHQQQQGGR,Tier2
DHHK,AQKIPAGT,Tier2
LQL,FVVPSGHPI,Tier2
LLPHH,SDRDLLGPNNQYLPK,Tier2
HNDGNTELVVVVF,HADAD,Tier2
LLPHHH,TSQLLSDQ,Tier2
LAPSLPGKPKPD,FPILEHL,Tier2
EFQL,VECYGPNRPQF,Tier2
PSYV,PLHH,Tier2
HHPL,TIHSDHEGGNVSAH,Tier2
GLLLPSFSNAPR,MMGW,Tier2
EFIQ,NPSHADFV,Tier2
DSGDGVSHTVPIYEGY,RHASEGGHG,Tier2
EFQL,NFHPQ,Tier2
IEAEGE,SCH,Tier2
RNDDLNYIQ,HAVSEGTK,Tier2
IEEAF,ILAGPTTI,Tier2
HPHL,VSAVNVKQEHSAS,Tier2
AWFS,ERF,Tier2
LPAGV,TIHSDHEGGNVSAH,Tier2
EFQI,VSAVNVKQEHSAS,Tier2
LLLGI,EYW,Tier2
FVTPEEEQQQMH,LTDQHPEQIVTSEAKGS,Tier2
IGGIGTVPVGR,AIVIL,Tier2
SMLLTGGSASGGL,CSGD,Tier2
PSLPA,FVVPSGHPI,Tier2
WAFS,TGLVIDSGDGVTH,Tier2
AWFS,GEGSGA,Tier2
PHWPLPPF,KKGVLGLA,Tier2
TRTGDPFF,GEGSGA,Tier2
LHPH,LQLWDTAGQER,Tier2
TSQLLSDQ,FFRSKLLSDGAAAKGALLPQYW,Tier2
LSGNK,HNDGNTELVVVVF,Tier2
FVTPEEEQQQMH,RAILTLV,Tier2
HHP,FEQI,Tier2
LEEAF,RPNYTDA,Tier2
PSIPA,NPSHADFV,Tier2
HLHP,DHHK,Tier2
EYLAAEVLELAGNAAR,GLLLPSFSNAPR,Tier2
GVDFIRH,RAILTLV,Tier2
GLLLPSFSNAPR,YLAGNPHQQQQGGR,Tier2
HHPLL,DHHQVYSPGEQ,Tier2
AVFVDLEPTVIDEVR,GVDLIRQGWSR,Tier2
HFGDPFH,QFAW,Tier2
GVDFIRHR,MMGW,Tier2
IEAEGE,GPHWPLPPF,Tier2
AVLAPH,SFLAGGISSEHIQGQQQ,Tier2
PAIDL,CGN,Tier2
RNDDLNYIQ,PHWPLPPF,Tier2
RNDDLNYIQ,LSGNK,Tier2
ISITDFGGVGDGR,PHWPLPPF,Tier2
HPLH,AVFVDLEPTVIDEVR,Tier2
LPL,YLAGNPHQQQQGGR,Tier2
EFLQ,LLLLG,Tier2
PSYV,DAYVGDEAQSK,Tier2
PSYV,FLQL,Tier2
LLPHH,IGGIGTVPVGR,Tier2
HPHL,FEQL,Tier2
WAFS,GVDFIRHR,Tier2
DHHK,GIVSPH,Tier2
GIVSPH,TIHSDHEGGNVSAH,Tier2
NIDNPSHADFVNPQ,GVDFIRHR,Tier2
GLTSK,GVDLIRQGWSR,Tier2
HHP,YLLLK,Tier2
VPSIDDQEELM,ASEGGHG,Tier2
HPH,RAILTLV,Tier2
LAPSLPGKPKPD,SEVFHVD,Tier2
LLPH,LPHH,Tier2
HPLH,AWFS,Tier2
HFGDPFH,DHHQ,Tier2
PSIPA,TRTGDPFF,Tier2
EFLQ,FVVPSGHPI,Tier2
KVLPVPQK,FLQL,Tier2
RASDPLLSV,YLAGNPHQQQQGGR,Tier2
GIFE,ALFSPH,Tier2
KVLPVPQK,LPL,Tier2
WVYY,FPILEHL,Tier2
SCH,QFAAD,Tier2
PSYV,FPILEHL,Tier2
GTAHWL,MMGW,Tier2
VECYGPNRPQF,DNIQGITKPAIR,Tier2
LHPH,NFHPQ,Tier2
FYY,DFIRH,Tier2
IPAGM,FLQL,Tier2
LLPH,SEVFH,Tier2
IGGIGTVPVGR,LLLLG,Tier2
LPHH,ALFSPH,Tier2
PHYA,AIVIL,Tier2
EELDNALN,GVDLIRQGWSR,Tier2
SCH,RHASEGG,Tier2
WVHNDGNAE,IINVIGEPIDER,Tier2
PSIPA,TTGIVLDSGDGVSH,Tier2
IEEAF,ISITDFGGVGDGR,Tier2
LSGNK,KKGVLGLA,Tier2
HWPLPPF,PAIDL,Tier2
ISITDFGGVGDGR,YLAGNPHQQQQGGR,Tier2
MTEEY,GENDQRGHIIFVQ,Tier2
HLH,NFHPQ,Tier2
GLTSK,TGLVIDSGDGVTH,Tier2
NFHPQ,VSAVNVKQEHSAS,Tier2
GVDFIRHR,LAF,Tier2
HPLH,NIDNPSHADFVNPQ,Tier2
GIVSPH,RHASEGGHG,Tier2
FEQL,PHWPLPPF,Tier2
DHHK,SFLAGGISSEHIQGQQQ,Tier2
WAFS,PHYA,Tier2
GEGSGA,GLTSK,Tier2
DAQEKLE,ERF,Tier2
YNI,ILAGPTTI,Tier2
LLPHH,TRTGDPFF,Tier2
EYLAAEVLELAGNAAR,RHASEGG,Tier2
TRTGDPFF,ERF,Tier2
FVVPSGHPI,RHASEGG,Tier2
VPSIDDQEELM,SMLLTGGSASGGL,Tier2
LLPHHH,AIQSPH,Tier2
RNDDLNYIQ,EVVLEKSETVKDT,Tier2
NFHPQ,FPILEH,Tier2
ALFSPH,QFAAD,Tier2
FVVPSGHPI,CTN,Tier2
SEVFH,LLLGI,Tier2
HAVSEGTK,CSGD,Tier2
GVDFIRH,SFLAGGISSEHIQGQQQ,Tier2
LSGNK,TIHSDHEGGNVSAH,Tier2
YLLLK,FPILEH,Tier2
IPAGM,RPNYTDA,Tier2
EFIQ,FSPH,Tier2
IPAGM,PAIDL,Tier2
VSYT,EFIQ,Tier2
RASDPLLSV,HWPLPPF,Tier2
GEGSGA,LLGIL,Tier2
PHH,SDRDLLGPNNQYLPK,Tier2
EFIQ,AIQSPH,Tier2
AGTTCLFTPLALPYDYSH,WVHNDGNAE,Tier2
IEEAF,DFIRH,Tier2
EELDNALN,LLLLG,Tier2
EFLQ,GEGSGA,Tier2
PLHH,HPH,Tier2
RCMAFLLSDGAAAAQQLLPQYW,CTN,Tier2
EFLQ,RHASEGG,Tier2
EELDNALN,FYY,Tier2
SDRDLLGPNNQYLPK,LAN,Tier2
ASEGGHG,GPHWPLPPF,Tier2
PHYA,LQLWDTAGQER,Tier2
HPH,VSYT,Tier2
YLLLK,GPHWPLPPF,Tier2
HLHP,KVLPVPQK,Tier2
DSGDGVSHTVPIYEGY,RHASEGG,Tier2
HHPL,MMGW,Tier2
HPH,LEEAF,Tier2
LEEAF,FLQL,Tier2
LLPHH,DFIRH,Tier2
IPAGM,AWFS,Tier2
GLLLPSFSNAPR,ERF,Tier2
LAPSLPGKPKPD,KKGVLGLA,Tier2
GVDFIRHR,TGLVIDSGDGVTH,Tier2
AVLAPH,LTDQHPEQIVTSEAKGS,Tier2
FPILEH,IGGIGTVPVGR,Tier2
HHPLL,LAF,Tier2
PHH,DAHK,Tier2
DHHK,MPACGSS,Tier2
HHP,PSLPA,Tier2
YNL,TRTGDPFF,Tier2
LHPH,CTN,Tier2
DSGVT,PSLPA,Tier2
EYLAAEVLELAGNAAR,TGLVIDSGDGVTH,Tier2
RCMAFLLSDGAAAAQQLLPQYW,ASEGGHG,Tier2
HHLP,RPNYTDA,Tier2
SDRDLLGPNNQYLPK,FFRSKLLSDGAAAKGALLPQYW,Tier2
RPNYTDA,MPACGSS,Tier2
VECYGPNRPQF,HAVSEGTK,Tier2
KVLPVPQK,CGN,Tier2
LEEAF,LAPSLPGKPKPD,Tier2
LALPA,MTEEY,Tier2
HHPLL,HHPL,Tier2
LPL,FPILEH,Tier2
FFRSKLLSDGAAAKGALLPQYW,LAF,Tier2
LPAGV,LQLWDTAGQER,Tier2
DFIRH,YLAGNPHQQQQGGR,Tier2
LSGNK,EVVLEKSETVKDT,Tier2
VVPSGHPI,RAILTLV,Tier2
LQLWDTAGQER,RHASEGGHG,Tier2
GENDQRGHIIFVQ,IINVIGEPIDER,Tier2
PSYV,YLLLK,Tier2
LLPHHH,AGTTCLFTPLALPYDYSH,Tier2
HFGDPFH,MMGW,Tier2
MTEEY,MMGW,Tier2
LLPH,YNL,Tier2
ASEGGHG,ILAGPTTI,Tier2
GLTSK,LTDQHPEQIVTSEAKGS,Tier2
FEQL,QFAW,Tier2
ISITDFGGVGDGR,RHASEGG,Tier2
LLPHHH,ASEGGHG,Tier2
SEVFHVD,EYLAAEVLELAGNAAR,Tier2
GENDQRGHIIFVQ,HNDGNTELVVVVF,Tier2
FYY,WVYY,Tier2
GVDFIRH,GEHIEESR,Tier2
FFRSKLLSDGAAAKGALLPQYW,RHASEGGHG,Tier2
DSGDGVSHTVPIYEGY,CSGD,Tier2
HLPH,TIHSDHEGGNVSAH,Tier2
HLH,FSPH,Tier2
YLLLK,GENDQRGHIIFVQ,Tier2
KVLPVPQK,EVVLEKSETVKDT,Tier2
DSGVT,HADAD,Tier2
VSAVNVKQEHSAS,RAILTLV,Tier2
HPH,GEHIEESR,Tier2
WVHNDGNAE,VPSGHPI,Tier2
HPH,LTDQHPEQIVTSEAKGS,Tier2
DHHQVYSPGEQ,MTEEY,Tier2
IPAGV,CSGD,Tier2
FFRSKLLSDGAAAKGALLPQYW,LQLWDTAGQER,Tier2
LPAGV,PHWPLPPF,Tier2
HPLH,TRTGDPFF,Tier2
PSLPA,FPILEHL,Tier2
EELDNALN,CTN,Tier2
EYLAAEVLELAGNAAR,CTN,Tier2
LLPHHH,LAPSLPGKPKPD,Tier2
KVLPVPQK,VSAVNVKQEHSAS,Tier2
IPAGM,PSIPA,Tier2
RCMAFLLSDGAAAAQQLLPQYW,VPSGHPI,Tier2
LSGNK,AQKIPAGT,Tier2
GLLLPSFSNAPR,HWPLPPF,Tier2
NFHPQ,ASEGGHG,Tier2
TIHSDHEGGNVSAH,CTN,Tier2
EFQL,NPSHADFV,Tier2
YNI,AQKIPAGT,Tier2
LPHH,EFQI,Tier2
GEGSGA,GLLLPSFSNAPR,Tier2
DSGVT,MTEEY,Tier2
SDRDLLGPNNQYLPK,AVLAPH,Tier2
RHASEGG,QFAAD,Tier2
LEEAF,SMLLTGGSASGGL,Tier2
HNDGNTELVVVVF,SEVFH,Tier2
CGN,CTN,Tier2
GTAHWL,TIHSDHEGGNVSAH,Tier2
YNI,GENDQRGHIIFVQ,Tier2
TRTGDPFF,LAN,Tier2
RPNYTDA,NPSHADFV,Tier2
PLHH,GEHIEESR,Tier2
FVTPEEEQQQMH,FVVPSGHPI,Tier2
LEEAF,RHASEGGHG,Tier2
HLPH,EFLQ,Tier2
GVDFIRH,VVPSGHPI,Tier2
PHH,LQLWDTAGQER,Tier2
PHH,LLGIL,Tier2
EELDNALN,TIHSDHEGGNVSAH,Tier2
LALPA,EYLAAEVLELAGNAAR,Tier2
LHPH,PSIPA,Tier2
MPACGSS,ASEGGHG,Tier2
NIDNPSHADFVNPQ,DNIQGITKPAIR,Tier2
HHP,GVDFIRH,Tier2
GVDFIRHR,LLLLG,Tier2
FVTPEEEQQQMH,PHWPLPPF,Tier2
HLPH,RAILTLV,Tier2
LPHH,TSQLLSDQ,Tier2
AGTTCLFTPLALPYDYSH,FFRSKLLSDGAAAKGALLPQYW,Tier2
LLPHHH,ISITDFGGVGDGR,Tier2
LPL,LTDQHPEQIVTSEAKGS,Tier2
HPLH,AVLAPH,Tier2
PLHH,GIVSPH,Tier2
LLHH,AIQSPH,Tier2
SPHWTIN,DFIRHR,Tier2
NFHPQ,LLLGI,Tier2
GEHIEESR,FLQL,Tier2
LQL,FEQL,Tier2
HHP,YNL,Tier2
TRTGDPFF,GVDFIRHR,Tier2
VPSGHPI,QFAW,Tier2
LALPA,RPNYTDA,Tier2
GIFE,VSAVNVKQEHSAS,Tier2
GIFE,TTGIVLDSGDGVSH,Tier2
DAQEKLE,YLAGNPHQQQQGGR,Tier2
FFRSKLLSDGAAAKGALLPQYW,CGN,Tier2
HHPL,PSLPA,Tier2
SEVFH,LTDQHPEQIVTSEAKGS,Tier2
AVLAPH,HAVSEGTK,Tier2
YLLLK,TIHSDHEGGNVSAH,Tier2
VECYGPNRPQF,DFIRH,Tier2
NPSHADFV,HWPLPPF,Tier2
SCH,TSQLLSDQ,Tier2
GVDFIRHR,LAN,Tier2
SPHWTIN,MMGW,Tier2
HFGDPFH,DNIQGITKPAIR,Tier2
DAQEKLE,GEGSGA,Tier2
HPHL,FLQL,Tier2
FFRSKLLSDGAAAKGALLPQYW,VPSGHPI,Tier2
AGTTCLFTPLALPYDYSH,SFLAGGISSEHIQGQQQ,Tier2
YNI,RNDDLNYIQ,Tier2
FEQI,YLLLK,Tier2
LLPH,LHH,Tier2
FPILEHL,LQLWDTAGQER,Tier2
HHLP,QFAAD,Tier2
IPAGV,YANQLDPNHRRF,Tier2
GIVSPH,GLLLPSFSNAPR,Tier2
YNL,DHHQ,Tier2
IPAGV,RAILTLV,Tier2
YANQLDPNHRRF,LLLGI,Tier2
LSGNK,VVPSGHPI,Tier2
LPL,GIFE,Tier2
AIQSPH,HWPLPPF,Tier2
KVLPVPQK,NIDNPSHADFVNPQ,Tier2
LHPH,YLAGNPHQQQQGGR,Tier2
LALPA,LAPSLPGKPKPD,Tier2
DNIQGITKPAIR,ERF,Tier2
LLPHHH,YANQLDPNHRRF,Tier2
EELDNALN,DNIQGITKPAIR,Tier2
MPACGSS,ALFSPH,Tier2
GVDFIRHR,QFAW,Tier2
SCH,DFIRHR,Tier2
RPNYTDA,ASEGGHG,Tier2
RNDDLNYIQ,GIVSPH,Tier2
HLHP,VSAVNVKQEHSAS,Tier2
DFIRH,EYLAAEVLELAGNAAR,Tier2
KVLPVPQK,FEQI,Tier2
HLPH,PLHH,Tier2
DFIRH,RHASEGGHG,Tier2
LHH,KVLPVPQK,Tier2
TSQLLSDQ,PAIDL,Tier2
EFQI,AVFVDLEPTVIDEVR,Tier2
ALFSPH,TIHSDHEGGNVSAH,Tier2
GVDLIRQGWSR,RAILTLV,Tier2
PSIPA,GLLLPSFSNAPR,Tier2
PHH,RHASEGG,Tier2
GLTSK,EYLAAEVLELAGNAAR,Tier2
HHLP,ALFSPH,Tier2
RASDPLLSV,LTDQHPEQIVTSEAKGS,Tier2
TSQLLSDQ,LTDQHPEQIVTSEAKGS,Tier2
PHH,WVHNDGNAE,Tier2
ALFSPH,CGN,Tier2
HHPLL,SPHWTIN,Tier2
GEGSGA,DNIQGITKPAIR,Tier2
LPAGV,YNI,Tier2
LLPHHH,TIHSDHEGGNVSAH,Tier2
HFGDPFH,DHHK,Tier2
HPHL,HNDGNTELVVVVF,Tier2
EFLQ,NFHPQ,Tier2
DHHQVYSPGEQ,FLQL,Tier2
LPHH,CTN,Tier2
DAHK,RASDPLLSV,Tier2
RPNYTDA,GVDFIRH,Tier2
DSGVT,EFQL,Tier2
EFQL,GEGSGA,Tier2
YNL,YLLLK,Tier2
EELDNALN,IPAGV,Tier2
TSQLLSDQ,SPHWTIN,Tier2
VPSIDDQEELM,GENDQRGHIIFVQ,Tier2
YNL,MPACGSS,Tier2
HPH,EFLQ,Tier2
GVDLIRQGWSR,LLGIL,Tier2
SMLLTGGSASGGL,FVVPSGHPI,Tier2
WVHNDGNAE,HADAD,Tier2
SCH,TGLVIDSGDGVTH,Tier2
RNDDLNYIQ,VVPSGHPI,Tier2
PLHH,KKGVLGLA,Tier2
DFIRH,TTGIVLDSGDGVSH,Tier2
HPLH,HHPLL,Tier2
DSGDGVSHTVPIYEGY,GPHWPLPPF,Tier2
SCH,IGGIGTVPVGR,Tier2
LTDQHPEQIVTSEAKGS,RHASEGG,Tier2
HHPL,HHP,Tier2
EFQL,GENDQRGHIIFVQ,Tier2
HLHP,EFLQ,Tier2
GEGSGA,QFAW,Tier2
GIVSPH,CSGD,Tier2
GVDFIRHR,LLLGI,Tier2
AIQSPH,TIHSDHEGGNVSAH,Tier2
IINVIGEPIDER,AIVIL,Tier2
PHH,KVLPVPQK,Tier2
RASDPLLSV,CTN,Tier2
IINVIGEPIDER,TGLVIDSGDGVTH,Tier2
AGTTCLFTPLALPYDYSH,GEHIEESR,Tier2
NIDNPSHADFVNPQ,TIHSDHEGGNVSAH,Tier2
DSGDGVSHTVPIYEGY,GLLLPSFSNAPR,Tier2
LHH,FSPH,Tier2
FSPH,IGGIGTVPVGR,Tier2
GIFE,DFIRHR,Tier2
PSIPA,FVVPSGHPI,Tier2
LPHH,LLPHHH,Tier2
LLPHH,LLPHHH,Tier2
LHH,IINVIGEPIDER,Tier2
IPAGV,DFIRHR,Tier2
HHPLL,ERF,Tier2
LPAGV,GVDFIRH,Tier2
SFLAGGISSEHIQGQQQ,GEHIEESR,Tier2
HPH,HAVSEGTK,Tier2
FFRSKLLSDGAAAKGALLPQYW,FPILEHL,Tier2
AIVIL,MMGW,Tier2
PSIPA,DHHK,Tier2
LAPSLPGKPKPD,HWPLPPF,Tier2
SCH,SEVFHVD,Tier2
ALFSPH,ERF,Tier2
KVLPVPQK,GLTSK,Tier2
LAPSLPGKPKPD,LAN,Tier2
IGGIGTVPVGR,EYW,Tier2
PSYV,ERF,Tier2
HPLH,MTEEY,Tier2
FEQL,LSGNK,Tier2
FPILEHL,NIDNPSHADFVNPQ,Tier2
IEAEGE,SEVFHVD,Tier2
LALPA,FEQL,Tier2
DSGDGVSHTVPIYEGY,FLQL,Tier2
LPHH,LALPA,Tier2
HPLH,LLPHHH,Tier2
RASDPLLSV,LLLGI,Tier2
GTAHWL,GVDLIRQGWSR,Tier2
PHYA,TIHSDHEGGNVSAH,Tier2
PSLPA,ALFSPH,Tier2
FPILEHL,GIVSPH,Tier2
LLPHH,LAF,Tier2
HPH,PSIPA,Tier2
HPHL,PSLPA,Tier2
HHP,LSGNK,Tier2
HAVSEGTK,LTDQHPEQIVTSEAKGS,Tier2
LTDQHPEQIVTSEAKGS,PHWPLPPF,Tier2
LSGNK,GLLLPSFSNAPR,Tier2
RASDPLLSV,HADAD,Tier2
KVLPVPQK,SEVFH,Tier2
AVPYPQR,IINVIGEPIDER,Tier2
SDRDLLGPNNQYLPK,PHWPLPPF,Tier2
FPILEH,LLGIL,Tier2
PLHH,RNDDLNYIQ,Tier2
LLHH,DNIQGITKPAIR,Tier2
IEAEGE,DHHQVYSPGEQ,Tier2
DHHK,DFIRH,Tier2
FEQI,GIFE,Tier2
RCMAFLLSDGAAAAQQLLPQYW,GIVSPH,Tier2
IEAEGE,IPAGM,Tier2
IINVIGEPIDER,VPSGHPI,Tier2
IPAGV,YNL,Tier2
AGTTCLFTPLALPYDYSH,VVPSGHPI,Tier2
SFLAGGISSEHIQGQQQ,EYW,Tier2
HHPL,DNIQGITKPAIR,Tier2
LLPH,ISITDFGGVGDGR,Tier2
VPSIDDQEELM,TTGIVLDSGDGVSH,Tier2
LHPH,FSPH,Tier2
IGGIGTVPVGR,MMGW,Tier2
EVVLEKSETVKDT,LAN,Tier2
RCMAFLLSDGAAAAQQLLPQYW,GLLLPSFSNAPR,Tier2
HFGDPFH,GIVSPH,Tier2
LQL,TTGIVLDSGDGVSH,Tier2
HLH,WVHNDGNAE,Tier2
NFHPQ,ISITDFGGVGDGR,Tier2
DSGDGVSHTVPIYEGY,LLGIL,Tier2
HHP,DNIQGITKPAIR,Tier2
RNDDLNYIQ,HNDGNTELVVVVF,Tier2
LHPH,LQL,Tier2
KVLPVPQK,AQKIPAGT,Tier2
AQKIPAGT,LLLGI,Tier2
EFIQ,SEVFHVD,Tier2
EFQL,SEVFHVD,Tier2
FYY,TSQLLSDQ,Tier2
EFQL,GIFE,Tier2
YNL,VECYGPNRPQF,Tier2
IEEAF,RHASEGGHG,Tier2
VSAVNVKQEHSAS,FLQL,Tier2
SMLLTGGSASGGL,QFAAD,Tier2
GENDQRGHIIFVQ,FLQL,Tier2
LEEAF,FSPH,Tier2
LPHH,LQLWDTAGQER,Tier2
LTDQHPEQIVTSEAKGS,ASEGGHG,Tier2
GEGSGA,DFIRH,Tier2
LLHH,SFLAGGISSEHIQGQQQ,Tier2
HHPL,AIVIL,Tier2
FPILEHL,VSAVNVKQEHSAS,Tier2
HLPH,TGLVIDSGDGVTH,Tier2
LLHH,ALFSPH,Tier2
LHPH,FFRSKLLSDGAAAKGALLPQYW,Tier2
LLPHHH,AIVIL,Tier2
NPSHADFV,VSAVNVKQEHSAS,Tier2
CTN,QFAAD,Tier2
LLPH,TGLVIDSGDGVTH,Tier2
YNI,LAN,Tier2
GENDQRGHIIFVQ,FVVPSGHPI,Tier2
LEEAF,VVPSGHPI,Tier2
HHPLL,TGLVIDSGDGVTH,Tier2
FYY,PHYA,Tier2
LLPHH,AIVIL,Tier2
AWFS,LQLWDTAGQER,Tier2
LQLWDTAGQER,LLGIL,Tier2
PSLPA,KKGVLGLA,Tier2
YANQLDPNHRRF,DFIRHR,Tier2
SDRDLLGPNNQYLPK,AVFVDLEPTVIDEVR,Tier2
NIDNPSHADFVNPQ,EYLAAEVLELAGNAAR,Tier2
HPH,HNDGNTELVVVVF,Tier2
HLHP,GVDFIRH,Tier2
LHH,ERF,Tier2
SDRDLLGPNNQYLPK,NPSHADFV,Tier2
LEEAF,YLLLK,Tier2
HHP,HNDGNTELVVVVF,Tier2
LALPA,QFAW,Tier2
FPILEHL,SEVFHVD,Tier2
IPAGV,DAYVGDEAQSK,Tier2
LLPHH,FPILEHL,Tier2
GTAHWL,EYW,Tier2
EFLQ,GVDFIRH,Tier2
LLPHHH,LLGIL,Tier2
HAVSEGTK,AQKIPAGT,Tier2
VPSIDDQEELM,WVHNDGNAE,Tier2
FPILEHL,WVHNDGNAE,Tier2
FEQL,DHHK,Tier2
PHYA,PHWPLPPF,Tier2
EFIQ,LAPSLPGKPKPD,Tier2
FEQI,PSIPA,Tier2
LHPH,AIQSPH,Tier2
PHH,AIVIL,Tier2
LLGIL,RAILTLV,Tier2
HLPH,NIDNPSHADFVNPQ,Tier2
IPAGV,GTAHWL,Tier2
PSIPA,WVYY,Tier2
LPL,FEQL,Tier2
PLHH,LQLWDTAGQER,Tier2
YANQLDPNHRRF,GEHIEESR,Tier2
SDRDLLGPNNQYLPK,SMLLTGGSASGGL,Tier2
RPNYTDA,LLLLG,Tier2
TRTGDPFF,FPILEHL,Tier2
EFIQ,ASEGGHG,Tier2
ALFSPH,LAN,Tier2
LQLWDTAGQER,VSAVNVKQEHSAS,Tier2
SDRDLLGPNNQYLPK,GVDFIRHR,Tier2
VVPSGHPI,LLLGI,Tier2
WVYY,GVDLIRQGWSR,Tier2
FEQI,DHHQ,Tier2
DFIRHR,HWPLPPF,Tier2
FYY,CTN,Tier2
LPAGV,ILAGPTTI,Tier2
WVYY,LSGNK,Tier2
TGLVIDSGDGVTH,HADAD,Tier2
EFQL,ISITDFGGVGDGR,Tier2
LLPHHH,RNDDLNYIQ,Tier2
SEVFHVD,TGLVIDSGDGVTH,Tier2
PSYV,GLLLPSFSNAPR,Tier2
HPH,DNIQGITKPAIR,Tier2
DFIRHR,VVPSGHPI,Tier2
TSQLLSDQ,NPSHADFV,Tier2
HHP,DFIRHR,Tier2
HPLH,LAPSLPGKPKPD,Tier2
PHH,FVTPEEEQQQMH,Tier2
EFQL,HNDGNTELVVVVF,Tier2
HLPH,FEQI,Tier2
FFRSKLLSDGAAAKGALLPQYW,ASEGGHG,Tier2
FEQI,ASEGGHG,Tier2
IEAEGE,SMLLTGGSASGGL,Tier2
VPSIDDQEELM,HHP,Tier2
RASDPLLSV,GIFE,Tier2
LEEAF,CSGD,Tier2
AVPYPQR,FFRSKLLSDGAAAKGALLPQYW,Tier2
TSQLLSDQ,DFIRH,Tier2
HPHL,LPAGV,Tier2
TRTGDPFF,GVDLIRQGWSR,Tier2
HLHP,TTGIVLDSGDGVSH,Tier2
AVPYPQR,VPSGHPI,Tier2
VPSIDDQEELM,PAIDL,Tier2
HADAD,MMGW,Tier2
LALPA,TRTGDPFF,Tier2
RCMAFLLSDGAAAAQQLLPQYW,IGGIGTVPVGR,Tier2
DSGVT,SFLAGGISSEHIQGQQQ,Tier2
VSYT,GLLLPSFSNAPR,Tier2
LLPHH,LLGIL,Tier2
LPHH,WVHNDGNAE,Tier2
LLGIL,CGN,Tier2
AVFVDLEPTVIDEVR,ASEGGHG,Tier2
PLHH,AVFVDLEPTVIDEVR,Tier2
YLLLK,DFIRHR,Tier2
VPSIDDQEELM,SPHWTIN,Tier2
LPHH,SEVFH,Tier2
FYY,TRTGDPFF,Tier2
HNDGNTELVVVVF,QFAAD,Tier2
PLHH,EFQI,Tier2
SFLAGGISSEHIQGQQQ,CGN,Tier2
YNL,NIDNPSHADFVNPQ,Tier2
VSAVNVKQEHSAS,GPHWPLPPF,Tier2
EFQI,FEQL,Tier2
HLPH,AIQSPH,Tier2
PLHH,DHHQ,Tier2
LLPH,DHHQ,Tier2
FPILEHL,FSPH,Tier2
DNIQGITKPAIR,HADAD,Tier2
FVVPSGHPI,CGN,Tier2
HLPH,YLLLK,Tier2
YNI,FFRSKLLSDGAAAKGALLPQYW,Tier2
HPHL,SPHWTIN,Tier2
LSGNK,GVDFIRH,Tier2
LPAGV,ALFSPH,Tier2
DSGDGVSHTVPIYEGY,ISITDFGGVGDGR,Tier2
NPSHADFV,LQLWDTAGQER,Tier2
VSYT,NIDNPSHADFVNPQ,Tier2
ALFSPH,ILAGPTTI,Tier2
LLPHH,MTEEY,Tier2
HHP,HAVSEGTK,Tier2
FEQL,IINVIGEPIDER,Tier2
AIQSPH,CGN,Tier2
FYY,GENDQRGHIIFVQ,Tier2
HHP,GIVSPH,Tier2
AIQSPH,FPILEH,Tier2
IGGIGTVPVGR,SMLLTGGSASGGL,Tier2
SEVFHVD,SMLLTGGSASGGL,Tier2
LLPH,SFLAGGISSEHIQGQQQ,Tier2
GEGSGA,ISITDFGGVGDGR,Tier2
LLHH,LHPH,Tier2
YANQLDPNHRRF,EVVLEKSETVKDT,Tier2
PSLPA,HADAD,Tier2
HPLH,LALPA,Tier2
HHLP,LQLWDTAGQER,Tier2
LPHH,EFLQ,Tier2
TSQLLSDQ,YANQLDPNHRRF,Tier2
WVHNDGNAE,NPSHADFV,Tier2
HHLP,LAF,Tier2
PSIPA,TGLVIDSGDGVTH,Tier2
ALFSPH,DFIRHR,Tier2
FEQI,LAN,Tier2
FSPH,DNIQGITKPAIR,Tier2
AWFS,GLTSK,Tier2
PSYV,KVLPVPQK,Tier2
VSYT,VPSGHPI,Tier2
AVFVDLEPTVIDEVR,ILAGPTTI,Tier2
IPAGM,EYW,Tier2
WAFS,MPACGSS,Tier2
DHHK,SMLLTGGSASGGL,Tier2
FFRSKLLSDGAAAKGALLPQYW,RHASEGG,Tier2
LPAGV,DHHQ,Tier2
HHPL,EFQI,Tier2
YNL,TGLVIDSGDGVTH,Tier2
HLH,LTDQHPEQIVTSEAKGS,Tier2
FVTPEEEQQQMH,SEVFH,Tier2
HLHP,CSGD,Tier2
RCMAFLLSDGAAAAQQLLPQYW,RAILTLV,Tier2
PSLPA,AVLAPH,Tier2
YNL,WVHNDGNAE,Tier2
LAPSLPGKPKPD,AQKIPAGT,Tier2
FEQI,TSQLLSDQ,Tier2
PSYV,RHASEGGHG,Tier2
WVHNDGNAE,CTN,Tier2
YLAGNPHQQQQGGR,CTN,Tier2
HLH,IPAGV,Tier2
HLHP,FPILEHL,Tier2
DNIQGITKPAIR,GPHWPLPPF,Tier2
GEHIEESR,LLGIL,Tier2
EYLAAEVLELAGNAAR,MMGW,Tier2
HHPL,EFLQ,Tier2
HHPL,FVTPEEEQQQMH,Tier2
TGLVIDSGDGVTH,YLAGNPHQQQQGGR,Tier2
SEVFH,ILAGPTTI,Tier2
IPAGV,FEQL,Tier2
IINVIGEPIDER,VVPSGHPI,Tier2
LLHH,LPAGV,Tier2
PSIPA,ILAGPTTI,Tier2
LPL,DFIRH,Tier2
WVYY,GENDQRGHIIFVQ,Tier2
LAPSLPGKPKPD,SEVFH,Tier2
SDRDLLGPNNQYLPK,ILAGPTTI,Tier2
VECYGPNRPQF,CTN,Tier2
DFIRH,LLLLG,Tier2
LLPHHH,VVPSGHPI,Tier2
LQL,QFAAD,Tier2
PSIPA,LQL,Tier2
NIDNPSHADFVNPQ,FLQL,Tier2
HPLH,LLPH,Tier2
PLHH,HHP,Tier2
MPACGSS,MMGW,Tier2
DAHK,LAN,Tier2
HPLH,GLLLPSFSNAPR,Tier2
VPSGHPI,CGN,Tier2
RCMAFLLSDGAAAAQQLLPQYW,DFIRH,Tier2
NFHPQ,HWPLPPF,Tier2
AVLAPH,EVVLEKSETVKDT,Tier2
HHPLL,PSLPA,Tier2
GLLLPSFSNAPR,LQLWDTAGQER,Tier2
VSAVNVKQEHSAS,HWPLPPF,Tier2
DHHQVYSPGEQ,PHYA,Tier2
LALPA,FSPH,Tier2
IPAGV,DSGDGVSHTVPIYEGY,Tier2
ALFSPH,HADAD,Tier2
SCH,EYW,Tier2
TRTGDPFF,FVTPEEEQQQMH,Tier2
LPAGV,YLAGNPHQQQQGGR,Tier2
MTEEY,TGLVIDSGDGVTH,Tier2
LALPA,AWFS,Tier2
HPHL,LHH,Tier2
RCMAFLLSDGAAAAQQLLPQYW,NPSHADFV,Tier2
AWFS,GVDLIRQGWSR,Tier2
PSLPA,GIVSPH,Tier2
FSPH,MMGW,Tier2
PSLPA,YNI,Tier2
VPSGHPI,HADAD,Tier2
YLAGNPHQQQQGGR,VPSGHPI,Tier2
FPILEH,VPSGHPI,Tier2
HFGDPFH,LLPHHH,Tier2
DAYVGDEAQSK,AIVIL,Tier2
TRTGDPFF,TTGIVLDSGDGVSH,Tier2
RASDPLLSV,QFAW,Tier2
HPHL,SFLAGGISSEHIQGQQQ,Tier2
HPHL,SDRDLLGPNNQYLPK,Tier2
ASEGGHG,RHASEGGHG,Tier2
FFRSKLLSDGAAAKGALLPQYW,PAIDL,Tier2
DAQEKLE,SCH,Tier2
EFQI,IINVIGEPIDER,Tier2
MPACGSS,YANQLDPNHRRF,Tier2
PLHH,DSGDGVSHTVPIYEGY,Tier2
HPH,LAF,Tier2
EFIQ,EYW,Tier2
HHPL,FFRSKLLSDGAAAKGALLPQYW,Tier2
NPSHADFV,AIVIL,Tier2
TGLVIDSGDGVTH,CSGD,Tier2
IPAGM,GLTSK,Tier2
LHH,EFLQ,Tier2
DFIRHR,DAYVGDEAQSK,Tier2
NIDNPSHADFVNPQ,ERF,Tier2
LALPA,YANQLDPNHRRF,Tier2
VECYGPNRPQF,AQKIPAGT,Tier2
DSGDGVSHTVPIYEGY,VVPSGHPI,Tier2
LLPH,PLHH,Tier2
HNDGNTELVVVVF,FVVPSGHPI,Tier2
TIHSDHEGGNVSAH,ILAGPTTI,Tier2
LEEAF,HADAD,Tier2
FEQI,GIVSPH,Tier2
WVYY,FVTPEEEQQQMH,Tier2
AVLAPH,DAYVGDEAQSK,Tier2
NIDNPSHADFVNPQ,AIVIL,Tier2
AQKIPAGT,LLLLG,Tier2
RHASEGG,FLQL,Tier2
AVLAPH,FVVPSGHPI,Tier2
VPSIDDQEELM,ALFSPH,Tier2
AVPYPQR,GVDFIRH,Tier2
GLLLPSFSNAPR,QFAW,Tier2
PSYV,FPILEH,Tier2
MPACGSS,FVVPSGHPI,Tier2
MMGW,QFAAD,Tier2
HPH,AGTTCLFTPLALPYDYSH,Tier2
GPHWPLPPF,QFAW,Tier2
LQL,LLGIL,Tier2
EFQL,GVDFIRHR,Tier2
HHLP,NFHPQ,Tier2
AVPYPQR,LAN,Tier2
VPSIDDQEELM,YNI,Tier2
FSPH,LQLWDTAGQER,Tier2
LEEAF,GVDLIRQGWSR,Tier2
DHHQVYSPGEQ,GEHIEESR,Tier2
GEHIEESR,VVPSGHPI,Tier2
HHPLL,ASEGGHG,Tier2
FEQI,ILAGPTTI,Tier2
DAHK,EYW,Tier2
GIVSPH,GPHWPLPPF,Tier2
GTAHWL,LLGIL,Tier2
YNL,FSPH,Tier2
TTGIVLDSGDGVSH,LLLLG,Tier2
PHYA,CGN,Tier2
MPACGSS,SFLAGGISSEHIQGQQQ,Tier2
EFIQ,HWPLPPF,Tier2
AVLAPH,ERF,Tier2
LAPSLPGKPKPD,AVLAPH,Tier2
FVTPEEEQQQMH,RHASEGG,Tier2
SEVFHVD,GPHWPLPPF,Tier2
GEGSGA,EYW,Tier2
LPAGV,FFRSKLLSDGAAAKGALLPQYW,Tier2
CGN,LAN,Tier2
GVDFIRHR,DNIQGITKPAIR,Tier2
EFQL,SEVFH,Tier2
LLPH,RCMAFLLSDGAAAAQQLLPQYW,Tier2
HHP,FFRSKLLSDGAAAKGALLPQYW,Tier2
GIFE,GPHWPLPPF,Tier2
DHHQ,DHHK,Tier2
LSGNK,PAIDL,Tier2
LSGNK,EYW,Tier2
SCH,FEQI,Tier2
TRTGDPFF,NFHPQ,Tier2
HPHL,LLLGI,Tier2
LAPSLPGKPKPD,RPNYTDA,Tier2
HPH,PHH,Tier2
PHH,ASEGGHG,Tier2
IEAEGE,FEQI,Tier2
PSLPA,CSGD,Tier2
EYLAAEVLELAGNAAR,FVVPSGHPI,Tier2
DHHQ,GPHWPLPPF,Tier2
FFRSKLLSDGAAAKGALLPQYW,GENDQRGHIIFVQ,Tier2
HHPLL,FFRSKLLSDGAAAKGALLPQYW,Tier2
HLH,LAN,Tier2
HLPH,YNL,Tier2
IEEAF,GLLLPSFSNAPR,Tier2
HLPH,DNIQGITKPAIR,Tier2
VSYT,RHASEGGHG,Tier2
HLPH,RCMAFLLSDGAAAAQQLLPQYW,Tier2
DAQEKLE,AVLAPH,Tier2
SCH,LAF,Tier2
SDRDLLGPNNQYLPK,HNDGNTELVVVVF,Tier2
TIHSDHEGGNVSAH,CGN,Tier2
RHASEGGHG,LLGIL,Tier2
EFQI,AIVIL,Tier2
LSGNK,YLAGNPHQQQQGGR,Tier2
AVPYPQR,EFIQ,Tier2
WVYY,GVDFIRH,Tier2
EELDNALN,VSYT,Tier2
AIQSPH,NIDNPSHADFVNPQ,Tier2
EFIQ,LAF,Tier2
YNL,EVVLEKSETVKDT,Tier2
IGGIGTVPVGR,HADAD,Tier2
HLH,GIVSPH,Tier2
LHH,DSGDGVSHTVPIYEGY,Tier2
FEQI,VSYT,Tier2
GENDQRGHIIFVQ,GPHWPLPPF,Tier2
IEAEGE,AWFS,Tier2
WAFS,NPSHADFV,Tier2
TSQLLSDQ,SMLLTGGSASGGL,Tier2
MTEEY,GVDFIRH,Tier2
DFIRH,QFAW,Tier2
DAQEKLE,LAN,Tier2
WAFS,WVHNDGNAE,Tier2
HHPLL,TSQLLSDQ,Tier2
IPAGM,YLAGNPHQQQQGGR,Tier2
PSLPA,FPILEH,Tier2
EVVLEKSETVKDT,VVPSGHPI,Tier2
IPAGM,FPILEHL,Tier2
AIQSPH,ALFSPH,Tier2
EFQI,GPHWPLPPF,Tier2
PSIPA,TIHSDHEGGNVSAH,Tier2
DFIRHR,GLLLPSFSNAPR,Tier2
ASEGGHG,CSGD,Tier2
RASDPLLSV,PAIDL,Tier2
HHP,AWFS,Tier2
SMLLTGGSASGGL,LLGIL,Tier2
WVHNDGNAE,LLLGI,Tier2
LHPH,FLQL,Tier2
HHPLL,AVPYPQR,Tier2
AIVIL,CSGD,Tier2
DHHQ,LAN,Tier2
LEEAF,PAIDL,Tier2
LPL,GIVSPH,Tier2
LTDQHPEQIVTSEAKGS,KKGVLGLA,Tier2
KVLPVPQK,DHHQVYSPGEQ,Tier2
RHASEGG,QFAW,Tier2
LLPHHH,AQKIPAGT,Tier2
LLHH,SMLLTGGSASGGL,Tier2
IPAGV,TIHSDHEGGNVSAH,Tier2
GLLLPSFSNAPR,HADAD,Tier2
TIHSDHEGGNVSAH,FLQL,Tier2
LLHH,EYW,Tier2
FPILEH,VSAVNVKQEHSAS,Tier2
DSGVT,GIFE,Tier2
RASDPLLSV,QFAAD,Tier2
PLHH,HHPL,Tier2
SEVFH,HAVSEGTK,Tier2
HLHP,RAILTLV,Tier2
HHPLL,LPHH,Tier2
HHLP,ASEGGHG,Tier2
FFRSKLLSDGAAAKGALLPQYW,EYLAAEVLELAGNAAR,Tier2
DFIRHR,GVDLIRQGWSR,Tier2
GVDFIRHR,SMLLTGGSASGGL,Tier2
HHP,RAILTLV,Tier2
EFQI,SEVFHVD,Tier2
IPAGM,IEEAF,Tier2
DAYVGDEAQSK,PAIDL,Tier2
EFLQ,LLLGI,Tier2
DSGVT,LAPSLPGKPKPD,Tier2
HFGDPFH,AVLAPH,Tier2
VSAVNVKQEHSAS,CGN,Tier2
HAVSEGTK,LLLLG,Tier2
AGTTCLFTPLALPYDYSH,GVDFIRHR,Tier2
AWFS,TTGIVLDSGDGVSH,Tier2
PSIPA,SEVFH,Tier2
YNI,GEGSGA,Tier2
HHLP,AVPYPQR,Tier2
VPSIDDQEELM,GVDLIRQGWSR,Tier2
DHHQVYSPGEQ,TRTGDPFF,Tier2
LPHH,PHH,Tier2
HHLP,SMLLTGGSASGGL,Tier2
HPHL,NFHPQ,Tier2
RPNYTDA,LQLWDTAGQER,Tier2
RASDPLLSV,RAILTLV,Tier2
LLHH,FEQI,Tier2
RCMAFLLSDGAAAAQQLLPQYW,VVPSGHPI,Tier2
RPNYTDA,MMGW,Tier2
FVTPEEEQQQMH,MMGW,Tier2
TSQLLSDQ,GENDQRGHIIFVQ,Tier2
LALPA,DFIRH,Tier2
RNDDLNYIQ,KKGVLGLA,Tier2
AVLAPH,GEHIEESR,Tier2
HHPLL,GEGSGA,Tier2
YNL,ERF,Tier2
IGGIGTVPVGR,ERF,Tier2
HPHL,RHASEGGHG,Tier2
SEVFH,GVDFIRHR,Tier2
FVTPEEEQQQMH,LLGIL,Tier2
LEEAF,AVLAPH,Tier2
VSYT,GTAHWL,Tier2
FVVPSGHPI,PAIDL,Tier2
