sequence,mw,gravy,aromaticity,instability,charge_ph7,aliphatic_index,ctd_hydro_C_hydrophobic,ctd_hydro_C_neutral,ctd_hydro_C_polar,ctd_hydro_T_hydrophobic_neutral,ctd_hydro_T_neutral_polar,ctd_hydro_T_hydrophobic_polar,ctd_charge_C_positive,ctd_charge_C_negative
AHK,354.40479999999997,-1.7666666666666666,0.0,57.3,0.8820497751096729,33.33333333333333,0.0,0.6666666666666666,0.3333333333333333,0.0,0.5,0.0,0.6666666666666666,0.0
VHH,391.4249,-0.7333333333333334,0.0,6.666666666666667,-0.09166323353567374,96.66666666666664,0.3333333333333333,0.6666666666666666,0.0,0.5,0.0,0.0,0.6666666666666666,0.0
VHHANEN,819.8219999999999,-1.5571428571428572,0.0,8.571428571428571,-1.0888527715624634,55.71428571428571,0.14285714285714285,0.42857142857142855,0.42857142857142855,0.16666666666666666,0.16666666666666666,0.0,0.2857142857142857,0.14285714285714285
VNPHDHQN,959.9619,-2.225,0.0,5.15,-1.0905424725958293,36.25,0.125,0.375,0.5,0.0,0.5714285714285714,0.14285714285714285,0.25,0.125
LVNPHDHQN,1073.1195,-1.5555555555555556,0.0,5.688888888888889,-1.0644292483616788,75.55555555555554,0.2222222222222222,0.3333333333333333,0.4444444444444444,0.0,0.5,0.125,0.2222222222222222,0.1111111111111111
VIPAGYP,715.8367,0.7999999999999999,0.14285714285714288,37.471428571428575,-0.2670106110438486,111.42857142857142,0.2857142857142857,0.7142857142857143,0.0,0.16666666666666666,0.0,0.0,0.0,0.0
LQSGDALRVPSGTTYY,1727.8683,-0.36875,0.125,95.73124999999999,-0.24078562676885573,73.125,0.1875,0.625,0.1875,0.13333333333333333,0.2,0.2,0.0625,0.0625
VKL,358.4762,1.3666666666666665,0.0,-31.233333333333338,0.7329893889561515,226.66666666666663,0.6666666666666666,0.0,0.3333333333333333,0.0,0.0,1.0,0.3333333333333333,0.0
VVKL,457.6072,2.075,0.0,-20.925000000000004,0.7329893889561515,242.5,0.75,0.0,0.25,0.0,0.0,0.6666666666666666,0.25,0.0
VKV,344.4496,1.5,0.0,-31.233333333333338,0.7329893889561515,193.3333333333333,0.6666666666666666,0.0,0.3333333333333333,0.0,0.0,1.0,0.3333333333333333,0.0
PKAV,413.51169999999996,0.12500000000000006,0.0,7.5,0.9575298665793545,97.5,0.25,0.5,0.25,0.3333333333333333,0.6666666666666666,0.0,0.25,0.0
IKL,372.50280000000004,1.4666666666666668,0.0,-49.93333333333334,0.7591026131903019,259.99999999999994,0.6666666666666666,0.0,0.3333333333333333,0.0,0.0,1.0,0.3333333333333333,0.0
VPSGK,486.5624,-0.5,0.0,68.06,0.7329893889561515,58.0,0.2,0.6,0.2,0.25,0.25,0.0,0.2,0.0
EAK,346.3795,-1.8666666666666665,0.0,6.666666666666667,-0.1641713823010078,33.33333333333333,0.0,0.3333333333333333,0.6666666666666666,0.0,1.0,0.0,0.3333333333333333,0.3333333333333333
FVAGK,520.6216000000001,0.9,0.2,-8.98,0.7591026131903019,78.0,0.4,0.4,0.2,0.25,0.25,0.0,0.2,0.0
KAI,330.42310000000003,0.8000000000000002,0.0,6.666666666666667,0.7591026131903019,163.33333333333331,0.3333333333333333,0.3333333333333333,0.3333333333333333,0.5,0.5,0.0,0.3333333333333333,0.0
KVI,358.4762,1.6000000000000003,0.0,-21.633333333333336,0.7591026131903019,226.66666666666663,0.6666666666666666,0.0,0.3333333333333333,0.0,0.0,0.5,0.3333333333333333,0.0
LQPGQGQQ,854.9075,-1.575,0.0,97.65,-0.23989838581069733,48.75,0.125,0.375,0.5,0.0,0.5714285714285714,0.14285714285714285,0.0,0.0
YFYPEL,830.9223,-0.18333333333333343,0.5,112.20166666666667,-1.239085925835489,64.99999999999999,0.3333333333333333,0.5,0.16666666666666666,0.4,0.2,0.2,0.0,0.16666666666666666
FYPEL,667.7491,0.039999999999999904,0.4,132.642,-1.2380869248364883,78.0,0.4,0.4,0.2,0.25,0.25,0.25,0.0,0.2
YPEL,520.5753000000001,-0.6500000000000001,0.25,81.8,-1.2380869248364883,97.5,0.25,0.5,0.25,0.0,0.3333333333333333,0.3333333333333333,0.0,0.25
PEL,357.4021,-0.4333333333333334,0.0,64.6,-1.0386606704484347,129.99999999999997,0.3333333333333333,0.3333333333333333,0.3333333333333333,0.0,0.5,0.5,0.0,0.3333333333333333
LELHKLRSSHWFSRR,1952.2257,-1.0933333333333335,0.13333333333333333,123.53999999999999,2.936231451972683,78.0,0.3333333333333333,0.3333333333333333,0.3333333333333333,0.21428571428571427,0.21428571428571427,0.2857142857142857,0.4,0.06666666666666667
PSHDAHPE,888.8808999999999,-1.9500000000000002,0.0,40.33749999999999,-1.8579542532319262,12.5,0.0,0.75,0.25,0.0,0.42857142857142855,0.0,0.25,0.25
SHDAHPE,791.7656999999999,-2.0,0.0,17.157142857142855,-2.3563366615926826,14.285714285714285,0.0,0.7142857142857143,0.2857142857142857,0.0,0.5,0.0,0.2857142857142857,0.2857142857142857
VDHDHPE,847.8289,-2.042857142857143,0.0,7.814285714285713,-3.0813739699152842,41.42857142857142,0.14285714285714285,0.42857142857142855,0.42857142857142855,0.0,0.6666666666666666,0.16666666666666666,0.2857142857142857,0.42857142857142855
PKAVHE,679.765,-1.0333333333333334,0.0,8.333333333333334,0.052751796574641796,64.99999999999999,0.16666666666666666,0.5,0.3333333333333333,0.4,0.6,0.0,0.3333333333333333,0.16666666666666666
PAGY,406.43289999999996,-0.375,0.25,34.425000000000004,-0.04247013342064576,25.0,0.0,1.0,0.0,0.0,0.0,0.0,0.0,0.0
PHHADS,662.6517,-1.75,0.0,26.283333333333335,-0.8660019949726263,16.666666666666664,0.0,0.8333333333333334,0.16666666666666666,0.0,0.4,0.0,0.3333333333333333,0.16666666666666666
VDYP,492.52209999999997,-0.55,0.25,0.7750000000000012,-1.2658898501040041,72.5,0.25,0.5,0.25,0.0,0.3333333333333333,0.3333333333333333,0.0,0.25
LQPGQGQQG,911.9587999999999,-1.4444444444444444,0.0,87.91111111111113,-0.23989838581069733,43.33333333333333,0.1111111111111111,0.4444444444444444,0.4444444444444444,0.0,0.625,0.125,0.0,0.0
AQIPQQ,683.7536,-0.9666666666666667,0.0,67.73333333333333,-0.20412541214591307,81.66666666666666,0.16666666666666666,0.3333333333333333,0.5,0.2,0.4,0.2,0.0,0.0
DSGVT,477.46619999999996,-0.23999999999999994,0.0,29.540000000000003,-1.2387776248708526,58.0,0.2,0.6,0.2,0.5,0.25,0.0,0.0,0.2
IEAEGE,646.6441,-0.7666666666666666,0.0,69.0,-3.226229720123577,81.66666666666666,0.16666666666666666,0.3333333333333333,0.5,0.0,0.8,0.2,0.0,0.5
DAQEKLE,831.8676999999999,-1.7571428571428573,0.0,23.957142857142863,-2.2289184221559433,70.0,0.14285714285714285,0.14285714285714285,0.7142857142857143,0.0,0.3333333333333333,0.3333333333333333,0.14285714285714285,0.42857142857142855
EELDNALN,916.9290000000001,-1.0125,0.0,49.5,-3.159241158388952,110.0,0.25,0.125,0.625,0.14285714285714285,0.14285714285714285,0.42857142857142855,0.0,0.375
VPSIDDQEELM,1275.382,-0.5,0.0,91.25454545454545,-4.258149164218739,97.27272727272728,0.36363636363636365,0.18181818181818182,0.45454545454545453,0.2,0.0,0.2,0.0,0.36363636363636365
YAEERYPIL,1153.2837,-0.6222222222222222,0.2222222222222222,98.15555555555557,-1.2362854637622802,97.77777777777777,0.2222222222222222,0.4444444444444444,0.3333333333333333,0.125,0.25,0.0,0.1111111111111111,0.2222222222222222
WYSLAMAASDI,1227.3853,0.7545454545454544,0.18181818181818182,20.30909090909091,-1.2397766258698537,98.18181818181819,0.36363636363636365,0.5454545454545454,0.09090909090909091,0.5,0.1,0.1,0.0,0.09090909090909091
HLPLPL,688.8578,0.8333333333333331,0.0,72.53333333333335,-0.15272419755611044,195.0,0.5,0.5,0.0,1.0,0.0,0.0,0.16666666666666666,0.0
PPQ,340.37489999999997,-2.2333333333333334,0.0,135.0666666666667,-0.041471132421644796,0.0,0.0,0.6666666666666666,0.3333333333333333,0.0,0.5,0.0,0.0,0.0
NQE,389.3611,-3.5,0.0,45.73333333333334,-1.231850644069997,0.0,0.0,0.0,1.0,0.0,0.0,0.0,0.0,0.3333333333333333
AKYIPIQYVLSRYPSY,1961.2620000000002,-0.19375000000000003,0.25,29.937500000000004,1.790869582959081,97.5,0.25,0.5625,0.1875,0.3333333333333333,0.3333333333333333,0.06666666666666667,0.125,0.0
IPIQYVL,845.0367,1.5142857142857142,0.14285714285714288,-6.314285714285714,-0.2408973868096983,208.57142857142856,0.5714285714285714,0.2857142857142857,0.14285714285714285,0.5,0.16666666666666666,0.16666666666666666,0.0,0.0
PPK,340.418,-2.3666666666666667,0.0,70.86666666666667,0.9575298665793545,0.0,0.0,0.6666666666666666,0.3333333333333333,0.0,0.5,0.0,0.3333333333333333,0.0
FDSGPAGVL,861.9381,0.6555555555555554,0.1111111111111111,65.4,-1.2387776248708526,86.66666666666666,0.3333333333333333,0.5555555555555556,0.1111111111111111,0.125,0.125,0.125,0.0,0.1111111111111111
NGPLQAGQPGER,1223.2957999999999,-1.4416666666666667,0.0,33.575,-0.23709792373748817,40.83333333333333,0.08333333333333333,0.5,0.4166666666666667,0.09090909090909091,0.45454545454545453,0.09090909090909091,0.08333333333333333,0.08333333333333333
HGPLGPL,689.8027999999999,0.05714285714285704,0.0,-6.242857142857142,-0.15272419755611044,111.42857142857142,0.2857142857142857,0.7142857142857143,0.0,0.5,0.0,0.0,0.14285714285714285,0.0
NADFGLNGLEGLA,1290.3781999999999,0.19999999999999993,0.07692307692307693,-14.661538461538465,-2.2359671628976425,105.38461538461539,0.3076923076923077,0.38461538461538464,0.3076923076923077,0.4166666666666667,0.3333333333333333,0.25,0.0,0.15384615384615385
NGLEGLK,729.822,-0.5857142857142857,0.0,-25.02857142857143,-0.23808692483648786,111.42857142857142,0.2857142857142857,0.2857142857142857,0.42857142857142855,0.3333333333333333,0.3333333333333333,0.3333333333333333,0.14285714285714285,0.14285714285714285
HFGDPFH,855.8953999999999,-0.9000000000000001,0.28571428571428575,21.271428571428576,-1.0644292483616788,0.0,0.2857142857142857,0.5714285714285714,0.14285714285714285,0.6666666666666666,0.3333333333333333,0.0,0.2857142857142857,0.14285714285714285
LGLNGDDVN,915.9440999999999,-0.3333333333333333,0.0,-7.811111111111111,-2.2376568639310084,118.88888888888889,0.3333333333333333,0.2222222222222222,0.4444444444444444,0.25,0.25,0.375,0.0,0.2222222222222222
VKAGFAWTANQQLS,1520.6870999999999,-0.07142857142857142,0.14285714285714288,4.864285714285716,0.7329893889561515,70.0,0.2857142857142857,0.42857142857142855,0.2857142857142857,0.38461538461538464,0.15384615384615385,0.15384615384615385,0.07142857142857142,0.0
LVGDEQAVPAVCVP,1396.6078999999997,0.9,0.0,52.86428571428572,-2.2458681529966524,125.0,0.42857142857142855,0.35714285714285715,0.21428571428571427,0.38461538461538464,0.15384615384615385,0.0,0.0,0.14285714285714285
ESTVPERTHPACPDFN,1799.9146,-1.0875,0.0625,84.625,-2.0819779601333757,24.375,0.1875,0.5,0.3125,0.26666666666666666,0.26666666666666666,0.13333333333333333,0.125,0.1875
PSKYEPFV,966.0873000000001,-0.7125,0.25,71.55000000000001,-0.040658672446436395,36.25,0.25,0.5,0.25,0.14285714285714285,0.5714285714285714,0.0,0.125,0.125
LKQELEDLLEKQE,1614.7921,-1.3153846153846156,0.0,83.51538461538462,-3.224296499208524,120.0,0.3076923076923077,0.0,0.6923076923076923,0.0,0.0,0.4166666666666667,0.15384615384615385,0.38461538461538464
VECYG,569.6277,0.3,0.2,78.89999999999999,-1.2741011391696484,58.0,0.4,0.4,0.2,0.25,0.0,0.5,0.0,0.2
CYGPNR,708.7862,-1.4666666666666668,0.16666666666666669,-5.816666666666667,0.7491916231912907,0.0,0.16666666666666666,0.5,0.3333333333333333,0.2,0.2,0.0,0.16666666666666666,0.0
PNRPQF,757.837,-1.9833333333333334,0.16666666666666669,59.966666666666676,0.9585188676783541,0.0,0.16666666666666666,0.3333333333333333,0.5,0.0,0.6,0.2,0.16666666666666666,0.0
PLFQNKLAHAK,1266.491,-0.5090909090909091,0.09090909090909091,15.181818181818178,2.0437050538349406,89.09090909090911,0.2727272727272727,0.36363636363636365,0.36363636363636365,0.2,0.1,0.2,0.2727272727272727,0.0
AEAQKQLR,943.0591,-1.4375,0.0,62.37500000000001,0.7976760489282952,73.75,0.125,0.25,0.625,0.0,0.42857142857142855,0.2857142857142857,0.25,0.125
LEELEEELEGCE,1421.4803,-0.9166666666666666,0.0,90.66666666666669,-7.224888862329745,97.5,0.3333333333333333,0.08333333333333333,0.5833333333333334,0.09090909090909091,0.09090909090909091,0.5454545454545454,0.0,0.5833333333333334
LMCH,502.6511,1.25,0.0,89.0,-0.16262518765512024,97.5,0.75,0.25,0.0,0.3333333333333333,0.0,0.0,0.25,0.0
PSYV,464.512,0.125,0.25,55.650000000000006,-0.04247013342064576,72.5,0.25,0.75,0.0,0.3333333333333333,0.0,0.0,0.0,0.0
LPTSEAAKY,979.0846000000001,-0.48888888888888893,0.1111111111111111,51.6888888888889,-0.23908592583548893,65.55555555555554,0.1111111111111111,0.6666666666666666,0.2222222222222222,0.125,0.5,0.0,0.1111111111111111,0.1111111111111111
PMDYMVT,856.0179999999999,0.12857142857142856,0.14285714285714288,48.442857142857136,-1.0413493724808012,41.42857142857142,0.42857142857142855,0.42857142857142855,0.14285714285714285,0.5,0.16666666666666666,0.16666666666666666,0.0,0.14285714285714285
FRDEHKK,959.0601,-2.814285714285714,0.14285714285714288,31.62857142857143,0.8491990234589419,0.0,0.14285714285714285,0.14285714285714285,0.7142857142857143,0.0,0.3333333333333333,0.16666666666666666,0.5714285714285714,0.2857142857142857
KHNRGDEF,1002.0417,-2.4625,0.125,27.737499999999997,-0.149801975542057,0.0,0.125,0.25,0.625,0.0,0.5714285714285714,0.14285714285714285,0.375,0.25
HPLH,502.5666999999999,-1.0500000000000003,0.0,0.30000000000000027,-0.06555000930152344,97.5,0.25,0.75,0.0,0.6666666666666666,0.0,0.0,0.5,0.0
HHLP,502.5666999999999,-1.0500000000000003,0.0,55.650000000000006,-0.06555000930152344,97.5,0.25,0.75,0.0,0.6666666666666666,0.0,0.0,0.5,0.0
HLPH,502.5666999999999,-1.0500000000000003,0.0,55.650000000000006,-0.06555000930152344,97.5,0.25,0.75,0.0,0.6666666666666666,0.0,0.0,0.5,0.0
LLPH,478.585,0.6999999999999998,0.0,55.650000000000006,-0.15272419755611044,195.0,0.5,0.5,0.0,0.3333333333333333,0.0,0.0,0.25,0.0
PLHH,502.5666999999999,-1.0500000000000003,0.0,7.5,0.1328772440875291,97.5,0.25,0.75,0.0,0.6666666666666666,0.0,0.0,0.5,0.0
HPHL,502.5666999999999,-1.0500000000000003,0.0,0.30000000000000027,-0.06555000930152344,97.5,0.25,0.75,0.0,0.3333333333333333,0.0,0.0,0.5,0.0
YLYP,554.6345,-0.10000000000000009,0.5,38.35,-0.24189638780869938,97.5,0.25,0.75,0.0,0.6666666666666666,0.0,0.0,0.0,0.0
HPH,389.40909999999997,-2.6666666666666665,0.0,-2.933333333333333,-0.06555000930152344,0.0,0.0,1.0,0.0,0.0,0.0,0.0,0.6666666666666666,0.0
LYPY,554.6345,-0.10000000000000009,0.5,38.35,-0.24189638780869938,97.5,0.25,0.75,0.0,0.3333333333333333,0.0,0.0,0.0,0.0
LLHH,518.6091,0.2999999999999998,0.0,7.5,-0.06555000930152344,195.0,0.5,0.5,0.0,0.3333333333333333,0.0,0.0,0.5,0.0
LPYY,554.6345,-0.10000000000000009,0.5,86.5,-0.24189638780869938,97.5,0.25,0.75,0.0,0.3333333333333333,0.0,0.0,0.0,0.0
HHPLL,615.7243,-0.08000000000000015,0.0,2.24,-0.06555000930152344,156.0,0.4,0.6,0.0,0.25,0.0,0.0,0.4,0.0
PYY,441.4769,-1.4000000000000001,0.6666666666666667,47.800000000000004,-0.04346913441964684,0.0,0.0,1.0,0.0,0.0,0.0,0.0,0.0,0.0
HLHP,502.5666999999999,-1.0500000000000003,0.0,0.30000000000000027,-0.06555000930152344,97.5,0.25,0.75,0.0,0.6666666666666666,0.0,0.0,0.5,0.0
LPHH,502.5666999999999,-1.0500000000000003,0.0,55.650000000000006,-0.06555000930152344,97.5,0.25,0.75,0.0,0.3333333333333333,0.0,0.0,0.5,0.0
HHPL,502.5666999999999,-1.0500000000000003,0.0,0.30000000000000027,-0.06555000930152344,97.5,0.25,0.75,0.0,0.3333333333333333,0.0,0.0,0.5,0.0
LHPH,502.5666999999999,-1.0500000000000003,0.0,0.30000000000000027,-0.06555000930152344,97.5,0.25,0.75,0.0,0.3333333333333333,0.0,0.0,0.5,0.0
HHP,389.40909999999997,-2.6666666666666665,0.0,-2.933333333333333,-0.06555000930152344,0.0,0.0,1.0,0.0,0.0,0.0,0.0,0.6666666666666666,0.0
LLPHH,615.7243,-0.08000000000000015,0.0,46.52,-0.06555000930152344,156.0,0.4,0.6,0.0,0.25,0.0,0.0,0.4,0.0
HLH,405.45149999999995,-0.8666666666666668,0.0,6.666666666666667,-0.06555000930152344,129.99999999999997,0.3333333333333333,0.6666666666666666,0.0,1.0,0.0,0.0,0.6666666666666666,0.0
LLPHHH,752.8635999999999,-0.6000000000000002,0.0,40.43333333333334,0.021624178953063455,129.99999999999997,0.3333333333333333,0.6666666666666666,0.0,0.2,0.0,0.0,0.5,0.0
LHH,405.45149999999995,-0.8666666666666668,0.0,6.666666666666667,-0.06555000930152344,129.99999999999997,0.3333333333333333,0.6666666666666666,0.0,0.5,0.0,0.0,0.6666666666666666,0.0
PHH,389.40909999999997,-2.6666666666666665,0.0,6.666666666666667,0.1328772440875291,0.0,0.0,1.0,0.0,0.0,0.0,0.0,0.6666666666666666,0.0
LHA,339.3901,0.7999999999999998,0.0,6.666666666666667,-0.15272419755611044,163.33333333333331,0.3333333333333333,0.6666666666666666,0.0,0.5,0.0,0.0,0.3333333333333333,0.0
LHD,383.3996,-0.9666666666666668,0.0,6.666666666666667,-1.1484225350089625,129.99999999999997,0.3333333333333333,0.3333333333333333,0.3333333333333333,0.5,0.5,0.0,0.3333333333333333,0.3333333333333333
LHE,397.4262,-0.9666666666666668,0.0,6.666666666666667,-1.1446764558154103,129.99999999999997,0.3333333333333333,0.3333333333333333,0.3333333333333333,0.5,0.5,0.0,0.3333333333333333,0.3333333333333333
LHF,415.486,1.133333333333333,0.33333333333333337,-27.9,-0.15272419755611044,129.99999999999997,0.6666666666666666,0.3333333333333333,0.0,1.0,0.0,0.0,0.3333333333333333,0.0
LHG,325.3635,0.06666666666666654,0.0,-27.9,-0.15272419755611044,129.99999999999997,0.3333333333333333,0.6666666666666666,0.0,0.5,0.0,0.0,0.3333333333333333,0.0
LHI,381.4698,1.7,0.0,153.13333333333333,-0.15272419755611044,259.99999999999994,0.6666666666666666,0.3333333333333333,0.0,1.0,0.0,0.0,0.3333333333333333,0.0
LHK,396.48449999999997,-1.1,0.0,85.60000000000001,0.8462768014448888,129.99999999999997,0.3333333333333333,0.3333333333333333,0.3333333333333333,0.5,0.5,0.0,0.6666666666666666,0.0
LHL,381.4698,1.4666666666666666,0.0,6.666666666666667,-0.15272419755611044,259.99999999999994,0.6666666666666666,0.3333333333333333,0.0,1.0,0.0,0.0,0.3333333333333333,0.0
LHM,399.5082,0.8333333333333331,0.0,6.666666666666667,-0.15272419755611044,129.99999999999997,0.6666666666666666,0.3333333333333333,0.0,1.0,0.0,0.0,0.3333333333333333,0.0
LHN,382.41479999999996,-0.9666666666666668,0.0,85.60000000000001,-0.15272419755611044,129.99999999999997,0.3333333333333333,0.3333333333333333,0.3333333333333333,0.5,0.5,0.0,0.3333333333333333,0.0
LHQ,396.4414,-0.9666666666666668,0.0,6.666666666666667,-0.15272419755611044,129.99999999999997,0.3333333333333333,0.3333333333333333,0.3333333333333333,0.5,0.5,0.0,0.3333333333333333,0.0
LHR,424.4979,-1.3,0.0,6.666666666666667,0.8472658025438885,129.99999999999997,0.3333333333333333,0.3333333333333333,0.3333333333333333,0.5,0.5,0.0,0.6666666666666666,0.0
LHS,355.3895,-0.0666666666666668,0.0,6.666666666666667,-0.15272419755611044,129.99999999999997,0.3333333333333333,0.6666666666666666,0.0,0.5,0.0,0.0,0.3333333333333333,0.0
LHT,369.4161,-0.03333333333333344,0.0,-18.46666666666667,-0.15272419755611044,129.99999999999997,0.3333333333333333,0.6666666666666666,0.0,0.5,0.0,0.0,0.3333333333333333,0.0
LHV,367.4432,1.5999999999999999,0.0,6.666666666666667,-0.15272419755611044,226.66666666666663,0.6666666666666666,0.3333333333333333,0.0,1.0,0.0,0.0,0.3333333333333333,0.0
LHW,454.52209999999997,-0.10000000000000013,0.33333333333333337,-2.933333333333333,-0.15272419755611044,129.99999999999997,0.6666666666666666,0.3333333333333333,0.0,1.0,0.0,0.0,0.3333333333333333,0.0
LHY,431.48539999999997,-0.23333333333333348,0.33333333333333337,153.13333333333333,-0.1537231985551114,129.99999999999997,0.3333333333333333,0.6666666666666666,0.0,0.5,0.0,0.0,0.3333333333333333,0.0
LWA,388.46070000000003,1.5666666666666667,0.33333333333333337,35.5,-0.23989838581069733,163.33333333333331,0.6666666666666666,0.3333333333333333,0.0,0.5,0.0,0.0,0.0,0.0
LWD,432.47020000000003,-0.20000000000000007,0.33333333333333337,85.60000000000001,-1.2355967232635496,129.99999999999997,0.6666666666666666,0.0,0.3333333333333333,0.0,0.0,0.5,0.0,0.3333333333333333
LWE,446.4968,-0.20000000000000007,0.33333333333333337,85.60000000000001,-1.231850644069997,129.99999999999997,0.6666666666666666,0.0,0.3333333333333333,0.0,0.0,0.5,0.0,0.3333333333333333
LWF,464.5566,1.8999999999999997,0.6666666666666667,85.60000000000001,-0.23989838581069733,129.99999999999997,1.0,0.0,0.0,0.0,0.0,0.0,0.0,0.0
LWG,374.4341,0.8333333333333334,0.33333333333333337,51.03333333333334,-0.23989838581069733,129.99999999999997,0.6666666666666666,0.3333333333333333,0.0,0.5,0.0,0.0,0.0,0.0
LWH,454.52209999999997,-0.10000000000000013,0.33333333333333337,164.53333333333333,-0.15272419755611044,129.99999999999997,0.6666666666666666,0.3333333333333333,0.0,0.5,0.0,0.0,0.3333333333333333,0.0
LWI,430.54040000000003,2.4666666666666663,0.33333333333333337,85.60000000000001,-0.23989838581069733,259.99999999999994,1.0,0.0,0.0,0.0,0.0,0.0,0.0,0.0
LWK,445.5551,-0.3333333333333333,0.33333333333333337,85.60000000000001,0.7591026131903019,129.99999999999997,0.6666666666666666,0.0,0.3333333333333333,0.0,0.0,0.5,0.3333333333333333,0.0
LWM,448.5788,1.5999999999999999,0.33333333333333337,164.53333333333333,-0.23989838581069733,129.99999999999997,1.0,0.0,0.0,0.0,0.0,0.0,0.0,0.0
LWN,431.48539999999997,-0.20000000000000007,0.33333333333333337,126.73333333333332,-0.23989838581069733,129.99999999999997,0.6666666666666666,0.0,0.3333333333333333,0.0,0.0,0.5,0.0,0.0
LWQ,445.512,-0.20000000000000007,0.33333333333333337,85.60000000000001,-0.23989838581069733,129.99999999999997,0.6666666666666666,0.0,0.3333333333333333,0.0,0.0,0.5,0.0,0.0
LWR,473.56850000000003,-0.5333333333333333,0.33333333333333337,85.60000000000001,0.7600916142893016,129.99999999999997,0.6666666666666666,0.0,0.3333333333333333,0.0,0.0,0.5,0.3333333333333333,0.0
LWS,404.4601,0.6999999999999998,0.33333333333333337,85.60000000000001,-0.23989838581069733,129.99999999999997,0.6666666666666666,0.3333333333333333,0.0,0.5,0.0,0.0,0.0,0.0
LWT,418.4867,0.7333333333333333,0.33333333333333337,35.5,-0.23989838581069733,129.99999999999997,0.6666666666666666,0.3333333333333333,0.0,0.5,0.0,0.0,0.0,0.0
LWV,416.5138,2.3666666666666667,0.33333333333333337,57.3,-0.23989838581069733,226.66666666666663,1.0,0.0,0.0,0.0,0.0,0.0,0.0,0.0
LWW,503.5927,0.6666666666666666,0.6666666666666667,85.60000000000001,-0.23989838581069733,129.99999999999997,1.0,0.0,0.0,0.0,0.0,0.0,0.0,0.0
LWY,480.556,0.5333333333333332,0.6666666666666667,85.60000000000001,-0.2408973868096983,129.99999999999997,0.6666666666666666,0.3333333333333333,0.0,0.5,0.0,0.0,0.0,0.0
PHA,323.3477,-1.0,0.0,6.666666666666667,0.04570305583294221,33.33333333333333,0.0,1.0,0.0,0.0,0.0,0.0,0.3333333333333333,0.0
PHD,367.3572,-2.766666666666667,0.0,6.666666666666667,-0.94999528161991,0.0,0.0,0.6666666666666666,0.3333333333333333,0.0,0.5,0.0,0.3333333333333333,0.3333333333333333
PHE,381.3838,-2.766666666666667,0.0,6.666666666666667,-0.9462492024263576,0.0,0.0,0.6666666666666666,0.3333333333333333,0.0,0.5,0.0,0.3333333333333333,0.3333333333333333
PHF,399.4436,-0.6666666666666669,0.33333333333333337,-27.9,0.04570305583294221,0.0,0.3333333333333333,0.6666666666666666,0.0,0.5,0.0,0.0,0.3333333333333333,0.0
PHG,309.3211,-1.7333333333333334,0.0,-27.9,0.04570305583294221,0.0,0.0,1.0,0.0,0.0,0.0,0.0,0.3333333333333333,0.0
PHI,365.4274,-0.10000000000000009,0.0,153.13333333333333,0.04570305583294221,129.99999999999997,0.3333333333333333,0.6666666666666666,0.0,0.5,0.0,0.0,0.3333333333333333,0.0
PHK,380.4421,-2.9,0.0,85.60000000000001,1.0447040548339417,0.0,0.0,0.6666666666666666,0.3333333333333333,0.0,0.5,0.0,0.6666666666666666,0.0
PHL,365.4274,-0.3333333333333335,0.0,6.666666666666667,0.04570305583294221,129.99999999999997,0.3333333333333333,0.6666666666666666,0.0,0.5,0.0,0.0,0.3333333333333333,0.0
PHM,383.4658,-0.9666666666666668,0.0,6.666666666666667,0.04570305583294221,0.0,0.3333333333333333,0.6666666666666666,0.0,0.5,0.0,0.0,0.3333333333333333,0.0
PHN,366.37239999999997,-2.766666666666667,0.0,85.60000000000001,0.04570305583294221,0.0,0.0,0.6666666666666666,0.3333333333333333,0.0,0.5,0.0,0.3333333333333333,0.0
PHQ,380.399,-2.766666666666667,0.0,6.666666666666667,0.04570305583294221,0.0,0.0,0.6666666666666666,0.3333333333333333,0.0,0.5,0.0,0.3333333333333333,0.0
PHR,408.4555,-3.1,0.0,6.666666666666667,1.0456930559329414,0.0,0.0,0.6666666666666666,0.3333333333333333,0.0,0.5,0.0,0.6666666666666666,0.0
PHS,339.3471,-1.866666666666667,0.0,6.666666666666667,0.04570305583294221,0.0,0.0,1.0,0.0,0.0,0.0,0.0,0.3333333333333333,0.0
PHT,353.3737,-1.8333333333333333,0.0,-18.46666666666667,0.04570305583294221,0.0,0.0,1.0,0.0,0.0,0.0,0.0,0.3333333333333333,0.0
PHV,351.4008,-0.20000000000000004,0.0,6.666666666666667,0.04570305583294221,96.66666666666664,0.3333333333333333,0.6666666666666666,0.0,0.5,0.0,0.0,0.3333333333333333,0.0
PHW,438.4797,-1.9000000000000001,0.33333333333333337,-2.933333333333333,0.04570305583294221,0.0,0.3333333333333333,0.6666666666666666,0.0,0.5,0.0,0.0,0.3333333333333333,0.0
PHY,415.443,-2.0333333333333337,0.33333333333333337,153.13333333333333,0.04470405483394124,0.0,0.0,1.0,0.0,0.0,0.0,0.0,0.3333333333333333,0.0
PWA,372.4183,-0.23333333333333336,0.33333333333333337,-53.03333333333334,-0.041471132421644796,33.33333333333333,0.3333333333333333,0.6666666666666666,0.0,1.0,0.0,0.0,0.0,0.0
PWD,416.4278,-2.0,0.33333333333333337,-2.933333333333333,-1.037169469874497,0.0,0.3333333333333333,0.3333333333333333,0.3333333333333333,0.5,0.0,0.5,0.0,0.3333333333333333
PWE,430.4544,-2.0,0.33333333333333337,-2.933333333333333,-1.0334233906809445,0.0,0.3333333333333333,0.3333333333333333,0.3333333333333333,0.5,0.0,0.5,0.0,0.3333333333333333
PWF,448.5142,0.09999999999999991,0.6666666666666667,-2.933333333333333,-0.041471132421644796,0.0,0.6666666666666666,0.3333333333333333,0.0,0.5,0.0,0.0,0.0,0.0
PWG,358.3917,-0.9666666666666668,0.33333333333333337,-37.5,-0.041471132421644796,0.0,0.3333333333333333,0.6666666666666666,0.0,1.0,0.0,0.0,0.0,0.0
PWH,438.4797,-1.9000000000000001,0.33333333333333337,76.0,0.04570305583294221,0.0,0.3333333333333333,0.6666666666666666,0.0,1.0,0.0,0.0,0.3333333333333333,0.0
PWI,414.498,0.6666666666666666,0.33333333333333337,-2.933333333333333,-0.041471132421644796,129.99999999999997,0.6666666666666666,0.3333333333333333,0.0,0.5,0.0,0.0,0.0,0.0
PWL,414.498,0.4333333333333333,0.33333333333333337,38.2,-0.041471132421644796,129.99999999999997,0.6666666666666666,0.3333333333333333,0.0,0.5,0.0,0.0,0.0,0.0
PWN,415.443,-2.0,0.33333333333333337,38.2,-0.041471132421644796,0.0,0.3333333333333333,0.3333333333333333,0.3333333333333333,0.5,0.0,0.5,0.0,0.0
PWQ,429.4696,-2.0,0.33333333333333337,-2.933333333333333,-0.041471132421644796,0.0,0.3333333333333333,0.3333333333333333,0.3333333333333333,0.5,0.0,0.5,0.0,0.0
PWR,457.5261,-2.3333333333333335,0.33333333333333337,-2.933333333333333,0.9585188676783541,0.0,0.3333333333333333,0.3333333333333333,0.3333333333333333,0.5,0.0,0.5,0.3333333333333333,0.0
PWS,388.4177,-1.1,0.33333333333333337,-2.933333333333333,-0.041471132421644796,0.0,0.3333333333333333,0.6666666666666666,0.0,1.0,0.0,0.0,0.0,0.0
PWT,402.4443,-1.0666666666666667,0.33333333333333337,-53.03333333333334,-0.041471132421644796,0.0,0.3333333333333333,0.6666666666666666,0.0,1.0,0.0,0.0,0.0,0.0
PWV,400.4714,0.5666666666666668,0.33333333333333337,-31.233333333333338,-0.041471132421644796,96.66666666666664,0.6666666666666666,0.3333333333333333,0.0,0.5,0.0,0.0,0.0,0.0
PWW,487.55030000000005,-1.1333333333333335,0.6666666666666667,-2.933333333333333,-0.041471132421644796,0.0,0.6666666666666666,0.3333333333333333,0.0,0.5,0.0,0.0,0.0,0.0
PWY,464.5136,-1.2666666666666668,0.6666666666666667,-2.933333333333333,-0.04247013342064576,0.0,0.3333333333333333,0.6666666666666666,0.0,1.0,0.0,0.0,0.0,0.0
RHA,382.4182,-1.9666666666666668,0.0,70.86666666666667,0.8472658025438885,33.33333333333333,0.0,0.6666666666666666,0.3333333333333333,0.0,0.5,0.0,0.6666666666666666,0.0
RHD,426.4277,-3.733333333333333,0.0,70.86666666666667,-0.1484325349089637,0.0,0.0,0.3333333333333333,0.6666666666666666,0.0,1.0,0.0,0.6666666666666666,0.3333333333333333
RHE,440.4543,-3.733333333333333,0.0,70.86666666666667,-0.14468645571541128,0.0,0.0,0.3333333333333333,0.6666666666666666,0.0,1.0,0.0,0.6666666666666666,0.3333333333333333
RHF,458.5141,-1.6333333333333335,0.33333333333333337,36.30000000000001,0.8472658025438885,0.0,0.3333333333333333,0.3333333333333333,0.3333333333333333,0.5,0.5,0.0,0.6666666666666666,0.0
RHG,368.3916,-2.6999999999999997,0.0,36.30000000000001,0.8472658025438885,0.0,0.0,0.6666666666666666,0.3333333333333333,0.0,0.5,0.0,0.6666666666666666,0.0
RHH,448.47959999999995,-3.6333333333333333,0.0,70.86666666666667,0.9344399907984754,0.0,0.0,0.6666666666666666,0.3333333333333333,0.0,0.5,0.0,1.0,0.0
RHI,424.4979,-1.0666666666666667,0.0,217.33333333333334,0.8472658025438885,129.99999999999997,0.3333333333333333,0.3333333333333333,0.3333333333333333,0.5,0.5,0.0,0.6666666666666666,0.0
RHK,439.51259999999996,-3.8666666666666667,0.0,149.8,1.8462668015448882,0.0,0.0,0.3333333333333333,0.6666666666666666,0.0,1.0,0.0,1.0,0.0
RHL,424.4979,-1.3,0.0,70.86666666666667,0.8472658025438885,129.99999999999997,0.3333333333333333,0.3333333333333333,0.3333333333333333,0.5,0.5,0.0,0.6666666666666666,0.0
RHM,442.5363,-1.9333333333333336,0.0,70.86666666666667,0.8472658025438885,0.0,0.3333333333333333,0.3333333333333333,0.3333333333333333,0.5,0.5,0.0,0.6666666666666666,0.0
RHN,425.44289999999995,-3.733333333333333,0.0,149.8,0.8472658025438885,0.0,0.0,0.3333333333333333,0.6666666666666666,0.0,1.0,0.0,0.6666666666666666,0.0
RHQ,439.4695,-3.733333333333333,0.0,70.86666666666667,0.8472658025438885,0.0,0.0,0.3333333333333333,0.6666666666666666,0.0,1.0,0.0,0.6666666666666666,0.0
RNR,444.4893,-4.166666666666667,0.0,47.800000000000004,1.7600816143893008,0.0,0.0,0.0,1.0,0.0,0.0,0.0,0.6666666666666666,0.0
RHS,398.4176,-2.8333333333333335,0.0,70.86666666666667,0.8472658025438885,0.0,0.0,0.6666666666666666,0.3333333333333333,0.0,0.5,0.0,0.6666666666666666,0.0
RHT,412.44419999999997,-2.8000000000000003,0.0,45.73333333333334,0.8472658025438885,0.0,0.0,0.6666666666666666,0.3333333333333333,0.0,0.5,0.0,0.6666666666666666,0.0
RHV,410.4713,-1.1666666666666667,0.0,70.86666666666667,0.8472658025438885,96.66666666666664,0.3333333333333333,0.3333333333333333,0.3333333333333333,0.5,0.5,0.0,0.6666666666666666,0.0
RHW,497.55019999999996,-2.8666666666666667,0.33333333333333337,61.26666666666668,0.8472658025438885,0.0,0.3333333333333333,0.3333333333333333,0.3333333333333333,0.5,0.5,0.0,0.6666666666666666,0.0
RHY,474.51349999999996,-3.0,0.33333333333333337,217.33333333333334,0.8462668015448875,0.0,0.0,0.6666666666666666,0.3333333333333333,0.0,0.5,0.0,0.6666666666666666,0.0
RWA,431.4888,-1.2,0.33333333333333337,147.5,0.7600916142893016,33.33333333333333,0.3333333333333333,0.3333333333333333,0.3333333333333333,0.5,0.0,0.5,0.3333333333333333,0.0
RWE,489.52489999999995,-2.966666666666667,0.33333333333333337,197.60000000000002,-0.23186064396999817,0.0,0.3333333333333333,0.0,0.6666666666666666,0.0,0.0,1.0,0.3333333333333333,0.3333333333333333
RWG,417.4622,-1.9333333333333333,0.33333333333333337,163.03333333333336,0.7600916142893016,0.0,0.3333333333333333,0.3333333333333333,0.3333333333333333,0.5,0.0,0.5,0.3333333333333333,0.0
RWH,497.55019999999996,-2.8666666666666667,0.33333333333333337,276.53333333333336,0.8472658025438885,0.0,0.3333333333333333,0.3333333333333333,0.3333333333333333,0.5,0.0,0.5,0.6666666666666666,0.0
RWI,473.56850000000003,-0.3,0.33333333333333337,197.60000000000002,0.7600916142893016,129.99999999999997,0.6666666666666666,0.0,0.3333333333333333,0.0,0.0,0.5,0.3333333333333333,0.0
RWL,473.56850000000003,-0.5333333333333333,0.33333333333333337,238.73333333333335,0.7600916142893016,129.99999999999997,0.6666666666666666,0.0,0.3333333333333333,0.0,0.0,0.5,0.3333333333333333,0.0
RWN,474.51349999999996,-2.966666666666667,0.33333333333333337,238.73333333333335,0.7600916142893016,0.0,0.3333333333333333,0.0,0.6666666666666666,0.0,0.0,1.0,0.3333333333333333,0.0
RWR,516.5966,-3.3000000000000003,0.33333333333333337,197.60000000000002,1.7600816143893008,0.0,0.3333333333333333,0.0,0.6666666666666666,0.0,0.0,1.0,0.6666666666666666,0.0
RWT,461.5148,-2.033333333333333,0.33333333333333337,147.5,0.7600916142893016,0.0,0.3333333333333333,0.3333333333333333,0.3333333333333333,0.5,0.0,0.5,0.3333333333333333,0.0
RWW,546.6207999999999,-2.1,0.6666666666666667,197.60000000000002,0.7600916142893016,0.0,0.6666666666666666,0.0,0.3333333333333333,0.0,0.0,0.5,0.3333333333333333,0.0
RWQ,488.5401,-2.966666666666667,0.33333333333333337,197.60000000000002,0.7600916142893016,0.0,0.3333333333333333,0.0,0.6666666666666666,0.0,0.0,1.0,0.3333333333333333,0.0
RWY,523.5840999999999,-2.2333333333333334,0.6666666666666667,197.60000000000002,0.7590926132903006,0.0,0.3333333333333333,0.3333333333333333,0.3333333333333333,0.5,0.0,0.5,0.3333333333333333,0.0
HEH,421.4079,-3.3000000000000003,0.0,-18.46666666666667,-1.0627395473283132,0.0,0.0,0.6666666666666666,0.3333333333333333,0.0,1.0,0.0,0.6666666666666666,0.3333333333333333
HDH,407.38129999999995,-3.3000000000000003,0.0,6.666666666666667,-1.0644292483616788,0.0,0.0,0.6666666666666666,0.3333333333333333,0.0,1.0,0.0,0.6666666666666666,0.3333333333333333
AHH,363.37179999999995,-1.5333333333333334,0.0,-21.633333333333336,-0.02977703563673917,33.33333333333333,0.0,1.0,0.0,0.0,0.0,0.0,0.6666666666666666,0.0
IHH,405.45149999999995,-0.6333333333333334,0.0,47.800000000000004,-0.06555000930152344,129.99999999999997,0.3333333333333333,0.6666666666666666,0.0,0.5,0.0,0.0,0.6666666666666666,0.0
FHH,439.4677,-1.2000000000000002,0.33333333333333337,6.666666666666667,-0.06555000930152344,0.0,0.3333333333333333,0.6666666666666666,0.0,0.5,0.0,0.0,0.6666666666666666,0.0
WHH,478.5038,-2.4333333333333336,0.33333333333333337,85.60000000000001,-0.06555000930152344,0.0,0.3333333333333333,0.6666666666666666,0.0,0.5,0.0,0.0,0.6666666666666666,0.0
YHH,455.4671,-2.566666666666667,0.33333333333333337,47.800000000000004,-0.0665490103005244,0.0,0.0,1.0,0.0,0.0,0.0,0.0,0.6666666666666666,0.0
HYH,455.4671,-2.566666666666667,0.33333333333333337,194.26666666666668,-0.0665490103005244,0.0,0.0,1.0,0.0,0.0,0.0,0.0,0.6666666666666666,0.0
HFH,439.4677,-1.2000000000000002,0.33333333333333337,-27.9,-0.06555000930152344,0.0,0.3333333333333333,0.6666666666666666,0.0,1.0,0.0,0.0,0.6666666666666666,0.0
HWH,478.5038,-2.4333333333333336,0.33333333333333337,76.0,-0.06555000930152344,0.0,0.3333333333333333,0.6666666666666666,0.0,1.0,0.0,0.0,0.6666666666666666,0.0
HHF,439.4677,-1.2000000000000002,0.33333333333333337,-27.9,-0.06555000930152344,0.0,0.3333333333333333,0.6666666666666666,0.0,0.5,0.0,0.0,0.6666666666666666,0.0
HHW,478.5038,-2.4333333333333336,0.33333333333333337,-2.933333333333333,-0.06555000930152344,0.0,0.3333333333333333,0.6666666666666666,0.0,0.5,0.0,0.0,0.6666666666666666,0.0
HHY,455.4671,-2.566666666666667,0.33333333333333337,153.13333333333333,-0.0665490103005244,0.0,0.0,1.0,0.0,0.0,0.0,0.0,0.6666666666666666,0.0
GHH,349.3452,-2.266666666666667,0.0,6.666666666666667,-0.06555000930152344,0.0,0.0,1.0,0.0,0.0,0.0,0.0,0.6666666666666666,0.0
NHH,406.3965,-3.3000000000000003,0.0,6.666666666666667,-0.06555000930152344,0.0,0.0,0.6666666666666666,0.3333333333333333,0.0,0.5,0.0,0.6666666666666666,0.0
QHH,420.4231,-3.3000000000000003,0.0,6.666666666666667,-0.06555000930152344,0.0,0.0,0.6666666666666666,0.3333333333333333,0.0,0.5,0.0,0.6666666666666666,0.0
MHH,423.4899,-1.5,0.0,197.60000000000002,-0.3252969359494813,0.0,0.3333333333333333,0.6666666666666666,0.0,0.5,0.0,0.0,0.6666666666666666,0.0
SHH,379.3712,-2.4,0.0,6.666666666666667,-0.3655051642732271,0.0,0.0,1.0,0.0,0.0,0.0,0.0,0.6666666666666666,0.0
THH,393.3978,-2.3666666666666667,0.0,6.666666666666667,-0.4274550291241981,0.0,0.0,1.0,0.0,0.0,0.0,0.0,0.6666666666666666,0.0
DYY,459.4491,-2.033333333333333,0.6666666666666667,47.800000000000004,-1.2407756268688548,0.0,0.0,0.6666666666666666,0.3333333333333333,0.0,0.5,0.0,0.0,0.3333333333333333
EYY,473.4757,-2.033333333333333,0.6666666666666667,47.800000000000004,-1.1651703833000089,0.0,0.0,0.6666666666666666,0.3333333333333333,0.0,0.5,0.0,0.0,0.3333333333333333
YDY,459.4491,-2.033333333333333,0.6666666666666667,85.60000000000001,-1.2407756268688548,0.0,0.0,0.6666666666666666,0.3333333333333333,0.0,1.0,0.0,0.0,0.3333333333333333
YEY,473.4757,-2.033333333333333,0.6666666666666667,-18.46666666666667,-1.239085925835489,0.0,0.0,0.6666666666666666,0.3333333333333333,0.0,1.0,0.0,0.0,0.3333333333333333
YYD,459.4491,-2.033333333333333,0.6666666666666667,126.73333333333332,-1.2375947252615513,0.0,0.0,0.6666666666666666,0.3333333333333333,0.0,0.5,0.0,0.0,0.3333333333333333
YYE,473.4757,-2.033333333333333,0.6666666666666667,22.666666666666668,-1.2338486460679992,0.0,0.0,0.6666666666666666,0.3333333333333333,0.0,0.5,0.0,0.0,0.3333333333333333
HYY,481.50100000000003,-1.9333333333333336,0.6666666666666667,194.26666666666668,-0.15472219955411248,0.0,0.0,1.0,0.0,0.0,0.0,0.0,0.3333333333333333,0.0
KYY,472.53400000000005,-2.1666666666666665,0.6666666666666667,47.800000000000004,0.7571046111922999,0.0,0.0,0.6666666666666666,0.3333333333333333,0.0,0.5,0.0,0.3333333333333333,0.0
RYY,500.5474,-2.3666666666666667,0.6666666666666667,22.666666666666668,0.7580936122912996,0.0,0.0,0.6666666666666666,0.3333333333333333,0.0,0.5,0.0,0.3333333333333333,0.0
YHY,481.50100000000003,-1.9333333333333336,0.6666666666666667,194.26666666666668,-0.15472219955411248,0.0,0.0,1.0,0.0,0.0,0.0,0.0,0.3333333333333333,0.0
YKY,472.53400000000005,-2.1666666666666665,0.6666666666666667,6.666666666666667,0.7571046111922999,0.0,0.0,0.6666666666666666,0.3333333333333333,0.0,1.0,0.0,0.3333333333333333,0.0
YRY,500.5474,-2.3666666666666667,0.6666666666666667,-74.83333333333333,0.7580936122912996,0.0,0.0,0.6666666666666666,0.3333333333333333,0.0,1.0,0.0,0.3333333333333333,0.0
YYR,500.5474,-2.3666666666666667,0.6666666666666667,-8.566666666666668,0.7580936122912996,0.0,0.0,0.6666666666666666,0.3333333333333333,0.0,0.5,0.0,0.3333333333333333,0.0
YYH,481.50100000000003,-1.9333333333333336,0.6666666666666667,88.93333333333334,-0.15472219955411248,0.0,0.0,1.0,0.0,0.0,0.0,0.0,0.3333333333333333,0.0
YYK,472.53400000000005,-2.1666666666666665,0.6666666666666667,47.800000000000004,0.7571046111922999,0.0,0.0,0.6666666666666666,0.3333333333333333,0.0,0.5,0.0,0.3333333333333333,0.0
AYY,415.4396,-0.26666666666666666,0.6666666666666667,47.800000000000004,-0.2061234141439151,33.33333333333333,0.0,1.0,0.0,0.0,0.0,0.0,0.0,0.0
IYY,457.5193,0.6333333333333333,0.6666666666666667,47.800000000000004,-0.24189638780869938,129.99999999999997,0.3333333333333333,0.6666666666666666,0.0,0.5,0.0,0.0,0.0,0.0
LYY,457.5193,0.3999999999999999,0.6666666666666667,47.800000000000004,-0.24189638780869938,129.99999999999997,0.3333333333333333,0.6666666666666666,0.0,0.5,0.0,0.0,0.0,0.0
VYY,443.4927,0.5333333333333333,0.6666666666666667,22.666666666666668,-0.2680096120428497,96.66666666666664,0.3333333333333333,0.6666666666666666,0.0,0.5,0.0,0.0,0.0,0.0
YAY,415.4396,-0.26666666666666666,0.6666666666666667,85.60000000000001,-0.24189638780869938,33.33333333333333,0.0,1.0,0.0,0.0,0.0,0.0,0.0,0.0
YIY,457.5193,0.6333333333333333,0.6666666666666667,6.666666666666667,-0.24189638780869938,129.99999999999997,0.3333333333333333,0.6666666666666666,0.0,1.0,0.0,0.0,0.0,0.0
YLY,457.5193,0.3999999999999999,0.6666666666666667,6.666666666666667,-0.24189638780869938,129.99999999999997,0.3333333333333333,0.6666666666666666,0.0,1.0,0.0,0.0,0.0,0.0
YVY,443.4927,0.5333333333333333,0.6666666666666667,-18.46666666666667,-0.24189638780869938,96.66666666666664,0.3333333333333333,0.6666666666666666,0.0,1.0,0.0,0.0,0.0,0.0
YYA,415.4396,-0.26666666666666666,0.6666666666666667,126.73333333333332,-0.24189638780869938,33.33333333333333,0.0,1.0,0.0,0.0,0.0,0.0,0.0,0.0
YYI,457.5193,0.6333333333333333,0.6666666666666667,47.800000000000004,-0.24189638780869938,129.99999999999997,0.3333333333333333,0.6666666666666666,0.0,0.5,0.0,0.0,0.0,0.0
YYL,457.5193,0.3999999999999999,0.6666666666666667,47.800000000000004,-0.24189638780869938,129.99999999999997,0.3333333333333333,0.6666666666666666,0.0,0.5,0.0,0.0,0.0,0.0
YYV,443.4927,0.5333333333333333,0.6666666666666667,47.800000000000004,-0.24189638780869938,96.66666666666664,0.3333333333333333,0.6666666666666666,0.0,0.5,0.0,0.0,0.0,0.0
FYY,491.5355,0.06666666666666658,1.0,156.47000000000003,-0.24189638780869938,0.0,0.3333333333333333,0.6666666666666666,0.0,0.5,0.0,0.0,0.0,0.0
WYY,530.5716,-1.1666666666666667,1.0,47.800000000000004,-0.24189638780869938,0.0,0.3333333333333333,0.6666666666666666,0.0,0.5,0.0,0.0,0.0,0.0
YYY,507.53490000000005,-1.3,1.0,88.93333333333334,-0.24289538880770023,0.0,0.0,1.0,0.0,0.0,0.0,0.0,0.0,0.0
YFY,491.5355,0.06666666666666658,1.0,115.33666666666667,-0.24189638780869938,0.0,0.3333333333333333,0.6666666666666666,0.0,1.0,0.0,0.0,0.0,0.0
YWY,530.5716,-1.1666666666666667,1.0,-27.9,-0.24189638780869938,0.0,0.3333333333333333,0.6666666666666666,0.0,1.0,0.0,0.0,0.0,0.0
YYF,491.5355,0.06666666666666658,1.0,47.800000000000004,-0.24189638780869938,0.0,0.3333333333333333,0.6666666666666666,0.0,0.5,0.0,0.0,0.0,0.0
YYW,530.5716,-1.1666666666666667,1.0,13.233333333333336,-0.24189638780869938,0.0,0.3333333333333333,0.6666666666666666,0.0,0.5,0.0,0.0,0.0,0.0
GYY,401.413,-1.0,0.6666666666666667,19.5,-0.24189638780869938,0.0,0.0,1.0,0.0,0.0,0.0,0.0,0.0,0.0
NYY,458.46430000000004,-2.033333333333333,0.6666666666666667,47.800000000000004,-0.24189638780869938,0.0,0.0,0.6666666666666666,0.3333333333333333,0.0,0.5,0.0,0.0,0.0
QYY,472.4909,-2.033333333333333,0.6666666666666667,22.666666666666668,-0.24189638780869938,0.0,0.0,0.6666666666666666,0.3333333333333333,0.0,0.5,0.0,0.0,0.0
YGY,401.413,-1.0,0.6666666666666667,-49.93333333333334,-0.24189638780869938,0.0,0.0,1.0,0.0,0.0,0.0,0.0,0.0,0.0
YNY,458.46430000000004,-2.033333333333333,0.6666666666666667,6.666666666666667,-0.24189638780869938,0.0,0.0,0.6666666666666666,0.3333333333333333,0.0,1.0,0.0,0.0,0.0
YQY,472.4909,-2.033333333333333,0.6666666666666667,-18.46666666666667,-0.24189638780869938,0.0,0.0,0.6666666666666666,0.3333333333333333,0.0,1.0,0.0,0.0,0.0
YYG,401.413,-1.0,0.6666666666666667,19.5,-0.24189638780869938,0.0,0.0,1.0,0.0,0.0,0.0,0.0,0.0,0.0
YYN,458.46430000000004,-2.033333333333333,0.6666666666666667,47.800000000000004,-0.24189638780869938,0.0,0.0,0.6666666666666666,0.3333333333333333,0.0,0.5,0.0,0.0,0.0
YYQ,472.4909,-2.033333333333333,0.6666666666666667,47.800000000000004,-0.24189638780869938,0.0,0.0,0.6666666666666666,0.3333333333333333,0.0,0.5,0.0,0.0,0.0
MYY,475.5577,-0.2333333333333334,0.6666666666666667,126.73333333333332,-0.5016433144566572,0.0,0.3333333333333333,0.6666666666666666,0.0,0.5,0.0,0.0,0.0,0.0
YMY,475.5577,-0.2333333333333334,0.6666666666666667,232.0666666666667,-0.24189638780869938,0.0,0.3333333333333333,0.6666666666666666,0.0,1.0,0.0,0.0,0.0,0.0
YYM,475.5577,-0.2333333333333334,0.6666666666666667,194.26666666666668,-0.24189638780869938,0.0,0.3333333333333333,0.6666666666666666,0.0,0.5,0.0,0.0,0.0,0.0
SYY,431.439,-1.1333333333333335,0.6666666666666667,47.800000000000004,-0.541851542780403,0.0,0.0,1.0,0.0,0.0,0.0,0.0,0.0,0.0
TYY,445.46560000000005,-1.0999999999999999,0.6666666666666667,47.800000000000004,-0.603801407631374,0.0,0.0,1.0,0.0,0.0,0.0,0.0,0.0,0.0
YSY,431.439,-1.1333333333333335,0.6666666666666667,6.666666666666667,-0.24189638780869938,0.0,0.0,1.0,0.0,0.0,0.0,0.0,0.0,0.0
YTY,445.46560000000005,-1.0999999999999999,0.6666666666666667,-21.633333333333336,-0.24189638780869938,0.0,0.0,1.0,0.0,0.0,0.0,0.0,0.0,0.0
YYS,431.439,-1.1333333333333335,0.6666666666666667,47.800000000000004,-0.24189638780869938,0.0,0.0,1.0,0.0,0.0,0.0,0.0,0.0,0.0
YYT,445.46560000000005,-1.0999999999999999,0.6666666666666667,19.5,-0.24189638780869938,0.0,0.0,1.0,0.0,0.0,0.0,0.0,0.0,0.0
YCY,447.50460000000004,-0.03333333333333336,0.6666666666666667,6.666666666666667,-0.25179737790770906,0.0,0.3333333333333333,0.6666666666666666,0.0,1.0,0.0,0.0,0.0,0.0
YPFPG,579.644,-0.4200000000000001,0.4,109.72,-0.2408973868096983,0.0,0.2,0.8,0.0,0.5,0.0,0.0,0.0,0.0
RPPGFSPFR,1060.2085,-1.0444444444444445,0.2222222222222222,121.91111111111113,1.7600816143893008,0.0,0.2222222222222222,0.5555555555555556,0.2222222222222222,0.375,0.125,0.125,0.2222222222222222,0.0
NRVYIHPFHLLVYS,1758.0296999999998,0.2785714285714285,0.2142857142857143,19.028571428571436,0.9324419888004734,125.0,0.42857142857142855,0.42857142857142855,0.14285714285714285,0.5384615384615384,0.0,0.07692307692307693,0.21428571428571427,0.0
VQYPVEHPNKFLKFGMTPSKGVLFY,2927.4186999999997,-0.18400000000000002,0.2,37.3284,1.8189780351879452,66.0,0.36,0.4,0.24,0.25,0.20833333333333334,0.20833333333333334,0.16,0.04
LPHSGY,672.7292,-0.5833333333333334,0.16666666666666669,26.283333333333335,-0.1537231985551114,64.99999999999999,0.16666666666666666,0.8333333333333334,0.0,0.2,0.0,0.0,0.16666666666666666,0.0
PSDHDHE,835.7751999999999,-2.757142857142857,0.0,36.08571428571429,-2.8568334922920817,0.0,0.0,0.5714285714285714,0.42857142857142855,0.0,0.8333333333333334,0.0,0.2857142857142857,0.42857142857142855
VHDY,532.5462,-0.95,0.25,7.5,-1.1787156618494172,72.5,0.25,0.5,0.25,0.3333333333333333,0.6666666666666666,0.0,0.25,0.25
LARL,471.59409999999997,1.2249999999999999,0.0,7.5,0.7600916142893016,220.0,0.5,0.25,0.25,0.3333333333333333,0.3333333333333333,0.3333333333333333,0.25,0.0
GGE,261.2319,-1.4333333333333333,0.0,22.666666666666668,-1.231850644069997,0.0,0.0,0.6666666666666666,0.3333333333333333,0.0,0.5,0.0,0.0,0.3333333333333333
GAH,283.2838,-0.6000000000000001,0.0,-49.93333333333334,-0.15272419755611044,33.33333333333333,0.0,1.0,0.0,0.0,0.0,0.0,0.3333333333333333,0.0
GAWA,403.4323,0.575,0.25,-51.3,-0.23989838581069733,50.0,0.25,0.75,0.0,0.6666666666666666,0.0,0.0,0.0,0.0
PHYL,528.6006,-0.5750000000000002,0.25,117.35,0.04470405483394124,97.5,0.25,0.75,0.0,0.3333333333333333,0.0,0.0,0.25,0.0
GALAAH,538.5971999999999,0.9333333333333332,0.0,-19.96666666666667,-0.15272419755611044,114.99999999999999,0.16666666666666666,0.8333333333333334,0.0,0.4,0.0,0.0,0.16666666666666666,0.0
DPALATEPDPMPF,1400.552,-0.42307692307692313,0.07692307692307693,90.69230769230771,-3.2348464019577983,45.38461538461539,0.23076923076923078,0.5384615384615384,0.23076923076923078,0.4166666666666667,0.4166666666666667,0.0,0.0,0.23076923076923078
ACFL,452.56749999999994,2.725,0.25,117.35,-0.21402640224492286,122.5,0.75,0.25,0.0,0.3333333333333333,0.0,0.0,0.0,0.0
FLNDFLHV,1004.1384,0.8999999999999999,0.25,-0.675,-1.151603436616266,133.75,0.625,0.125,0.25,0.2857142857142857,0.0,0.2857142857142857,0.125,0.125
WEGPK,615.678,-2.06,0.2,8.0,-0.23808692483648786,0.0,0.2,0.4,0.4,0.0,0.5,0.25,0.2,0.2
GPP,269.29699999999997,-1.2,0.0,70.86666666666667,-0.23989838581069733,0.0,0.0,1.0,0.0,0.0,0.0,0.0,0.0,0.0
GVPLT,485.5743,1.06,0.0,46.52,-0.23989838581069733,136.0,0.4,0.6,0.0,1.0,0.0,0.0,0.0,0.0
GSGGL,389.40409999999997,0.36,0.0,32.68,-0.23989838581069733,78.0,0.2,0.8,0.0,0.25,0.0,0.0,0.0,0.0
GPGGFI,546.6157999999999,0.75,0.16666666666666669,28.900000000000002,-0.23989838581069733,64.99999999999999,0.3333333333333333,0.6666666666666666,0.0,0.2,0.0,0.0,0.0,0.0
FIGP,432.5132,1.325,0.25,7.5,-0.23989838581069733,97.5,0.5,0.5,0.0,0.3333333333333333,0.0,0.0,0.0,0.0
AMTGLDA,677.7673,0.6714285714285715,0.0,-7.671428571428573,-1.2030046512060686,84.28571428571428,0.2857142857142857,0.5714285714285714,0.14285714285714285,0.5,0.16666666666666666,0.16666666666666666,0.0,0.14285714285714285
NHRYDR,859.8892,-3.4166666666666665,0.16666666666666669,22.66666666666667,0.8473775625847313,0.0,0.0,0.3333333333333333,0.6666666666666666,0.0,0.8,0.0,0.5,0.16666666666666666
VKEAMPK,801.9939999999999,-0.7142857142857143,0.0,67.22857142857143,0.7348008499303611,55.71428571428571,0.2857142857142857,0.2857142857142857,0.42857142857142855,0.3333333333333333,0.3333333333333333,0.16666666666666666,0.2857142857142857,0.14285714285714285
AVPYPQR,829.9427,-0.9285714285714286,0.14285714285714288,81.22857142857143,0.7948655869550849,55.71428571428571,0.14285714285714285,0.5714285714285714,0.2857142857142857,0.3333333333333333,0.16666666666666666,0.0,0.14285714285714285,0.0
KVLPVPQK,908.1391000000001,-0.2875,0.0,94.43750000000001,1.758103612191301,121.25,0.375,0.25,0.375,0.42857142857142855,0.14285714285714285,0.14285714285714285,0.25,0.0
VLPVPQK,779.9667999999999,0.2285714285714286,0.0,118.62857142857143,0.7329893889561515,138.57142857142856,0.42857142857142855,0.2857142857142857,0.2857142857142857,0.5,0.16666666666666666,0.0,0.14285714285714285,0.0
MHIRL,668.8515,0.4999999999999999,0.0,210.44,0.5875188758959308,156.0,0.6,0.2,0.2,0.5,0.0,0.5,0.4,0.0
YVEEL,651.7051,-0.06000000000000001,0.2,73.2,-2.235276462863278,136.0,0.4,0.2,0.4,0.25,0.0,0.5,0.0,0.4
YGYTGA,630.6461,-0.3833333333333333,0.33333333333333337,-62.41666666666667,-0.24189638780869938,16.666666666666664,0.0,1.0,0.0,0.0,0.0,0.0,0.0,0.0
ISELGW,703.783,0.44999999999999996,0.16666666666666669,61.00000000000001,-1.2370879238374872,129.99999999999997,0.5,0.3333333333333333,0.16666666666666666,0.6,0.2,0.2,0.0,0.16666666666666666
WSRRGEREEEDERRR,2046.1254,-3.3400000000000003,0.06666666666666667,182.3533333333333,-0.22478531440480776,0.0,0.06666666666666667,0.13333333333333333,0.8,0.07142857142857142,0.21428571428571427,0.0,0.4,0.4
HGGEGGRPYHLGEES,1581.6014,-1.5533333333333335,0.06666666666666667,64.46000000000001,-2.058127624280895,26.0,0.06666666666666667,0.6666666666666666,0.26666666666666666,0.14285714285714285,0.42857142857142855,0.0,0.2,0.2
VAVDKHDYEPLGHSDIGVY,2114.27,-0.38947368421052636,0.10526315789473685,-0.7052631578947354,-3.088487491739933,92.10526315789473,0.2631578947368421,0.47368421052631576,0.2631578947368421,0.3888888888888889,0.3333333333333333,0.1111111111111111,0.15789473684210525,0.21052631578947367
FFAPGRNPTSFS,1327.4431,-0.3083333333333334,0.25,33.1,0.7600916142893016,8.333333333333332,0.25,0.5833333333333334,0.16666666666666666,0.2727272727272727,0.18181818181818182,0.0,0.08333333333333333,0.0
EEYFPVGGDRPESF,1628.6924999999999,-1.0571428571428572,0.2142857142857143,97.37857142857143,-3.157439697314744,20.71428571428571,0.21428571428571427,0.42857142857142855,0.35714285714285715,0.38461538461538464,0.38461538461538464,0.0,0.07142857142857142,0.2857142857142857
WEIKPSSLTGKSPYFSNNHGKL,2490.7664999999997,-0.9363636363636364,0.13636363636363635,28.34545454545454,1.8460902604210965,53.18181818181818,0.22727272727272727,0.5,0.2727272727272727,0.19047619047619047,0.2857142857142857,0.19047619047619047,0.18181818181818182,0.045454545454545456
YLAGMN,667.7739,0.3833333333333333,0.16666666666666669,8.333333333333334,-0.2408973868096983,81.66666666666666,0.3333333333333333,0.5,0.16666666666666666,0.6,0.0,0.2,0.0,0.0
IAPNYNTRATKL,1361.5457,-0.65,0.08333333333333334,11.06666666666667,1.7580936122913,81.66666666666666,0.16666666666666666,0.5,0.3333333333333333,0.09090909090909091,0.6363636363636364,0.09090909090909091,0.16666666666666666,0.0
IIENGEKWS,1075.1719,-0.8333333333333334,0.1111111111111111,32.63333333333333,-1.2352764628632777,86.66666666666666,0.3333333333333333,0.2222222222222222,0.4444444444444444,0.125,0.25,0.25,0.1111111111111111,0.2222222222222222
LVDTGRGPIMY,1221.4255,0.1818181818181818,0.09090909090909091,-12.145454545454545,-0.23978662576985488,97.27272727272728,0.36363636363636365,0.45454545454545453,0.18181818181818182,0.2,0.3,0.1,0.09090909090909091,0.09090909090909091
EEEQVGQGYETIRARL,1878.0049,-1.15625,0.0625,42.125,-2.1557599961813794,73.125,0.1875,0.3125,0.5,0.13333333333333333,0.4,0.2,0.125,0.25
YEADARSFHDLAEHDIRV,2144.2597,-0.7944444444444445,0.1111111111111111,20.76111111111111,-3.0575858033345726,76.1111111111111,0.2222222222222222,0.3888888888888889,0.3888888888888889,0.17647058823529413,0.5882352941176471,0.23529411764705882,0.2222222222222222,0.2777777777777778
LRGIKNYRVAVL,1401.6988,0.35000000000000003,0.08333333333333334,-10.099999999999998,2.758083612391299,154.16666666666663,0.4166666666666667,0.25,0.3333333333333333,0.2727272727272727,0.2727272727272727,0.2727272727272727,0.25,0.0
AAVGGYRVAVL,1075.2611,1.3818181818181818,0.09090909090909091,-10.5,0.7948655869550849,141.8181818181818,0.36363636363636365,0.5454545454545454,0.09090909090909091,0.4,0.1,0.1,0.09090909090909091,0.0
NHAV,439.4660999999999,-0.175,0.0,7.5,-0.15272419755611044,97.5,0.25,0.5,0.25,0.3333333333333333,0.3333333333333333,0.0,0.25,0.0
HVRETALV,924.0557000000001,0.2625,0.0,8.75,-0.14992373548290128,133.75,0.375,0.375,0.25,0.2857142857142857,0.14285714285714285,0.14285714285714285,0.25,0.125
IPAGM,487.6133,1.24,0.0,40.760000000000005,-0.23989838581069733,98.0,0.4,0.6,0.0,0.5,0.0,0.0,0.0,0.0
LPAGV,455.54830000000004,1.56,0.0,85.04,-0.23989838581069733,156.0,0.4,0.6,0.0,0.5,0.0,0.0,0.0,0.0
EFLQ,535.5899000000001,-0.10000000000000009,0.25,89.0,-1.1631723813020067,97.5,0.5,0.0,0.5,0.0,0.0,0.6666666666666666,0.0,0.25
IPAGV,455.54830000000004,1.7,0.0,40.760000000000005,-0.23989838581069733,156.0,0.4,0.6,0.0,0.5,0.0,0.0,0.0,0.0
EFQI,535.5899000000001,0.07499999999999996,0.25,7.5,-1.1631723813020067,97.5,0.5,0.0,0.5,0.0,0.0,1.0,0.0,0.25
SVYT,468.5007,0.35000000000000003,0.25,-32.575,-0.540852541781402,72.5,0.25,0.75,0.0,0.6666666666666666,0.0,0.0,0.0,0.0
FEQI,535.5899000000001,0.07499999999999996,0.25,55.650000000000006,-1.2370879238374872,97.5,0.5,0.0,0.5,0.0,0.0,0.6666666666666666,0.0,0.25
LALPA,483.6015,1.92,0.0,85.04,-0.23989838581069733,196.0,0.4,0.6,0.0,0.75,0.0,0.0,0.0,0.0
EFQL,535.5899000000001,-0.10000000000000009,0.25,7.5,-1.1631723813020067,97.5,0.5,0.0,0.5,0.0,0.0,1.0,0.0,0.25
LEEAF,607.6526,0.2799999999999999,0.2,73.2,-2.234277461864277,98.0,0.4,0.2,0.4,0.25,0.25,0.25,0.0,0.4
PSIPA,483.5585,0.45999999999999996,0.0,79.28,-0.041471132421644796,98.0,0.2,0.8,0.0,0.5,0.0,0.0,0.0,0.0
PSLPA,483.5585,0.31999999999999995,0.0,123.56,-0.041471132421644796,98.0,0.2,0.8,0.0,0.5,0.0,0.0,0.0,0.0
WVYY,629.7026000000001,0.17500000000000002,0.75,-1.7250000000000032,-0.24189638780869938,72.5,0.5,0.5,0.0,0.3333333333333333,0.0,0.0,0.0,0.0
LPL,341.4457,2.0,0.0,70.86666666666667,-0.23989838581069733,259.99999999999994,0.6666666666666666,0.3333333333333333,0.0,1.0,0.0,0.0,0.0,0.0
WYT,468.50230000000005,-0.9666666666666667,0.6666666666666667,-21.633333333333336,-0.2408973868096983,0.0,0.3333333333333333,0.6666666666666666,0.0,0.5,0.0,0.0,0.0,0.0
WSY,454.4757,-1.0,0.6666666666666667,6.666666666666667,-0.2408973868096983,0.0,0.3333333333333333,0.6666666666666666,0.0,0.5,0.0,0.0,0.0,0.0
LQL,372.4597,1.3666666666666665,0.0,115.33333333333334,-0.23989838581069733,259.99999999999994,0.6666666666666666,0.0,0.3333333333333333,0.0,0.0,1.0,0.0,0.0
YNL,408.4487,-0.3333333333333334,0.33333333333333337,6.666666666666667,-0.2408973868096983,129.99999999999997,0.3333333333333333,0.3333333333333333,0.3333333333333333,0.0,0.5,0.5,0.0,0.0
IEEAF,607.6526,0.41999999999999993,0.2,161.07999999999998,-2.234277461864277,98.0,0.4,0.2,0.4,0.25,0.25,0.25,0.0,0.4
FEQL,535.5899000000001,-0.10000000000000009,0.25,55.650000000000006,-1.2370879238374872,97.5,0.5,0.0,0.5,0.0,0.0,0.6666666666666666,0.0,0.25
VSYT,468.5007,0.35000000000000003,0.25,-13.725000000000001,-0.2670106110438486,72.5,0.25,0.75,0.0,0.3333333333333333,0.0,0.0,0.0,0.0
YNI,408.4487,-0.10000000000000002,0.33333333333333337,153.13333333333333,-0.2408973868096983,129.99999999999997,0.3333333333333333,0.3333333333333333,0.3333333333333333,0.0,0.5,0.5,0.0,0.0
EFIQ,535.5899000000001,0.07499999999999996,0.25,7.5,-1.1631723813020067,97.5,0.5,0.0,0.5,0.0,0.0,0.6666666666666666,0.0,0.25
LNGDVW,702.7551,-0.05000000000000001,0.16666666666666669,-16.716666666666665,-1.2387776248708526,113.33333333333331,0.5,0.16666666666666666,0.3333333333333333,0.0,0.4,0.4,0.0,0.16666666666666666
NYKQM,682.7886,-2.06,0.2,55.28,0.758103612191301,0.0,0.2,0.2,0.6,0.0,0.5,0.25,0.2,0.0
YSTA,440.4476,-0.25,0.25,7.5,-0.2408973868096983,25.0,0.0,1.0,0.0,0.0,0.0,0.0,0.0,0.0
YFE,457.4763,-0.6666666666666666,0.6666666666666667,6.666666666666667,-1.232849645068998,0.0,0.3333333333333333,0.3333333333333333,0.3333333333333333,0.5,0.0,0.5,0.0,0.3333333333333333
SWN,405.4051,-1.7333333333333334,0.33333333333333337,47.800000000000004,-0.539853540782401,0.0,0.3333333333333333,0.3333333333333333,0.3333333333333333,0.5,0.0,0.5,0.0,0.0
HVCYMF,798.9715,1.15,0.33333333333333337,81.56666666666666,-0.16362418865412132,48.33333333333332,0.6666666666666666,0.3333333333333333,0.0,0.6,0.0,0.0,0.16666666666666666,0.0
MWL,448.5788,1.5999999999999999,0.33333333333333337,47.800000000000004,-0.4996453124586552,129.99999999999997,1.0,0.0,0.0,0.0,0.0,0.0,0.0,0.0
HDHPVC,706.7704,-0.8000000000000002,0.0,35.63333333333334,-1.0743302384606885,48.33333333333332,0.3333333333333333,0.5,0.16666666666666666,0.2,0.4,0.0,0.3333333333333333,0.16666666666666666
HEKVC,614.7148,-0.78,0.0,-8.98,-0.16081372668091087,58.0,0.4,0.2,0.4,0.0,0.25,0.25,0.4,0.2
QWPAQ,628.6767,-1.54,0.2,46.52,-0.23989838581069733,20.0,0.2,0.4,0.4,0.25,0.25,0.25,0.0,0.0
GPAGPAG,525.5554,-0.11428571428571431,0.0,63.60000000000001,-0.23989838581069733,28.57142857142857,0.0,1.0,0.0,0.0,0.0,0.0,0.0,0.0
GFPSG,463.4842,-0.08000000000000007,0.2,85.04,-0.23989838581069733,0.0,0.2,0.8,0.0,0.5,0.0,0.0,0.0,0.0
YPPAK,574.6691,-1.3199999999999998,0.2,109.72,0.758103612191301,20.0,0.0,0.8,0.2,0.0,0.25,0.0,0.2,0.0
TCSP,406.45459999999997,-0.15000000000000002,0.0,117.35,-0.6117043957323818,0.0,0.25,0.75,0.0,0.6666666666666666,0.0,0.0,0.0,0.0
TGGGNV,503.5067,-0.19999999999999996,0.0,21.166666666666664,-0.6018034056333719,48.33333333333332,0.16666666666666666,0.6666666666666666,0.16666666666666666,0.0,0.2,0.2,0.0,0.0
ESTTVPERTHPACPDFN,1901.0185000000001,-1.0647058823529412,0.05882352941176471,80.23529411764706,-2.0819779601333757,22.941176470588236,0.17647058823529413,0.5294117647058824,0.29411764705882354,0.25,0.25,0.125,0.11764705882352941,0.17647058823529413
VECYGPNRPQF,1309.4494,-0.9454545454545454,0.18181818181818182,69.48181818181817,-0.27411113906964957,26.363636363636367,0.2727272727272727,0.36363636363636365,0.36363636363636365,0.1,0.3,0.3,0.09090909090909091,0.09090909090909091
FLQEFLHV,1032.1916,0.8999999999999999,0.25,73.575,-1.1499137355829,133.75,0.625,0.125,0.25,0.2857142857142857,0.0,0.2857142857142857,0.125,0.125
KTFCGRH,847.9844999999999,-1.0571428571428572,0.14285714285714288,53.714285714285715,1.8363658114458783,0.0,0.2857142857142857,0.42857142857142855,0.2857142857142857,0.3333333333333333,0.5,0.0,0.42857142857142855,0.0
EWPAQ,629.6615,-1.54,0.2,16.460000000000004,-1.1631723813020067,20.0,0.2,0.4,0.4,0.25,0.25,0.25,0.0,0.2
FLHRP,668.7869,-0.5400000000000001,0.2,46.52,0.8472658025438885,78.0,0.4,0.4,0.2,0.25,0.5,0.0,0.4,0.0
LMGQW,633.7593,0.17999999999999994,0.2,8.0,-0.23989838581069733,78.0,0.6,0.2,0.2,0.25,0.25,0.25,0.0,0.0
LDK,374.43260000000004,-1.2,0.0,-21.633333333333336,-0.2397766258698535,129.99999999999997,0.3333333333333333,0.0,0.6666666666666666,0.0,0.0,0.5,0.3333333333333333,0.3333333333333333
PVMGA,473.58669999999995,1.1800000000000002,0.0,29.540000000000003,-0.041471132421644796,78.0,0.4,0.6,0.0,0.5,0.0,0.0,0.0,0.0
QHGV,439.4660999999999,-0.725,0.0,-18.424999999999997,-0.15272419755611044,72.5,0.25,0.5,0.25,0.3333333333333333,0.3333333333333333,0.0,0.25,0.0
VCSV,406.4975,2.525,0.0,7.5,-0.27591260014385743,145.0,0.75,0.25,0.0,0.6666666666666666,0.0,0.0,0.0,0.0
CAAP,360.4292,1.125,0.0,55.650000000000006,-0.24979937590970713,50.0,0.25,0.75,0.0,0.3333333333333333,0.0,0.0,0.0,0.0
MQFHT,662.7575,-0.54,0.2,-37.24,-0.4124711242040683,0.0,0.4,0.4,0.2,0.25,0.0,0.5,0.2,0.0
PHCKRM,770.9667,-1.4666666666666668,0.0,62.66666666666667,2.034793064834931,0.0,0.3333333333333333,0.3333333333333333,0.3333333333333333,0.2,0.0,0.4,0.5,0.0
VKEAMAPK,873.0718999999999,-0.39999999999999997,0.0,44.65,0.7348008499303611,61.25,0.25,0.375,0.375,0.2857142857142857,0.2857142857142857,0.14285714285714285,0.25,0.125
ARHPHPHLSFM,1329.5319,-0.7090909090909091,0.09090909090909091,21.363636363636367,1.0573871527178467,44.545454545454554,0.2727272727272727,0.6363636363636364,0.09090909090909091,0.3,0.2,0.0,0.36363636363636365,0.0
IKK,387.5175,-1.0999999999999999,0.0,-21.633333333333336,1.758103612191301,129.99999999999997,0.3333333333333333,0.0,0.6666666666666666,0.0,0.0,0.5,0.6666666666666666,0.0
FKK,421.5337,-1.6666666666666667,0.33333333333333337,-43.43333333333333,1.758103612191301,0.0,0.3333333333333333,0.0,0.6666666666666666,0.0,0.0,0.5,0.6666666666666666,0.0
FIKK,534.6913000000001,-0.125,0.25,-13.725000000000001,1.758103612191301,97.5,0.5,0.0,0.5,0.0,0.0,0.3333333333333333,0.5,0.0
ADF,351.3544,0.36666666666666664,0.33333333333333337,-46.76666666666667,-1.2030046512060686,33.33333333333333,0.3333333333333333,0.3333333333333333,0.3333333333333333,0.0,0.5,0.5,0.0,0.3333333333333333
SDF,367.35380000000004,-0.5000000000000001,0.33333333333333337,-18.46666666666667,-1.5387327798425563,0.0,0.3333333333333333,0.3333333333333333,0.3333333333333333,0.0,0.5,0.5,0.0,0.3333333333333333
FGHPY,619.6681,-0.7400000000000001,0.4,2.24,-0.1537231985551114,0.0,0.2,0.8,0.0,0.25,0.0,0.0,0.2,0.0
TTYY,546.5695000000001,-1.0,0.5,38.35,-0.603801407631374,0.0,0.0,1.0,0.0,0.0,0.0,0.0,0.0,0.0
YQEP,535.5469,-2.475,0.25,103.80000000000001,-1.2380869248364883,0.0,0.0,0.5,0.5,0.0,0.6666666666666666,0.0,0.0,0.25
YQEPVLGP,902.002,-0.48750000000000004,0.125,80.975,-1.2380869248364883,85.0,0.25,0.5,0.25,0.2857142857142857,0.2857142857142857,0.0,0.0,0.125
SALAM,491.602,1.7,0.0,8.0,-0.539853540782401,118.0,0.4,0.6,0.0,0.75,0.0,0.0,0.0,0.0
YQIGL,592.6842,0.6199999999999999,0.2,8.0,-0.2408973868096983,156.0,0.4,0.4,0.2,0.5,0.25,0.25,0.0,0.0
FRADHPFL,1002.126,-0.2000000000000001,0.25,18.6125,-0.1516134365162669,61.25,0.375,0.375,0.25,0.14285714285714285,0.42857142857142855,0.14285714285714285,0.25,0.125
RADHPFL,854.9522,-0.6285714285714287,0.14285714285714288,19.842857142857145,-0.1516134365162669,70.0,0.2857142857142857,0.42857142857142855,0.2857142857142857,0.16666666666666666,0.5,0.0,0.2857142857142857,0.14285714285714285
YPI,391.4613,0.5333333333333333,0.33333333333333337,47.800000000000004,-0.2408973868096983,129.99999999999997,0.3333333333333333,0.6666666666666666,0.0,0.5,0.0,0.0,0.0,0.0
YPIL,504.6189,1.3499999999999999,0.25,86.5,-0.2408973868096983,195.0,0.5,0.5,0.0,0.3333333333333333,0.0,0.0,0.0,0.0
RADHPF,741.7946,-1.366666666666667,0.16666666666666669,21.483333333333334,-0.1516134365162669,16.666666666666664,0.16666666666666666,0.5,0.3333333333333333,0.2,0.6,0.0,0.3333333333333333,0.16666666666666666
RADHP,594.6208,-2.2,0.0,-14.74,-0.1516134365162669,20.0,0.0,0.6,0.4,0.0,0.75,0.0,0.4,0.2
ADHP,438.4351,-1.625,0.0,-20.925000000000004,-1.1158304629514815,25.0,0.0,0.75,0.25,0.0,0.6666666666666666,0.0,0.25,0.25
QVVPYPQ,829.9392999999999,-0.4428571428571428,0.14285714285714288,70.45714285714287,-0.2408973868096983,82.85714285714285,0.2857142857142857,0.42857142857142855,0.2857142857142857,0.16666666666666666,0.16666666666666666,0.16666666666666666,0.0,0.0
HQIYPV,755.8607999999999,-0.15000000000000002,0.16666666666666669,61.00000000000001,-0.1537231985551114,113.33333333333331,0.3333333333333333,0.5,0.16666666666666666,0.4,0.2,0.2,0.16666666666666666,0.0
PYPQ,503.54810000000003,-2.0,0.25,86.5,-0.04247013342064576,0.0,0.0,0.75,0.25,0.0,0.3333333333333333,0.0,0.0,0.0
WSVPQPK,840.9653999999999,-1.157142857142857,0.14285714285714288,91.11428571428571,0.7591026131903019,41.42857142857142,0.2857142857142857,0.42857142857142855,0.2857142857142857,0.5,0.5,0.0,0.14285714285714285,0.0
IYPF,538.6351000000001,1.0999999999999999,0.5,86.5,-0.2408973868096983,97.5,0.5,0.5,0.0,0.6666666666666666,0.0,0.0,0.0,0.0
WYS,454.4757,-1.0,0.6666666666666667,6.666666666666667,-0.2408973868096983,0.0,0.3333333333333333,0.6666666666666666,0.0,0.5,0.0,0.0,0.0,0.0
WYSL,567.6333000000001,0.19999999999999993,0.5,7.5,-0.2408973868096983,97.5,0.5,0.5,0.0,0.6666666666666666,0.0,0.0,0.0,0.0
WYSLA,638.7112000000001,0.5199999999999999,0.4,8.0,-0.2408973868096983,98.0,0.4,0.6,0.0,0.75,0.0,0.0,0.0,0.0
WYSLAM,769.9072,0.75,0.33333333333333337,8.333333333333334,-0.2408973868096983,81.66666666666666,0.5,0.5,0.0,0.8,0.0,0.0,0.0,0.0
WYSLAMA,840.9851,0.9,0.28571428571428575,26.2,-0.2408973868096983,84.28571428571428,0.42857142857142855,0.5714285714285714,0.0,0.8333333333333334,0.0,0.0,0.0,0.0
LQGM,447.54939999999993,0.44999999999999996,0.0,89.0,-0.23989838581069733,97.5,0.5,0.25,0.25,0.3333333333333333,0.3333333333333333,0.3333333333333333,0.0,0.0
QGAR,430.45939999999996,-1.65,0.0,-13.725000000000001,0.7600916142893016,25.0,0.0,0.5,0.5,0.0,0.6666666666666666,0.0,0.25,0.0
FPLEMMPF,1011.2569000000001,0.8124999999999999,0.25,108.225,-1.2370879238374872,48.75,0.625,0.25,0.125,0.5714285714285714,0.0,0.2857142857142857,0.0,0.125
LNLPTAVYMVT,1221.4651999999999,1.0818181818181818,0.09090909090909091,51.97272727272727,-0.2408973868096983,132.72727272727275,0.45454545454545453,0.45454545454545453,0.09090909090909091,0.5,0.0,0.2,0.0,0.0
YGGFL,555.6225000000001,0.9,0.4,15.7,-0.2408973868096983,78.0,0.4,0.6,0.0,0.25,0.0,0.0,0.0,0.0
YGGFM,573.6609,0.5199999999999999,0.4,15.7,-0.2408973868096983,0.0,0.4,0.6,0.0,0.25,0.0,0.0,0.0,0.0
DRVYIHPF,1046.1785,-0.32500000000000007,0.25,25.8,-0.15261243751526798,85.0,0.375,0.375,0.25,0.5714285714285714,0.0,0.14285714285714285,0.25,0.125
LEQQVDDLEGSLEQEKK,1988.1107000000002,-1.464705882352941,0.0,41.452941176470596,-4.22841301803617,85.88235294117648,0.23529411764705882,0.11764705882352941,0.6470588235294118,0.0625,0.0625,0.375,0.11764705882352941,0.35294117647058826
AIRQGDVF,905.0092,0.175,0.125,32.825,-0.20301465110606953,97.5,0.375,0.25,0.375,0.14285714285714285,0.2857142857142857,0.2857142857142857,0.125,0.125
VLEANPRSF,1032.1504,-0.1444444444444445,0.1111111111111111,46.13333333333333,-0.2632111479716386,86.66666666666666,0.3333333333333333,0.3333333333333333,0.3333333333333333,0.125,0.625,0.125,0.1111111111111111,0.1111111111111111
IQY,422.4753,-0.10000000000000002,0.33333333333333337,-18.46666666666667,-0.2408973868096983,129.99999999999997,0.3333333333333333,0.3333333333333333,0.3333333333333333,0.0,0.5,0.5,0.0,0.0
YVL,393.4771,2.2333333333333334,0.33333333333333337,6.666666666666667,-0.2408973868096983,226.66666666666663,0.6666666666666666,0.3333333333333333,0.0,0.5,0.0,0.0,0.0,0.0
FALPQYLK,979.1721,0.23749999999999993,0.25,36.862500000000004,0.758103612191301,110.0,0.375,0.375,0.25,0.5714285714285714,0.2857142857142857,0.14285714285714285,0.125,0.0
PYVRYL,809.9512,-0.1166666666666667,0.33333333333333337,-4.233333333333333,0.9565208656803521,113.33333333333331,0.3333333333333333,0.5,0.16666666666666666,0.4,0.2,0.2,0.16666666666666666,0.0
TIIPLPV,751.9534,1.8714285714285714,0.0,59.48571428571429,-0.6018034056333719,208.57142857142856,0.5714285714285714,0.42857142857142855,0.0,0.8333333333333334,0.0,0.0,0.0,0.0
WPL,414.498,0.4333333333333333,0.33333333333333337,6.666666666666667,-0.23989838581069733,129.99999999999997,0.6666666666666666,0.3333333333333333,0.0,1.0,0.0,0.0,0.0,0.0
VPW,400.4714,0.5666666666666668,0.33333333333333337,61.26666666666668,-0.26601161004484764,96.66666666666664,0.6666666666666666,0.3333333333333333,0.0,1.0,0.0,0.0,0.0,0.0
VFPW,547.6452,1.125,0.5,48.45,-0.26601161004484764,72.5,0.75,0.25,0.0,0.6666666666666666,0.0,0.0,0.0,0.0
HNPI,479.5299999999999,-0.9500000000000001,0.0,59.5,-0.15272419755611044,97.5,0.25,0.5,0.25,0.3333333333333333,0.6666666666666666,0.0,0.25,0.0
QYDQGV,708.7166,-1.3333333333333333,0.16666666666666669,35.233333333333334,-1.2397766258698537,48.33333333333332,0.16666666666666666,0.3333333333333333,0.5,0.2,0.6,0.0,0.0,0.16666666666666666
YEDCTDCGN,1019.0209,-1.2666666666666666,0.1111111111111111,48.70000000000001,-3.255647383154819,0.0,0.2222222222222222,0.3333333333333333,0.4444444444444444,0.25,0.375,0.25,0.0,0.3333333333333333
AADNANELFPPN,1272.32,-0.7250000000000001,0.08333333333333334,34.19166666666667,-2.200194189232858,57.49999999999999,0.16666666666666666,0.4166666666666667,0.4166666666666667,0.09090909090909091,0.36363636363636365,0.09090909090909091,0.0,0.16666666666666666
AMRLTYNRPCIYAT,1672.9686,-0.1285714285714286,0.14285714285714288,29.185714285714287,1.783955595957073,70.0,0.2857142857142857,0.5,0.21428571428571427,0.3076923076923077,0.15384615384615385,0.15384615384615385,0.14285714285714285,0.0
AMRLTGNRPGLYAT,1520.7550999999999,-0.32142857142857145,0.07142857142857144,22.442857142857143,1.7948555870550837,70.0,0.21428571428571427,0.5714285714285714,0.21428571428571427,0.3076923076923077,0.15384615384615385,0.15384615384615385,0.14285714285714285,0.0
AMRLTYNRPCLGAT,1566.8466999999998,-0.11428571428571432,0.07142857142857144,19.964285714285715,1.7849545969560738,70.0,0.2857142857142857,0.5,0.21428571428571427,0.3076923076923077,0.15384615384615385,0.15384615384615385,0.14285714285714285,0.0
SIITMTKEAKLPQLWKQIACRLYNTC,3053.6634,-0.05769230769230771,0.07692307692307693,51.8923076923077,2.439148937096785,97.6923076923077,0.38461538461538464,0.3076923076923077,0.3076923076923077,0.36,0.24,0.24,0.15384615384615385,0.038461538461538464
FRSGILKLASKIPSVLCAVLKNC,2461.0418999999997,0.8652173913043477,0.043478260869565216,24.456521739130427,3.7372926310942796,135.65217391304347,0.4782608695652174,0.30434782608695654,0.21739130434782608,0.2727272727272727,0.09090909090909091,0.2727272727272727,0.17391304347826086,0.0
AKAWGIPPHVIPQIVPVRIRPLCGNV,2831.4293,0.45769230769230773,0.038461538461538464,30.65384615384616,2.8721287852106614,127.3076923076923,0.4230769230769231,0.38461538461538464,0.19230769230769232,0.4,0.2,0.2,0.15384615384615385,0.0
GFWDSVKEGLKNAAVTILNKIKCKISECPPA,3360.9421,-0.04838709677419355,0.06451612903225806,54.14516129032258,1.7420463138825442,91.29032258064515,0.3548387096774194,0.3225806451612903,0.3225806451612903,0.26666666666666666,0.13333333333333333,0.3333333333333333,0.16129032258064516,0.0967741935483871
FIPGLRRLFATVVPTVVCAINKLPPG,2779.3911,0.9192307692307692,0.07692307692307693,66.01153846153845,2.7491816232912902,127.3076923076923,0.46153846153846156,0.38461538461538464,0.15384615384615385,0.36,0.0,0.16,0.11538461538461539,0.0
DDPDKGMLKWKNDFFQEF,2260.479,-1.3888888888888888,0.22222222222222224,-2.383333333333335,-2.235601883075111,21.666666666666664,0.3333333333333333,0.1111111111111111,0.5555555555555556,0.058823529411764705,0.17647058823529413,0.35294117647058826,0.16666666666666666,0.2777777777777778
GLLDSVKEGLKKVAGQLLDTLKCKISGCTPA,3186.7844,0.14838709677419354,0.0,15.887096774193548,1.7403566128491779,113.2258064516129,0.3548387096774194,0.3548387096774194,0.2903225806451613,0.26666666666666666,0.13333333333333333,0.3333333333333333,0.16129032258064516,0.0967741935483871
GFFDRIKALTKNVTLELLNTITCKLPVTPP,3343.9745000000003,0.24666666666666665,0.06666666666666667,16.376666666666665,1.7511248441063443,113.66666666666666,0.4,0.3333333333333333,0.26666666666666666,0.3793103448275862,0.10344827586206896,0.3103448275862069,0.13333333333333333,0.06666666666666667
SFGAKNAVKNGLQKLRNQCQANNYQGPFCDIFKKNP,4042.5617999999995,-0.9416666666666667,0.11111111111111112,17.305555555555557,4.435461234065418,48.88888888888888,0.25,0.2777777777777778,0.4722222222222222,0.14285714285714285,0.2571428571428571,0.2571428571428571,0.16666666666666666,0.027777777777777776
CVHWMTNTARTACIAP,1775.0838,0.325,0.0625,40.6625,0.8274638223458688,61.25,0.375,0.5,0.125,0.3333333333333333,0.26666666666666666,0.0,0.125,0.0
AMRLTYNKPCLYGT,1630.9286,-0.29285714285714287,0.14285714285714288,11.671428571428574,1.7829665948580733,62.85714285714285,0.2857142857142857,0.5,0.21428571428571427,0.3076923076923077,0.15384615384615385,0.15384615384615385,0.14285714285714285,0.0
IRW,473.56850000000003,-0.3,0.33333333333333337,197.60000000000002,0.7600916142893016,129.99999999999997,0.6666666666666666,0.0,0.3333333333333333,0.0,0.0,1.0,0.3333333333333333,0.0
IANNEADAISLDGGQVFEAG,1991.0729000000001,0.024999999999999994,0.05,7.655000000000001,-4.232035939984588,93.0,0.25,0.4,0.35,0.21052631578947367,0.3684210526315789,0.15789473684210525,0.0,0.2
PIAAEVYEHTEGSTTSY,1854.9202,-0.5705882352941176,0.11764705882352942,3.000000000000001,-2.947863560245429,51.764705882352935,0.11764705882352941,0.7058823529411765,0.17647058823529413,0.1875,0.3125,0.0625,0.058823529411764705,0.17647058823529413
AGWNIPIGT,928.0426,0.36666666666666664,0.1111111111111111,72.50000000000001,-0.20412541214591307,97.77777777777777,0.3333333333333333,0.5555555555555556,0.1111111111111111,0.5,0.0,0.25,0.0,0.0
AGWNIP,656.7298,-0.01666666666666668,0.16666666666666669,117.90000000000002,-0.20412541214591307,81.66666666666666,0.3333333333333333,0.5,0.16666666666666666,0.4,0.0,0.4,0.0,0.0
AGWNI,559.6146,0.3,0.2,145.24,-0.20412541214591307,98.0,0.4,0.4,0.2,0.25,0.0,0.5,0.0,0.0
WNIP,528.6006,-0.375,0.25,141.0,-0.23989838581069733,97.5,0.5,0.25,0.25,0.3333333333333333,0.0,0.6666666666666666,0.0,0.0
AIEWEGIESGSVEQA,1604.6696000000002,-0.26666666666666666,0.06666666666666667,77.91999999999999,-4.192883564253072,84.66666666666666,0.26666666666666666,0.4,0.3333333333333333,0.21428571428571427,0.21428571428571427,0.35714285714285715,0.0,0.26666666666666666
LGFEY,627.6852,0.2799999999999999,0.4,8.0,-1.2380869248364883,78.0,0.4,0.4,0.2,0.5,0.25,0.25,0.0,0.2
LGFEYY,790.8584,0.01666666666666659,0.5,28.900000000000002,-1.239085925835489,64.99999999999999,0.3333333333333333,0.5,0.16666666666666666,0.4,0.2,0.2,0.0,0.16666666666666666
VIPMGL,628.824,2.066666666666667,0.0,-9.033333333333333,-0.26601161004484764,178.3333333333333,0.6666666666666666,0.3333333333333333,0.0,0.8,0.0,0.0,0.0,0.0
GWNIP,585.6519,-0.38,0.2,139.48000000000002,-0.23989838581069733,78.0,0.4,0.4,0.2,0.5,0.0,0.5,0.0,0.0
GWNI,488.53669999999994,-0.07500000000000001,0.25,179.05,-0.23989838581069733,97.5,0.5,0.25,0.25,0.3333333333333333,0.0,0.6666666666666666,0.0,0.0
VPYPQ,602.6791,-0.76,0.2,109.72,-0.2670106110438486,58.0,0.2,0.6,0.2,0.25,0.25,0.0,0.0,0.0
VPNSYP,675.7298,-0.7666666666666666,0.16666666666666669,61.00000000000001,-0.2670106110438486,48.33333333333332,0.16666666666666666,0.6666666666666666,0.16666666666666666,0.2,0.4,0.0,0.0,0.0
NPYVPR,744.8382,-1.3833333333333335,0.16666666666666669,23.066666666666674,0.7590926132903006,48.33333333333332,0.16666666666666666,0.5,0.3333333333333333,0.4,0.4,0.0,0.16666666666666666,0.0
WISELG,703.783,0.44999999999999996,0.16666666666666669,40.43333333333334,-1.2370879238374872,129.99999999999997,0.5,0.3333333333333333,0.16666666666666666,0.4,0.2,0.2,0.0,0.16666666666666666
WISELGW,889.9929,0.2571428571428571,0.28571428571428575,53.714285714285715,-1.2370879238374872,111.42857142857142,0.5714285714285714,0.2857142857142857,0.14285714285714285,0.5,0.16666666666666666,0.16666666666666666,0.0,0.14285714285714285
ISELWG,703.783,0.44999999999999996,0.16666666666666669,62.61666666666667,-1.2370879238374872,129.99999999999997,0.5,0.3333333333333333,0.16666666666666666,0.4,0.2,0.2,0.0,0.16666666666666666
ISELGF,664.7469,1.0666666666666667,0.16666666666666669,40.43333333333334,-1.2370879238374872,129.99999999999997,0.5,0.3333333333333333,0.16666666666666666,0.6,0.2,0.2,0.0,0.16666666666666666
ISELGY,680.7463,0.3833333333333333,0.16666666666666669,26.283333333333335,-1.2380869248364883,129.99999999999997,0.3333333333333333,0.5,0.16666666666666666,0.4,0.2,0.2,0.0,0.16666666666666666
GPLGLLGFLGPLGLS,1410.6988999999999,1.3066666666666664,0.06666666666666667,9.333333333333332,-0.23989838581069733,156.0,0.4666666666666667,0.5333333333333333,0.0,0.7142857142857143,0.0,0.0,0.0,0.0
QLGNLGV,699.7959,0.5714285714285714,0.0,-3.5571428571428574,-0.23989838581069733,152.85714285714283,0.42857142857142855,0.2857142857142857,0.2857142857142857,0.5,0.16666666666666666,0.3333333333333333,0.0,0.0
SVMPVVA,701.8747,1.9857142857142858,0.0,98.85714285714286,-0.539853540782401,138.57142857142856,0.5714285714285714,0.42857142857142855,0.0,0.6666666666666666,0.0,0.0,0.0,0.0
FLKPLFNAALKLLP,1584.9842999999998,0.9785714285714285,0.14285714285714288,-0.5357142857142857,1.758103612191301,153.57142857142856,0.5,0.2857142857142857,0.21428571428571427,0.23076923076923078,0.15384615384615385,0.3076923076923077,0.14285714285714285,0.0
VKP,342.4338,-0.4333333333333333,0.0,-28.066666666666666,0.7329893889561515,96.66666666666664,0.3333333333333333,0.3333333333333333,0.3333333333333333,0.0,0.5,0.5,0.3333333333333333,0.0
VKCFR,651.821,0.22000000000000003,0.2,2.24,1.7230783989571408,58.0,0.6,0.0,0.4,0.0,0.0,0.75,0.4,0.0
PYFNK,667.7524,-1.5,0.4,55.36,0.9565308655803535,0.0,0.2,0.4,0.4,0.25,0.0,0.25,0.2,0.0
VLYEE,651.7051,-0.06000000000000001,0.2,58.120000000000005,-2.256152407329938,136.0,0.4,0.2,0.4,0.25,0.25,0.0,0.0,0.4
YLMSR,668.8051,-0.18000000000000008,0.2,134.4,0.7590926132903006,78.0,0.4,0.4,0.2,0.5,0.25,0.0,0.2,0.0
MILMR,662.9082,1.52,0.0,31.440000000000005,0.5003446876413439,156.0,0.8,0.0,0.2,0.0,0.0,0.25,0.2,0.0
HMPVTK,711.8729999999999,-0.5499999999999999,0.0,99.51666666666667,0.8462768014448888,48.33333333333332,0.3333333333333333,0.5,0.16666666666666666,0.8,0.2,0.0,0.3333333333333333,0.0
TERGY,624.6434,-2.08,0.2,12.560000000000002,-0.6000019445591638,0.0,0.0,0.6,0.4,0.0,0.5,0.0,0.2,0.2
TEFTK,624.6832,-1.2,0.2,46.52,-0.5999919446591626,0.0,0.2,0.4,0.4,0.25,0.5,0.25,0.2,0.2
TDY,397.3798,-1.8333333333333333,0.33333333333333337,6.666666666666667,-1.6016816456925285,0.0,0.0,0.6666666666666666,0.3333333333333333,0.0,1.0,0.0,0.0,0.3333333333333333
NHK,397.4295,-3.533333333333333,0.0,85.60000000000001,0.8462768014448888,0.0,0.0,0.3333333333333333,0.6666666666666666,0.0,1.0,0.0,0.6666666666666666,0.0
LVSK,445.5535,0.825,0.0,7.5,0.7591026131903019,170.0,0.5,0.25,0.25,0.3333333333333333,0.3333333333333333,0.0,0.25,0.0
WHNVSGSP,882.9192,-0.875,0.125,122.875,-0.15272419755611044,36.25,0.25,0.625,0.125,0.2857142857142857,0.14285714285714285,0.14285714285714285,0.125,0.0
FDEQE,666.6337,-2.2399999999999998,0.2,109.72,-3.2279194211569426,0.0,0.2,0.0,0.8,0.0,0.0,0.25,0.0,0.6
WDDMEK,822.8823,-2.2333333333333334,0.16666666666666669,8.333333333333334,-2.235845402956799,0.0,0.3333333333333333,0.0,0.6666666666666666,0.0,0.0,0.6,0.16666666666666666,0.5
MEMK,537.6936000000001,-0.9,0.0,7.5,-0.4978338514844458,0.0,0.5,0.0,0.5,0.0,0.0,1.0,0.25,0.25
LDY,409.43350000000004,-0.3333333333333334,0.33333333333333337,6.666666666666667,-1.2397766258698537,129.99999999999997,0.3333333333333333,0.3333333333333333,0.3333333333333333,0.0,0.5,0.5,0.0,0.3333333333333333
YWVTSGPK,937.0494000000001,-0.675,0.25,-25.4375,0.758103612191301,36.25,0.25,0.625,0.125,0.2857142857142857,0.14285714285714285,0.0,0.125,0.0
LYEGY,643.6846,-0.54,0.4,-24.060000000000002,-1.239085925835489,78.0,0.2,0.6,0.2,0.25,0.5,0.0,0.0,0.2
VAMVPPFET,990.1732999999999,0.8333333333333334,0.1111111111111111,73.08888888888889,-1.2632011480716374,75.55555555555556,0.4444444444444444,0.4444444444444444,0.1111111111111111,0.5,0.125,0.125,0.0,0.1111111111111111
YSEMPPGK,908.0298,-1.4000000000000001,0.125,101.21250000000002,-0.23908592583548893,0.0,0.125,0.625,0.25,0.14285714285714285,0.2857142857142857,0.14285714285714285,0.125,0.125
FHNMEK,804.9132999999999,-1.5666666666666667,0.16666666666666669,47.800000000000004,-0.15091273658190096,0.0,0.3333333333333333,0.16666666666666666,0.5,0.2,0.2,0.4,0.3333333333333333,0.16666666666666666
FVNQPYLLYSVHMK,1739.0446,0.11428571428571424,0.2142857142857143,17.65714285714286,0.8442787994468868,97.14285714285714,0.42857142857142855,0.35714285714285715,0.21428571428571427,0.38461538461538464,0.07692307692307693,0.15384615384615385,0.14285714285714285,0.0
LVMFLDNQHRVIRH,1778.0891,-0.050000000000000044,0.07142857142857144,17.65714285714286,0.935550751838319,125.0,0.5,0.14285714285714285,0.35714285714285715,0.0,0.23076923076923078,0.23076923076923078,0.2857142857142857,0.07142857142857142
YAKPA,548.6318,-0.64,0.2,78.80000000000001,0.758103612191301,40.0,0.0,0.8,0.2,0.0,0.5,0.0,0.2,0.0
GTQY,467.47290000000004,-1.475,0.25,-51.425,-0.2408973868096983,0.0,0.0,0.75,0.25,0.0,0.6666666666666666,0.0,0.0,0.0
ARHPHP,713.7878999999999,-2.0500000000000003,0.0,30.83333333333334,0.9702129644632597,16.666666666666664,0.0,0.8333333333333334,0.16666666666666666,0.0,0.4,0.0,0.5,0.0
RHPHP,642.7099999999999,-2.8200000000000003,0.0,35.00000000000001,0.9344399907984754,0.0,0.0,0.8,0.2,0.0,0.25,0.0,0.6,0.0
RYPS,521.5667000000001,-2.05,0.25,67.65,0.7590926132903006,0.0,0.0,0.75,0.25,0.0,0.3333333333333333,0.0,0.25,0.0
SRYPS,608.644,-1.8,0.2,94.64000000000001,0.459137458318597,0.0,0.0,0.8,0.2,0.0,0.5,0.0,0.2,0.0
AYPS,436.45889999999997,-0.47500000000000003,0.25,86.5,-0.20512441314491403,25.0,0.0,1.0,0.0,0.0,0.0,0.0,0.0,0.0
YAKP,477.55389999999994,-1.25,0.25,47.85,0.758103612191301,25.0,0.0,0.75,0.25,0.0,0.6666666666666666,0.0,0.25,0.0
RYQ,465.5034,-3.1,0.33333333333333337,-18.46666666666667,0.7590926132903006,0.0,0.0,0.3333333333333333,0.6666666666666666,0.0,1.0,0.0,0.3333333333333333,0.0
VLSRYPS,820.9326,-0.14285714285714288,0.14285714285714288,70.45714285714287,0.7329793890561502,97.14285714285714,0.2857142857142857,0.5714285714285714,0.14285714285714285,0.16666666666666666,0.3333333333333333,0.0,0.14285714285714285,0.0
TIASGEP,673.7125,-0.1,0.0,25.314285714285717,-1.5989929436601618,70.0,0.14285714285714285,0.7142857142857143,0.14285714285714285,0.3333333333333333,0.3333333333333333,0.0,0.0,0.14285714285714285
YQLD,537.5627000000001,-1.125,0.25,7.5,-1.2365957242625507,97.5,0.25,0.25,0.5,0.0,0.3333333333333333,0.6666666666666666,0.0,0.25
GYLEQ,608.6406000000001,-0.9800000000000001,0.2,29.540000000000003,-1.2380869248364883,78.0,0.2,0.4,0.4,0.25,0.0,0.25,0.0,0.2
RDMPIQ,758.8864,-1.1166666666666667,0.0,81.56666666666666,-0.2387876247708538,64.99999999999999,0.3333333333333333,0.16666666666666666,0.5,0.4,0.0,0.4,0.16666666666666666,0.16666666666666666
YPELF,667.7491,0.039999999999999904,0.4,67.44,-1.2380869248364883,78.0,0.4,0.4,0.2,0.0,0.25,0.25,0.0,0.2
RLKKY,706.8764,-1.9600000000000002,0.2,-8.98,2.757094611292299,78.0,0.2,0.2,0.6,0.0,0.25,0.5,0.6,0.0
YLKT,523.6223000000001,-0.525,0.25,-13.725000000000001,0.758103612191301,97.5,0.25,0.5,0.25,0.3333333333333333,0.3333333333333333,0.3333333333333333,0.25,0.0
TVYQ,509.55260000000004,-0.32499999999999996,0.25,-11.35,-0.602802406632373,72.5,0.25,0.5,0.25,0.6666666666666666,0.3333333333333333,0.0,0.0,0.0
LLR,400.51619999999997,1.0333333333333332,0.0,70.86666666666667,0.7600916142893016,259.99999999999994,0.6666666666666666,0.0,0.3333333333333333,0.0,0.0,0.5,0.3333333333333333,0.0
YGLN,465.49999999999994,-0.3500000000000001,0.25,-13.725000000000001,-0.2408973868096983,97.5,0.25,0.5,0.25,0.3333333333333333,0.0,0.3333333333333333,0.0,0.0
YQKFP,681.779,-1.5,0.4,46.52,0.758103612191301,0.0,0.2,0.4,0.4,0.25,0.25,0.25,0.2,0.0
YQL,422.4753,-0.3333333333333334,0.33333333333333337,6.666666666666667,-0.2408973868096983,129.99999999999997,0.3333333333333333,0.3333333333333333,0.3333333333333333,0.0,0.5,0.5,0.0,0.0
YIPIQY,795.9213,0.21666666666666665,0.33333333333333337,-9.033333333333333,-0.24189638780869938,129.99999999999997,0.3333333333333333,0.5,0.16666666666666666,0.6,0.2,0.2,0.0,0.0
FYQL,569.6491,0.4499999999999999,0.5,89.0025,-0.2408973868096983,97.5,0.5,0.25,0.25,0.3333333333333333,0.3333333333333333,0.3333333333333333,0.0,0.0
YVGD,452.4582,-0.24999999999999997,0.25,-13.725000000000001,-1.2365957242625507,72.5,0.25,0.5,0.25,0.6666666666666666,0.3333333333333333,0.0,0.0,0.25
LGNTDYAVH,989.0395000000001,-0.3111111111111111,0.1111111111111111,16.333333333333332,-1.152602437615267,86.66666666666666,0.2222222222222222,0.5555555555555556,0.2222222222222222,0.375,0.5,0.0,0.1111111111111111,0.1111111111111111
DHG,327.2933,-2.3666666666666667,0.0,-27.9,-1.151603436616266,0.0,0.0,0.6666666666666666,0.3333333333333333,0.0,0.5,0.0,0.3333333333333333,0.3333333333333333
VGDI,402.44259999999997,1.2,0.0,-13.725000000000001,-1.264890849105003,170.0,0.5,0.25,0.25,0.3333333333333333,0.3333333333333333,0.3333333333333333,0.0,0.25
RASDPLLSV,957.0823,0.2666666666666666,0.0,8.88888888888889,-0.2387876247708538,130.0,0.3333333333333333,0.4444444444444444,0.2222222222222222,0.375,0.375,0.0,0.1111111111111111,0.1111111111111111
RNDDLNYIQ,1150.1986,-1.6666666666666667,0.1111111111111111,22.6,-1.2386658648300104,86.66666666666666,0.2222222222222222,0.1111111111111111,0.6666666666666666,0.125,0.125,0.375,0.1111111111111111,0.2222222222222222
LAPSLPGKPKPD,1219.4298,-0.7916666666666666,0.0,31.39166666666667,0.7624052747384487,73.33333333333331,0.16666666666666666,0.5833333333333334,0.25,0.2727272727272727,0.45454545454545453,0.0,0.16666666666666666,0.08333333333333333
AGTTCLFTPLALPYDYSH,1970.2044,0.24999999999999994,0.16666666666666666,39.28333333333334,-1.1277294550484935,76.1111111111111,0.2777777777777778,0.6666666666666666,0.05555555555555555,0.35294117647058826,0.11764705882352941,0.0,0.05555555555555555,0.05555555555555555
DHTKE,628.6322,-2.96,0.0,-7.08,-1.1445546958745665,0.0,0.0,0.4,0.6,0.0,0.5,0.0,0.4,0.4
FFGFN,630.6906,0.8999999999999998,0.6,8.0,-0.23989838581069733,0.0,0.6,0.2,0.2,0.5,0.0,0.25,0.0,0.0
MPDAHL,682.7887,-0.13333333333333341,0.0,54.849999999999994,-1.4113503632642237,81.66666666666666,0.3333333333333333,0.5,0.16666666666666666,0.4,0.4,0.0,0.16666666666666666,0.16666666666666666
ALEPDHR,836.8924,-1.5285714285714287,0.0,25.314285714285717,-1.1130300008782723,70.0,0.14285714285714285,0.42857142857142855,0.42857142857142855,0.16666666666666666,0.6666666666666666,0.16666666666666666,0.2857142857142857,0.2857142857142857
TETWNPNHPEL,1337.3935,-1.7181818181818185,0.09090909090909091,34.71818181818181,-2.5090082934323648,35.45454545454546,0.18181818181818182,0.45454545454545453,0.36363636363636365,0.1,0.6,0.2,0.09090909090909091,0.18181818181818182
FVPH,498.5746,0.5499999999999999,0.25,55.650000000000006,-0.15272419755611044,72.5,0.5,0.5,0.0,0.3333333333333333,0.0,0.0,0.25,0.0
SAEHGSLH,836.8493000000001,-0.7875000000000001,0.0,-13.6375,-1.3626947023000169,61.25,0.125,0.75,0.125,0.2857142857142857,0.2857142857142857,0.0,0.25,0.125
RPNYTDA,835.8611999999999,-1.9000000000000001,0.14285714285714288,23.957142857142863,-0.23978662576985488,14.285714285714285,0.0,0.5714285714285714,0.42857142857142855,0.0,0.8333333333333334,0.0,0.14285714285714285,0.14285714285714285
TSQLLSDQ,890.9348,-0.65,0.0,32.825,-1.6006826446935274,97.5,0.25,0.375,0.375,0.14285714285714285,0.2857142857142857,0.14285714285714285,0.0,0.125
TRTGDPFF,940.0103000000001,-0.7250000000000001,0.25,22.212500000000006,-0.6006926445935283,0.0,0.25,0.5,0.25,0.14285714285714285,0.5714285714285714,0.0,0.125,0.125
NFHPQ,641.6754,-1.8,0.2,10.700000000000003,-0.15272419755611044,0.0,0.2,0.4,0.4,0.25,0.25,0.25,0.2,0.0
LSGYGP,592.6412,-0.11666666666666674,0.16666666666666669,-19.96666666666667,-0.2408973868096983,64.99999999999999,0.16666666666666666,0.8333333333333334,0.0,0.2,0.0,0.0,0.0,0.0
PYSFK,640.7271000000001,-0.9600000000000002,0.4,-22.06,0.9565308655803535,0.0,0.2,0.6,0.2,0.25,0.0,0.25,0.2,0.0
GFGPEL,618.6785,0.11666666666666659,0.16666666666666669,37.3,-1.2370879238374872,64.99999999999999,0.3333333333333333,0.5,0.16666666666666666,0.4,0.2,0.2,0.0,0.16666666666666666
VGGRP,484.5498,-0.54,0.0,54.22,0.7339783900551512,58.0,0.2,0.6,0.2,0.25,0.5,0.0,0.2,0.0
VVGGDGDV,716.7370000000001,0.55,0.0,13.5625,-2.263770088165159,108.75,0.375,0.375,0.25,0.14285714285714285,0.42857142857142855,0.14285714285714285,0.0,0.25
VPVTST,602.6776,0.7666666666666667,0.0,58.38333333333334,-0.26601161004484764,96.66666666666664,0.3333333333333333,0.6666666666666666,0.0,0.6,0.0,0.0,0.0,0.0
LTTLDSE,777.817,-0.22857142857142862,0.0,63.60000000000001,-2.2307298831301527,111.42857142857142,0.2857142857142857,0.42857142857142855,0.2857142857142857,0.3333333333333333,0.3333333333333333,0.16666666666666666,0.0,0.2857142857142857
STMMEERRMKVY,1560.8604,-1.0666666666666667,0.08333333333333334,68.30833333333334,0.4637493813660156,24.16666666666666,0.3333333333333333,0.25,0.4166666666666667,0.18181818181818182,0.0,0.36363636363636365,0.25,0.16666666666666666
DVFRELRVQ,1161.3107,-0.5,0.1111111111111111,30.28888888888889,-0.23598716269764441,107.77777777777777,0.4444444444444444,0.0,0.5555555555555556,0.0,0.0,0.75,0.2222222222222222,0.2222222222222222
EERYP,692.7174,-2.88,0.2,82.80000000000001,-1.1613709202277989,0.0,0.0,0.4,0.6,0.0,0.25,0.0,0.2,0.4
AEERYP,763.7953,-2.1,0.16666666666666669,70.66666666666669,-1.1995134890984949,16.666666666666664,0.0,0.5,0.5,0.0,0.4,0.0,0.16666666666666666,0.3333333333333333
DEDTQAMP,905.9263000000001,-1.575,0.0,59.5375,-3.2348464019577983,12.5,0.125,0.375,0.5,0.2857142857142857,0.42857142857142855,0.0,0.0,0.375
PVDENDEG,873.8181999999999,-1.9125,0.0,14.037500000000003,-4.033608686595535,36.25,0.125,0.25,0.625,0.14285714285714285,0.14285714285714285,0.14285714285714285,0.0,0.5
YLGAK,550.6476,-2.2204460492503132e-17,0.2,-8.98,0.758103612191301,98.0,0.2,0.6,0.2,0.5,0.25,0.0,0.2,0.0
GGLEPINFN,960.0413000000001,-0.20000000000000007,0.1111111111111111,27.3,-1.2370879238374872,86.66666666666666,0.3333333333333333,0.3333333333333333,0.3333333333333333,0.25,0.125,0.5,0.0,0.1111111111111111
GGIF,392.44929999999994,1.625,0.25,17.125,-0.23989838581069733,97.5,0.5,0.5,0.0,0.3333333333333333,0.0,0.0,0.0,0.0
GIFE,464.512,0.85,0.25,-13.725000000000001,-1.231850644069997,97.5,0.5,0.25,0.25,0.3333333333333333,0.0,0.3333333333333333,0.0,0.25
GVQEGAGHYALL,1214.3268999999998,0.22499999999999998,0.08333333333333334,74.49166666666667,-1.1509127365819012,105.83333333333331,0.25,0.5833333333333334,0.16666666666666666,0.18181818181818182,0.09090909090909091,0.09090909090909091,0.08333333333333333,0.08333333333333333
WPP,398.4556,-1.366666666666667,0.33333333333333337,70.86666666666667,-0.23989838581069733,0.0,0.3333333333333333,0.6666666666666666,0.0,0.5,0.0,0.0,0.0,0.0
YYIVS,643.7276,1.06,0.4,15.7,-0.24189638780869938,136.0,0.4,0.6,0.0,0.5,0.0,0.0,0.0,0.0
TYQTF,658.6993,-0.68,0.4,32.68,-0.602802406632373,0.0,0.2,0.6,0.2,0.25,0.5,0.0,0.0,0.0
SGQYFL,713.7777,0.09999999999999992,0.33333333333333337,-4.233333333333333,-0.540852541781402,64.99999999999999,0.3333333333333333,0.5,0.16666666666666666,0.2,0.4,0.0,0.0,0.0
YYDPL,669.7219,-0.78,0.4,80.03999999999999,-1.2407756268688548,78.0,0.2,0.6,0.2,0.25,0.5,0.0,0.0,0.2
WDR,475.49830000000003,-2.966666666666667,0.33333333333333337,-18.46666666666667,-0.2387876247708538,0.0,0.3333333333333333,0.0,0.6666666666666666,0.0,0.0,0.5,0.3333333333333333,0.3333333333333333
GIISHR,681.7841,0.016666666666666625,0.0,-5.816666666666667,0.8472658025438885,129.99999999999997,0.3333333333333333,0.5,0.16666666666666666,0.4,0.2,0.0,0.3333333333333333,0.0
ELLI,486.6021,2.15,0.0,7.5,-1.1631723813020067,292.5,0.75,0.0,0.25,0.0,0.0,0.3333333333333333,0.0,0.25
KFPE,519.5906,-1.55,0.25,99.1,-0.23284964506899786,0.0,0.25,0.25,0.5,0.3333333333333333,0.3333333333333333,0.3333333333333333,0.25,0.25
LPF,375.4619,1.6666666666666667,0.33333333333333337,135.0666666666667,-0.23989838581069733,129.99999999999997,0.6666666666666666,0.3333333333333333,0.0,1.0,0.0,0.0,0.0,0.0
LLPF,488.61949999999996,2.1999999999999997,0.25,103.80000000000001,-0.23989838581069733,195.0,0.75,0.25,0.0,0.6666666666666666,0.0,0.0,0.0,0.0
FLPF,522.6357,1.9499999999999997,0.5,103.80000000000001,-0.23989838581069733,97.5,0.75,0.25,0.0,0.6666666666666666,0.0,0.0,0.0,0.0
LANAK,515.6036,0.0,0.0,8.0,0.7591026131903019,118.0,0.2,0.4,0.4,0.25,0.75,0.0,0.2,0.0
PSLVGRPPVGKLTL,1433.7375,0.3071428571428571,0.0,40.057142857142864,1.9575198666793536,125.0,0.35714285714285715,0.5,0.14285714285714285,0.46153846153846156,0.23076923076923078,0.07692307692307693,0.14285714285714285,0.0
SNAAC,464.49390000000005,0.36,0.0,95.88,-0.5497545308814108,40.0,0.2,0.6,0.2,0.25,0.5,0.0,0.0,0.0
AEEEYPDL,964.9686000000002,-1.4125,0.125,96.25,-4.1955722662854384,61.25,0.125,0.375,0.5,0.0,0.42857142857142855,0.14285714285714285,0.0,0.5
QYP,406.4329,-2.1333333333333333,0.33333333333333337,22.666666666666668,-0.2408973868096983,0.0,0.0,0.6666666666666666,0.3333333333333333,0.0,0.5,0.0,0.0,0.0
HYVPV,613.705,0.45999999999999996,0.2,172.92000000000002,-0.1537231985551114,116.0,0.4,0.6,0.0,0.75,0.0,0.0,0.2,0.0
MPACGSS,651.7532,0.3714285714285714,0.0,189.14285714285717,-0.509546302557665,14.285714285714285,0.2857142857142857,0.7142857142857143,0.0,0.5,0.0,0.0,0.0,0.0
MTEEY,671.7164,-1.42,0.2,105.96000000000001,-2.495023389511236,0.0,0.2,0.4,0.4,0.25,0.5,0.0,0.0,0.4
LSGNK,517.5764,-0.96,0.0,38.379999999999995,0.7591026131903019,78.0,0.2,0.4,0.4,0.25,0.25,0.0,0.2,0.0
GEGSGA,476.4384,-0.6166666666666667,0.0,-18.383333333333336,-1.2370879238374872,16.666666666666664,0.0,0.8333333333333334,0.16666666666666666,0.0,0.4,0.0,0.0,0.16666666666666666
GLTSK,504.57770000000005,-0.4,0.0,8.0,0.7591026131903019,78.0,0.2,0.6,0.2,0.5,0.25,0.0,0.2,0.0
VAWRNRCKGTD,1305.4659,-1.2181818181818183,0.09090909090909091,4.872727272727272,1.727370061604287,35.45454545454546,0.2727272727272727,0.2727272727272727,0.45454545454545453,0.2,0.2,0.3,0.2727272727272727,0.09090909090909091
IRGCRL,716.8960999999999,0.2333333333333333,0.0,-5.816666666666667,1.7501806242902909,129.99999999999997,0.5,0.16666666666666666,0.3333333333333333,0.2,0.2,0.6,0.3333333333333333,0.0
WIRGCRL,903.1059999999999,0.0714285714285714,0.14285714285714288,-3.5571428571428574,1.7501806242902909,111.42857142857142,0.5714285714285714,0.14285714285714285,0.2857142857142857,0.16666666666666666,0.16666666666666666,0.5,0.2857142857142857,0.0
AWIRGCRL,974.1839,0.2875,0.125,-1.8625000000000003,1.785953597955075,110.0,0.5,0.25,0.25,0.2857142857142857,0.14285714285714285,0.42857142857142855,0.25,0.0
WRNRCKGTD,1135.257,-2.1555555555555554,0.1111111111111111,3.733333333333333,1.753483285838438,0.0,0.2222222222222222,0.2222222222222222,0.5555555555555556,0.0,0.25,0.375,0.3333333333333333,0.1111111111111111
SDRDLLGPNNQYLPK,1729.8874999999998,-1.3466666666666667,0.06666666666666667,7.093333333333334,-0.5396200208007147,78.0,0.2,0.3333333333333333,0.4666666666666667,0.21428571428571427,0.2857142857142857,0.07142857142857142,0.13333333333333333,0.13333333333333333
IQW,445.512,0.033333333333333326,0.33333333333333337,6.666666666666667,-0.23989838581069733,129.99999999999997,0.6666666666666666,0.0,0.3333333333333333,0.0,0.0,1.0,0.0,0.0
LTC,335.4197,1.8666666666666665,0.0,6.666666666666667,-0.24979937590970713,129.99999999999997,0.6666666666666666,0.3333333333333333,0.0,1.0,0.0,0.0,0.0,0.0
GTW,362.3804,-0.6666666666666666,0.33333333333333337,-71.73333333333333,-0.23989838581069733,0.0,0.3333333333333333,0.6666666666666666,0.0,0.5,0.0,0.0,0.0,0.0
YLL,407.50370000000004,2.1,0.33333333333333337,6.666666666666667,-0.2408973868096983,259.99999999999994,0.6666666666666666,0.3333333333333333,0.0,0.5,0.0,0.0,0.0,0.0
LFC,381.4896,3.033333333333333,0.33333333333333337,6.666666666666667,-0.24979937590970713,129.99999999999997,1.0,0.0,0.0,0.0,0.0,0.0,0.0,0.0
CME,381.46819999999997,0.3,0.0,115.33333333333334,-1.241751634169007,0.0,0.6666666666666666,0.0,0.3333333333333333,0.0,0.0,0.5,0.0,0.3333333333333333
QKW,460.5267,-2.766666666666667,0.33333333333333337,6.666666666666667,0.7591026131903019,0.0,0.3333333333333333,0.0,0.6666666666666666,0.0,0.0,0.5,0.3333333333333333,0.0
WEN,447.4418,-2.6333333333333333,0.33333333333333337,6.666666666666667,-1.2370879238374872,0.0,0.3333333333333333,0.0,0.6666666666666666,0.0,0.0,0.5,0.0,0.3333333333333333
LAC,305.3937,2.6999999999999997,0.0,153.13333333333333,-0.24979937590970713,163.33333333333331,0.6666666666666666,0.3333333333333333,0.0,1.0,0.0,0.0,0.0,0.0
ACQ,320.3653,0.26666666666666666,0.0,128.0,-0.21402640224492286,33.33333333333333,0.3333333333333333,0.3333333333333333,0.3333333333333333,0.5,0.0,0.5,0.0,0.0
CQC,352.4303,0.5,0.0,-43.6,-0.25970036600871704,0.0,0.6666666666666666,0.0,0.3333333333333333,0.0,0.0,1.0,0.0,0.0
QCL,362.445,0.9333333333333332,0.0,45.73333333333334,-0.24979937590970713,129.99999999999997,0.6666666666666666,0.0,0.3333333333333333,0.0,0.0,0.5,0.0,0.0
GEC,307.3235,-0.4666666666666666,0.0,128.0,-1.2469889139364971,0.0,0.3333333333333333,0.3333333333333333,0.3333333333333333,0.0,0.5,0.5,0.0,0.3333333333333333
ECA,321.3501,0.26666666666666666,0.0,153.13333333333333,-1.1730733714010166,33.33333333333333,0.3333333333333333,0.3333333333333333,0.3333333333333333,0.5,0.0,0.5,0.0,0.3333333333333333
CAQ,320.3653,0.26666666666666666,0.0,6.666666666666667,-0.24979937590970713,33.33333333333333,0.3333333333333333,0.3333333333333333,0.3333333333333333,0.5,0.5,0.0,0.0,0.0
CLV,333.4468,3.5,0.0,70.86666666666667,-0.24979937590970713,226.66666666666663,1.0,0.0,0.0,0.0,0.0,0.0,0.0,0.0
NEN,375.3345,-3.5,0.0,6.666666666666667,-1.2370879238374872,0.0,0.0,0.0,1.0,0.0,0.0,0.0,0.0,0.3333333333333333
LPM,359.4841,1.3666666666666665,0.0,45.73333333333334,-0.23989838581069733,129.99999999999997,0.6666666666666666,0.3333333333333333,0.0,1.0,0.0,0.0,0.0,0.0
MHI,399.5082,1.0666666666666667,0.0,344.06666666666666,-0.4124711242040683,129.99999999999997,0.6666666666666666,0.3333333333333333,0.0,1.0,0.0,0.0,0.3333333333333333,0.0
DYK,424.4482,-2.9,0.33333333333333337,6.666666666666667,-0.24077562686885456,0.0,0.0,0.3333333333333333,0.6666666666666666,0.0,1.0,0.0,0.3333333333333333,0.3333333333333333
KKY,437.53310000000005,-3.033333333333333,0.33333333333333337,6.666666666666667,1.7571046111922999,0.0,0.0,0.3333333333333333,0.6666666666666666,0.0,0.5,0.0,0.6666666666666666,0.0
KYL,422.5184,-0.46666666666666673,0.33333333333333337,6.666666666666667,0.758103612191301,129.99999999999997,0.3333333333333333,0.3333333333333333,0.3333333333333333,0.5,0.5,0.0,0.3333333333333333,0.0
EQC,378.4014,-1.5,0.0,45.73333333333334,-1.1730733714010166,0.0,0.3333333333333333,0.0,0.6666666666666666,0.0,0.0,0.5,0.0,0.3333333333333333
QCH,386.4267,-1.4000000000000001,0.0,90.20000000000002,-0.16262518765512024,0.0,0.3333333333333333,0.3333333333333333,0.3333333333333333,0.5,0.0,0.5,0.3333333333333333,0.0
CHI,371.45509999999996,1.2666666666666666,0.0,261.8,-0.16262518765512024,129.99999999999997,0.6666666666666666,0.3333333333333333,0.0,1.0,0.0,0.0,0.3333333333333333,0.0
CSQAPLA,688.7932999999999,0.5714285714285714,0.0,63.60000000000001,-0.24979937590970713,84.28571428571428,0.2857142857142857,0.5714285714285714,0.14285714285714285,0.5,0.3333333333333333,0.0,0.0,0.0
RCMAFLLSDGAAAAQQLLPQYW,2453.8354999999997,0.359090909090909,0.13636363636363635,44.236363636363635,-0.24968761586886457,93.63636363636365,0.36363636363636365,0.4090909090909091,0.22727272727272727,0.23809523809523808,0.23809523809523808,0.09523809523809523,0.045454545454545456,0.045454545454545456
WYGPD,636.6523,-1.54,0.4,-24.060000000000002,-1.2365957242625507,0.0,0.2,0.6,0.2,0.25,0.25,0.0,0.0,0.2
KLSDW,647.7198,-1.06,0.2,-8.98,-0.2397766258698535,78.0,0.4,0.2,0.4,0.25,0.25,0.5,0.2,0.2
KGLWE,631.7204,-0.9800000000000001,0.2,38.379999999999995,-0.23284964506899786,78.0,0.4,0.2,0.4,0.25,0.25,0.25,0.2,0.2
DLEE,504.48830000000004,-1.675,0.0,89.0,-3.2279194211569426,97.5,0.25,0.0,0.75,0.0,0.0,0.6666666666666666,0.0,0.75
TEVWDSNEQ,1107.0846,-1.7444444444444445,0.1111111111111111,73.08888888888889,-3.5950617207471067,32.22222222222222,0.2222222222222222,0.2222222222222222,0.5555555555555556,0.0,0.375,0.25,0.0,0.3333333333333333
IYIEQGNGITGM,1295.4608999999998,0.14166666666666664,0.08333333333333334,28.083333333333332,-1.2380869248364883,97.5,0.3333333333333333,0.4166666666666667,0.25,0.45454545454545453,0.2727272727272727,0.09090909090909091,0.0,0.08333333333333333
ADGF,408.40569999999997,0.17499999999999996,0.25,-13.725000000000001,-1.2030046512060686,25.0,0.25,0.5,0.25,0.3333333333333333,0.6666666666666666,0.0,0.0,0.25
AGGF,350.36959999999993,0.95,0.25,38.35,-0.20412541214591307,25.0,0.25,0.75,0.0,0.3333333333333333,0.0,0.0,0.0,0.0
AWDPE,616.6197,-1.54,0.2,42.76,-2.1949569094653683,20.0,0.2,0.4,0.4,0.25,0.5,0.25,0.0,0.4
DWDPK,659.6875,-2.68,0.2,8.0,-1.238655864930009,0.0,0.2,0.2,0.6,0.0,0.5,0.5,0.2,0.4
ETTL,462.4947,-0.275,0.0,7.5,-1.1631723813020067,97.5,0.25,0.5,0.25,0.3333333333333333,0.3333333333333333,0.0,0.0,0.25
SGAF,380.3956,0.85,0.25,-13.725000000000001,-0.539853540782401,25.0,0.25,0.75,0.0,0.3333333333333333,0.0,0.0,0.0,0.0
VKRRGQDCIHGFCSD,1720.9303999999997,-0.7799999999999999,0.06666666666666667,75.82666666666667,0.805764020699709,45.33333333333333,0.3333333333333333,0.26666666666666666,0.4,0.21428571428571427,0.21428571428571427,0.14285714285714285,0.26666666666666666,0.13333333333333333
GQFNDKRWIPFG,1464.6254,-1.0083333333333333,0.25,84.35833333333333,0.7602133742301456,32.49999999999999,0.3333333333333333,0.25,0.4166666666666667,0.2727272727272727,0.09090909090909091,0.2727272727272727,0.16666666666666666,0.08333333333333333
APIRMWYMYRKLTDMEPKPVA,2597.1285,-0.5238095238095238,0.14285714285714285,53.55238095238095,1.7957898069711358,60.47619047619047,0.3333333333333333,0.38095238095238093,0.2857142857142857,0.35,0.25,0.25,0.19047619047619047,0.09523809523809523
VLVPK,554.7224,1.34,0.0,46.52,0.7329893889561515,194.0,0.6,0.2,0.2,0.25,0.25,0.0,0.2,0.0
KDVPP,554.6364,-1.28,0.0,85.04,-0.2397766258698535,58.0,0.2,0.4,0.4,0.25,0.0,0.25,0.2,0.2
GQVPP,496.55719999999997,-0.58,0.0,69.96000000000001,-0.23989838581069733,58.0,0.2,0.6,0.2,0.25,0.25,0.25,0.0,0.0
PKLPPVKK,906.1664000000001,-1.0625,0.0,66.7625,2.955531864581353,85.0,0.25,0.375,0.375,0.2857142857142857,0.14285714285714285,0.2857142857142857,0.375,0.0
DGVVYY,714.7624,0.3166666666666667,0.33333333333333337,16.333333333333336,-1.2407756268688548,96.66666666666664,0.3333333333333333,0.5,0.16666666666666666,0.4,0.2,0.0,0.0,0.16666666666666666
IVEYF,669.7649,1.34,0.4,-8.98,-1.2380869248364883,136.0,0.6,0.2,0.2,0.25,0.25,0.25,0.0,0.2
GFYPPP,676.7592,-0.6166666666666668,0.33333333333333337,147.43500000000003,-0.2408973868096983,0.0,0.16666666666666666,0.8333333333333334,0.0,0.4,0.0,0.0,0.0,0.0
DVPPYM,720.8333,-0.3166666666666667,0.16666666666666669,145.76666666666668,-1.2397766258698537,48.33333333333332,0.3333333333333333,0.5,0.16666666666666666,0.4,0.0,0.2,0.0,0.16666666666666666
PGVPWP,651.7531,-0.3166666666666667,0.16666666666666669,35.63333333333334,-0.041471132421644796,48.33333333333332,0.3333333333333333,0.6666666666666666,0.0,0.8,0.0,0.0,0.0,0.0
RYLGY,670.7563,-0.74,0.4,-24.060000000000002,0.7580936122912996,78.0,0.2,0.6,0.2,0.5,0.25,0.0,0.2,0.0
RYL,450.53180000000003,-0.6666666666666666,0.33333333333333337,-18.46666666666667,0.7590926132903006,129.99999999999997,0.3333333333333333,0.3333333333333333,0.3333333333333333,0.5,0.5,0.0,0.3333333333333333,0.0
RYLG,507.5831,-0.6000000000000001,0.25,-11.35,0.7590926132903006,97.5,0.25,0.5,0.25,0.6666666666666666,0.3333333333333333,0.0,0.25,0.0
YLG,351.3974,0.6999999999999998,0.33333333333333337,6.666666666666667,-0.2408973868096983,129.99999999999997,0.3333333333333333,0.6666666666666666,0.0,1.0,0.0,0.0,0.0,0.0
YLGY,514.5706,0.19999999999999993,0.5,-13.725000000000001,-0.24189638780869938,97.5,0.25,0.75,0.0,0.6666666666666666,0.0,0.0,0.0,0.0
LGY,351.3974,0.6999999999999998,0.33333333333333337,-21.633333333333336,-0.2408973868096983,129.99999999999997,0.3333333333333333,0.6666666666666666,0.0,0.5,0.0,0.0,0.0,0.0
AYFYPEL,902.0002,0.09999999999999994,0.4285714285714286,97.60142857142857,-1.2033129521707049,70.0,0.2857142857142857,0.5714285714285714,0.14285714285714285,0.3333333333333333,0.16666666666666666,0.16666666666666666,0.0,0.14285714285714285
AYFYPE,788.8426,-0.5166666666666667,0.5,112.20166666666667,-1.1980756724032147,16.666666666666664,0.16666666666666666,0.6666666666666666,0.16666666666666666,0.4,0.2,0.0,0.0,0.16666666666666666
YQKFPQY,973.0813999999999,-1.7571428571428573,0.4285714285714286,52.828571428571436,0.7571046111922999,0.0,0.14285714285714285,0.42857142857142855,0.42857142857142855,0.16666666666666666,0.5,0.16666666666666666,0.14285714285714285,0.0
YQK,437.49,-2.9,0.33333333333333337,6.666666666666667,0.758103612191301,0.0,0.0,0.3333333333333333,0.6666666666666666,0.0,0.5,0.0,0.3333333333333333,0.0
FPQY,553.6067,-0.9000000000000001,0.5,84.95000000000002,-0.2408973868096983,0.0,0.25,0.5,0.25,0.3333333333333333,0.6666666666666666,0.0,0.0,0.0
VAGTWY,695.7624999999999,0.45,0.33333333333333337,-30.866666666666667,-0.2670106110438486,64.99999999999999,0.3333333333333333,0.6666666666666666,0.0,0.6,0.0,0.0,0.0,0.0
YQEPVLGPVRGPFPIIV,1881.2204000000002,0.48235294117647054,0.11764705882352942,67.40000000000002,-0.23809692473648925,120.0,0.4117647058823529,0.4117647058823529,0.17647058823529413,0.375,0.1875,0.0625,0.058823529411764705,0.058823529411764705
VPKVK,569.7371,-0.1999999999999999,0.0,23.78,1.731990387957151,116.0,0.4,0.2,0.4,0.25,0.25,0.5,0.4,0.0
DSGVT,477.46619999999996,-0.23999999999999994,0.0,29.540000000000003,-1.2387776248708526,58.0,0.2,0.6,0.2,0.5,0.25,0.0,0.0,0.2
IEAEGE,646.6441,-0.7666666666666666,0.0,69.0,-3.226229720123577,81.66666666666666,0.16666666666666666,0.3333333333333333,0.5,0.0,0.8,0.2,0.0,0.5
DAQEKLE,831.8676999999999,-1.7571428571428573,0.0,23.957142857142863,-2.2289184221559433,70.0,0.14285714285714285,0.14285714285714285,0.7142857142857143,0.0,0.3333333333333333,0.3333333333333333,0.14285714285714285,0.42857142857142855
EELDNALN,916.9290000000001,-1.0125,0.0,49.5,-3.159241158388952,110.0,0.25,0.125,0.625,0.14285714285714285,0.14285714285714285,0.42857142857142855,0.0,0.375
VPSIDDQEELM,1275.382,-0.5,0.0,91.25454545454545,-4.258149164218739,97.27272727272728,0.36363636363636365,0.18181818181818182,0.45454545454545453,0.2,0.0,0.2,0.0,0.36363636363636365
HFGDPFH,855.8953999999999,-0.9000000000000001,0.28571428571428575,21.271428571428576,-1.0644292483616788,0.0,0.2857142857142857,0.5714285714285714,0.14285714285714285,0.6666666666666666,0.3333333333333333,0.0,0.2857142857142857,0.14285714285714285
PSYV,464.512,0.125,0.25,55.650000000000006,-0.04247013342064576,72.5,0.25,0.75,0.0,0.3333333333333333,0.0,0.0,0.0,0.0
HPLH,502.5666999999999,-1.0500000000000003,0.0,0.30000000000000027,-0.06555000930152344,97.5,0.25,0.75,0.0,0.6666666666666666,0.0,0.0,0.5,0.0
HHLP,502.5666999999999,-1.0500000000000003,0.0,55.650000000000006,-0.06555000930152344,97.5,0.25,0.75,0.0,0.6666666666666666,0.0,0.0,0.5,0.0
HLPH,502.5666999999999,-1.0500000000000003,0.0,55.650000000000006,-0.06555000930152344,97.5,0.25,0.75,0.0,0.6666666666666666,0.0,0.0,0.5,0.0
LLPH,478.585,0.6999999999999998,0.0,55.650000000000006,-0.15272419755611044,195.0,0.5,0.5,0.0,0.3333333333333333,0.0,0.0,0.25,0.0
PLHH,502.5666999999999,-1.0500000000000003,0.0,7.5,0.1328772440875291,97.5,0.25,0.75,0.0,0.6666666666666666,0.0,0.0,0.5,0.0
HPHL,502.5666999999999,-1.0500000000000003,0.0,0.30000000000000027,-0.06555000930152344,97.5,0.25,0.75,0.0,0.3333333333333333,0.0,0.0,0.5,0.0
HPH,389.40909999999997,-2.6666666666666665,0.0,-2.933333333333333,-0.06555000930152344,0.0,0.0,1.0,0.0,0.0,0.0,0.0,0.6666666666666666,0.0
LLHH,518.6091,0.2999999999999998,0.0,7.5,-0.06555000930152344,195.0,0.5,0.5,0.0,0.3333333333333333,0.0,0.0,0.5,0.0
HHPLL,615.7243,-0.08000000000000015,0.0,2.24,-0.06555000930152344,156.0,0.4,0.6,0.0,0.25,0.0,0.0,0.4,0.0
HLHP,502.5666999999999,-1.0500000000000003,0.0,0.30000000000000027,-0.06555000930152344,97.5,0.25,0.75,0.0,0.6666666666666666,0.0,0.0,0.5,0.0
LPHH,502.5666999999999,-1.0500000000000003,0.0,55.650000000000006,-0.06555000930152344,97.5,0.25,0.75,0.0,0.3333333333333333,0.0,0.0,0.5,0.0
HHPL,502.5666999999999,-1.0500000000000003,0.0,0.30000000000000027,-0.06555000930152344,97.5,0.25,0.75,0.0,0.3333333333333333,0.0,0.0,0.5,0.0
LHPH,502.5666999999999,-1.0500000000000003,0.0,0.30000000000000027,-0.06555000930152344,97.5,0.25,0.75,0.0,0.3333333333333333,0.0,0.0,0.5,0.0
HHP,389.40909999999997,-2.6666666666666665,0.0,-2.933333333333333,-0.06555000930152344,0.0,0.0,1.0,0.0,0.0,0.0,0.0,0.6666666666666666,0.0
LLPHH,615.7243,-0.08000000000000015,0.0,46.52,-0.06555000930152344,156.0,0.4,0.6,0.0,0.25,0.0,0.0,0.4,0.0
HLH,405.45149999999995,-0.8666666666666668,0.0,6.666666666666667,-0.06555000930152344,129.99999999999997,0.3333333333333333,0.6666666666666666,0.0,1.0,0.0,0.0,0.6666666666666666,0.0
LLPHHH,752.8635999999999,-0.6000000000000002,0.0,40.43333333333334,0.021624178953063455,129.99999999999997,0.3333333333333333,0.6666666666666666,0.0,0.2,0.0,0.0,0.5,0.0
LHH,405.45149999999995,-0.8666666666666668,0.0,6.666666666666667,-0.06555000930152344,129.99999999999997,0.3333333333333333,0.6666666666666666,0.0,0.5,0.0,0.0,0.6666666666666666,0.0
PHH,389.40909999999997,-2.6666666666666665,0.0,6.666666666666667,0.1328772440875291,0.0,0.0,1.0,0.0,0.0,0.0,0.0,0.6666666666666666,0.0
FYY,491.5355,0.06666666666666658,1.0,156.47000000000003,-0.24189638780869938,0.0,0.3333333333333333,0.6666666666666666,0.0,0.5,0.0,0.0,0.0,0.0
SCH,345.3748,-0.5000000000000001,0.0,224.00000000000003,-0.4625803426268239,0.0,0.3333333333333333,0.6666666666666666,0.0,1.0,0.0,0.0,0.3333333333333333,0.0
AVPYPQR,829.9427,-0.9285714285714286,0.14285714285714288,81.22857142857143,0.7948655869550849,55.71428571428571,0.14285714285714285,0.5714285714285714,0.2857142857142857,0.3333333333333333,0.16666666666666666,0.0,0.14285714285714285,0.0
KVLPVPQK,908.1391000000001,-0.2875,0.0,94.43750000000001,1.758103612191301,121.25,0.375,0.25,0.375,0.42857142857142855,0.14285714285714285,0.14285714285714285,0.25,0.0
IPAGM,487.6133,1.24,0.0,40.760000000000005,-0.23989838581069733,98.0,0.4,0.6,0.0,0.5,0.0,0.0,0.0,0.0
LPAGV,455.54830000000004,1.56,0.0,85.04,-0.23989838581069733,156.0,0.4,0.6,0.0,0.5,0.0,0.0,0.0,0.0
EFLQ,535.5899000000001,-0.10000000000000009,0.25,89.0,-1.1631723813020067,97.5,0.5,0.0,0.5,0.0,0.0,0.6666666666666666,0.0,0.25
IPAGV,455.54830000000004,1.7,0.0,40.760000000000005,-0.23989838581069733,156.0,0.4,0.6,0.0,0.5,0.0,0.0,0.0,0.0
EFQI,535.5899000000001,0.07499999999999996,0.25,7.5,-1.1631723813020067,97.5,0.5,0.0,0.5,0.0,0.0,1.0,0.0,0.25
FEQI,535.5899000000001,0.07499999999999996,0.25,55.650000000000006,-1.2370879238374872,97.5,0.5,0.0,0.5,0.0,0.0,0.6666666666666666,0.0,0.25
LALPA,483.6015,1.92,0.0,85.04,-0.23989838581069733,196.0,0.4,0.6,0.0,0.75,0.0,0.0,0.0,0.0
EFQL,535.5899000000001,-0.10000000000000009,0.25,7.5,-1.1631723813020067,97.5,0.5,0.0,0.5,0.0,0.0,1.0,0.0,0.25
LEEAF,607.6526,0.2799999999999999,0.2,73.2,-2.234277461864277,98.0,0.4,0.2,0.4,0.25,0.25,0.25,0.0,0.4
PSIPA,483.5585,0.45999999999999996,0.0,79.28,-0.041471132421644796,98.0,0.2,0.8,0.0,0.5,0.0,0.0,0.0,0.0
PSLPA,483.5585,0.31999999999999995,0.0,123.56,-0.041471132421644796,98.0,0.2,0.8,0.0,0.5,0.0,0.0,0.0,0.0
WVYY,629.7026000000001,0.17500000000000002,0.75,-1.7250000000000032,-0.24189638780869938,72.5,0.5,0.5,0.0,0.3333333333333333,0.0,0.0,0.0,0.0
LPL,341.4457,2.0,0.0,70.86666666666667,-0.23989838581069733,259.99999999999994,0.6666666666666666,0.3333333333333333,0.0,1.0,0.0,0.0,0.0,0.0
LQL,372.4597,1.3666666666666665,0.0,115.33333333333334,-0.23989838581069733,259.99999999999994,0.6666666666666666,0.0,0.3333333333333333,0.0,0.0,1.0,0.0,0.0
YNL,408.4487,-0.3333333333333334,0.33333333333333337,6.666666666666667,-0.2408973868096983,129.99999999999997,0.3333333333333333,0.3333333333333333,0.3333333333333333,0.0,0.5,0.5,0.0,0.0
IEEAF,607.6526,0.41999999999999993,0.2,161.07999999999998,-2.234277461864277,98.0,0.4,0.2,0.4,0.25,0.25,0.25,0.0,0.4
FEQL,535.5899000000001,-0.10000000000000009,0.25,55.650000000000006,-1.2370879238374872,97.5,0.5,0.0,0.5,0.0,0.0,0.6666666666666666,0.0,0.25
VSYT,468.5007,0.35000000000000003,0.25,-13.725000000000001,-0.2670106110438486,72.5,0.25,0.75,0.0,0.3333333333333333,0.0,0.0,0.0,0.0
YNI,408.4487,-0.10000000000000002,0.33333333333333337,153.13333333333333,-0.2408973868096983,129.99999999999997,0.3333333333333333,0.3333333333333333,0.3333333333333333,0.0,0.5,0.5,0.0,0.0
EFIQ,535.5899000000001,0.07499999999999996,0.25,7.5,-1.1631723813020067,97.5,0.5,0.0,0.5,0.0,0.0,0.6666666666666666,0.0,0.25
VECYGPNRPQF,1309.4494,-0.9454545454545454,0.18181818181818182,69.48181818181817,-0.27411113906964957,26.363636363636367,0.2727272727272727,0.36363636363636365,0.36363636363636365,0.1,0.3,0.3,0.09090909090909091,0.09090909090909091
DHHQ,535.5105,-3.35,0.0,7.5,-1.0644292483616788,0.0,0.0,0.5,0.5,0.0,0.6666666666666666,0.0,0.5,0.25
DHHQVYSPGEQ,1296.3017,-1.8454545454545455,0.09090909090909091,45.98181818181818,-2.0626177873874694,26.363636363636367,0.09090909090909091,0.5454545454545454,0.36363636363636365,0.1,0.3,0.1,0.18181818181818182,0.18181818181818182
DAHK,469.49219999999997,-2.2,0.0,45.474999999999994,-0.1526024376152666,25.0,0.0,0.5,0.5,0.0,0.6666666666666666,0.0,0.5,0.25
DHHK,535.5536000000001,-3.45,0.0,66.7,-0.0654282493606797,0.0,0.0,0.5,0.5,0.0,0.6666666666666666,0.0,0.75,0.25
RASDPLLSV,957.0823,0.2666666666666666,0.0,8.88888888888889,-0.2387876247708538,130.0,0.3333333333333333,0.4444444444444444,0.2222222222222222,0.375,0.375,0.0,0.1111111111111111,0.1111111111111111
RNDDLNYIQ,1150.1986,-1.6666666666666667,0.1111111111111111,22.6,-1.2386658648300104,86.66666666666666,0.2222222222222222,0.1111111111111111,0.6666666666666666,0.125,0.125,0.375,0.1111111111111111,0.2222222222222222
LAPSLPGKPKPD,1219.4298,-0.7916666666666666,0.0,31.39166666666667,0.7624052747384487,73.33333333333331,0.16666666666666666,0.5833333333333334,0.25,0.2727272727272727,0.45454545454545453,0.0,0.16666666666666666,0.08333333333333333
AGTTCLFTPLALPYDYSH,1970.2044,0.24999999999999994,0.16666666666666666,39.28333333333334,-1.1277294550484935,76.1111111111111,0.2777777777777778,0.6666666666666666,0.05555555555555555,0.35294117647058826,0.11764705882352941,0.0,0.05555555555555555,0.05555555555555555
RPNYTDA,835.8611999999999,-1.9000000000000001,0.14285714285714288,23.957142857142863,-0.23978662576985488,14.285714285714285,0.0,0.5714285714285714,0.42857142857142855,0.0,0.8333333333333334,0.0,0.14285714285714285,0.14285714285714285
TSQLLSDQ,890.9348,-0.65,0.0,32.825,-1.6006826446935274,97.5,0.25,0.375,0.375,0.14285714285714285,0.2857142857142857,0.14285714285714285,0.0,0.125
TRTGDPFF,940.0103000000001,-0.7250000000000001,0.25,22.212500000000006,-0.6006926445935283,0.0,0.25,0.5,0.25,0.14285714285714285,0.5714285714285714,0.0,0.125,0.125
NFHPQ,641.6754,-1.8,0.2,10.700000000000003,-0.15272419755611044,0.0,0.2,0.4,0.4,0.25,0.25,0.25,0.2,0.0
AWFS,509.5542,0.725,0.5,7.5,-0.20412541214591307,25.0,0.5,0.5,0.0,0.6666666666666666,0.0,0.0,0.0,0.0
YLLLK,648.8336,1.2399999999999998,0.2,-8.98,0.758103612191301,234.0,0.6,0.2,0.2,0.25,0.0,0.25,0.2,0.0
GIFE,464.512,0.85,0.25,-13.725000000000001,-1.231850644069997,97.5,0.5,0.25,0.25,0.3333333333333333,0.0,0.3333333333333333,0.0,0.25
WAFS,509.5542,0.725,0.5,-30.075,-0.23989838581069733,25.0,0.5,0.5,0.0,1.0,0.0,0.0,0.0,0.0
MPACGSS,651.7532,0.3714285714285714,0.0,189.14285714285717,-0.509546302557665,14.285714285714285,0.2857142857142857,0.7142857142857143,0.0,0.5,0.0,0.0,0.0,0.0
MTEEY,671.7164,-1.42,0.2,105.96000000000001,-2.495023389511236,0.0,0.2,0.4,0.4,0.25,0.5,0.0,0.0,0.4
LSGNK,517.5764,-0.96,0.0,38.379999999999995,0.7591026131903019,78.0,0.2,0.4,0.4,0.25,0.25,0.0,0.2,0.0
GEGSGA,476.4384,-0.6166666666666667,0.0,-18.383333333333336,-1.2370879238374872,16.666666666666664,0.0,0.8333333333333334,0.16666666666666666,0.0,0.4,0.0,0.0,0.16666666666666666
GLTSK,504.57770000000005,-0.4,0.0,8.0,0.7591026131903019,78.0,0.2,0.6,0.2,0.5,0.25,0.0,0.2,0.0
SDRDLLGPNNQYLPK,1729.8874999999998,-1.3466666666666667,0.06666666666666667,7.093333333333334,-0.5396200208007147,78.0,0.2,0.3333333333333333,0.4666666666666667,0.21428571428571427,0.2857142857142857,0.07142857142857142,0.13333333333333333,0.13333333333333333
FFRSKLLSDGAAAKGALLPQYW,2439.8073,0.11363636363636359,0.18181818181818182,23.45,1.7582153722321434,89.09090909090911,0.3181818181818182,0.45454545454545453,0.22727272727272727,0.19047619047619047,0.38095238095238093,0.09523809523809523,0.13636363636363635,0.045454545454545456
RCMAFLLSDGAAAAQQLLPQYW,2453.8354999999997,0.359090909090909,0.13636363636363635,44.236363636363635,-0.24968761586886457,93.63636363636365,0.36363636363636365,0.4090909090909091,0.22727272727272727,0.23809523809523808,0.23809523809523808,0.09523809523809523,0.045454545454545456,0.045454545454545456
AIQSPH,651.7117999999999,-0.46666666666666673,0.0,154.8,-0.11695122389132617,81.66666666666666,0.16666666666666666,0.6666666666666666,0.16666666666666666,0.2,0.2,0.2,0.16666666666666666,0.0
AVLAPH,606.7142,1.1333333333333333,0.0,40.43333333333334,-0.11695122389132617,146.66666666666663,0.3333333333333333,0.6666666666666666,0.0,0.4,0.0,0.0,0.16666666666666666,0.0
DFIRH,686.7591,-0.78,0.2,31.440000000000005,-0.1516134365162669,78.0,0.4,0.2,0.4,0.0,0.25,0.5,0.4,0.2
FPILEH,754.8728,0.46666666666666656,0.16666666666666669,59.966666666666676,-1.1499137355829,129.99999999999997,0.5,0.3333333333333333,0.16666666666666666,0.4,0.2,0.2,0.16666666666666666,0.16666666666666666
FPILEHL,868.0304,0.9428571428571428,0.14285714285714288,52.828571428571436,-1.1499137355829,167.14285714285714,0.5714285714285714,0.2857142857142857,0.14285714285714285,0.5,0.16666666666666666,0.16666666666666666,0.14285714285714285,0.14285714285714285
FSPH,486.5208999999999,-0.7000000000000002,0.25,117.35,-0.15272419755611044,0.0,0.25,0.75,0.0,0.3333333333333333,0.0,0.0,0.25,0.0
FVTPEEEQQQMH,1502.6041,-1.4666666666666668,0.08333333333333334,166.79166666666669,-3.1442928116364794,24.16666666666666,0.25,0.25,0.5,0.18181818181818182,0.09090909090909091,0.09090909090909091,0.08333333333333333,0.25
GENDQRGHIIFVQ,1512.6253,-0.7692307692307693,0.07692307692307693,30.7,-1.1488029745430566,82.3076923076923,0.3076923076923077,0.23076923076923078,0.46153846153846156,0.08333333333333333,0.16666666666666666,0.08333333333333333,0.15384615384615385,0.15384615384615385
GIVSPH,608.687,0.44999999999999996,0.0,53.266666666666666,-0.15272419755611044,113.33333333333331,0.3333333333333333,0.6666666666666666,0.0,0.4,0.0,0.0,0.16666666666666666,0.0
GVDFIRH,842.9413999999999,-0.014285714285714315,0.14285714285714288,3.8428571428571447,-0.1516134365162669,97.14285714285714,0.42857142857142855,0.2857142857142857,0.2857142857142857,0.16666666666666666,0.16666666666666666,0.5,0.2857142857142857,0.14285714285714285
HNDGNTELVVVVF,1442.5718,0.39230769230769236,0.07692307692307693,29.200000000000003,-2.1487929746430554,119.23076923076923,0.46153846153846156,0.23076923076923078,0.3076923076923077,0.0,0.4166666666666667,0.08333333333333333,0.07692307692307693,0.15384615384615385
NIDNPSHADFVNPQ,1567.6144,-1.0642857142857143,0.07142857142857144,52.62142857142857,-2.1504826756764213,55.71428571428571,0.21428571428571427,0.35714285714285715,0.42857142857142855,0.0,0.3076923076923077,0.3076923076923077,0.07142857142857142,0.14285714285714285
PHYA,486.5208999999999,-1.0750000000000002,0.25,176.55,0.04470405483394124,25.0,0.0,1.0,0.0,0.0,0.0,0.0,0.25,0.0
SEVFH,617.6507,-0.10000000000000005,0.2,46.52,-1.4498688905546038,58.0,0.4,0.4,0.2,0.25,0.25,0.25,0.2,0.2
SEVFHVD,831.8691,0.028571428571428564,0.14285714285714288,14.614285714285717,-2.445567228007456,82.85714285714285,0.42857142857142855,0.2857142857142857,0.2857142857142857,0.3333333333333333,0.16666666666666666,0.3333333333333333,0.14285714285714285,0.2857142857142857
SFLAGGISSEHIQGQQQ,1786.8957,-0.40588235294117647,0.05882352941176471,78.40588235294119,-1.4498688905546038,74.70588235294116,0.23529411764705882,0.47058823529411764,0.29411764705882354,0.3125,0.25,0.0625,0.058823529411764705,0.058823529411764705
SPHWTIN,853.9210999999999,-0.8857142857142858,0.14285714285714288,45.75714285714285,-0.4526793525278141,55.71428571428571,0.2857142857142857,0.5714285714285714,0.14285714285714285,0.5,0.0,0.16666666666666666,0.14285714285714285,0.0
WVHNDGNAE,1041.0312999999999,-1.3888888888888888,0.1111111111111111,16.333333333333332,-2.1435556948755656,43.33333333333333,0.2222222222222222,0.3333333333333333,0.4444444444444444,0.125,0.625,0.0,0.1111111111111111,0.2222222222222222
YANQLDPNHRRF,1530.6454999999999,-1.7249999999999999,0.16666666666666669,70.35000000000001,0.8473775625847313,40.83333333333333,0.16666666666666666,0.3333333333333333,0.5,0.0,0.45454545454545453,0.2727272727272727,0.25,0.08333333333333333
ALFSPH,670.7564,0.46666666666666656,0.16666666666666669,81.56666666666666,-0.11695122389132617,81.66666666666666,0.3333333333333333,0.6666666666666666,0.0,0.4,0.0,0.0,0.16666666666666666,0.0
DFIRHR,842.9448,-1.4000000000000001,0.16666666666666669,27.86666666666667,0.8483765635837324,64.99999999999999,0.3333333333333333,0.16666666666666666,0.5,0.0,0.4,0.4,0.5,0.16666666666666666
GTAHWL,683.7552,0.06666666666666661,0.16666666666666669,-4.199999999999999,-0.15272419755611044,81.66666666666666,0.3333333333333333,0.6666666666666666,0.0,0.2,0.0,0.0,0.16666666666666666,0.0
GVDFIRHR,999.1270999999999,-0.5750000000000001,0.125,4.612500000000002,0.8483765635837324,85.0,0.375,0.25,0.375,0.14285714285714285,0.2857142857142857,0.42857142857142855,0.375,0.125
NPSHADFV,885.9197999999999,-0.47500000000000003,0.125,9.187500000000004,-1.151603436616266,48.75,0.25,0.5,0.25,0.0,0.2857142857142857,0.14285714285714285,0.125,0.125
AVFVDLEPTVIDEVR,1701.9137999999998,0.5933333333333334,0.06666666666666667,12.153333333333336,-3.196272966219805,136.0,0.4666666666666667,0.2,0.3333333333333333,0.14285714285714285,0.07142857142857142,0.42857142857142855,0.06666666666666667,0.26666666666666666
DAYVGDEAQSK,1182.1942,-1.1454545454545455,0.09090909090909091,41.31818181818181,-2.2368444039558,44.54545454545455,0.09090909090909091,0.45454545454545453,0.45454545454545453,0.2,0.6,0.0,0.09090909090909091,0.2727272727272727
DNIQGITKPAIR,1325.5136,-0.525,0.0,48.475,0.7602133742301456,105.83333333333333,0.25,0.3333333333333333,0.4166666666666667,0.2727272727272727,0.2727272727272727,0.2727272727272727,0.16666666666666666,0.08333333333333333
DSGDGVSHTVPIYEGY,1695.737,-0.53125,0.125,18.71875,-3.1496702157012133,60.625,0.1875,0.625,0.1875,0.4,0.3333333333333333,0.0,0.0625,0.1875
EVVLEKSETVKDT,1476.625,-0.5846153846153845,0.0,10.269230769230772,-2.158428698413743,96.92307692307692,0.3076923076923077,0.23076923076923078,0.46153846153846156,0.08333333333333333,0.3333333333333333,0.25,0.15384615384615385,0.3076923076923077
EYLAAEVLELAGNAAR,1689.8634,0.27499999999999997,0.0625,4.06875,-2.1585604582545885,122.5,0.25,0.4375,0.3125,0.2,0.3333333333333333,0.2,0.0625,0.1875
GEHIEESR,955.9685,-1.8625,0.0,188.64999999999998,-2.1443028115364804,48.75,0.125,0.375,0.5,0.14285714285714285,0.5714285714285714,0.14285714285714285,0.25,0.375
GLLLPSFSNAPR,1271.4643999999998,0.23333333333333325,0.08333333333333334,51.03333333333334,0.7600916142893016,105.83333333333333,0.3333333333333333,0.5,0.16666666666666666,0.36363636363636365,0.2727272727272727,0.0,0.08333333333333333,0.0
GVDLIRQGWSR,1286.4393,-0.5454545454545454,0.09090909090909091,41.663636363636364,0.7612023753291453,97.27272727272728,0.36363636363636365,0.2727272727272727,0.36363636363636365,0.3,0.2,0.3,0.18181818181818182,0.09090909090909091
HAVSEGTK,827.8823,-0.8125,0.0,22.212500000000006,-0.15091273658190096,48.75,0.125,0.625,0.25,0.2857142857142857,0.42857142857142855,0.0,0.25,0.125
IGGIGTVPVGR,1025.2024999999999,0.8181818181818182,0.0,32.17272727272727,0.7600916142893016,123.63636363636365,0.36363636363636365,0.5454545454545454,0.09090909090909091,0.7,0.1,0.0,0.09090909090909091,0.0
IINVIGEPIDER,1367.5468999999998,0.1416666666666667,0.0,18.933333333333337,-2.2331667008244334,154.16666666666663,0.4166666666666667,0.16666666666666666,0.4166666666666667,0.18181818181818182,0.18181818181818182,0.2727272727272727,0.08333333333333333,0.25
ISITDFGGVGDGR,1293.3821999999998,0.10769230769230768,0.07692307692307693,6.392307692307693,-1.2376668638310093,82.3076923076923,0.3076923076923077,0.46153846153846156,0.23076923076923078,0.5,0.3333333333333333,0.08333333333333333,0.07692307692307693,0.15384615384615385
LQLWDTAGQER,1316.4189999999999,-1.009090909090909,0.09090909090909091,64.10000000000001,-1.2359771627976435,80.00000000000001,0.2727272727272727,0.2727272727272727,0.45454545454545453,0.0,0.2,0.3,0.09090909090909091,0.18181818181818182
LTDQHPEQIVTSEAKGS,1839.9537,-0.9,0.0,25.617647058823533,-2.1469815136688464,68.8235294117647,0.17647058823529413,0.47058823529411764,0.35294117647058826,0.125,0.4375,0.0625,0.11764705882352941,0.17647058823529413
SMLLTGGSASGGL,1150.3029999999999,0.7999999999999999,0.0,21.684615384615384,-0.539853540782401,97.6923076923077,0.3076923076923077,0.6923076923076923,0.0,0.25,0.0,0.0,0.0,0.0
TGLVIDSGDGVTH,1270.3455999999999,0.23846153846153847,0.0,10.984615384615388,-2.512387695499096,104.61538461538461,0.3076923076923077,0.5384615384615384,0.15384615384615385,0.25,0.25,0.08333333333333333,0.07692307692307693,0.15384615384615385
TIHSDHEGGNVSAH,1460.4648,-0.9071428571428573,0.0,14.785714285714283,-2.3363496179565564,55.71428571428571,0.14285714285714285,0.6428571428571429,0.21428571428571427,0.23076923076923078,0.38461538461538464,0.07692307692307693,0.21428571428571427,0.14285714285714285
TTGIVLDSGDGVSH,1357.4228999999998,0.16428571428571428,0.0,4.850000000000002,-2.512387695499096,97.14285714285714,0.2857142857142857,0.5714285714285714,0.14285714285714285,0.23076923076923078,0.23076923076923078,0.07692307692307693,0.07142857142857142,0.14285714285714285
VSAVNVKQEHSAS,1355.4533999999999,-0.29230769230769227,0.0,34.21538461538462,-0.17702596081605138,82.3076923076923,0.23076923076923078,0.46153846153846156,0.3076923076923077,0.16666666666666666,0.08333333333333333,0.25,0.15384615384615385,0.07692307692307693
YLAGNPHQQQQGGR,1553.6374999999998,-1.6928571428571428,0.07142857142857144,51.250000000000014,0.8462668015448875,35.0,0.07142857142857142,0.5,0.42857142857142855,0.15384615384615385,0.38461538461538464,0.0,0.14285714285714285,0.0
ASEGGHG,613.5776999999999,-0.9857142857142858,0.0,38.900000000000006,-1.114140761918116,14.285714285714285,0.0,0.8571428571428571,0.14285714285714285,0.0,0.3333333333333333,0.0,0.14285714285714285,0.14285714285714285
FVVPSGHPI,952.107,0.8999999999999999,0.1111111111111111,48.488888888888894,-0.15272419755611044,107.77777777777777,0.4444444444444444,0.5555555555555556,0.0,0.25,0.0,0.0,0.1111111111111111,0.0
GPHWPLPPF,1047.208,-0.47777777777777786,0.2222222222222222,69.8888888888889,-0.15272419755611044,43.33333333333333,0.3333333333333333,0.6666666666666666,0.0,0.625,0.0,0.0,0.1111111111111111,0.0
HWPLPPF,893.0414999999999,-0.3285714285714287,0.28571428571428575,87.00000000000001,-0.15272419755611044,55.71428571428571,0.42857142857142855,0.5714285714285714,0.0,0.8333333333333334,0.0,0.0,0.14285714285714285,0.0
PHWPLPPF,990.1567,-0.4875000000000001,0.25,77.375,0.04570305583294221,48.75,0.375,0.625,0.0,0.7142857142857143,0.0,0.0,0.125,0.0
RHASEGG,712.7121,-1.5714285714285714,0.0,81.22857142857143,-0.14992373548290128,14.285714285714285,0.0,0.7142857142857143,0.2857142857142857,0.0,0.5,0.0,0.2857142857142857,0.14285714285714285
RHASEGGHG,906.9026999999999,-1.6222222222222222,0.0,53.87777777777778,-0.06274954722831438,11.11111111111111,0.0,0.7777777777777778,0.2222222222222222,0.0,0.375,0.0,0.3333333333333333,0.1111111111111111
VPSGHPI,705.8022,0.15714285714285708,0.0,59.48571428571429,-0.17883742179026074,97.14285714285714,0.2857142857142857,0.7142857142857143,0.0,0.3333333333333333,0.0,0.0,0.14285714285714285,0.0
VVPSGHPI,804.9331999999999,0.6625,0.0,53.3,-0.17883742179026074,121.25,0.375,0.625,0.0,0.2857142857142857,0.0,0.0,0.125,0.0
AIVIL,527.697,3.7600000000000002,0.0,29.540000000000003,-0.20412541214591307,312.0,0.8,0.2,0.0,0.25,0.0,0.0,0.0,0.0
AQKIPAGT,784.9005999999999,-0.25,0.0,8.0,0.794875586855086,73.75,0.125,0.625,0.25,0.14285714285714285,0.14285714285714285,0.14285714285714285,0.125,0.0
HADAD,527.4852,-1.3199999999999998,0.0,-25.96,-2.147301774069118,40.0,0.0,0.6,0.4,0.0,0.75,0.0,0.2,0.4
ILAGPTTI,784.9403,1.4,0.0,32.825,-0.23989838581069733,158.75,0.375,0.625,0.0,0.2857142857142857,0.0,0.0,0.0,0.0
KKGVLGLA,784.9866,0.625,0.0,-1.8625000000000003,1.758103612191301,146.25,0.375,0.375,0.25,0.5714285714285714,0.14285714285714285,0.0,0.25,0.0
LLGIL,527.697,3.1,0.0,29.540000000000003,-0.23989838581069733,312.0,0.8,0.2,0.0,0.5,0.0,0.0,0.0,0.0
LLLGI,527.697,3.1,0.0,-8.98,-0.23989838581069733,312.0,0.8,0.2,0.0,0.5,0.0,0.0,0.0,0.0
LLLLG,527.697,2.96,0.0,8.0,-0.23989838581069733,312.0,0.8,0.2,0.0,0.25,0.0,0.0,0.0,0.0
PAIDL,527.611,1.0,0.0,46.52,-1.0403503714818,176.0,0.4,0.4,0.2,0.25,0.0,0.5,0.0,0.2
RAILTLV,784.9866,1.842857142857143,0.0,36.08571428571429,0.7600916142893016,222.85714285714283,0.5714285714285714,0.2857142857142857,0.14285714285714285,0.5,0.16666666666666666,0.0,0.14285714285714285,0.0
CGN,292.3121,-0.4666666666666666,0.0,-21.633333333333336,-0.24979937590970713,0.0,0.3333333333333333,0.3333333333333333,0.3333333333333333,0.5,0.5,0.0,0.0,0.0
CSGD,380.3742,-0.55,0.0,7.5,-1.2454977133625595,0.0,0.25,0.5,0.25,0.3333333333333333,0.3333333333333333,0.0,0.0,0.25
CTN,336.3647,-0.5666666666666667,0.0,65.23333333333333,-0.24979937590970713,0.0,0.3333333333333333,0.3333333333333333,0.3333333333333333,0.5,0.5,0.0,0.0,0.0
ERF,450.4888,-1.7333333333333334,0.33333333333333337,6.666666666666667,-0.1631823812020079,0.0,0.3333333333333333,0.0,0.6666666666666666,0.0,0.0,0.5,0.3333333333333333,0.3333333333333333
EYW,496.5124,-1.9000000000000001,0.6666666666666667,-27.9,-1.1641713823010078,0.0,0.3333333333333333,0.3333333333333333,0.3333333333333333,0.5,0.5,0.0,0.0,0.3333333333333333
FLQL,519.6335,1.7249999999999999,0.25,89.0,-0.23989838581069733,195.0,0.75,0.0,0.25,0.0,0.0,0.6666666666666666,0.0,0.0
LAF,349.4246,2.8000000000000003,0.33333333333333337,6.666666666666667,-0.23989838581069733,163.33333333333331,0.6666666666666666,0.3333333333333333,0.0,1.0,0.0,0.0,0.0,0.0
LAN,316.3534,0.6999999999999998,0.0,6.666666666666667,-0.23989838581069733,163.33333333333331,0.3333333333333333,0.3333333333333333,0.3333333333333333,0.5,0.5,0.0,0.0,0.0
MMGW,523.6685,0.625,0.25,31.150000000000002,-0.4996453124586552,0.0,0.75,0.25,0.0,0.6666666666666666,0.0,0.0,0.0,0.0
QFAAD,550.5615,-0.12000000000000002,0.2,-24.060000000000002,-1.2355967232635496,40.0,0.2,0.4,0.4,0.25,0.25,0.25,0.0,0.2
QFAW,550.6061000000001,0.04999999999999996,0.5,-11.35,-0.23989838581069733,25.0,0.5,0.25,0.25,0.6666666666666666,0.0,0.3333333333333333,0.0,0.0
ALP,299.366,1.3333333333333333,0.0,70.86666666666667,-0.20412541214591307,163.33333333333331,0.3333333333333333,0.6666666666666666,0.0,1.0,0.0,0.0,0.0,0.0
PQIPEQF,857.9495,-0.9142857142857144,0.14285714285714288,73.54285714285716,-1.0386606704484347,55.71428571428571,0.2857142857142857,0.2857142857142857,0.42857142857142855,0.16666666666666666,0.3333333333333333,0.3333333333333333,0.0,0.14285714285714285
YNILSGFDTEL,1271.3716,0.10909090909090903,0.18181818181818182,81.60909090909091,-2.2369661638966436,106.36363636363636,0.36363636363636365,0.36363636363636365,0.2727272727272727,0.2,0.3,0.3,0.0,0.18181818181818182
SMRKPPG,771.9282999999999,-1.5571428571428572,0.0,14.542857142857144,1.4591374583185974,0.0,0.14285714285714285,0.5714285714285714,0.2857142857142857,0.16666666666666666,0.16666666666666666,0.16666666666666666,0.2857142857142857,0.0
ADASVLPK,799.9119000000001,0.225,0.0,22.212500000000006,-0.20400365220506944,110.0,0.25,0.5,0.25,0.2857142857142857,0.42857142857142855,0.0,0.125,0.125
AQK,345.3947,-1.8666666666666665,0.0,6.666666666666667,0.794875586855086,33.33333333333333,0.0,0.3333333333333333,0.6666666666666666,0.0,0.5,0.0,0.3333333333333333,0.0
FDK,408.4488,-1.5333333333333332,0.33333333333333337,19.5,-0.2397766258698535,0.0,0.3333333333333333,0.0,0.6666666666666666,0.0,0.0,0.5,0.3333333333333333,0.3333333333333333
YIEAVNKVSPRAGQF,1678.8853,-0.24666666666666665,0.13333333333333333,67.99333333333333,0.7609040742645101,78.0,0.26666666666666666,0.4,0.3333333333333333,0.21428571428571427,0.2857142857142857,0.2857142857142857,0.13333333333333333,0.06666666666666667
FDYDPR,811.838,-1.9333333333333333,0.33333333333333337,55.8,-1.2386658648300104,0.0,0.16666666666666666,0.3333333333333333,0.5,0.0,0.8,0.2,0.16666666666666666,0.3333333333333333
IPIQY,632.7481,0.5199999999999999,0.2,-12.84,-0.2408973868096983,156.0,0.4,0.4,0.2,0.5,0.25,0.25,0.0,0.0
KVL,358.4762,1.3666666666666665,0.0,-21.633333333333336,0.7591026131903019,226.66666666666663,0.6666666666666666,0.0,0.3333333333333333,0.0,0.0,0.5,0.3333333333333333,0.0
GLDIQK,672.7706999999999,-0.5,0.0,8.333333333333334,-0.2397766258698535,129.99999999999997,0.3333333333333333,0.16666666666666666,0.5,0.2,0.0,0.6,0.16666666666666666,0.16666666666666666
DLE,375.3743,-1.0666666666666667,0.0,6.666666666666667,-2.2307298831301527,129.99999999999997,0.3333333333333333,0.0,0.6666666666666666,0.0,0.0,1.0,0.0,0.6666666666666666
LNE,374.3895,-1.0666666666666667,0.0,6.666666666666667,-1.231850644069997,129.99999999999997,0.3333333333333333,0.0,0.6666666666666666,0.0,0.0,0.5,0.0,0.3333333333333333
AELQVVDHLGQTV,1408.5557,0.2846153846153846,0.0,16.946153846153848,-2.1130200009782714,134.6153846153846,0.38461538461538464,0.3076923076923077,0.3076923076923077,0.25,0.3333333333333333,0.3333333333333333,0.07692307692307693,0.15384615384615385
GDL,303.3116,-0.0333333333333334,0.0,6.666666666666667,-1.2387776248708526,129.99999999999997,0.3333333333333333,0.3333333333333333,0.3333333333333333,0.0,0.5,0.5,0.0,0.3333333333333333
LLAPPER,794.9385,-0.25714285714285723,0.0,88.42857142857144,-0.23709792373748817,125.7142857142857,0.2857142857142857,0.42857142857142855,0.2857142857142857,0.16666666666666666,0.16666666666666666,0.0,0.14285714285714285,0.14285714285714285
PAV,285.3394,1.4666666666666668,0.0,70.86666666666667,-0.041471132421644796,129.99999999999997,0.3333333333333333,0.6666666666666666,0.0,0.5,0.0,0.0,0.0,0.0
VLDTGLAGA,815.9112,1.1555555555555557,0.0,-26.677777777777777,-1.264890849105003,141.1111111111111,0.3333333333333333,0.5555555555555556,0.1111111111111111,0.25,0.125,0.125,0.0,0.1111111111111111
LVSGM,505.62850000000003,1.7399999999999998,0.0,8.0,-0.23989838581069733,136.0,0.6,0.4,0.0,0.5,0.0,0.0,0.0,0.0
QLE,388.4161,-1.0666666666666667,0.0,6.666666666666667,-1.231850644069997,129.99999999999997,0.3333333333333333,0.0,0.6666666666666666,0.0,0.0,1.0,0.0,0.3333333333333333
VFD,379.40749999999997,1.1666666666666667,0.33333333333333337,47.800000000000004,-1.2617099474976998,96.66666666666664,0.6666666666666666,0.0,0.3333333333333333,0.0,0.0,0.5,0.0,0.3333333333333333
PEV,343.3755,-0.3,0.0,64.6,-1.0386606704484347,96.66666666666664,0.3333333333333333,0.3333333333333333,0.3333333333333333,0.0,0.5,0.5,0.0,0.3333333333333333
AEFAES,652.6501999999999,-0.23333333333333336,0.16666666666666669,40.43333333333334,-2.1985044881994926,33.33333333333333,0.16666666666666666,0.5,0.3333333333333333,0.2,0.6,0.2,0.0,0.3333333333333333
TKI,360.4491,-0.03333333333333329,0.0,-21.633333333333336,0.39719759336762717,129.99999999999997,0.3333333333333333,0.3333333333333333,0.3333333333333333,0.0,0.5,0.5,0.3333333333333333,0.0
PEG,301.2958,-1.8333333333333333,0.0,64.6,-1.0386606704484347,0.0,0.0,0.6666666666666666,0.3333333333333333,0.0,1.0,0.0,0.0,0.3333333333333333
ESIINF,721.7982,0.6666666666666666,0.16666666666666669,15.383333333333338,-1.1631723813020067,129.99999999999997,0.5,0.16666666666666666,0.3333333333333333,0.2,0.2,0.4,0.0,0.16666666666666666
EFFDVSNEQ,1114.1184,-0.9444444444444444,0.2222222222222222,44.0,-3.159241158388952,32.22222222222222,0.3333333333333333,0.1111111111111111,0.5555555555555556,0.125,0.125,0.375,0.0,0.3333333333333333
GAQ,274.2737,-0.7000000000000001,0.0,-21.633333333333336,-0.23989838581069733,33.33333333333333,0.0,0.6666666666666666,0.3333333333333333,0.0,0.5,0.0,0.0,0.0
VTQ,346.3794,7.401486830834377e-17,0.0,-46.76666666666667,-0.26601161004484764,96.66666666666664,0.3333333333333333,0.3333333333333333,0.3333333333333333,0.5,0.5,0.0,0.0,0.0
VLPIPQ,665.8211,0.9666666666666667,0.0,67.73333333333333,-0.26601161004484764,178.3333333333333,0.5,0.3333333333333333,0.16666666666666666,0.6,0.2,0.0,0.0,0.0
ILL,357.4881,4.033333333333333,0.0,70.86666666666667,-0.23989838581069733,389.99999999999994,1.0,0.0,0.0,0.0,0.0,0.0,0.0,0.0
QAL,330.38,0.6999999999999998,0.0,6.666666666666667,-0.23989838581069733,163.33333333333331,0.3333333333333333,0.3333333333333333,0.3333333333333333,0.5,0.5,0.0,0.0,0.0
AEP,315.3224,-1.0999999999999999,0.0,70.86666666666667,-1.2013149501727027,33.33333333333333,0.0,0.6666666666666666,0.3333333333333333,0.0,1.0,0.0,0.0,0.3333333333333333
YSK,396.4381,-2.0,0.33333333333333337,6.666666666666667,0.758103612191301,0.0,0.0,0.6666666666666666,0.3333333333333333,0.0,0.5,0.0,0.3333333333333333,0.0
VGPLSPT,669.7668,0.41428571428571426,0.0,59.21428571428571,-0.26601161004484764,97.14285714285714,0.2857142857142857,0.7142857142857143,0.0,0.5,0.0,0.0,0.0,0.0
GEPGPPGPPGPPGPPG,1363.4739,-1.26875,0.0,64.85000000000001,-1.2370879238374872,0.0,0.0,0.9375,0.0625,0.0,0.13333333333333333,0.0,0.0,0.0625
VQVTSTAV,803.9005,1.0875000000000001,0.0,-11.287500000000001,-0.26601161004484764,121.25,0.375,0.5,0.125,0.2857142857142857,0.0,0.2857142857142857,0.0,0.0
VVVVPH,648.7937999999999,2.0,0.0,40.43333333333334,-0.17883742179026074,193.3333333333333,0.6666666666666666,0.3333333333333333,0.0,0.2,0.0,0.0,0.16666666666666666,0.0
MPVHTDAD,884.9533999999999,-0.575,0.0,67.7125,-2.407048700717076,48.75,0.25,0.5,0.25,0.42857142857142855,0.42857142857142855,0.0,0.125,0.25
QVVRSDQGSVR,1230.3314,-0.8090909090909091,0.0,42.18181818181818,0.7612023753291453,79.09090909090908,0.2727272727272727,0.2727272727272727,0.45454545454545453,0.1,0.3,0.3,0.18181818181818182,0.09090909090909091
TAAIVNTA,759.848,1.1500000000000001,0.0,-12.475000000000001,-0.6018034056333719,122.5,0.25,0.625,0.125,0.14285714285714285,0.14285714285714285,0.14285714285714285,0.0,0.0
PTP,313.3496,-1.3,0.0,6.666666666666667,-0.041471132421644796,0.0,0.0,1.0,0.0,0.0,0.0,0.0,0.0,0.0
DDLPR,614.6486,-1.86,0.0,31.440000000000005,-1.2376668638310093,78.0,0.2,0.2,0.6,0.25,0.25,0.25,0.2,0.4
KAL,330.42310000000003,0.5666666666666667,0.0,6.666666666666667,0.7591026131903019,163.33333333333331,0.3333333333333333,0.3333333333333333,0.3333333333333333,0.5,0.5,0.0,0.3333333333333333,0.0
VLV,329.4349,4.066666666666666,0.0,6.666666666666667,-0.26601161004484764,323.33333333333326,1.0,0.0,0.0,0.0,0.0,0.0,0.0,0.0
FFNPVH,759.851,0.24999999999999992,0.33333333333333337,35.63333333333334,-0.15272419755611044,48.33333333333332,0.5,0.3333333333333333,0.16666666666666666,0.4,0.2,0.2,0.16666666666666666,0.0
VLNSNAAPLPN,1109.2328,0.08181818181818179,0.0,44.10909090909091,-0.26601161004484764,115.45454545454547,0.2727272727272727,0.45454545454545453,0.2727272727272727,0.2,0.4,0.1,0.0,0.0
ENG,318.2832,-2.466666666666667,0.0,-43.43333333333333,-1.1631723813020067,0.0,0.0,0.3333333333333333,0.6666666666666666,0.0,0.5,0.0,0.0,0.3333333333333333
KKI,387.5175,-1.0999999999999999,0.0,-21.633333333333336,1.758103612191301,129.99999999999997,0.3333333333333333,0.0,0.6666666666666666,0.0,0.0,0.5,0.6666666666666666,0.0
RVY,436.5052,-0.5333333333333333,0.33333333333333337,-18.46666666666667,0.7590926132903006,96.66666666666664,0.3333333333333333,0.3333333333333333,0.3333333333333333,0.5,0.0,0.5,0.3333333333333333,0.0
HVIKPPSRA,1004.1868,-0.5666666666666667,0.0,55.27777777777778,1.8462668015448882,86.66666666666666,0.2222222222222222,0.5555555555555556,0.2222222222222222,0.125,0.375,0.125,0.3333333333333333,0.0
DAQ,332.3098,-1.7333333333333334,0.0,6.666666666666667,-1.2387776248708526,33.33333333333333,0.0,0.3333333333333333,0.6666666666666666,0.0,1.0,0.0,0.0,0.3333333333333333
LKKISQ,715.8816,-0.6333333333333333,0.0,12.133333333333336,1.758103612191301,129.99999999999997,0.3333333333333333,0.16666666666666666,0.5,0.2,0.2,0.4,0.3333333333333333,0.0
SLA,289.3281,1.5999999999999999,0.0,6.666666666666667,-0.539853540782401,163.33333333333331,0.3333333333333333,0.6666666666666666,0.0,1.0,0.0,0.0,0.0,0.0
ALA,273.32869999999997,2.466666666666667,0.0,6.666666666666667,-0.20412541214591307,196.66666666666663,0.3333333333333333,0.6666666666666666,0.0,1.0,0.0,0.0,0.0,0.0
AEK,346.3795,-1.8666666666666665,0.0,6.666666666666667,-0.2023139511717038,33.33333333333333,0.0,0.3333333333333333,0.6666666666666666,0.0,0.5,0.0,0.3333333333333333,0.3333333333333333
DSAI,404.4155,0.5,0.0,55.650000000000006,-1.2387776248708526,122.5,0.25,0.5,0.25,0.3333333333333333,0.3333333333333333,0.0,0.0,0.25
VLSTSFPPK,975.1389000000001,0.15555555555555553,0.1111111111111111,51.6888888888889,0.7329893889561515,75.55555555555554,0.3333333333333333,0.5555555555555556,0.1111111111111111,0.375,0.125,0.0,0.1111111111111111,0.0
SSGFTY,660.6721,-0.20000000000000004,0.33333333333333337,40.43333333333334,-0.540852541781402,0.0,0.16666666666666666,0.8333333333333334,0.0,0.4,0.0,0.0,0.0,0.0
RTP,372.4201,-2.2666666666666666,0.0,6.666666666666667,0.7600916142893016,0.0,0.0,0.6666666666666666,0.3333333333333333,0.0,0.5,0.0,0.3333333333333333,0.0
RPSYT,622.6706,-1.78,0.2,68.06,0.7590926132903006,0.0,0.0,0.8,0.2,0.0,0.25,0.0,0.2,0.0
DPAQPNYPWTAVLVFRH,2011.2413000000001,-0.4294117647058824,0.17647058823529413,40.1235294117647,-0.15261243751526798,68.8235294117647,0.29411764705882354,0.47058823529411764,0.23529411764705882,0.1875,0.375,0.0625,0.11764705882352941,0.058823529411764705
PTQ,344.3636,-1.9333333333333333,0.0,-18.46666666666667,-0.041471132421644796,0.0,0.0,0.6666666666666666,0.3333333333333333,0.0,0.5,0.0,0.0,0.0
TFD,381.3804,-0.46666666666666673,0.33333333333333337,88.93333333333334,-1.5975017430862242,0.0,0.3333333333333333,0.3333333333333333,0.3333333333333333,0.5,0.0,0.5,0.0,0.3333333333333333
PPHMLP,690.8538,-0.38333333333333347,0.0,72.53333333333335,0.04570305583294221,64.99999999999999,0.3333333333333333,0.6666666666666666,0.0,0.4,0.0,0.0,0.16666666666666666,0.0
YKK,437.53310000000005,-3.033333333333333,0.33333333333333337,6.666666666666667,1.7571046111922999,0.0,0.0,0.3333333333333333,0.6666666666666666,0.0,0.5,0.0,0.6666666666666666,0.0
VTGRFAGHPAAQ,1211.3297,-0.15833333333333335,0.08333333333333334,8.66666666666667,0.8211525783097381,49.16666666666666,0.16666666666666666,0.6666666666666666,0.16666666666666666,0.18181818181818182,0.18181818181818182,0.09090909090909091,0.16666666666666666,0.0
RLS,374.4359,-0.5000000000000001,0.0,6.666666666666667,0.7600916142893016,129.99999999999997,0.3333333333333333,0.3333333333333333,0.3333333333333333,0.5,0.0,0.5,0.3333333333333333,0.0
PLPPHMLP,901.1266,-0.012500000000000122,0.0,80.975,0.04570305583294221,97.5,0.375,0.625,0.0,0.5714285714285714,0.0,0.0,0.125,0.0
KIP,356.4604,-0.3333333333333333,0.0,-31.233333333333338,0.7591026131903019,129.99999999999997,0.3333333333333333,0.3333333333333333,0.3333333333333333,0.5,0.0,0.5,0.3333333333333333,0.0
LLNPT,556.6522,0.35999999999999993,0.0,2.24,-0.23989838581069733,156.0,0.4,0.4,0.2,0.0,0.25,0.25,0.0,0.0
TPSPR,556.6126,-1.8399999999999999,0.0,119.32000000000001,0.3981865944666271,0.0,0.0,0.8,0.2,0.0,0.25,0.0,0.2,0.0
IVF,377.47769999999997,3.8333333333333335,0.33333333333333337,-21.633333333333336,-0.23989838581069733,226.66666666666663,1.0,0.0,0.0,0.0,0.0,0.0,0.0,0.0
MSEGSGAADVEGPS,1293.3145,-0.42857142857142855,0.0,56.057142857142864,-3.49290362757239,35.0,0.14285714285714285,0.6428571428571429,0.21428571428571427,0.07692307692307693,0.3076923076923077,0.15384615384615385,0.0,0.21428571428571427
VEIPHD,708.7597999999999,-0.5166666666666667,0.0,35.63333333333334,-2.171725297269903,113.33333333333331,0.3333333333333333,0.3333333333333333,0.3333333333333333,0.2,0.2,0.4,0.16666666666666666,0.3333333333333333
QIGLF,576.6848,1.44,0.2,8.0,-0.23989838581069733,156.0,0.6,0.2,0.2,0.5,0.0,0.25,0.0,0.0
GASRHWYFL,1136.2613,-0.30000000000000004,0.3333333333333333,39.05555555555556,0.8462668015448875,54.44444444444444,0.3333333333333333,0.5555555555555556,0.1111111111111111,0.375,0.25,0.0,0.2222222222222222,0.0
EVR,402.44599999999997,-1.2666666666666666,0.0,6.666666666666667,-0.1631823812020079,96.66666666666664,0.3333333333333333,0.0,0.6666666666666666,0.0,0.0,1.0,0.3333333333333333,0.3333333333333333
LAL,315.4084,3.1333333333333333,0.0,6.666666666666667,-0.23989838581069733,293.33333333333326,0.6666666666666666,0.3333333333333333,0.0,1.0,0.0,0.0,0.0,0.0
GAA,217.2224,1.0666666666666667,0.0,-21.633333333333336,-0.23989838581069733,66.66666666666666,0.0,1.0,0.0,0.0,0.0,0.0,0.0,0.0
VCDADPSSPVPEA,1286.365,-0.1846153846153846,0.0,123.94615384615385,-3.2708606162909586,60.0,0.23076923076923078,0.5384615384615384,0.23076923076923078,0.16666666666666666,0.4166666666666667,0.08333333333333333,0.0,0.23076923076923078
DTGSDKKQL,991.0540000000001,-1.822222222222222,0.0,-0.41111111111110826,-0.23965486592901009,43.33333333333333,0.1111111111111111,0.3333333333333333,0.5555555555555556,0.0,0.25,0.125,0.2222222222222222,0.2222222222222222
YPYY,604.6501000000001,-1.375,0.75,69.2,-0.24289538880770023,0.0,0.0,1.0,0.0,0.0,0.0,0.0,0.0,0.0
YVHPFHL,912.0446999999999,0.2142857142857142,0.28571428571428575,31.971428571428575,-0.0665490103005244,97.14285714285714,0.42857142857142855,0.5714285714285714,0.0,0.8333333333333334,0.0,0.0,0.2857142857142857,0.0
AMA,291.3671,1.8333333333333333,0.0,47.800000000000004,-0.20412541214591307,66.66666666666666,0.3333333333333333,0.6666666666666666,0.0,1.0,0.0,0.0,0.0,0.0
GPAGDY,578.5716,-0.9,0.16666666666666669,40.43333333333334,-1.2397766258698537,16.666666666666664,0.0,0.8333333333333334,0.16666666666666666,0.0,0.4,0.0,0.0,0.16666666666666666
HPHPHLSF,971.0723,-0.8750000000000001,0.125,1.5500000000000003,0.021624178953063455,48.75,0.25,0.75,0.0,0.42857142857142855,0.0,0.0,0.375,0.0
LDI,359.4179,1.5999999999999999,0.0,6.666666666666667,-1.2387776248708526,259.99999999999994,0.6666666666666666,0.0,0.3333333333333333,0.0,0.0,1.0,0.0,0.3333333333333333
YGL,351.3974,0.6999999999999998,0.33333333333333337,-21.633333333333336,-0.2408973868096983,129.99999999999997,0.3333333333333333,0.6666666666666666,0.0,0.5,0.0,0.0,0.0,0.0
VSLPEW,729.8203,0.19999999999999996,0.16666666666666669,44.35,-1.2632011480716374,113.33333333333331,0.5,0.3333333333333333,0.16666666666666666,0.6,0.2,0.2,0.0,0.16666666666666666
QNIFSGFSTELLS,1442.5685999999998,0.28461538461538455,0.15384615384615385,57.846153846153854,-1.2370879238374872,90.0,0.38461538461538464,0.38461538461538464,0.23076923076923078,0.3333333333333333,0.08333333333333333,0.16666666666666666,0.0,0.07692307692307693
LRV,386.4896,1.1666666666666667,0.0,70.86666666666667,0.7600916142893016,226.66666666666663,0.6666666666666666,0.0,0.3333333333333333,0.0,0.0,1.0,0.3333333333333333,0.0
AAAAAGGGEGEG,916.8892999999998,9.25185853854297e-18,0.0,17.166666666666668,-2.1985044881994926,41.66666666666667,0.0,0.8333333333333334,0.16666666666666666,0.0,0.36363636363636365,0.0,0.0,0.16666666666666666
VLEESKGAPKPN,1268.416,-1.075,0.0,48.0,-0.2623886880964288,64.99999999999999,0.16666666666666666,0.4166666666666667,0.4166666666666667,0.0,0.5454545454545454,0.09090909090909091,0.16666666666666666,0.16666666666666666
ALGGA,387.43129999999996,1.3199999999999998,0.0,15.7,-0.20412541214591307,118.0,0.2,0.8,0.0,0.5,0.0,0.0,0.0,0.0
EGD,319.268,-2.466666666666667,0.0,6.666666666666667,-2.158870718754859,0.0,0.0,0.3333333333333333,0.6666666666666666,0.0,1.0,0.0,0.0,0.6666666666666666
LPYPY,651.7497,-0.4000000000000001,0.4,71.2,-0.24189638780869938,78.0,0.2,0.8,0.0,0.25,0.0,0.0,0.0,0.0
EQEEEESTGRMK,1452.501,-2.4499999999999997,0.0,131.74166666666665,-3.152939534308168,0.0,0.08333333333333333,0.25,0.6666666666666666,0.0,0.18181818181818182,0.18181818181818182,0.16666666666666666,0.4166666666666667
TNGIIR,672.774,-0.016666666666666663,0.0,-55.916666666666664,0.3981865944666271,129.99999999999997,0.3333333333333333,0.3333333333333333,0.3333333333333333,0.2,0.4,0.2,0.16666666666666666,0.0
NMAVPDALAGPL,1168.3628999999999,0.7083333333333334,0.0,29.21666666666667,-1.2387776248708526,114.16666666666664,0.3333333333333333,0.5,0.16666666666666666,0.5454545454545454,0.18181818181818182,0.09090909090909091,0.0,0.08333333333333333
YGGVSLPEW,1007.0961,-0.10000000000000003,0.2222222222222222,37.17777777777777,-1.2380869248364883,75.55555555555554,0.3333333333333333,0.5555555555555556,0.1111111111111111,0.5,0.125,0.125,0.0,0.1111111111111111
AGCGCEAMFAGA,1087.2504,1.0166666666666666,0.08333333333333334,2.091666666666667,-1.2211169303707226,33.33333333333333,0.3333333333333333,0.5833333333333334,0.08333333333333333,0.45454545454545453,0.09090909090909091,0.09090909090909091,0.0,0.08333333333333333
HNAVDSQIAGKA,1210.2969999999998,-0.39166666666666666,0.0,41.4,-0.1526024376152666,81.66666666666666,0.16666666666666666,0.5,0.3333333333333333,0.18181818181818182,0.5454545454545454,0.18181818181818182,0.16666666666666666,0.08333333333333333
EFFDVSNELFQ,1374.4497999999999,-0.17272727272727278,0.2727272727272727,20.30909090909091,-3.159241158388952,61.81818181818183,0.45454545454545453,0.09090909090909091,0.45454545454545453,0.1,0.1,0.5,0.0,0.2727272727272727
YEGS,454.43109999999996,-1.5,0.25,-11.35,-1.2380869248364883,0.0,0.0,0.75,0.25,0.0,0.6666666666666666,0.0,0.0,0.25
CAGVSAIR,775.9168999999999,1.1375,0.0,8.75,0.7501906241902918,110.0,0.375,0.5,0.125,0.5714285714285714,0.0,0.14285714285714285,0.125,0.0
IVQNNDSTEYG,1239.2454,-1.0909090909090908,0.09090909090909091,28.672727272727272,-2.2369661638966436,61.81818181818183,0.18181818181818182,0.36363636363636365,0.45454545454545453,0.0,0.3,0.1,0.0,0.18181818181818182
ELK,388.4592,-1.2,0.0,-21.633333333333336,-0.1641713823010078,129.99999999999997,0.3333333333333333,0.0,0.6666666666666666,0.0,0.0,1.0,0.3333333333333333,0.3333333333333333
SAP,273.2857,-0.20000000000000004,0.0,70.86666666666667,-0.539853540782401,33.33333333333333,0.0,1.0,0.0,0.0,0.0,0.0,0.0,0.0
SPYCYG,688.7484,-0.4833333333333334,0.33333333333333337,67.41666666666666,-0.5517525328794127,0.0,0.16666666666666666,0.8333333333333334,0.0,0.4,0.0,0.0,0.0,0.0
RDILNQ,757.8353999999999,-1.1166666666666667,0.0,27.86666666666667,-0.2387876247708538,129.99999999999997,0.3333333333333333,0.0,0.6666666666666666,0.0,0.0,0.4,0.16666666666666666,0.16666666666666666
VRT,374.4359,-0.33333333333333326,0.0,6.666666666666667,0.7339783900551512,96.66666666666664,0.3333333333333333,0.3333333333333333,0.3333333333333333,0.0,0.5,0.5,0.3333333333333333,0.0
KEFLLAGNNNRA,1346.4912,-0.7333333333333334,0.08333333333333334,2.091666666666667,0.7619030752635112,81.66666666666666,0.25,0.25,0.5,0.09090909090909091,0.18181818181818182,0.09090909090909091,0.16666666666666666,0.08333333333333333
YINQMPQKSREA,1464.6454999999999,-1.4916666666666665,0.08333333333333334,71.60000000000001,0.7609040742645101,40.83333333333333,0.16666666666666666,0.3333333333333333,0.5,0.18181818181818182,0.36363636363636365,0.18181818181818182,0.16666666666666666,0.08333333333333333
FDGEVK,693.7451,-0.7166666666666667,0.16666666666666669,11.533333333333335,-1.2369661638966432,48.33333333333332,0.3333333333333333,0.16666666666666666,0.5,0.0,0.4,0.6,0.16666666666666666,0.3333333333333333
TVFDGELR,936.02,-0.22500000000000003,0.125,38.825,-1.597882182620318,85.0,0.375,0.25,0.375,0.14285714285714285,0.2857142857142857,0.42857142857142855,0.125,0.25
DKLDLSDLAHEY,1418.5042999999998,-0.8333333333333334,0.08333333333333334,-12.058333333333334,-3.148549454761368,105.83333333333333,0.25,0.3333333333333333,0.4166666666666667,0.18181818181818182,0.2727272727272727,0.36363636363636365,0.16666666666666666,0.3333333333333333
RWAEK,688.7751,-2.2,0.2,92.5,0.7619030752635112,20.0,0.2,0.2,0.6,0.25,0.25,0.25,0.4,0.2
AAVKKMYDIQAKK,1493.8126,-0.6076923076923076,0.07692307692307693,68.52307692307693,2.792000343798927,75.38461538461539,0.23076923076923078,0.3076923076923077,0.46153846153846156,0.16666666666666666,0.25,0.3333333333333333,0.3076923076923077,0.07692307692307693
LDYE,538.5475,-1.125,0.25,-11.35,-2.231728884129154,97.5,0.25,0.25,0.5,0.0,0.6666666666666666,0.3333333333333333,0.0,0.5
FDTADLPSGKGYL,1383.5014999999999,-0.30000000000000004,0.15384615384615385,10.669230769230769,-1.23965486592901,67.6923076923077,0.23076923076923078,0.5384615384615384,0.23076923076923078,0.16666666666666666,0.3333333333333333,0.16666666666666666,0.07692307692307693,0.15384615384615385
LEI,373.4445,1.5999999999999999,0.0,70.86666666666667,-1.2370879238374872,259.99999999999994,0.6666666666666666,0.0,0.3333333333333333,0.0,0.0,1.0,0.0,0.3333333333333333
VPLSPT,612.7155,0.5499999999999999,0.0,113.66666666666667,-0.26601161004484764,113.33333333333331,0.3333333333333333,0.6666666666666666,0.0,0.6,0.0,0.0,0.0,0.0
GGRLDSGKQPPRQ,1395.524,-1.9076923076923078,0.0,83.83846153846154,1.7602033743301446,30.0,0.07692307692307693,0.46153846153846156,0.46153846153846156,0.0,0.4166666666666667,0.16666666666666666,0.23076923076923078,0.07692307692307693
DTD,349.29400000000004,-2.566666666666667,0.0,-43.43333333333333,-2.234475962323705,0.0,0.0,0.3333333333333333,0.6666666666666666,0.0,1.0,0.0,0.0,0.6666666666666666
LDT,347.36420000000004,-0.1333333333333334,0.0,-43.43333333333333,-1.2387776248708526,129.99999999999997,0.3333333333333333,0.3333333333333333,0.3333333333333333,0.0,0.5,0.5,0.0,0.3333333333333333
CLL,347.4734,3.3666666666666667,0.0,70.86666666666667,-0.24979937590970713,259.99999999999994,1.0,0.0,0.0,0.0,0.0,0.0,0.0,0.0
GEQQQQPGMTR,1259.3495,-2.109090909090909,0.0,87.16363636363639,-0.23709792373748817,0.0,0.09090909090909091,0.36363636363636365,0.5454545454545454,0.2,0.3,0.0,0.09090909090909091,0.09090909090909091
YPSPV,561.6272,-0.22000000000000003,0.2,197.6,-0.2408973868096983,58.0,0.2,0.8,0.0,0.25,0.0,0.0,0.0,0.0
NVNYVELLVAPNVDL,1671.8876,0.64,0.06666666666666667,12.153333333333336,-2.2369661638966436,162.0,0.4666666666666667,0.2,0.3333333333333333,0.14285714285714285,0.14285714285714285,0.5,0.0,0.13333333333333333
NPT,330.337,-1.9333333333333333,0.0,-2.933333333333333,-0.23989838581069733,0.0,0.0,0.6666666666666666,0.3333333333333333,0.0,0.5,0.0,0.0,0.0
LQGMP,544.6646,0.039999999999999925,0.0,161.07999999999998,-0.23989838581069733,78.0,0.4,0.4,0.2,0.5,0.25,0.25,0.0,0.0
YQKF,584.6638,-1.475,0.5,7.5,0.758103612191301,0.0,0.25,0.25,0.5,0.0,0.3333333333333333,0.3333333333333333,0.25,0.0
ALE,331.3648,0.6999999999999998,0.0,6.666666666666667,-1.196077670405213,163.33333333333331,0.3333333333333333,0.3333333333333333,0.3333333333333333,0.5,0.0,0.5,0.0,0.3333333333333333
ISL,331.4078,2.5,0.0,6.666666666666667,-0.23989838581069733,259.99999999999994,0.6666666666666666,0.3333333333333333,0.0,1.0,0.0,0.0,0.0,0.0
FLDALLKTVDCN,1351.5673,0.6333333333333333,0.08333333333333334,-10.433333333333334,-1.248556855029019,130.0,0.5,0.16666666666666666,0.3333333333333333,0.18181818181818182,0.18181818181818182,0.45454545454545453,0.08333333333333333,0.16666666666666666
EQS,362.3358,-2.6,0.0,217.33333333333334,-1.1631723813020067,0.0,0.0,0.3333333333333333,0.6666666666666666,0.0,0.5,0.0,0.0,0.3333333333333333
EIL,373.4445,1.5999999999999999,0.0,135.0666666666667,-1.1631723813020067,259.99999999999994,0.6666666666666666,0.0,0.3333333333333333,0.0,0.0,0.5,0.0,0.3333333333333333
YVNDAATLLPR,1232.3853,0.027272727272727258,0.09090909090909091,19.745454545454546,-0.23978662576985488,115.45454545454547,0.2727272727272727,0.45454545454545453,0.2727272727272727,0.3,0.2,0.1,0.09090909090909091,0.09090909090909091
MCYPAST,771.9017,0.2571428571428571,0.14285714285714288,53.714285714285715,-0.510545303556666,14.285714285714285,0.2857142857142857,0.7142857142857143,0.0,0.16666666666666666,0.0,0.0,0.0,0.0
TPE,345.3484,-1.9333333333333333,0.0,64.6,-1.5937556638926718,0.0,0.0,0.6666666666666666,0.3333333333333333,0.0,0.5,0.0,0.0,0.3333333333333333
LLF,391.5043,3.4666666666666663,0.33333333333333337,6.666666666666667,-0.23989838581069733,259.99999999999994,1.0,0.0,0.0,0.0,0.0,0.0,0.0,0.0
HAEIN,582.6066999999999,-0.78,0.0,46.52,-1.1499137355829,98.0,0.2,0.4,0.4,0.0,0.25,0.5,0.2,0.2
CGA,249.2874,1.3,0.0,-21.633333333333336,-0.24979937590970713,33.33333333333333,0.3333333333333333,0.6666666666666666,0.0,0.5,0.0,0.0,0.0,0.0
KVA,316.3965,0.7000000000000002,0.0,-21.633333333333336,0.7591026131903019,129.99999999999997,0.3333333333333333,0.3333333333333333,0.3333333333333333,0.5,0.0,0.5,0.3333333333333333,0.0
NMGPLLPQ,869.04,-0.13750000000000007,0.0,56.900000000000006,-0.23989838581069733,97.5,0.375,0.375,0.25,0.42857142857142855,0.14285714285714285,0.14285714285714285,0.0,0.0
SPFLQSAAFQLRN,1478.6504,-0.10769230769230775,0.15384615384615385,141.03076923076924,0.46013645931759795,75.38461538461539,0.3076923076923077,0.38461538461538464,0.3076923076923077,0.16666666666666666,0.08333333333333333,0.3333333333333333,0.07692307692307693,0.0
QKV,373.4478,-1.0666666666666667,0.0,-21.633333333333336,0.7591026131903019,96.66666666666664,0.3333333333333333,0.0,0.6666666666666666,0.0,0.0,0.5,0.3333333333333333,0.0
LDA,317.3382,0.6999999999999998,0.0,6.666666666666667,-1.2387776248708526,163.33333333333331,0.3333333333333333,0.3333333333333333,0.3333333333333333,0.0,0.5,0.5,0.0,0.3333333333333333
MDATALHYENQK,1420.5466,-1.1500000000000001,0.08333333333333334,33.21666666666667,-1.4105379032890153,49.16666666666666,0.16666666666666666,0.4166666666666667,0.4166666666666667,0.18181818181818182,0.18181818181818182,0.09090909090909091,0.16666666666666666,0.16666666666666666
GDRFQDQHQ,1130.1278,-2.533333333333333,0.1111111111111111,21.911111111111115,-1.1504926755764224,0.0,0.1111111111111111,0.2222222222222222,0.6666666666666666,0.0,0.375,0.25,0.2222222222222222,0.2222222222222222
VVYFDQTQAQA,1269.359,-0.10909090909090907,0.18181818181818182,6.6000000000000005,-1.2658898501040041,70.90909090909092,0.2727272727272727,0.36363636363636365,0.36363636363636365,0.2,0.5,0.1,0.0,0.09090909090909091
VVALALI,697.9059,3.442857142857143,0.0,8.571428571428571,-0.26601161004484764,278.57142857142856,0.7142857142857143,0.2857142857142857,0.0,0.6666666666666666,0.0,0.0,0.0,0.0
SVPQPK,654.7555,-1.2,0.0,104.63333333333334,0.45914745821859826,48.33333333333332,0.16666666666666666,0.5,0.3333333333333333,0.4,0.6,0.0,0.16666666666666666,0.0
ALPMHIR,837.0446,0.3857142857142856,0.0,169.9142857142857,0.8830387762086728,125.7142857142857,0.42857142857142855,0.42857142857142855,0.14285714285714285,0.8333333333333334,0.0,0.16666666666666666,0.2857142857142857,0.0
VLPVP,523.6653,1.8,0.0,123.56,-0.26601161004484764,194.0,0.6,0.4,0.0,0.75,0.0,0.0,0.0,0.0
LER,416.4726,-1.4000000000000001,0.0,6.666666666666667,-0.23709792373748817,129.99999999999997,0.3333333333333333,0.0,0.6666666666666666,0.0,0.0,0.5,0.3333333333333333,0.3333333333333333
AVF,335.39799999999997,2.9333333333333336,0.33333333333333337,6.666666666666667,-0.20412541214591307,129.99999999999997,0.6666666666666666,0.3333333333333333,0.0,0.5,0.0,0.0,0.0,0.0
IVAGPQ,583.6775,0.8333333333333334,0.0,26.283333333333335,-0.23989838581069733,129.99999999999997,0.3333333333333333,0.5,0.16666666666666666,0.2,0.2,0.0,0.0,0.0
LSF,365.42400000000004,1.9333333333333333,0.33333333333333337,6.666666666666667,-0.23989838581069733,129.99999999999997,0.6666666666666666,0.3333333333333333,0.0,1.0,0.0,0.0,0.0,0.0
ALSAF,507.5798,1.8800000000000001,0.2,8.0,-0.20412541214591307,118.0,0.4,0.6,0.0,0.75,0.0,0.0,0.0,0.0
VVSNFGKTVFDGVL,1481.6906,0.9285714285714286,0.14285714285714288,1.3000000000000003,-0.2658898501040039,110.7142857142857,0.5,0.2857142857142857,0.21428571428571427,0.3076923076923077,0.3076923076923077,0.15384615384615385,0.07142857142857142,0.07142857142857142
ACNLPRMC,907.1360999999999,0.36249999999999993,0.0,78.325,0.7760626077560662,61.25,0.5,0.25,0.25,0.2857142857142857,0.14285714285714285,0.42857142857142855,0.125,0.0
KPYVFRATGAL,1222.4351,0.18181818181818182,0.18181818181818182,-13.200000000000001,1.7580936122913,80.0,0.2727272727272727,0.5454545454545454,0.18181818181818182,0.2,0.2,0.1,0.18181818181818182,0.0
MLELDPLNNLPRM,1555.8603999999998,-0.2076923076923078,0.0,18.24615384615385,-1.4957240894456012,120.0,0.46153846153846156,0.15384615384615385,0.38461538461538464,0.16666666666666666,0.16666666666666666,0.5,0.07692307692307693,0.15384615384615385
LAGNPHQQQQN,1234.2785999999999,-1.8727272727272728,0.0,51.28181818181819,-0.15272419755611044,44.545454545454554,0.09090909090909091,0.36363636363636365,0.5454545454545454,0.1,0.3,0.0,0.09090909090909091,0.0
NYPSD,594.571,-2.1399999999999997,0.2,71.2,-1.2365957242625507,0.0,0.0,0.6,0.4,0.0,0.5,0.0,0.0,0.2
QKK,402.4891,-3.766666666666667,0.0,6.666666666666667,1.758103612191301,0.0,0.0,0.0,1.0,0.0,0.0,0.0,0.6666666666666666,0.0
TQL,360.406,-0.1333333333333334,0.0,-18.46666666666667,-0.6018034056333719,129.99999999999997,0.3333333333333333,0.3333333333333333,0.3333333333333333,0.0,0.5,0.5,0.0,0.0
HLPLP,575.7002,0.23999999999999985,0.0,85.04,-0.15272419755611044,156.0,0.4,0.6,0.0,1.0,0.0,0.0,0.2,0.0
HIR,424.4979,-1.0666666666666667,0.0,153.13333333333333,0.8472658025438885,129.99999999999997,0.3333333333333333,0.3333333333333333,0.3333333333333333,0.5,0.0,0.5,0.6666666666666666,0.0
EYNNHGSFREAHPGA,1685.7107,-1.5333333333333334,0.13333333333333333,-10.819999999999997,-0.9870225437186249,13.333333333333334,0.06666666666666667,0.6,0.3333333333333333,0.07142857142857142,0.2857142857142857,0.07142857142857142,0.2,0.13333333333333333
SVL,317.3812,2.4,0.0,6.666666666666667,-0.539853540782401,226.66666666666663,0.6666666666666666,0.3333333333333333,0.0,0.5,0.0,0.0,0.0,0.0
FGERR,663.7258,-2.02,0.2,107.48,0.7628920763625109,0.0,0.2,0.2,0.6,0.25,0.25,0.0,0.4,0.2
DSAIDLGD,804.7991999999999,-0.2,0.0,32.825,-3.2333552013838607,110.0,0.25,0.375,0.375,0.2857142857142857,0.2857142857142857,0.2857142857142857,0.0,0.375
EIPT,458.50600000000003,-0.325,0.0,48.45,-1.1631723813020067,97.5,0.25,0.5,0.25,0.3333333333333333,0.0,0.3333333333333333,0.0,0.25
FDGLPAKPAKKEETR,1686.9061000000002,-1.3866666666666667,0.06666666666666667,72.78666666666666,0.7638362961785643,39.333333333333336,0.13333333333333333,0.4,0.4666666666666667,0.14285714285714285,0.42857142857142855,0.07142857142857142,0.26666666666666666,0.2
WPRGYFL,938.082,-0.3000000000000001,0.4285714285714286,-26.457142857142863,0.7590926132903006,55.71428571428571,0.42857142857142855,0.42857142857142855,0.14285714285714285,0.3333333333333333,0.3333333333333333,0.0,0.14285714285714285,0.0
LVL,343.4615,3.9333333333333336,0.0,6.666666666666667,-0.23989838581069733,356.6666666666666,1.0,0.0,0.0,0.0,0.0,0.0,0.0,0.0
FNP,376.4069,-0.7666666666666667,0.33333333333333337,-2.933333333333333,-0.23989838581069733,0.0,0.3333333333333333,0.3333333333333333,0.3333333333333333,0.0,0.5,0.5,0.0,0.0
AGLAPY,590.6684,0.6833333333333332,0.16666666666666669,40.43333333333334,-0.20512441314491403,98.33333333333331,0.16666666666666666,0.8333333333333334,0.0,0.4,0.0,0.0,0.0,0.0
SGGY,382.3684,-0.7250000000000001,0.25,17.125,-0.540852541781402,0.0,0.0,1.0,0.0,0.0,0.0,0.0,0.0,0.0
GLAGA,387.43129999999996,1.3199999999999998,0.0,-8.98,-0.23989838581069733,118.0,0.2,0.8,0.0,0.5,0.0,0.0,0.0,0.0
KHDRGDEF,1003.0264999999999,-2.4625,0.125,-11.287500000000001,-1.1486812146022127,0.0,0.125,0.25,0.625,0.0,0.5714285714285714,0.14285714285714285,0.375,0.375
ALK,330.42310000000003,0.5666666666666667,0.0,-21.633333333333336,0.794875586855086,163.33333333333331,0.3333333333333333,0.3333333333333333,0.3333333333333333,0.5,0.0,0.5,0.3333333333333333,0.0
LDIQKEV,843.9644,-0.2714285714285714,0.0,8.571428571428571,-1.2369661638966432,152.85714285714283,0.42857142857142855,0.0,0.5714285714285714,0.0,0.0,0.6666666666666666,0.14285714285714285,0.2857142857142857
PLAQPA,595.6882999999999,0.11666666666666663,0.0,72.53333333333335,-0.041471132421644796,98.33333333333331,0.16666666666666666,0.6666666666666666,0.16666666666666666,0.4,0.4,0.0,0.0,0.0
MVPYPQR,890.0608,-0.9142857142857144,0.14285714285714288,81.22857142857143,0.4993456866423429,41.42857142857142,0.2857142857142857,0.42857142857142855,0.2857142857142857,0.16666666666666666,0.16666666666666666,0.0,0.14285714285714285,0.0
SSDEEVREEKELDLSSNE,2095.0901,-1.738888888888889,0.0,67.06666666666668,-6.516520968194962,59.44444444444444,0.16666666666666666,0.2222222222222222,0.6111111111111112,0.058823529411764705,0.11764705882352941,0.29411764705882354,0.1111111111111111,0.4444444444444444
WALKGYK,865.0297999999999,-0.6857142857142857,0.28571428571428575,-49.285714285714285,1.7571046111922999,70.0,0.2857142857142857,0.42857142857142855,0.2857142857142857,0.3333333333333333,0.3333333333333333,0.16666666666666666,0.2857142857142857,0.0
HGPL,422.47869999999995,-0.3500000000000001,0.0,-18.424999999999997,-0.15272419755611044,97.5,0.25,0.75,0.0,0.3333333333333333,0.0,0.0,0.25,0.0
FSDKIAK,807.9339,-0.42857142857142855,0.14285714285714288,-15.685714285714287,0.7592243731311454,70.0,0.2857142857142857,0.2857142857142857,0.42857142857142855,0.3333333333333333,0.3333333333333333,0.16666666666666666,0.2857142857142857,0.14285714285714285
RVPSLM,701.8781,0.5,0.0,72.53333333333335,0.7600916142893016,113.33333333333331,0.5,0.3333333333333333,0.16666666666666666,0.4,0.0,0.2,0.16666666666666666,0.0
AEDKKLIQ,944.0836000000002,-1.025,0.0,11.600000000000001,-0.20219219123085974,110.0,0.25,0.125,0.625,0.0,0.14285714285714285,0.2857142857142857,0.25,0.25
KEEKFE,808.8756999999999,-2.5833333333333335,0.16666666666666669,62.66666666666667,-1.2282277221215785,0.0,0.16666666666666666,0.0,0.8333333333333334,0.0,0.0,0.4,0.3333333333333333,0.5
EEEKNRLTKKTKLT,1717.9616999999998,-2.042857142857143,0.0,49.79285714285715,1.8384425387484091,55.71428571428571,0.14285714285714285,0.21428571428571427,0.6428571428571429,0.15384615384615385,0.23076923076923078,0.15384615384615385,0.35714285714285715,0.21428571428571427
LSSLEMGSLGALFVCM,1658.0118,1.4749999999999999,0.0625,36.48125,-1.2469889139364971,121.875,0.5625,0.375,0.0625,0.4,0.0,0.13333333333333333,0.0,0.0625
VAW,374.4341,1.7000000000000002,0.33333333333333337,6.666666666666667,-0.26601161004484764,129.99999999999997,0.6666666666666666,0.3333333333333333,0.0,1.0,0.0,0.0,0.0,0.0
FGER,507.5401,-1.4000000000000001,0.25,-11.35,-0.23709792373748817,0.0,0.25,0.25,0.5,0.3333333333333333,0.3333333333333333,0.0,0.25,0.25
YVE,409.43350000000004,-0.19999999999999996,0.33333333333333337,6.666666666666667,-1.232849645068998,96.66666666666664,0.3333333333333333,0.3333333333333333,0.3333333333333333,0.5,0.0,0.5,0.0,0.3333333333333333
PDLVF,589.6803,1.14,0.2,-7.08,-1.0403503714818,136.0,0.6,0.2,0.2,0.0,0.25,0.25,0.0,0.2
QQFQQSGQAQLTE,1492.5463,-1.3846153846153846,0.07692307692307693,81.67692307692309,-1.231850644069997,37.69230769230769,0.15384615384615385,0.3076923076923077,0.5384615384615384,0.08333333333333333,0.4166666666666667,0.25,0.0,0.07692307692307693
LKP,356.4604,-0.5666666666666668,0.0,-46.76666666666667,0.7591026131903019,129.99999999999997,0.3333333333333333,0.3333333333333333,0.3333333333333333,0.0,0.5,0.5,0.3333333333333333,0.0
EKF,422.4754,-1.5333333333333332,0.33333333333333337,6.666666666666667,-0.1641713823010078,0.0,0.3333333333333333,0.0,0.6666666666666666,0.0,0.0,0.5,0.3333333333333333,0.3333333333333333
HIAGKSSIFRA,1186.3633,0.1636363636363636,0.09090909090909091,58.82727272727272,1.8462668015448882,89.09090909090911,0.2727272727272727,0.5454545454545454,0.18181818181818182,0.3,0.3,0.1,0.2727272727272727,0.0
APL,299.366,1.3333333333333333,0.0,70.86666666666667,-0.20412541214591307,163.33333333333331,0.3333333333333333,0.6666666666666666,0.0,0.5,0.0,0.0,0.0,0.0
IIA,315.4084,3.6,0.0,6.666666666666667,-0.23989838581069733,293.33333333333326,0.6666666666666666,0.3333333333333333,0.0,0.5,0.0,0.0,0.0,0.0
APGAPGPVG,721.8016,0.19999999999999998,0.0,54.22222222222223,-0.20412541214591307,54.44444444444444,0.1111111111111111,0.8888888888888888,0.0,0.25,0.0,0.0,0.0,0.0
PMH,383.4658,-0.9666666666666668,0.0,172.46666666666667,0.04570305583294221,0.0,0.3333333333333333,0.6666666666666666,0.0,1.0,0.0,0.0,0.3333333333333333,0.0
WSVWEQELEDR,1476.5453,-1.5090909090909093,0.18181818181818182,54.763636363636365,-3.230356238851223,61.81818181818183,0.36363636363636365,0.09090909090909091,0.5454545454545454,0.2,0.0,0.3,0.09090909090909091,0.36363636363636365
SEALGVSSQVARQ,1331.432,-0.15384615384615385,0.0,62.69230769230769,-0.5370530787091918,90.0,0.23076923076923078,0.46153846153846156,0.3076923076923077,0.4166666666666667,0.3333333333333333,0.08333333333333333,0.07692307692307693,0.07692307692307693
EYLARKGGVEVN,1334.4772,-0.5833333333333334,0.08333333333333334,12.375,-0.16236992122679972,89.16666666666666,0.25,0.3333333333333333,0.4166666666666667,0.2727272727272727,0.2727272727272727,0.2727272727272727,0.16666666666666666,0.16666666666666666
RGY,394.4255,-2.066666666666667,0.33333333333333337,-49.93333333333334,0.7590926132903006,0.0,0.0,0.6666666666666666,0.3333333333333333,0.0,0.5,0.0,0.3333333333333333,0.0
EEL,389.40090000000004,-1.0666666666666667,0.0,115.33333333333334,-2.1603619193287966,129.99999999999997,0.3333333333333333,0.0,0.6666666666666666,0.0,0.0,0.5,0.0,0.6666666666666666
QQRQQQGL,985.0559000000001,-2.325,0.0,105.05000000000001,0.7600916142893016,48.75,0.125,0.125,0.75,0.14285714285714285,0.14285714285714285,0.0,0.125,0.0
ACGNLPRMC,964.1874,0.27777777777777773,0.0,61.3,0.7760626077560662,54.44444444444444,0.4444444444444444,0.3333333333333333,0.2222222222222222,0.375,0.25,0.25,0.1111111111111111,0.0
LEK,388.4592,-1.2,0.0,6.666666666666667,-0.23808692483648786,129.99999999999997,0.3333333333333333,0.0,0.6666666666666666,0.0,0.0,0.5,0.3333333333333333,0.3333333333333333
LAGKPQQEHSGEHQ,1545.6123999999998,-1.8142857142857145,0.0,22.950000000000003,-1.060928086354104,35.0,0.07142857142857142,0.5,0.42857142857142855,0.07692307692307693,0.5384615384615384,0.0,0.21428571428571427,0.14285714285714285
NGE,318.2832,-2.466666666666667,0.0,-68.56666666666668,-1.231850644069997,0.0,0.0,0.3333333333333333,0.6666666666666666,0.0,1.0,0.0,0.0,0.3333333333333333
ENS,348.3092,-2.6,0.0,6.666666666666667,-1.1631723813020067,0.0,0.0,0.3333333333333333,0.6666666666666666,0.0,0.5,0.0,0.0,0.3333333333333333
ASD,291.2579,-0.8333333333333334,0.0,6.666666666666667,-1.1998237495987651,33.33333333333333,0.0,0.6666666666666666,0.3333333333333333,0.0,0.5,0.0,0.0,0.3333333333333333
SLL,331.4078,2.2666666666666666,0.0,6.666666666666667,-0.539853540782401,259.99999999999994,0.6666666666666666,0.3333333333333333,0.0,0.5,0.0,0.0,0.0,0.0
LPENAKVDQVK,1240.4058,-0.8545454545454546,0.0,11.545454545454545,-0.23796516489564423,97.27272727272728,0.2727272727272727,0.18181818181818182,0.5454545454545454,0.1,0.3,0.4,0.18181818181818182,0.18181818181818182
VHLKP,592.7307,-0.14000000000000004,0.0,-24.060000000000002,0.8201635772107384,136.0,0.4,0.4,0.2,0.5,0.25,0.25,0.4,0.0
AGT,247.2484,0.23333333333333336,0.0,-21.633333333333336,-0.20412541214591307,33.33333333333333,0.0,1.0,0.0,0.0,0.0,0.0,0.0,0.0
SGGSYADELVSTAK,1384.445,-0.32142857142857145,0.07142857142857144,28.949999999999996,-1.537920319867348,62.857142857142854,0.14285714285714285,0.6428571428571429,0.21428571428571427,0.07692307692307693,0.15384615384615385,0.07692307692307693,0.07142857142857142,0.14285714285714285
EAL,331.3648,0.6999999999999998,0.0,6.666666666666667,-1.1631723813020067,163.33333333333331,0.3333333333333333,0.3333333333333333,0.3333333333333333,0.5,0.5,0.0,0.0,0.3333333333333333
GFVG,378.42269999999996,1.55,0.25,-13.725000000000001,-0.23989838581069733,72.5,0.5,0.5,0.0,0.6666666666666666,0.0,0.0,0.0,0.0
ADVFNPR,817.8888999999999,-0.6142857142857142,0.14285714285714288,-18.442857142857143,-0.20301465110606953,55.71428571428571,0.2857142857142857,0.2857142857142857,0.42857142857142855,0.0,0.5,0.3333333333333333,0.14285714285714285,0.14285714285714285
ENK,389.4042,-3.6333333333333333,0.0,85.60000000000001,-0.1641713823010078,0.0,0.0,0.0,1.0,0.0,0.0,0.0,0.3333333333333333,0.3333333333333333
ISQAVHAHAEINEAGR,1702.8258,-0.35625,0.0,28.14375,-1.0599390852551043,91.875,0.1875,0.5,0.3125,0.2,0.3333333333333333,0.13333333333333333,0.1875,0.125
DAL,317.3382,0.6999999999999998,0.0,6.666666666666667,-1.2387776248708526,163.33333333333331,0.3333333333333333,0.3333333333333333,0.3333333333333333,0.5,0.5,0.0,0.0,0.3333333333333333
IIAEK,572.6947,0.68,0.0,8.0,-0.23808692483648786,176.0,0.4,0.2,0.4,0.25,0.25,0.0,0.2,0.2
TQT,348.3523,-1.6333333333333335,0.0,-18.46666666666667,-0.6018034056333719,0.0,0.0,0.6666666666666666,0.3333333333333333,0.0,1.0,0.0,0.0,0.0
SFN,366.36899999999997,-0.5000000000000001,0.33333333333333337,6.666666666666667,-0.539853540782401,0.0,0.3333333333333333,0.3333333333333333,0.3333333333333333,0.5,0.0,0.5,0.0,0.0
YGNWLYK,943.0553999999998,-1.0714285714285714,0.4285714285714286,-12.871428571428574,0.7571046111922999,55.71428571428571,0.2857142857142857,0.42857142857142855,0.2857142857142857,0.16666666666666666,0.3333333333333333,0.16666666666666666,0.14285714285714285,0.0
HDHAERFSGHDNED,1665.5919999999999,-2.2642857142857142,0.07142857142857144,23.042857142857148,-3.9662217125736805,7.142857142857142,0.07142857142857142,0.42857142857142855,0.5,0.07692307692307693,0.3076923076923077,0.07692307692307693,0.2857142857142857,0.35714285714285715
SAE,305.28450000000004,-0.8333333333333334,0.0,6.666666666666667,-1.5318057990417007,33.33333333333333,0.0,0.6666666666666666,0.3333333333333333,0.0,0.5,0.0,0.0,0.3333333333333333
VLD,345.3913,1.5,0.0,6.666666666666667,-1.2617099474976998,226.66666666666663,0.6666666666666666,0.0,0.3333333333333333,0.0,0.0,0.5,0.0,0.3333333333333333
VEGNLQVLRPR,1280.4761999999998,-0.5,0.0,52.31818181818182,0.7367788521283605,123.63636363636365,0.36363636363636365,0.18181818181818182,0.45454545454545453,0.0,0.4,0.5,0.18181818181818182,0.09090909090909091
KPT,344.4067,-2.066666666666667,0.0,-18.46666666666667,0.7591026131903019,0.0,0.0,0.6666666666666666,0.3333333333333333,0.0,0.5,0.0,0.3333333333333333,0.0
VYV,379.4505,2.3666666666666667,0.33333333333333337,-18.46666666666667,-0.2670106110438486,193.3333333333333,0.6666666666666666,0.3333333333333333,0.0,1.0,0.0,0.0,0.0,0.0
EVPKA,542.6257,-0.6,0.0,46.52,-0.1641713823010078,78.0,0.2,0.4,0.4,0.25,0.5,0.25,0.2,0.2
ALN,316.3534,0.6999999999999998,0.0,6.666666666666667,-0.20412541214591307,163.33333333333331,0.3333333333333333,0.3333333333333333,0.3333333333333333,0.5,0.0,0.5,0.0,0.0
TPEVDDEALKE,1245.29,-1.2636363636363637,0.0,3.5090909090909084,-4.586892219065563,70.90909090909092,0.18181818181818182,0.2727272727272727,0.5454545454545454,0.1,0.2,0.3,0.09090909090909091,0.45454545454545453
IQK,387.4744,-0.9666666666666667,0.0,6.666666666666667,0.7591026131903019,129.99999999999997,0.3333333333333333,0.0,0.6666666666666666,0.0,0.0,0.5,0.3333333333333333,0.0
MNGEKKKAPLGDE,1416.5994999999998,-1.5846153846153848,0.0,6.684615384615386,-0.4906633508019027,37.69230769230769,0.15384615384615385,0.3076923076923077,0.5384615384615384,0.16666666666666666,0.3333333333333333,0.08333333333333333,0.23076923076923078,0.23076923076923078
RGQVIYVL,947.1319000000001,0.875,0.125,-11.287500000000001,0.7590926132903006,170.0,0.5,0.25,0.25,0.2857142857142857,0.2857142857142857,0.14285714285714285,0.125,0.0
IRL,400.51619999999997,1.2666666666666666,0.0,6.666666666666667,0.7600916142893016,259.99999999999994,0.6666666666666666,0.0,0.3333333333333333,0.0,0.0,1.0,0.3333333333333333,0.0
CVPEVDPLLLRAE,1453.7024,0.4538461538461538,0.0,34.86923076923077,-2.2378304111559535,142.30769230769232,0.46153846153846156,0.23076923076923078,0.3076923076923077,0.16666666666666666,0.3333333333333333,0.25,0.07692307692307693,0.23076923076923078
GLD,303.3116,-0.0333333333333334,0.0,6.666666666666667,-1.2355967232635496,129.99999999999997,0.3333333333333333,0.3333333333333333,0.3333333333333333,0.5,0.0,0.5,0.0,0.3333333333333333
ASPKPSSA,743.8057000000001,-0.7375,0.0,102.4,0.794875586855086,25.0,0.0,0.875,0.125,0.0,0.2857142857142857,0.0,0.125,0.0
PQFYW,739.8166,-0.9,0.6000000000000001,75.902,-0.04247013342064576,0.0,0.4,0.4,0.2,0.5,0.25,0.25,0.0,0.0
LELPLK,711.8896,0.3999999999999999,0.0,26.283333333333335,-0.23808692483648786,195.0,0.5,0.16666666666666666,0.3333333333333333,0.4,0.0,0.6,0.16666666666666666,0.16666666666666666
TEFHLL,758.8615,0.49999999999999983,0.16666666666666669,40.43333333333334,-1.5118187554055749,129.99999999999997,0.5,0.3333333333333333,0.16666666666666666,0.4,0.2,0.2,0.16666666666666666,0.16666666666666666
EPDRY,678.6908,-2.88,0.2,1.2800000000000047,-1.1630606212611643,0.0,0.0,0.4,0.6,0.0,0.75,0.0,0.2,0.4
SDI,333.3376,0.06666666666666665,0.0,6.666666666666667,-1.5387327798425563,129.99999999999997,0.3333333333333333,0.3333333333333333,0.3333333333333333,0.0,0.5,0.5,0.0,0.3333333333333333
TVGGAPAGRIVME,1257.4594,0.5307692307692308,0.0,28.761538461538464,-0.5937656637926727,90.0,0.3076923076923077,0.5384615384615384,0.15384615384615385,0.16666666666666666,0.08333333333333333,0.16666666666666666,0.07692307692307693,0.07692307692307693
IVT,331.4078,2.6666666666666665,0.0,-49.93333333333334,-0.23989838581069733,226.66666666666663,0.6666666666666666,0.3333333333333333,0.0,0.5,0.0,0.0,0.0,0.0
WGLETAGSVVLLDLQ,1600.8099000000002,0.7799999999999999,0.06666666666666667,24.153333333333336,-2.2359671628976425,149.33333333333331,0.4666666666666667,0.3333333333333333,0.2,0.21428571428571427,0.07142857142857142,0.2857142857142857,0.0,0.13333333333333333
IPA,299.366,1.5666666666666667,0.0,61.26666666666668,-0.23989838581069733,163.33333333333331,0.3333333333333333,0.6666666666666666,0.0,0.5,0.0,0.0,0.0,0.0
HYEG,504.49309999999997,-2.1,0.25,98.5,-1.1509127365819012,0.0,0.0,0.75,0.25,0.0,0.6666666666666666,0.0,0.25,0.25
SVDSQTAF,853.8731,-0.0625,0.125,38.112500000000004,-1.5387327798425563,48.75,0.25,0.5,0.25,0.2857142857142857,0.42857142857142855,0.14285714285714285,0.0,0.125
KKSKADLTEVTHK,1484.6968,-1.4,0.0,29.200000000000003,1.8472110213609416,60.0,0.15384615384615385,0.38461538461538464,0.46153846153846156,0.16666666666666666,0.5,0.16666666666666666,0.38461538461538464,0.15384615384615385
HQP,380.399,-2.766666666666667,0.0,70.86666666666667,-0.15272419755611044,0.0,0.0,0.6666666666666666,0.3333333333333333,0.0,1.0,0.0,0.3333333333333333,0.0
VGAPSVS,615.6763,0.942857142857143,0.0,39.34285714285715,-0.26601161004484764,97.14285714285714,0.2857142857142857,0.7142857142857143,0.0,0.5,0.0,0.0,0.0,0.0
DLVKVEA,772.8865,0.44285714285714295,0.0,-7.671428571428572,-1.2369661638966432,152.85714285714283,0.42857142857142855,0.14285714285714285,0.42857142857142855,0.0,0.16666666666666666,0.6666666666666666,0.14285714285714285,0.2857142857142857
FVSACSVAG,839.9557,1.7000000000000002,0.1111111111111111,57.71111111111111,-0.24979937590970713,86.66666666666666,0.4444444444444444,0.5555555555555556,0.0,0.625,0.0,0.0,0.0,0.0
VKELY,650.7634,-0.13999999999999999,0.2,2.24,-0.26519915006963934,136.0,0.4,0.2,0.4,0.25,0.0,0.5,0.2,0.2
GPPGPPGPP,771.8604,-1.2000000000000002,0.0,73.08888888888889,-0.23989838581069733,0.0,0.0,1.0,0.0,0.0,0.0,0.0,0.0,0.0
AGNDGFEYVTLK,1313.4116,-0.3833333333333333,0.16666666666666669,-12.058333333333334,-1.2021921912308602,64.99999999999999,0.25,0.4166666666666667,0.3333333333333333,0.36363636363636365,0.2727272727272727,0.18181818181818182,0.08333333333333333,0.16666666666666666
NGPLLPSDEMDRA,1414.5404999999998,-0.8923076923076925,0.0,21.500000000000004,-2.234856401857799,67.6923076923077,0.23076923076923078,0.38461538461538464,0.38461538461538464,0.16666666666666666,0.25,0.16666666666666666,0.07692307692307693,0.23076923076923078
IAE,331.3648,0.9333333333333332,0.0,6.666666666666667,-1.231850644069997,163.33333333333331,0.3333333333333333,0.3333333333333333,0.3333333333333333,0.5,0.5,0.0,0.0,0.3333333333333333
LVYIIQGR,961.1585,0.9125,0.125,-0.675,0.7590926132903006,182.5,0.5,0.25,0.25,0.2857142857142857,0.2857142857142857,0.14285714285714285,0.125,0.0
LEE,389.40090000000004,-1.0666666666666667,0.0,115.33333333333334,-2.229040182096787,129.99999999999997,0.3333333333333333,0.0,0.6666666666666666,0.0,0.0,0.5,0.0,0.6666666666666666
GGNYVGVP,761.8222000000001,0.10000000000000002,0.125,27.025000000000002,-0.2408973868096983,72.5,0.25,0.625,0.125,0.5714285714285714,0.2857142857142857,0.0,0.0,0.0
RYQKF,740.8495,-2.08,0.4,-7.08,1.7580936122913,0.0,0.2,0.2,0.6,0.0,0.5,0.25,0.4,0.0
FSGGE,495.48300000000006,-0.4600000000000001,0.2,17.6,-1.231850644069997,0.0,0.2,0.6,0.2,0.25,0.25,0.0,0.0,0.2
LWHTH,692.7653,-0.8400000000000001,0.2,87.64,-0.06555000930152344,78.0,0.4,0.6,0.0,0.25,0.0,0.0,0.4,0.0
FPGLADR,774.8642,-0.22857142857142865,0.14285714285714288,13.185714285714287,-0.2387876247708538,70.0,0.2857142857142857,0.42857142857142855,0.2857142857142857,0.5,0.16666666666666666,0.0,0.14285714285714285,0.14285714285714285
LQK,387.4744,-1.2,0.0,115.33333333333334,0.7591026131903019,129.99999999999997,0.3333333333333333,0.0,0.6666666666666666,0.0,0.0,0.5,0.3333333333333333,0.0
SSAPGGGRP,784.8178,-0.9666666666666668,0.0,100.51111111111112,0.46013645931759795,11.11111111111111,0.0,0.8888888888888888,0.1111111111111111,0.0,0.25,0.0,0.1111111111111111,0.0
KVR,401.5043,-1.3999999999999997,0.0,-21.633333333333336,1.759092613290301,96.66666666666664,0.3333333333333333,0.0,0.6666666666666666,0.0,0.0,1.0,0.6666666666666666,0.0
QSL,346.3794,-0.16666666666666674,0.0,153.13333333333333,-0.23989838581069733,129.99999999999997,0.3333333333333333,0.3333333333333333,0.3333333333333333,0.5,0.5,0.0,0.0,0.0
YQETSSSSSQEQ,1360.2945,-1.9583333333333333,0.08333333333333334,137.5666666666667,-2.235276462863278,0.0,0.0,0.5833333333333334,0.4166666666666667,0.0,0.2727272727272727,0.0,0.0,0.16666666666666666
FIMGPY,726.8824,0.9833333333333333,0.33333333333333337,8.333333333333334,-0.2408973868096983,64.99999999999999,0.5,0.5,0.0,0.2,0.0,0.0,0.0,0.0
DLDLRKDLYAN,1335.462,-0.9545454545454546,0.09090909090909091,48.127272727272725,-1.2385441048891663,115.45454545454544,0.2727272727272727,0.18181818181818182,0.5454545454545454,0.1,0.1,0.5,0.18181818181818182,0.2727272727272727
PLPLHMLP,917.1690000000001,0.6624999999999999,0.0,56.900000000000006,0.04570305583294221,146.25,0.5,0.5,0.0,0.8571428571428571,0.0,0.0,0.125,0.0
SAGNPN,558.5422,-1.3333333333333333,0.0,-10.616666666666667,-0.539853540782401,16.666666666666664,0.0,0.6666666666666666,0.3333333333333333,0.0,0.6,0.0,0.0,0.0
FSL,365.42400000000004,1.9333333333333333,0.33333333333333337,6.666666666666667,-0.23989838581069733,129.99999999999997,0.6666666666666666,0.3333333333333333,0.0,1.0,0.0,0.0,0.0,0.0
LAM,333.4468,2.5,0.0,6.666666666666667,-0.23989838581069733,163.33333333333331,0.6666666666666666,0.3333333333333333,0.0,1.0,0.0,0.0,0.0,0.0
KAQYPYV,867.9873,-0.7999999999999999,0.28571428571428575,15.42857142857143,0.7571046111922999,55.71428571428571,0.14285714285714285,0.5714285714285714,0.2857142857142857,0.16666666666666666,0.5,0.0,0.14285714285714285,0.0
IPAVFK,673.8430999999999,1.3,0.16666666666666669,10.58333333333334,0.7591026131903019,129.99999999999997,0.5,0.3333333333333333,0.16666666666666666,0.4,0.0,0.2,0.16666666666666666,0.0
VAG,245.27550000000002,1.866666666666667,0.0,6.666666666666667,-0.26601161004484764,129.99999999999997,0.3333333333333333,0.6666666666666666,0.0,0.5,0.0,0.0,0.0,0.0
DIQ,374.3895,-0.8333333333333334,0.0,6.666666666666667,-1.2387776248708526,129.99999999999997,0.3333333333333333,0.0,0.6666666666666666,0.0,0.0,1.0,0.0,0.3333333333333333
KII,372.50280000000004,1.7,0.0,-21.633333333333336,0.7591026131903019,259.99999999999994,0.6666666666666666,0.0,0.3333333333333333,0.0,0.0,0.5,0.3333333333333333,0.0
HLPLPLL,802.0153999999999,1.257142857142857,0.0,63.60000000000001,-0.15272419755611044,222.85714285714283,0.5714285714285714,0.42857142857142855,0.0,0.8333333333333334,0.0,0.0,0.14285714285714285,0.0
RINK,529.6335,-1.85,0.0,66.7,1.759092613290301,97.5,0.25,0.0,0.75,0.0,0.0,0.6666666666666666,0.5,0.0
HVAGTVA,653.7275999999999,1.1,0.0,-3.5571428571428574,-0.15272419755611044,111.42857142857142,0.2857142857142857,0.7142857142857143,0.0,0.6666666666666666,0.0,0.0,0.14285714285714285,0.0
TAGTGGGQFQPMR,1307.4352999999999,-0.7384615384615384,0.07692307692307693,12.569230769230773,0.3981865944666271,7.6923076923076925,0.15384615384615385,0.6153846153846154,0.23076923076923078,0.08333333333333333,0.16666666666666666,0.25,0.07692307692307693,0.0
ALT,303.35470000000004,1.6333333333333335,0.0,6.666666666666667,-0.20412541214591307,163.33333333333331,0.3333333333333333,0.6666666666666666,0.0,1.0,0.0,0.0,0.0,0.0
AVYVYDVNNNANQ,1483.5375,-0.5692307692307692,0.15384615384615385,10.046153846153848,-1.2050026532040703,82.3076923076923,0.23076923076923078,0.3076923076923077,0.46153846153846156,0.3333333333333333,0.25,0.16666666666666666,0.0,0.07692307692307693
FNVVLK,718.8836,1.2666666666666666,0.16666666666666669,-5.816666666666667,0.7591026131903019,161.66666666666663,0.6666666666666666,0.0,0.3333333333333333,0.0,0.0,0.6,0.16666666666666666,0.0
KFD,408.4488,-1.5333333333333332,0.33333333333333337,47.800000000000004,-0.23659572426255027,0.0,0.3333333333333333,0.0,0.6666666666666666,0.0,0.0,1.0,0.3333333333333333,0.3333333333333333
WLLYLDGPPMGLT,1475.7491,0.5153846153846153,0.15384615384615385,27.738461538461543,-1.2397766258698537,120.0,0.46153846153846156,0.46153846153846156,0.07692307692307693,0.5,0.08333333333333333,0.08333333333333333,0.0,0.07692307692307693
AQQQEQAQQQEQ,1443.4326999999998,-2.6166666666666667,0.0,137.5666666666667,-2.1985044881994926,16.666666666666664,0.0,0.16666666666666666,0.8333333333333334,0.0,0.2727272727272727,0.0,0.0,0.16666666666666666
EEQ,404.3725,-3.5,0.0,179.53333333333333,-2.1603619193287966,0.0,0.0,0.0,1.0,0.0,0.0,0.0,0.0,0.6666666666666666
QAGTGAGAGGGAGTKTSS,1435.4538,-0.37222222222222223,0.0,5.555555555555555,0.7591026131903019,22.22222222222222,0.0,0.8888888888888888,0.1111111111111111,0.0,0.17647058823529413,0.0,0.05555555555555555,0.0
QPSSVDSQTAM,1150.2169999999999,-0.6636363636363636,0.0,82.97272727272728,-1.2387776248708526,35.45454545454546,0.18181818181818182,0.5454545454545454,0.2727272727272727,0.2,0.4,0.1,0.0,0.09090909090909091
QTDSHGNDRLLLT,1469.5561,-0.9923076923076923,0.0,3.7384615384615403,-1.1504926755764224,90.0,0.23076923076923078,0.38461538461538464,0.38461538461538464,0.08333333333333333,0.3333333333333333,0.08333333333333333,0.15384615384615385,0.15384615384615385
LLL,357.4881,3.7999999999999994,0.0,6.666666666666667,-0.23989838581069733,390.0,1.0,0.0,0.0,0.0,0.0,0.0,0.0,0.0
SVNVPL,627.73,1.05,0.0,40.43333333333334,-0.539853540782401,161.66666666666663,0.5,0.3333333333333333,0.16666666666666666,0.6,0.0,0.4,0.0,0.0
VAPFPEVF,905.0472,1.1375,0.25,102.69999999999999,-1.2632011480716374,85.0,0.5,0.375,0.125,0.42857142857142855,0.14285714285714285,0.14285714285714285,0.0,0.125
AAAAG,359.3782,1.3599999999999999,0.0,8.0,-0.20412541214591307,80.0,0.0,1.0,0.0,0.0,0.0,0.0,0.0,0.0
VVLYR,648.7938,1.28,0.2,-25.82,0.7329793890561502,194.0,0.6,0.2,0.2,0.25,0.25,0.0,0.2,0.0
KGL,316.3965,-0.1666666666666667,0.0,-21.633333333333336,0.7591026131903019,129.99999999999997,0.3333333333333333,0.3333333333333333,0.3333333333333333,0.5,0.5,0.0,0.3333333333333333,0.0
GNPIPREPGQVPAY,1494.6499,-0.9285714285714286,0.07142857142857144,29.60714285714286,-0.23809692473648925,55.71428571428571,0.14285714285714285,0.5714285714285714,0.2857142857142857,0.23076923076923078,0.38461538461538464,0.07692307692307693,0.07142857142857142,0.07142857142857142
INY,408.4487,-0.10000000000000002,0.33333333333333337,6.666666666666667,-0.2408973868096983,129.99999999999997,0.3333333333333333,0.3333333333333333,0.3333333333333333,0.0,0.5,0.5,0.0,0.0
VALDGGL,643.7293999999999,1.3285714285714287,0.0,26.2,-1.264890849105003,167.1428571428571,0.42857142857142855,0.42857142857142855,0.14285714285714285,0.5,0.16666666666666666,0.16666666666666666,0.0,0.14285714285714285
AQS,304.2997,-0.8333333333333334,0.0,153.13333333333333,-0.20412541214591307,33.33333333333333,0.0,0.6666666666666666,0.3333333333333333,0.0,1.0,0.0,0.0,0.0
LVR,386.4896,1.1666666666666667,0.0,6.666666666666667,0.7600916142893016,226.66666666666663,0.6666666666666666,0.0,0.3333333333333333,0.0,0.0,0.5,0.3333333333333333,0.0
ACSNHSPLGWRGH,1421.5429,-0.8615384615384616,0.07692307692307693,79.7923076923077,0.9603119743642499,37.69230769230769,0.23076923076923078,0.6153846153846154,0.15384615384615385,0.4166666666666667,0.25,0.08333333333333333,0.23076923076923078,0.0
GEY,367.35380000000004,-1.7333333333333334,0.33333333333333337,-18.46666666666667,-1.2380869248364883,0.0,0.0,0.6666666666666666,0.3333333333333333,0.0,1.0,0.0,0.0,0.3333333333333333
FND,394.3791,-1.4000000000000001,0.33333333333333337,6.666666666666667,-1.2355967232635496,0.0,0.3333333333333333,0.0,0.6666666666666666,0.0,0.0,0.5,0.0,0.3333333333333333
AQA,288.3003,0.03333333333333336,0.0,6.666666666666667,-0.20412541214591307,66.66666666666666,0.0,0.6666666666666666,0.3333333333333333,0.0,1.0,0.0,0.0,0.0
GPE,301.2958,-1.8333333333333333,0.0,64.6,-1.231850644069997,0.0,0.0,0.6666666666666666,0.3333333333333333,0.0,0.5,0.0,0.0,0.3333333333333333
WIR,473.56850000000003,-0.3,0.33333333333333337,6.666666666666667,0.7600916142893016,129.99999999999997,0.6666666666666666,0.0,0.3333333333333333,0.0,0.0,0.5,0.3333333333333333,0.0
KYP,406.476,-2.2666666666666666,0.33333333333333337,47.800000000000004,0.758103612191301,0.0,0.0,0.6666666666666666,0.3333333333333333,0.0,0.5,0.0,0.3333333333333333,0.0
KCL,362.4881,0.7999999999999999,0.0,70.86666666666667,0.7492016230912921,129.99999999999997,0.6666666666666666,0.0,0.3333333333333333,0.0,0.0,0.5,0.3333333333333333,0.0
LLA,315.4084,3.1333333333333333,0.0,6.666666666666667,-0.23989838581069733,293.33333333333326,0.6666666666666666,0.3333333333333333,0.0,0.5,0.0,0.0,0.0,0.0
TCG,279.3134,0.4666666666666666,0.0,6.666666666666667,-0.6117043957323818,0.0,0.3333333333333333,0.6666666666666666,0.0,1.0,0.0,0.0,0.0,0.0
ALI,315.4084,3.3666666666666667,0.0,6.666666666666667,-0.20412541214591307,293.33333333333326,0.6666666666666666,0.3333333333333333,0.0,0.5,0.0,0.0,0.0,0.0
LIV,343.4615,4.166666666666667,0.0,-21.633333333333336,-0.23989838581069733,356.6666666666666,1.0,0.0,0.0,0.0,0.0,0.0,0.0,0.0
TMK,378.4875,-0.9,0.0,6.666666666666667,0.39719759336762717,0.0,0.3333333333333333,0.3333333333333333,0.3333333333333333,0.5,0.0,0.5,0.3333333333333333,0.0
MKG,334.4349,-0.7999999999999999,0.0,-21.633333333333336,0.49935568654234397,0.0,0.3333333333333333,0.3333333333333333,0.3333333333333333,0.0,0.5,0.5,0.3333333333333333,0.0
TWY,468.50230000000005,-0.9666666666666667,0.6666666666666667,-43.43333333333333,-0.602802406632373,0.0,0.3333333333333333,0.6666666666666666,0.0,1.0,0.0,0.0,0.0,0.0
YSL,381.4234,0.5666666666666665,0.33333333333333337,6.666666666666667,-0.2408973868096983,129.99999999999997,0.3333333333333333,0.6666666666666666,0.0,0.5,0.0,0.0,0.0,0.0
MAA,291.3671,1.8333333333333333,0.0,47.800000000000004,-0.4996453124586552,66.66666666666666,0.3333333333333333,0.6666666666666666,0.0,0.5,0.0,0.0,0.0,0.0
AAS,247.2484,0.9333333333333332,0.0,6.666666666666667,-0.20412541214591307,66.66666666666666,0.0,1.0,0.0,0.0,0.0,0.0,0.0,0.0
DIS,333.3376,0.06666666666666665,0.0,6.666666666666667,-1.2387776248708526,129.99999999999997,0.3333333333333333,0.3333333333333333,0.3333333333333333,0.5,0.0,0.5,0.0,0.3333333333333333
LLD,359.4179,1.3666666666666665,0.0,6.666666666666667,-1.2355967232635496,259.99999999999994,0.6666666666666666,0.0,0.3333333333333333,0.0,0.0,0.5,0.0,0.3333333333333333
VEE,375.3743,-0.9333333333333332,0.0,115.33333333333334,-2.255153406330937,96.66666666666664,0.3333333333333333,0.0,0.6666666666666666,0.0,0.0,0.5,0.0,0.6666666666666666
LLQ,372.4597,1.3666666666666665,0.0,115.33333333333334,-0.23989838581069733,259.99999999999994,0.6666666666666666,0.0,0.3333333333333333,0.0,0.0,0.5,0.0,0.0
KWE,461.5115,-2.766666666666667,0.33333333333333337,6.666666666666667,-0.23284964506899786,0.0,0.3333333333333333,0.0,0.6666666666666666,0.0,0.0,1.0,0.3333333333333333,0.3333333333333333
EKT,376.4055,-2.6999999999999997,0.0,6.666666666666667,-0.1641713823010078,0.0,0.0,0.3333333333333333,0.6666666666666666,0.0,0.5,0.0,0.3333333333333333,0.3333333333333333
KTK,375.46380000000005,-2.8333333333333335,0.0,6.666666666666667,1.758103612191301,0.0,0.0,0.3333333333333333,0.6666666666666666,0.0,1.0,0.0,0.6666666666666666,0.0
VFK,392.49240000000003,1.0333333333333334,0.33333333333333337,-43.43333333333333,0.7329893889561515,96.66666666666664,0.6666666666666666,0.0,0.3333333333333333,0.0,0.0,0.5,0.3333333333333333,0.0
KID,374.43260000000004,-0.9666666666666667,0.0,-21.633333333333336,-0.23659572426255027,129.99999999999997,0.3333333333333333,0.0,0.6666666666666666,0.0,0.0,1.0,0.3333333333333333,0.3333333333333333
NKV,359.4212,-1.0666666666666667,0.0,57.3,0.7591026131903019,96.66666666666664,0.3333333333333333,0.0,0.6666666666666666,0.0,0.0,0.5,0.3333333333333333,0.0
MEN,392.42789999999997,-1.7,0.0,6.666666666666667,-1.496834850485445,0.0,0.3333333333333333,0.0,0.6666666666666666,0.0,0.0,0.5,0.0,0.3333333333333333
NSA,290.2731,-0.8333333333333334,0.0,6.666666666666667,-0.23989838581069733,33.33333333333333,0.0,0.6666666666666666,0.3333333333333333,0.0,0.5,0.0,0.0,0.0
EPE,373.3585,-2.8666666666666667,0.0,128.8,-2.1551246395613064,0.0,0.0,0.3333333333333333,0.6666666666666666,0.0,1.0,0.0,0.0,0.6666666666666666
PEQ,372.3737,-2.8666666666666667,0.0,128.8,-1.0386606704484347,0.0,0.0,0.3333333333333333,0.6666666666666666,0.0,0.5,0.0,0.0,0.3333333333333333
EVD,361.3477,-0.9333333333333332,0.0,-43.43333333333333,-2.158870718754859,96.66666666666664,0.3333333333333333,0.0,0.6666666666666666,0.0,0.0,1.0,0.0,0.6666666666666666
VDD,347.3211,-0.9333333333333332,0.0,-43.43333333333333,-2.260589186557855,96.66666666666664,0.3333333333333333,0.0,0.6666666666666666,0.0,0.0,0.5,0.0,0.6666666666666666
DEA,333.2946,-1.7333333333333334,0.0,6.666666666666667,-2.2359671628976425,33.33333333333333,0.0,0.3333333333333333,0.6666666666666666,0.0,0.5,0.0,0.0,0.6666666666666666
DKA,332.35290000000003,-1.8666666666666665,0.0,-21.633333333333336,-0.2397766258698535,33.33333333333333,0.0,0.3333333333333333,0.6666666666666666,0.0,0.5,0.0,0.3333333333333333,0.3333333333333333
WAF,422.4769,1.2333333333333332,0.6666666666666667,-43.43333333333333,-0.23989838581069733,33.33333333333333,0.6666666666666666,0.3333333333333333,0.0,1.0,0.0,0.0,0.0,0.0
MKW,463.5935,-0.9666666666666667,0.33333333333333337,6.666666666666667,0.49935568654234397,0.0,0.6666666666666666,0.0,0.3333333333333333,0.0,0.0,1.0,0.3333333333333333,0.0
STW,392.4064,-0.7999999999999999,0.33333333333333337,-43.43333333333333,-0.539853540782401,0.0,0.3333333333333333,0.6666666666666666,0.0,0.5,0.0,0.0,0.0,0.0
ETW,434.4431,-1.7,0.33333333333333337,-43.43333333333333,-1.1631723813020067,0.0,0.3333333333333333,0.3333333333333333,0.3333333333333333,0.5,0.5,0.0,0.0,0.3333333333333333
SVW,390.43350000000004,0.8333333333333334,0.33333333333333337,6.666666666666667,-0.539853540782401,96.66666666666664,0.6666666666666666,0.3333333333333333,0.0,0.5,0.0,0.0,0.0,0.0
CNW,421.4707,-0.6333333333333333,0.33333333333333337,-27.9,-0.24979937590970713,0.0,0.6666666666666666,0.0,0.3333333333333333,0.0,0.0,1.0,0.0,0.0
DHW,456.45189999999997,-2.5333333333333337,0.33333333333333337,-2.933333333333333,-1.151603436616266,0.0,0.3333333333333333,0.3333333333333333,0.3333333333333333,0.5,0.5,0.0,0.3333333333333333,0.3333333333333333
GQW,389.40569999999997,-1.5999999999999999,0.33333333333333337,6.666666666666667,-0.23989838581069733,0.0,0.3333333333333333,0.3333333333333333,0.3333333333333333,0.0,0.5,0.5,0.0,0.0
MWC,438.5641,1.1666666666666667,0.33333333333333337,6.666666666666667,-0.509546302557665,0.0,1.0,0.0,0.0,0.0,0.0,0.0,0.0,0.0
RDY,452.46160000000003,-3.1,0.33333333333333337,6.666666666666667,-0.23978662576985488,0.0,0.0,0.3333333333333333,0.6666666666666666,0.0,0.5,0.0,0.3333333333333333,0.3333333333333333
GSH,299.2832,-1.4666666666666668,0.0,6.666666666666667,-0.15272419755611044,0.0,0.0,1.0,0.0,0.0,0.0,0.0,0.3333333333333333,0.0
ACA,263.314,2.033333333333333,0.0,153.13333333333333,-0.21402640224492286,66.66666666666666,0.3333333333333333,0.6666666666666666,0.0,1.0,0.0,0.0,0.0,0.0
TGC,279.3134,0.4666666666666666,0.0,-21.633333333333336,-0.6117043957323818,0.0,0.3333333333333333,0.6666666666666666,0.0,0.5,0.0,0.0,0.0,0.0
YPW,464.5136,-1.2666666666666668,0.6666666666666667,38.2,-0.2408973868096983,0.0,0.3333333333333333,0.6666666666666666,0.0,0.5,0.0,0.0,0.0,0.0
LGF,335.39799999999997,2.0666666666666664,0.33333333333333337,6.666666666666667,-0.23989838581069733,129.99999999999997,0.6666666666666666,0.3333333333333333,0.0,1.0,0.0,0.0,0.0,0.0
LFV,377.47769999999997,3.6,0.33333333333333337,6.666666666666667,-0.23989838581069733,226.66666666666663,1.0,0.0,0.0,0.0,0.0,0.0,0.0,0.0
WLP,414.498,0.4333333333333333,0.33333333333333337,112.00000000000001,-0.23989838581069733,129.99999999999997,0.6666666666666666,0.3333333333333333,0.0,0.5,0.0,0.0,0.0,0.0
ISW,404.4601,0.9333333333333332,0.33333333333333337,6.666666666666667,-0.23989838581069733,129.99999999999997,0.6666666666666666,0.3333333333333333,0.0,1.0,0.0,0.0,0.0,0.0
LSW,404.4601,0.6999999999999998,0.33333333333333337,6.666666666666667,-0.23989838581069733,129.99999999999997,0.6666666666666666,0.3333333333333333,0.0,1.0,0.0,0.0,0.0,0.0
QAY,380.3956,-1.0,0.33333333333333337,6.666666666666667,-0.2408973868096983,33.33333333333333,0.0,0.6666666666666666,0.3333333333333333,0.0,0.5,0.0,0.0,0.0
YSQ,396.39500000000004,-1.8666666666666665,0.33333333333333337,70.86666666666667,-0.2408973868096983,0.0,0.0,0.6666666666666666,0.3333333333333333,0.0,0.5,0.0,0.0,0.0
PHC,355.4127,-0.7666666666666667,0.0,6.666666666666667,0.03580206573393241,0.0,0.3333333333333333,0.6666666666666666,0.0,0.5,0.0,0.0,0.3333333333333333,0.0
YPQ,406.4329,-2.1333333333333333,0.33333333333333337,112.00000000000001,-0.2408973868096983,0.0,0.0,0.6666666666666666,0.3333333333333333,0.0,0.5,0.0,0.0,0.0
VVH,353.41659999999996,1.7333333333333334,0.0,6.666666666666667,-0.17883742179026074,193.3333333333333,0.6666666666666666,0.3333333333333333,0.0,0.5,0.0,0.0,0.3333333333333333,0.0
FDRR,592.6479,-2.425,0.25,162.7,0.7612023753291453,0.0,0.25,0.0,0.75,0.0,0.0,0.3333333333333333,0.5,0.25
LDQW,560.5994000000001,-1.0250000000000001,0.25,7.5,-1.2387776248708526,97.5,0.5,0.0,0.5,0.0,0.0,0.6666666666666666,0.0,0.25
INYW,594.6586000000001,-0.30000000000000004,0.5,-18.424999999999997,-0.2408973868096983,97.5,0.5,0.25,0.25,0.3333333333333333,0.3333333333333333,0.3333333333333333,0.0,0.0
WIQP,542.6272,-0.375,0.25,55.650000000000006,-0.23989838581069733,97.5,0.5,0.25,0.25,0.0,0.3333333333333333,0.3333333333333333,0.0,0.0
ELIN,487.54709999999994,0.32499999999999996,0.0,7.5,-1.1631723813020067,195.0,0.5,0.0,0.5,0.0,0.0,0.6666666666666666,0.0,0.25
IVPK,455.59139999999996,0.8,0.0,34.425000000000004,0.7591026131903019,170.0,0.5,0.25,0.25,0.3333333333333333,0.3333333333333333,0.0,0.25,0.0
LVPK,455.59139999999996,0.625,0.0,55.650000000000006,0.7591026131903019,170.0,0.5,0.25,0.25,0.3333333333333333,0.3333333333333333,0.0,0.25,0.0
TSTA,378.3783,-0.09999999999999998,0.0,7.5,-0.6018034056333719,25.0,0.0,1.0,0.0,0.0,0.0,0.0,0.0,0.0
GGRP,385.4188,-1.725,0.0,86.5,0.7600916142893016,0.0,0.0,0.75,0.25,0.0,0.6666666666666666,0.0,0.25,0.0
FLPE,504.5759,0.3749999999999999,0.25,99.1,-1.231850644069997,97.5,0.5,0.25,0.25,0.3333333333333333,0.3333333333333333,0.0,0.0,0.25
VVLY,492.6081,2.725,0.25,7.5,-0.2670106110438486,242.5,0.75,0.25,0.0,0.3333333333333333,0.0,0.0,0.0,0.0
EAVQ,445.46739999999994,-0.24999999999999994,0.0,7.5,-1.1631723813020067,97.5,0.25,0.25,0.5,0.3333333333333333,0.3333333333333333,0.3333333333333333,0.0,0.25
FSEY,544.5536000000001,-0.7000000000000001,0.5,55.650000000000006,-1.2380869248364883,0.0,0.25,0.5,0.25,0.3333333333333333,0.6666666666666666,0.0,0.0,0.25
MFLG,466.594,2.025,0.25,7.5,-0.4996453124586552,97.5,0.75,0.25,0.0,0.3333333333333333,0.0,0.0,0.0,0.0
YGFL,498.5711999999999,1.2249999999999999,0.5,-13.725000000000001,-0.2408973868096983,97.5,0.5,0.5,0.0,0.3333333333333333,0.0,0.0,0.0,0.0
YGLF,498.5711999999999,1.2249999999999999,0.5,-13.725000000000001,-0.2408973868096983,97.5,0.5,0.5,0.0,0.3333333333333333,0.0,0.0,0.0,0.0
PLGG,342.3907,0.3499999999999999,0.0,38.35,-0.041471132421644796,97.5,0.25,0.75,0.0,0.6666666666666666,0.0,0.0,0.0,0.0
VKRP,498.61949999999996,-1.45,0.0,129.95000000000002,1.7329793890561507,72.5,0.25,0.25,0.5,0.0,0.3333333333333333,0.3333333333333333,0.5,0.0
IYLGQ,592.6842,0.6199999999999999,0.2,8.0,-0.2408973868096983,156.0,0.4,0.4,0.2,0.75,0.25,0.0,0.0,0.0
YDTQA,596.5869,-1.44,0.2,10.22,-1.2397766258698537,20.0,0.0,0.6,0.4,0.0,1.0,0.0,0.0,0.2
MDGAP,489.5431,-0.36000000000000004,0.0,29.540000000000003,-1.4985245515188106,20.0,0.2,0.6,0.2,0.0,0.25,0.25,0.0,0.2
MGSPT,491.55899999999997,-0.32,0.0,95.88,-0.4996453124586552,0.0,0.2,0.8,0.0,0.25,0.0,0.0,0.0,0.0
NRYHE,717.7301,-3.2,0.2,17.6,-0.14568545671441235,0.0,0.0,0.4,0.6,0.0,0.5,0.0,0.4,0.2
FVLPH,611.7322,1.2,0.2,46.52,-0.15272419755611044,136.0,0.6,0.4,0.0,0.25,0.0,0.0,0.2,0.0
QTPRY,663.7225,-2.32,0.2,-22.16,0.7590926132903006,0.0,0.0,0.6,0.4,0.0,0.75,0.0,0.2,0.0
NGRFY,655.7019,-1.3800000000000001,0.4,43.141999999999996,0.7590926132903006,0.0,0.2,0.4,0.4,0.25,0.5,0.25,0.2,0.0
QWDRQ,731.7567,-3.18,0.2,31.440000000000005,-0.2387876247708538,0.0,0.2,0.0,0.8,0.0,0.0,0.5,0.2,0.2
SHNPF,600.6235,-1.2600000000000002,0.2,88.12,-0.4526793525278141,0.0,0.2,0.6,0.2,0.25,0.5,0.0,0.2,0.0
REPKW,714.8124,-2.88,0.2,46.52,0.7619030752635112,0.0,0.2,0.2,0.6,0.0,0.5,0.25,0.4,0.2
LHSMK,614.7578,-0.44000000000000006,0.0,8.0,0.8462768014448888,78.0,0.4,0.4,0.2,0.5,0.0,0.25,0.4,0.0
DNLLN,587.6231,-0.5800000000000001,0.0,8.0,-1.2387776248708526,156.0,0.4,0.0,0.6,0.0,0.0,0.5,0.0,0.2
NKGPR,570.6424,-2.7800000000000002,0.0,23.299999999999997,1.759092613290301,0.0,0.0,0.4,0.6,0.0,0.5,0.0,0.4,0.0
RGLSK,559.6595,-1.16,0.0,-8.98,1.759092613290301,78.0,0.2,0.4,0.4,0.5,0.5,0.0,0.4,0.0
WLMSA,606.734,1.16,0.2,120.56,-0.23989838581069733,98.0,0.6,0.4,0.0,0.25,0.0,0.0,0.0,0.0
LSNGK,517.5764,-0.96,0.0,-39.04,0.7591026131903019,78.0,0.2,0.4,0.4,0.25,0.75,0.0,0.2,0.0
LKYPI,632.7912,0.29999999999999993,0.2,15.7,0.758103612191301,156.0,0.4,0.4,0.2,0.25,0.25,0.25,0.2,0.0
YASVV,537.6057,1.6199999999999999,0.2,55.36,-0.2408973868096983,136.0,0.4,0.6,0.0,0.25,0.0,0.0,0.0,0.0
NFWWP,748.8267,-0.8200000000000001,0.6000000000000001,-22.06,-0.23989838581069733,0.0,0.6,0.2,0.2,0.25,0.0,0.25,0.0,0.0
FWKVV,677.8333,1.28,0.4,-8.98,0.7591026131903019,116.0,0.8,0.0,0.2,0.0,0.0,0.5,0.2,0.0
TWKVV,631.7634,0.5800000000000001,0.2,-39.04,0.39719759336762717,116.0,0.6,0.2,0.2,0.25,0.0,0.5,0.2,0.0
FMPLH,643.7972,0.7399999999999999,0.2,95.88,-0.15272419755611044,78.0,0.6,0.4,0.0,0.75,0.0,0.0,0.2,0.0
YFLWP,724.845,0.5599999999999998,0.6000000000000001,55.36,-0.2408973868096983,78.0,0.6,0.4,0.0,0.5,0.0,0.0,0.0,0.0
WVWWW,861.9859,0.12000000000000002,0.8,-8.98,-0.23989838581069733,58.0,1.0,0.0,0.0,0.0,0.0,0.0,0.0,0.0
VIAPW,584.7069,1.6,0.2,40.760000000000005,-0.26601161004484764,156.0,0.6,0.4,0.0,0.5,0.0,0.0,0.0,0.0
MWKVW,748.9344,0.08000000000000003,0.4,-8.98,0.49935568654234397,58.0,0.8,0.0,0.2,0.0,0.0,0.5,0.2,0.0
LPILR,610.789,1.2,0.0,123.56,0.7600916142893016,234.0,0.6,0.2,0.2,0.5,0.0,0.25,0.2,0.0
VIEPR,612.7188,-0.18,0.0,119.32000000000001,-0.2632111479716386,136.0,0.4,0.2,0.4,0.0,0.5,0.25,0.2,0.2
YPFVE,653.7225,0.11999999999999997,0.4,71.2,-1.232849645068998,58.0,0.4,0.4,0.2,0.25,0.0,0.25,0.0,0.2
YGFLP,595.6864,0.6599999999999999,0.4,29.540000000000003,-0.2408973868096983,78.0,0.4,0.6,0.0,0.5,0.0,0.0,0.0,0.0
QIESW,661.7033,-0.8400000000000001,0.2,134.4,-1.2370879238374872,78.0,0.4,0.2,0.4,0.25,0.25,0.5,0.0,0.2
IPIGP,495.61220000000003,1.0799999999999998,0.0,2.24,-0.23989838581069733,156.0,0.4,0.6,0.0,0.75,0.0,0.0,0.0,0.0
YPLDL,619.7063,0.2399999999999999,0.2,32.68,-1.2397766258698537,156.0,0.4,0.4,0.2,0.25,0.0,0.5,0.0,0.2
TSNLLT,647.7182,0.3166666666666666,0.0,8.333333333333334,-0.6018034056333719,129.99999999999997,0.3333333333333333,0.5,0.16666666666666666,0.2,0.2,0.2,0.0,0.0
LMRWMR,892.1462,-0.38333333333333336,0.16666666666666669,118.13333333333333,1.7600816143893008,64.99999999999999,0.6666666666666666,0.0,0.3333333333333333,0.0,0.0,0.6,0.3333333333333333,0.0
DWMKGQ,763.8614,-1.7166666666666668,0.16666666666666669,33.65,-0.2397766258698535,0.0,0.3333333333333333,0.16666666666666666,0.5,0.0,0.4,0.4,0.16666666666666666,0.16666666666666666
WCTSVS,681.7576,0.5833333333333334,0.16666666666666669,62.66666666666667,-0.24979937590970713,48.33333333333332,0.5,0.5,0.0,0.6,0.0,0.0,0.0,0.0
DHPFLF,774.8624,0.1833333333333332,0.33333333333333337,35.63333333333334,-1.151603436616266,64.99999999999999,0.5,0.3333333333333333,0.16666666666666666,0.2,0.2,0.0,0.16666666666666666,0.16666666666666666
TMFPSA,652.7594,0.5666666666666665,0.16666666666666669,72.53333333333335,-0.6018034056333719,16.666666666666664,0.3333333333333333,0.6666666666666666,0.0,0.4,0.0,0.0,0.0,0.0
SDWDRF,824.8367999999999,-1.7333333333333334,0.33333333333333337,-4.233333333333333,-1.537622018802713,0.0,0.3333333333333333,0.16666666666666666,0.5,0.0,0.2,0.6,0.16666666666666666,0.3333333333333333
WVAPLK,712.8792,0.5666666666666667,0.16666666666666669,12.133333333333336,0.7591026131903019,129.99999999999997,0.5,0.3333333333333333,0.16666666666666666,0.4,0.0,0.2,0.16666666666666666,0.0
LHDELT,726.7751,-0.5500000000000002,0.0,8.333333333333334,-2.1487929746430554,129.99999999999997,0.3333333333333333,0.3333333333333333,0.3333333333333333,0.4,0.2,0.2,0.16666666666666666,0.3333333333333333
QRNNPY,790.8238,-2.983333333333333,0.16666666666666669,24.1,0.7590926132903006,0.0,0.0,0.3333333333333333,0.6666666666666666,0.0,0.2,0.0,0.16666666666666666,0.0
WDTRGQ,761.7827,-2.25,0.16666666666666669,-30.866666666666667,-0.2387876247708538,0.0,0.16666666666666666,0.3333333333333333,0.5,0.0,0.8,0.2,0.16666666666666666,0.16666666666666666
VSPHLP,648.7509,0.13333333333333328,0.0,113.66666666666667,-0.17883742179026074,113.33333333333331,0.3333333333333333,0.6666666666666666,0.0,0.6,0.0,0.0,0.16666666666666666,0.0
WNMNAH,771.8435999999999,-1.2333333333333334,0.16666666666666669,14.75,-0.15272419755611044,16.666666666666664,0.3333333333333333,0.3333333333333333,0.3333333333333333,0.0,0.2,0.6,0.16666666666666666,0.0
SDGFQF,699.7081,-0.4333333333333334,0.33333333333333337,-4.233333333333333,-1.5387327798425563,0.0,0.3333333333333333,0.3333333333333333,0.3333333333333333,0.2,0.4,0.4,0.0,0.16666666666666666
TPCPPQ,641.7369,-1.0833333333333333,0.0,92.06666666666669,-0.6117043957323818,0.0,0.16666666666666666,0.6666666666666666,0.16666666666666666,0.4,0.2,0.0,0.0,0.0
LLCVAV,616.8132999999999,3.3833333333333333,0.0,-4.233333333333333,-0.24979937590970713,243.3333333333333,0.8333333333333334,0.16666666666666666,0.0,0.4,0.0,0.0,0.0,0.0
YFYPQL,829.9375,-0.18333333333333343,0.5,115.33500000000002,-0.24189638780869938,64.99999999999999,0.3333333333333333,0.5,0.16666666666666666,0.4,0.2,0.2,0.0,0.0
GFGPGL,546.6157999999999,0.6333333333333332,0.16666666666666669,8.333333333333334,-0.23989838581069733,64.99999999999999,0.3333333333333333,0.6666666666666666,0.0,0.6,0.0,0.0,0.0,0.0
LTTLDS,648.703,0.3166666666666666,0.0,40.43333333333334,-1.2387776248708526,129.99999999999997,0.3333333333333333,0.5,0.16666666666666666,0.4,0.2,0.2,0.0,0.16666666666666666
MPACGS,564.6759,0.5666666666666667,0.0,186.9,-0.509546302557665,16.666666666666664,0.3333333333333333,0.6666666666666666,0.0,0.6,0.0,0.0,0.0,0.0
FDPFPK,749.853,-0.8333333333333334,0.33333333333333337,93.10000000000001,-0.2397766258698535,0.0,0.3333333333333333,0.3333333333333333,0.3333333333333333,0.4,0.4,0.2,0.16666666666666666,0.16666666666666666
LEDGLK,673.7555,-0.6166666666666667,0.0,26.283333333333335,-1.2369661638966432,129.99999999999997,0.3333333333333333,0.16666666666666666,0.5,0.2,0.2,0.4,0.16666666666666666,0.3333333333333333
IDDVLK,701.8086,0.26666666666666666,0.0,-5.816666666666667,-1.238655864930009,178.3333333333333,0.5,0.0,0.5,0.0,0.0,0.6,0.16666666666666666,0.3333333333333333
MLLFPM,751.0115,2.1,0.16666666666666669,27.86666666666667,-0.4996453124586552,129.99999999999997,0.8333333333333334,0.16666666666666666,0.0,0.4,0.0,0.0,0.0,0.0
RDKVYR,835.9506,-2.25,0.16666666666666669,-60.71666666666667,1.7592043733311435,48.33333333333332,0.16666666666666666,0.16666666666666666,0.6666666666666666,0.2,0.2,0.2,0.5,0.16666666666666666
LTEIIP,684.8212,1.1666666666666667,0.0,67.73333333333333,-1.2370879238374872,194.99999999999997,0.5,0.3333333333333333,0.16666666666666666,0.4,0.2,0.2,0.0,0.16666666666666666
YPFVVN,737.8421,0.7999999999999999,0.33333333333333337,61.00000000000001,-0.2408973868096983,96.66666666666664,0.5,0.3333333333333333,0.16666666666666666,0.2,0.0,0.2,0.0,0.0
YPLDLF,766.8801,0.6666666666666665,0.33333333333333337,28.900000000000002,-1.2397766258698537,129.99999999999997,0.5,0.3333333333333333,0.16666666666666666,0.2,0.0,0.4,0.0,0.16666666666666666
YLGYLE,756.8421999999999,0.18333333333333326,0.33333333333333337,-5.816666666666667,-1.2338486460679992,129.99999999999997,0.3333333333333333,0.5,0.16666666666666666,0.6,0.0,0.2,0.0,0.16666666666666666
NWEKIR,844.9574,-1.9666666666666668,0.16666666666666669,-23.1,0.7619030752635112,64.99999999999999,0.3333333333333333,0.0,0.6666666666666666,0.0,0.0,0.8,0.3333333333333333,0.16666666666666666
RWWQLR,944.0932999999999,-1.75,0.33333333333333337,135.9,1.7600816143893008,64.99999999999999,0.5,0.0,0.5,0.0,0.0,0.8,0.3333333333333333,0.0
AIILHQ,693.8344999999999,1.3166666666666667,0.0,40.43333333333334,-0.11695122389132617,211.66666666666663,0.5,0.3333333333333333,0.16666666666666666,0.4,0.2,0.0,0.16666666666666666,0.0
DLTDFL,722.783,0.4499999999999999,0.16666666666666669,-4.233333333333333,-2.2376568639310084,129.99999999999997,0.5,0.16666666666666666,0.3333333333333333,0.2,0.2,0.4,0.0,0.3333333333333333
VLLHLK,721.9307,1.4166666666666667,0.0,-5.816666666666667,0.8201635772107384,243.33333333333331,0.6666666666666666,0.16666666666666666,0.16666666666666666,0.4,0.0,0.2,0.3333333333333333,0.0
DKIHPF,755.8609,-0.8166666666666668,0.16666666666666669,27.900000000000006,-0.1526024376152666,64.99999999999999,0.3333333333333333,0.3333333333333333,0.3333333333333333,0.4,0.0,0.2,0.3333333333333333,0.16666666666666666
VPYPQR,758.8648,-1.3833333333333335,0.16666666666666669,93.10000000000001,0.7329793890561502,48.33333333333332,0.16666666666666666,0.5,0.3333333333333333,0.2,0.2,0.0,0.16666666666666666,0.0
SGYYMH,756.8256,-0.8500000000000001,0.33333333333333337,183.45,-0.45467735452581615,0.0,0.16666666666666666,0.8333333333333334,0.0,0.4,0.0,0.0,0.16666666666666666,0.0
LGTFQN,678.7337,-0.25000000000000006,0.16666666666666669,14.75,-0.23989838581069733,64.99999999999999,0.3333333333333333,0.3333333333333333,0.3333333333333333,0.4,0.0,0.2,0.0,0.0
LHALLL,678.8629,2.3,0.0,8.333333333333334,-0.15272419755611044,276.66666666666663,0.6666666666666666,0.3333333333333333,0.0,0.4,0.0,0.0,0.16666666666666666,0.0
VLPVPEK,780.9516,0.2285714285714286,0.0,115.94285714285714,-0.26420014907063827,138.57142857142856,0.42857142857142855,0.2857142857142857,0.2857142857142857,0.5,0.16666666666666666,0.0,0.14285714285714285,0.14285714285714285
SSGFTMQ,756.8240999999999,-0.21428571428571436,0.14285714285714288,25.314285714285717,-0.539853540782401,0.0,0.2857142857142857,0.5714285714285714,0.14285714285714285,0.5,0.0,0.16666666666666666,0.0,0.0
EAAVYPL,761.8620999999999,0.7428571428571429,0.14285714285714288,15.42857142857143,-1.1641713823010078,125.71428571428571,0.2857142857142857,0.5714285714285714,0.14285714285714285,0.5,0.16666666666666666,0.0,0.0,0.14285714285714285
APGAGVY,633.6931,0.5857142857142856,0.14285714285714288,13.185714285714287,-0.20512441314491403,70.0,0.14285714285714285,0.8571428571428571,0.0,0.3333333333333333,0.0,0.0,0.0,0.0
YYQQKPV,925.0386,-1.5571428571428572,0.28571428571428575,70.45714285714287,0.7571046111922999,41.42857142857142,0.14285714285714285,0.42857142857142855,0.42857142857142855,0.16666666666666666,0.3333333333333333,0.0,0.14285714285714285,0.0
LPDEVSG,715.7491,-0.2571428571428572,0.0,25.314285714285717,-2.2359671628976425,97.14285714285714,0.2857142857142857,0.42857142857142855,0.2857142857142857,0.3333333333333333,0.16666666666666666,0.16666666666666666,0.0,0.2857142857142857
QFLLAGR,803.9483999999999,0.5428571428571428,0.14285714285714288,-2.2,0.7600916142893016,125.7142857142857,0.42857142857142855,0.2857142857142857,0.2857142857142857,0.16666666666666666,0.16666666666666666,0.16666666666666666,0.14285714285714285,0.0
NQNGRFY,897.9336999999999,-1.9857142857142858,0.28571428571428575,22.90142857142857,0.7590926132903006,0.0,0.14285714285714285,0.2857142857142857,0.5714285714285714,0.16666666666666666,0.3333333333333333,0.16666666666666666,0.14285714285714285,0.0
GSIFVPH,755.8607999999999,0.7857142857142857,0.14285714285714288,36.08571428571429,-0.15272419755611044,97.14285714285714,0.42857142857142855,0.5714285714285714,0.0,0.3333333333333333,0.0,0.0,0.14285714285714285,0.0
HHQDPPW,915.9508,-2.5,0.14285714285714288,59.48571428571429,-1.0644292483616788,0.0,0.14285714285714285,0.5714285714285714,0.2857142857142857,0.16666666666666666,0.3333333333333333,0.0,0.2857142857142857,0.14285714285714285
VGGDGDV,617.6059999999999,0.028571428571428612,0.0,14.071428571428571,-2.263770088165159,82.85714285714285,0.2857142857142857,0.42857142857142855,0.2857142857142857,0.16666666666666666,0.5,0.16666666666666666,0.0,0.2857142857142857
IIAPPER,794.9385,-0.05714285714285716,0.0,88.42857142857144,-0.23709792373748817,125.7142857142857,0.2857142857142857,0.42857142857142855,0.2857142857142857,0.16666666666666666,0.16666666666666666,0.0,0.14285714285714285,0.14285714285714285
LAPSTIK,728.8770999999999,0.4428571428571428,0.0,51.471428571428575,0.7591026131903019,125.7142857142857,0.2857142857142857,0.5714285714285714,0.14285714285714285,0.3333333333333333,0.0,0.16666666666666666,0.14285714285714285,0.0
AGDDAPR,700.6981,-1.4142857142857144,0.0,25.314285714285717,-1.201893890166225,28.57142857142857,0.0,0.5714285714285714,0.42857142857142855,0.0,0.5,0.0,0.14285714285714285,0.2857142857142857
FKGPACA,692.8266,0.42857142857142855,0.14285714285714288,65.25714285714285,0.7492016230912921,28.57142857142857,0.2857142857142857,0.5714285714285714,0.14285714285714285,0.3333333333333333,0.16666666666666666,0.16666666666666666,0.14285714285714285,0.0
SVLGTGC,635.7306,1.1714285714285713,0.0,-15.685714285714287,-0.5497545308814108,97.14285714285714,0.42857142857142855,0.5714285714285714,0.0,0.5,0.0,0.0,0.0,0.0
YPFPGPI,789.9168,0.11428571428571421,0.28571428571428575,81.22857142857143,-0.2408973868096983,55.71428571428571,0.2857142857142857,0.7142857142857143,0.0,0.5,0.0,0.0,0.0,0.0
RYLGYLE,913.0278999999999,-0.48571428571428577,0.28571428571428575,-14.328571428571431,-0.2338586459680001,111.42857142857142,0.2857142857142857,0.42857142857142855,0.2857142857142857,0.5,0.16666666666666666,0.16666666666666666,0.14285714285714285,0.14285714285714285
IDLGTTY,781.8502,0.24285714285714283,0.14285714285714288,-3.5571428571428574,-1.2397766258698537,111.42857142857142,0.2857142857142857,0.5714285714285714,0.14285714285714285,0.16666666666666666,0.0,0.3333333333333333,0.0,0.14285714285714285
GEGFFEM,815.8894999999999,-0.04285714285714293,0.28571428571428575,-2.2,-2.234277461864277,0.0,0.42857142857142855,0.2857142857142857,0.2857142857142857,0.16666666666666666,0.3333333333333333,0.3333333333333333,0.0,0.2857142857142857
APGIIPR,722.8757999999999,0.3857142857142857,0.0,9.071428571428573,0.7958645879540859,125.7142857142857,0.2857142857142857,0.5714285714285714,0.14285714285714285,0.3333333333333333,0.16666666666666666,0.0,0.14285714285714285,0.0
AEYVRLY,913.0278999999999,-0.1142857142857143,0.28571428571428575,8.571428571428571,-0.20332295207070583,111.42857142857142,0.2857142857142857,0.42857142857142855,0.2857142857142857,0.3333333333333333,0.3333333333333333,0.3333333333333333,0.14285714285714285,0.14285714285714285
AIILHQQ,821.9636999999999,0.6285714285714284,0.0,63.60000000000001,-0.11695122389132617,181.42857142857142,0.42857142857142855,0.2857142857142857,0.2857142857142857,0.3333333333333333,0.16666666666666666,0.0,0.14285714285714285,0.0
HQTSEFK,875.9250999999999,-1.8285714285714287,0.14285714285714288,14.614285714285717,-0.15091273658190096,0.0,0.14285714285714285,0.42857142857142855,0.42857142857142855,0.0,0.5,0.3333333333333333,0.2857142857142857,0.14285714285714285
IILHQQQ,879.015,-0.12857142857142861,0.0,91.11428571428571,-0.15272419755611044,167.14285714285714,0.42857142857142855,0.14285714285714285,0.42857142857142855,0.16666666666666666,0.16666666666666666,0.0,0.14285714285714285,0.0
PSIVGRP,724.8485999999999,-0.02857142857142858,0.0,39.34285714285715,0.9585188676783541,97.14285714285714,0.2857142857142857,0.5714285714285714,0.14285714285714285,0.3333333333333333,0.3333333333333333,0.0,0.14285714285714285,0.0
KVLPVPE,780.9516,0.2285714285714286,0.0,103.81428571428572,-0.23284964506899786,138.57142857142856,0.42857142857142855,0.2857142857142857,0.2857142857142857,0.5,0.16666666666666666,0.16666666666666666,0.14285714285714285,0.14285714285714285
KVLPVPQ,779.9667999999999,0.2285714285714286,0.0,106.50000000000001,0.7591026131903019,138.57142857142856,0.42857142857142855,0.2857142857142857,0.2857142857142857,0.5,0.16666666666666666,0.16666666666666666,0.14285714285714285,0.0
DAQEFKR,892.9555999999999,-2.042857142857143,0.14285714285714288,61.1857142857143,-0.2369761637966441,14.285714285714285,0.14285714285714285,0.14285714285714285,0.7142857142857143,0.0,0.3333333333333333,0.3333333333333333,0.2857142857142857,0.2857142857142857
KVLPVPEK,909.1239,-0.2875,0.0,92.0875,0.7609140741645111,121.25,0.375,0.25,0.375,0.42857142857142855,0.14285714285714285,0.14285714285714285,0.25,0.125
HTVQCMFQ,993.1605999999999,0.06249999999999997,0.125,30.650000000000006,-0.16262518765512024,36.25,0.5,0.25,0.25,0.14285714285714285,0.0,0.42857142857142855,0.125,0.0
YPKLAPNE,931.0433,-1.225,0.125,37.6375,-0.23384864606799893,61.25,0.125,0.5,0.375,0.14285714285714285,0.2857142857142857,0.14285714285714285,0.125,0.125
FVAPFPEV,905.0472,1.1375,0.25,102.69999999999999,-1.2370879238374872,85.0,0.5,0.375,0.125,0.42857142857142855,0.14285714285714285,0.14285714285714285,0.0,0.125
GMPGFDVR,878.0070000000001,-0.18750000000000003,0.125,79.1,-0.2387876247708538,36.25,0.375,0.375,0.25,0.42857142857142855,0.0,0.42857142857142855,0.125,0.125
YSNQNGRF,985.011,-1.8375000000000001,0.25,-19.4625,0.7590926132903006,0.0,0.125,0.375,0.5,0.0,0.42857142857142855,0.14285714285714285,0.125,0.0
PQGPIGVP,763.8813,-0.05000000000000002,0.0,56.900000000000006,-0.041471132421644796,85.0,0.25,0.625,0.125,0.5714285714285714,0.2857142857142857,0.0,0.0,0.0
SRGLPGME,845.9637,-0.6875,0.0,46.2875,-0.5318157989417018,48.75,0.25,0.5,0.25,0.42857142857142855,0.2857142857142857,0.14285714285714285,0.125,0.125
PAGLPGPA,678.7769000000001,0.22499999999999995,0.0,80.975,-0.041471132421644796,73.75,0.125,0.875,0.0,0.2857142857142857,0.0,0.0,0.0,0.0
VAPEEHPV,876.9529,-0.4,0.0,106.35000000000002,-2.1732164978438404,85.0,0.25,0.5,0.25,0.2857142857142857,0.2857142857142857,0.0,0.125,0.25
NYVADGLG,807.8476,0.0875,0.125,-1.8625000000000003,-1.2397766258698537,97.5,0.25,0.5,0.25,0.5714285714285714,0.42857142857142855,0.0,0.0,0.125
LQAEQDDR,973.9837,-2.05,0.0,88.225,-2.234856401857799,61.25,0.125,0.125,0.75,0.0,0.2857142857142857,0.14285714285714285,0.125,0.375
FAPVPFDF,939.0634,0.9624999999999999,0.375,111.05000000000001,-1.2387776248708526,48.75,0.5,0.375,0.125,0.5714285714285714,0.0,0.2857142857142857,0.0,0.125
YPFPGPIP,887.0319999999999,-0.10000000000000007,0.25,68.725,-0.2408973868096983,48.75,0.25,0.75,0.0,0.5714285714285714,0.0,0.0,0.0,0.0
YPFPGPIN,904.0194000000001,-0.3375000000000001,0.25,72.325,-0.2408973868096983,48.75,0.25,0.625,0.125,0.42857142857142855,0.0,0.14285714285714285,0.0,0.0
IGFLIIWV,960.2117000000001,2.875,0.25,-1.8625000000000003,-0.23989838581069733,231.25,0.875,0.125,0.0,0.2857142857142857,0.0,0.0,0.0,0.0
AGWACLVG,775.9150999999999,1.55,0.125,73.775,-0.21402640224492286,110.0,0.5,0.5,0.0,0.5714285714285714,0.0,0.0,0.0,0.0
AIILHQQQ,950.0929000000001,0.11249999999999996,0.0,80.975,-0.11695122389132617,158.75,0.375,0.25,0.375,0.2857142857142857,0.14285714285714285,0.0,0.125,0.0
GTFLQPHQ,927.0147999999999,-0.7875000000000001,0.125,78.38750000000002,-0.15272419755611044,48.75,0.25,0.5,0.25,0.14285714285714285,0.2857142857142857,0.14285714285714285,0.125,0.0
LTADILPR,898.0581999999999,0.44999999999999996,0.0,36.862500000000004,-0.2387876247708538,158.75,0.375,0.375,0.25,0.2857142857142857,0.2857142857142857,0.14285714285714285,0.125,0.125
VAITLTMK,876.1155000000001,1.3625,0.0,8.75,0.7329893889561515,146.25,0.5,0.375,0.125,0.8571428571428571,0.0,0.14285714285714285,0.125,0.0
VLPPQQQY,972.0951,-0.875,0.125,119.7,-0.2670106110438486,85.0,0.25,0.375,0.375,0.14285714285714285,0.2857142857142857,0.0,0.0,0.0
VPPSKLSP,823.9764,-0.28750000000000003,0.0,125.2875,0.7329893889561515,85.0,0.25,0.625,0.125,0.2857142857142857,0.14285714285714285,0.14285714285714285,0.125,0.0
VSKSVLVK,859.0651,0.875,0.0,5.15,1.731990387957151,157.5,0.5,0.25,0.25,0.2857142857142857,0.2857142857142857,0.14285714285714285,0.25,0.0
DNIPIVIR,939.1100000000001,0.575,0.0,49.46249999999999,-0.2387876247708538,182.5,0.5,0.125,0.375,0.2857142857142857,0.0,0.2857142857142857,0.125,0.125
EALEAMFL,923.0841,1.1124999999999998,0.125,8.75,-2.1603619193287966,122.5,0.5,0.25,0.25,0.2857142857142857,0.2857142857142857,0.14285714285714285,0.0,0.25
ITFAAYRR,997.1510000000001,-0.012500000000000011,0.25,74.6375,1.7590826133902997,73.75,0.25,0.5,0.25,0.42857142857142855,0.14285714285714285,0.0,0.25,0.0
HPVPPKKK,930.1481000000001,-1.9375,0.0,77.375,2.8442787994468874,36.25,0.125,0.5,0.375,0.2857142857142857,0.14285714285714285,0.0,0.5,0.0
GEPGPPGAP,777.8219,-1.0333333333333334,0.0,55.27777777777778,-1.2370879238374872,11.11111111111111,0.0,0.8888888888888888,0.1111111111111111,0.0,0.25,0.0,0.0,0.1111111111111111
LARNATPPR,995.137,-1.0,0.0,35.62222222222223,1.7600816143893008,65.55555555555554,0.1111111111111111,0.5555555555555556,0.3333333333333333,0.125,0.375,0.0,0.2222222222222222,0.0
LADGVAAPA,783.8694,1.0777777777777777,0.0,42.25555555555556,-1.2387776248708526,119.99999999999999,0.2222222222222222,0.6666666666666666,0.1111111111111111,0.375,0.25,0.0,0.0,0.1111111111111111
LSKAQSDFG,952.0193999999999,-0.5,0.1111111111111111,49.333333333333336,-0.2397766258698535,54.44444444444444,0.2222222222222222,0.4444444444444444,0.3333333333333333,0.25,0.625,0.125,0.1111111111111111,0.1111111111111111
VLSPPFTGE,946.0545999999999,0.2444444444444444,0.1111111111111111,82.70000000000002,-1.2579638683041474,75.55555555555554,0.3333333333333333,0.5555555555555556,0.1111111111111111,0.375,0.125,0.0,0.0,0.1111111111111111
WIHNENQGF,1144.1956,-1.2444444444444445,0.2222222222222222,40.53333333333333,-1.1499137355829,43.33333333333333,0.3333333333333333,0.2222222222222222,0.4444444444444444,0.25,0.25,0.0,0.1111111111111111,0.1111111111111111
QGLQGLPGT,869.9619,-0.32222222222222224,0.0,57.077777777777776,-0.23989838581069733,86.66666666666666,0.2222222222222222,0.5555555555555556,0.2222222222222222,0.375,0.25,0.125,0.0,0.0
KGPPGEIGR,910.0292,-1.3111111111111111,0.0,33.87777777777778,0.7619030752635112,43.33333333333333,0.1111111111111111,0.5555555555555556,0.3333333333333333,0.125,0.375,0.125,0.2222222222222222,0.1111111111111111
AAAPVAVAK,796.9543,1.3222222222222222,0.0,51.6888888888889,0.794875586855086,120.0,0.2222222222222222,0.6666666666666666,0.1111111111111111,0.5,0.125,0.0,0.1111111111111111,0.0
YDDGSYKPH,1081.0919000000001,-2.1666666666666665,0.2222222222222222,26.822222222222223,-1.1534796786734243,0.0,0.0,0.6666666666666666,0.3333333333333333,0.0,0.5,0.0,0.2222222222222222,0.2222222222222222
AIGVGAIER,885.0196000000001,0.8888888888888888,0.0,38.84444444444444,-0.2013249500727039,141.1111111111111,0.3333333333333333,0.4444444444444444,0.2222222222222222,0.625,0.0,0.125,0.1111111111111111,0.1111111111111111
YLAGNQEQE,1051.0643,-1.511111111111111,0.1111111111111111,55.27777777777778,-2.230039183095788,54.44444444444444,0.1111111111111111,0.3333333333333333,0.5555555555555556,0.25,0.125,0.0,0.0,0.2222222222222222
VVPPFLQPE,1025.1975,0.3555555555555555,0.1111111111111111,150.02222222222224,-1.2579638683041474,107.77777777777777,0.4444444444444444,0.3333333333333333,0.2222222222222222,0.25,0.25,0.125,0.0,0.1111111111111111
PFPEVFGKE,1049.1759,-0.5222222222222223,0.2222222222222222,61.56666666666667,-1.031611929706735,32.22222222222222,0.3333333333333333,0.3333333333333333,0.3333333333333333,0.375,0.25,0.125,0.1111111111111111,0.2222222222222222
SDPPLVFVG,930.0551,0.7888888888888889,0.1111111111111111,20.85555555555556,-1.5387327798425563,107.77777777777777,0.4444444444444444,0.4444444444444444,0.1111111111111111,0.25,0.25,0.0,0.0,0.1111111111111111
NLNQCQRYM,1169.3343,-1.2888888888888888,0.1111111111111111,24.2,0.7491916231912907,43.33333333333333,0.3333333333333333,0.1111111111111111,0.5555555555555556,0.125,0.125,0.5,0.1111111111111111,0.0
WVSPLAGRT,986.1251,0.09999999999999999,0.1111111111111111,48.27777777777778,0.7600916142893016,86.66666666666666,0.3333333333333333,0.5555555555555556,0.1111111111111111,0.375,0.25,0.0,0.1111111111111111,0.0
NAVPITPTL,925.0802000000001,0.6888888888888889,0.0,30.28888888888889,-0.23989838581069733,130.0,0.3333333333333333,0.5555555555555556,0.1111111111111111,0.625,0.125,0.0,0.0,0.0
MYGAVTPVK,965.1671000000001,0.4666666666666667,0.1111111111111111,25.1,0.498356685543343,75.55555555555556,0.3333333333333333,0.5555555555555556,0.1111111111111111,0.5,0.0,0.125,0.1111111111111111,0.0
AFDEGPWPK,1046.1323,-1.2000000000000002,0.2222222222222222,19.400000000000002,-1.201193190231859,11.11111111111111,0.2222222222222222,0.4444444444444444,0.3333333333333333,0.375,0.25,0.125,0.1111111111111111,0.2222222222222222
AGLQFPVGR,944.0882999999999,0.2444444444444444,0.1111111111111111,70.10000000000001,0.7958645879540859,86.66666666666666,0.3333333333333333,0.4444444444444444,0.2222222222222222,0.5,0.125,0.25,0.1111111111111111,0.0
AMPVEVVQF,1019.2144000000001,1.1666666666666667,0.1111111111111111,70.73333333333333,-1.2013149501727027,107.77777777777776,0.5555555555555556,0.2222222222222222,0.2222222222222222,0.375,0.0,0.5,0.0,0.1111111111111111
ENLQNYRLL,1162.2954,-0.9333333333333333,0.1111111111111111,26.322222222222226,-0.16418138220100897,129.99999999999997,0.3333333333333333,0.1111111111111111,0.5555555555555556,0.0,0.25,0.375,0.1111111111111111,0.1111111111111111
ESTAKQVIR,1031.1642,-0.711111111111111,0.0,48.177777777777784,0.8358186177989912,86.66666666666666,0.2222222222222222,0.3333333333333333,0.4444444444444444,0.0,0.25,0.25,0.2222222222222222,0.1111111111111111
ESTLHLVLR,1067.2393,0.3222222222222222,0.0,51.6888888888889,-0.076008192947421,162.2222222222222,0.4444444444444444,0.3333333333333333,0.2222222222222222,0.375,0.125,0.125,0.2222222222222222,0.1111111111111111
QTVAVGVIK,914.1005,1.1555555555555557,0.0,-9.977777777777778,0.7591026131903019,151.1111111111111,0.4444444444444444,0.3333333333333333,0.2222222222222222,0.625,0.125,0.125,0.1111111111111111,0.0
VMTVHNTPY,1061.2114,-0.07777777777777778,0.1111111111111111,22.56666666666667,-0.1798364227892617,64.44444444444444,0.3333333333333333,0.5555555555555556,0.1111111111111111,0.375,0.25,0.0,0.1111111111111111,0.0
VIESPPEIN,997.0998,-0.14444444444444446,0.0,190.04444444444445,-2.260390686098427,118.88888888888889,0.3333333333333333,0.3333333333333333,0.3333333333333333,0.0,0.25,0.375,0.0,0.2222222222222222
ELQDKIHPF,1126.2617,-0.9000000000000001,0.1111111111111111,79.55555555555556,-1.0758764331065762,86.66666666666666,0.3333333333333333,0.2222222222222222,0.4444444444444444,0.25,0.0,0.375,0.2222222222222222,0.2222222222222222
YPFPGPIPN,1001.1346000000001,-0.47777777777777786,0.2222222222222222,62.199999999999996,-0.2408973868096983,43.33333333333333,0.2222222222222222,0.6666666666666666,0.1111111111111111,0.5,0.125,0.0,0.0,0.0
QTFQYSRGWTN,1387.4552999999999,-1.5454545454545454,0.2727272727272727,7.136363636363632,0.7590926132903006,0.0,0.18181818181818182,0.45454545454545453,0.36363636363636365,0.3,0.5,0.1,0.09090909090909091,0.0
LVTGDDKTNLK,1203.3426,-0.7545454545454546,0.0,-35.445454545454545,-0.23965486592901009,97.27272727272728,0.2727272727272727,0.2727272727272727,0.45454545454545453,0.1,0.3,0.2,0.18181818181818182,0.18181818181818182
MPVDVIANAYR,1248.4507999999998,0.36363636363636365,0.09090909090909091,37.509090909090915,-0.4995335524178126,106.36363636363637,0.36363636363636365,0.36363636363636365,0.2727272727272727,0.3,0.3,0.2,0.09090909090909091,0.09090909090909091
HNLDTQTESDV,1258.2489,-1.3545454545454545,0.0,45.11818181818182,-3.147672213703211,61.81818181818183,0.18181818181818182,0.36363636363636365,0.45454545454545453,0.0,0.7,0.3,0.09090909090909091,0.2727272727272727
SCQDQPTTLAR,1219.3255,-0.9727272727272727,0.0,66.8909090909091,-0.5486437698415672,44.545454545454554,0.18181818181818182,0.45454545454545453,0.36363636363636365,0.3,0.2,0.1,0.09090909090909091,0.09090909090909091
YIQKEDVPSER,1363.4722,-1.5818181818181818,0.09090909090909091,79.12727272727273,-1.235164702822435,61.81818181818183,0.18181818181818182,0.2727272727272727,0.5454545454545454,0.2,0.1,0.2,0.18181818181818182,0.2727272727272727
IGINAENNQRN,1242.299,-1.3727272727272728,0.0,5.736363636363635,-0.23709792373748817,80.00000000000001,0.18181818181818182,0.18181818181818182,0.6363636363636364,0.2,0.2,0.1,0.09090909090909091,0.09090909090909091
EDELQDKIHPF,1370.4631,-1.3727272727272728,0.09090909090909091,84.41818181818182,-3.0719452101935216,70.90909090909092,0.2727272727272727,0.18181818181818182,0.5454545454545454,0.2,0.0,0.3,0.18181818181818182,0.36363636363636365
AVFPSIVGRPR,1198.417,0.3727272727272727,0.09090909090909091,39.32727272727272,1.7958545880540848,97.27272727272728,0.36363636363636365,0.45454545454545453,0.18181818181818182,0.4,0.3,0.0,0.18181818181818182,0.0
GGVLPNINPVL,1092.2883,0.8636363636363636,0.0,92.65454545454546,-0.23989838581069733,159.0909090909091,0.45454545454545453,0.36363636363636365,0.18181818181818182,0.3,0.2,0.2,0.0,0.0
LAQGTFLQPHQ,1239.3795,-0.3818181818181819,0.09090909090909091,59.73636363636364,-0.15272419755611044,80.00000000000001,0.2727272727272727,0.45454545454545453,0.2727272727272727,0.2,0.4,0.1,0.09090909090909091,0.0
TKMDEGVVTKK,1235.4507,-0.9272727272727272,0.0,31.009090909090908,0.3991308142826808,52.727272727272734,0.2727272727272727,0.2727272727272727,0.45454545454545453,0.2,0.3,0.2,0.2727272727272727,0.18181818181818182
VLVSGSIHYPR,1227.4117999999999,0.3727272727272727,0.09090909090909091,64.61818181818181,0.8201535773107371,123.63636363636365,0.36363636363636365,0.5454545454545454,0.09090909090909091,0.3,0.1,0.0,0.18181818181818182,0.0
NAGPFTPTVNR,1173.2784,-0.7000000000000001,0.09090909090909091,26.6,0.7600916142893016,35.45454545454546,0.18181818181818182,0.5454545454545454,0.2727272727272727,0.3,0.1,0.1,0.09090909090909091,0.0
PAEMVAAALDR,1143.3138,0.36363636363636365,0.0,19.745454545454546,-1.037549909408591,98.18181818181819,0.2727272727272727,0.45454545454545453,0.2727272727272727,0.2,0.1,0.2,0.09090909090909091,0.18181818181818182
KVALMSAGSMH,1131.3691999999999,0.5727272727272728,0.0,93.39090909090908,0.8462768014448888,80.0,0.36363636363636365,0.5454545454545454,0.09090909090909091,0.5,0.0,0.1,0.18181818181818182,0.0
GTPGLQGMPGER,1199.3373,-0.9416666666666668,0.0,59.59166666666666,-0.23709792373748817,32.49999999999999,0.16666666666666666,0.5833333333333334,0.25,0.2727272727272727,0.18181818181818182,0.09090909090909091,0.08333333333333333,0.08333333333333333
GPAGPTGARGAP,1008.0893999999998,-0.5166666666666667,0.0,12.96666666666667,0.7600916142893016,25.0,0.0,0.9166666666666666,0.08333333333333333,0.0,0.18181818181818182,0.0,0.08333333333333333,0.0
FVDAQPQQKEEG,1375.4397999999999,-1.5083333333333335,0.08333333333333334,71.95833333333333,-2.234155701923433,32.49999999999999,0.16666666666666666,0.25,0.5833333333333334,0.0,0.45454545454545453,0.09090909090909091,0.08333333333333333,0.25
VIESPPEINTVQ,1325.4639,-0.10833333333333332,0.0,137.95833333333331,-2.260390686098427,113.33333333333331,0.3333333333333333,0.3333333333333333,0.3333333333333333,0.09090909090909091,0.2727272727272727,0.36363636363636365,0.0,0.16666666666666666
FLKKISQRYQKF,1585.8896,-0.9500000000000001,0.25,4.783333333333334,3.7560956102932983,64.99999999999999,0.3333333333333333,0.16666666666666666,0.5,0.09090909090909091,0.2727272727272727,0.2727272727272727,0.3333333333333333,0.0
HLQDFGSEILPR,1411.5612999999998,-0.5083333333333334,0.08333333333333334,104.01666666666668,-1.1488029745430566,97.49999999999999,0.3333333333333333,0.3333333333333333,0.3333333333333333,0.2727272727272727,0.18181818181818182,0.2727272727272727,0.16666666666666666,0.16666666666666666
QDAHVPDNFIPK,1380.5041999999999,-0.9166666666666666,0.08333333333333334,12.983333333333336,-1.1514816766754221,64.99999999999999,0.25,0.3333333333333333,0.4166666666666667,0.2727272727272727,0.2727272727272727,0.09090909090909091,0.16666666666666666,0.16666666666666666
AAPFPGQKSLQR,1299.4778999999999,-0.7999999999999999,0.08333333333333334,84.48333333333333,1.7948655869550851,49.16666666666666,0.16666666666666666,0.5,0.3333333333333333,0.2727272727272727,0.18181818181818182,0.09090909090909091,0.16666666666666666,0.0
GPIYSNEFGKFF,1405.5515,-0.2083333333333334,0.33333333333333337,2.091666666666667,-0.23908592583548893,32.49999999999999,0.3333333333333333,0.4166666666666667,0.25,0.2727272727272727,0.18181818181818182,0.18181818181818182,0.08333333333333333,0.08333333333333333
TVTSLDLPVLRW,1399.6334,0.5916666666666667,0.08333333333333334,97.97500000000001,-0.6006926445935283,145.83333333333331,0.5,0.3333333333333333,0.16666666666666666,0.45454545454545453,0.0,0.36363636363636365,0.08333333333333333,0.08333333333333333
YFPTQALNFAFK,1446.6464999999998,0.10833333333333328,0.33333333333333337,-6.116666666666664,0.758103612191301,49.16666666666666,0.3333333333333333,0.4166666666666667,0.25,0.45454545454545453,0.18181818181818182,0.2727272727272727,0.08333333333333333,0.0
SLVYPFPGPIPN,1300.5004999999999,0.2416666666666666,0.16666666666666669,42.866666666666674,-0.540852541781402,89.16666666666664,0.3333333333333333,0.5833333333333334,0.08333333333333333,0.5454545454545454,0.09090909090909091,0.0,0.0,0.0
GNQEKVLELVQR,1412.5908,-0.8583333333333334,0.0,4.783333333333334,-0.2352864627632787,113.33333333333331,0.3333333333333333,0.08333333333333333,0.5833333333333334,0.0,0.09090909090909091,0.36363636363636365,0.16666666666666666,0.16666666666666666
GTVFEKKALPGPM,1374.6471,-0.1153846153846154,0.07692307692307693,11.71538461538462,0.7609140741645111,60.0,0.3076923076923077,0.46153846153846156,0.23076923076923078,0.3333333333333333,0.08333333333333333,0.08333333333333333,0.15384615384615385,0.07692307692307693
LRENNKLMLLELK,1613.9628,-0.4153846153846154,0.0,29.199999999999996,0.7637145362377202,150.00000000000003,0.46153846153846156,0.0,0.5384615384615384,0.0,0.0,0.4166666666666667,0.23076923076923078,0.15384615384615385
TIDMESTEVFTKK,1528.7227,-0.6,0.07692307692307693,38.861538461538466,-1.5970597227451084,52.30769230769231,0.3076923076923077,0.3076923076923077,0.38461538461538464,0.16666666666666666,0.25,0.3333333333333333,0.15384615384615385,0.23076923076923078
QETTGVEGPKGDT,1318.3439999999998,-1.4307692307692308,0.0,-0.5769230769230742,-2.234155701923433,22.307692307692307,0.07692307692307693,0.5384615384615384,0.38461538461538464,0.08333333333333333,0.5,0.08333333333333333,0.07692307692307693,0.23076923076923078
ASGLCPEEAVPRR,1384.561,-0.4846153846153846,0.0,115.56923076923078,-0.20842547809850487,67.6923076923077,0.23076923076923078,0.46153846153846156,0.3076923076923077,0.3333333333333333,0.25,0.0,0.15384615384615385,0.15384615384615385
MRKPQQEEDDDDE,1634.6345,-3.0461538461538464,0.0,81.96923076923079,-5.482502603911158,0.0,0.07692307692307693,0.07692307692307693,0.8461538461538461,0.0,0.16666666666666666,0.08333333333333333,0.15384615384615385,0.5384615384615384
QNWDFCEAWEPCF,1674.8087999999998,-0.6538461538461539,0.3076923076923077,4.46923076923077,-3.252958681122452,7.6923076923076925,0.46153846153846156,0.15384615384615385,0.38461538461538464,0.16666666666666666,0.16666666666666666,0.4166666666666667,0.0,0.23076923076923078
IKGTIAGGGVIPH,1219.4328999999998,0.6538461538461539,0.0,6.40769230769231,0.8462768014448888,120.0,0.3076923076923077,0.6153846153846154,0.07692307692307693,0.3333333333333333,0.08333333333333333,0.08333333333333333,0.15384615384615385,0.0
GPRGLPGERGRPGA,1376.524,-1.3,0.0,7.835714285714286,1.7628820764625095,35.0,0.07142857142857142,0.6428571428571429,0.2857142857142857,0.15384615384615385,0.46153846153846156,0.0,0.21428571428571427,0.07142857142857142
GKHQQEEENEGGSI,1541.5327,-2.0785714285714287,0.0,86.12142857142857,-3.14248135066227,27.857142857142854,0.07142857142857142,0.35714285714285715,0.5714285714285714,0.07692307692307693,0.3076923076923077,0.0,0.14285714285714285,0.2857142857142857
NALEPDHRVESEGG,1509.5339,-1.3285714285714287,0.0,53.985714285714295,-3.1431820505966357,55.71428571428571,0.14285714285714285,0.42857142857142855,0.42857142857142855,0.07692307692307693,0.6153846153846154,0.23076923076923078,0.14285714285714285,0.2857142857142857
HEQKEEHEWHRKEE,1930.9866,-3.3785714285714286,0.07142857142857144,70.40714285714286,-2.9582837713381878,0.0,0.07142857142857142,0.21428571428571427,0.7142857142857143,0.07692307692307693,0.3076923076923077,0.07692307692307693,0.42857142857142855,0.42857142857142855
ALPQYLKTVYQHQK,1716.9763999999998,-0.9142857142857144,0.14285714285714288,19.964285714285715,1.8790527721126704,83.57142857142856,0.21428571428571427,0.42857142857142855,0.35714285714285715,0.38461538461538464,0.46153846153846156,0.07692307692307693,0.21428571428571427,0.0
IQPKTKVIPYVRYL,1718.0902999999998,-0.07857142857142856,0.14285714285714288,9.53571428571429,2.756095610293298,125.0,0.35714285714285715,0.35714285714285715,0.2857142857142857,0.23076923076923078,0.38461538461538464,0.23076923076923078,0.21428571428571427,0.0
DLGSTGGRGPSAGM,1262.3500999999999,-0.4571428571428572,0.0,19.72857142857143,-0.2387876247708538,35.0,0.14285714285714285,0.7142857142857143,0.14285714285714285,0.15384615384615385,0.15384615384615385,0.07692307692307693,0.07142857142857142,0.07142857142857142
FLPFFAACAITRKC,1587.9485,1.1714285714285713,0.21428571428571427,68.1857142857143,1.7392906330922813,77.14285714285714,0.5,0.35714285714285715,0.14285714285714285,0.5384615384615384,0.07692307692307693,0.07692307692307693,0.14285714285714285,0.0
NSSYFVEWIPNNVK,1696.8556999999998,-0.5428571428571428,0.2142857142857143,8.192857142857145,-0.23908592583548893,69.28571428571428,0.35714285714285715,0.2857142857142857,0.35714285714285715,0.15384615384615385,0.15384615384615385,0.3076923076923077,0.07142857142857142,0.07142857142857142
MAPAAVAAAEAGSK,1244.4177,0.6071428571428571,0.0,45.614285714285714,-0.4978338514844458,70.71428571428571,0.14285714285714285,0.7142857142857143,0.14285714285714285,0.23076923076923078,0.23076923076923078,0.0,0.07142857142857142,0.07142857142857142
VLPVPQKKVLPVPQK,1670.0906,-0.04666666666666665,0.0,106.39333333333333,2.73099138695815,129.33333333333331,0.4,0.26666666666666666,0.3333333333333333,0.42857142857142855,0.14285714285714285,0.07142857142857142,0.2,0.0
NTVPAKSCQAQPTTM,1576.7937000000002,-0.5533333333333333,0.0,58.900000000000006,0.7492016230912921,32.666666666666664,0.2,0.5333333333333333,0.26666666666666666,0.2857142857142857,0.42857142857142855,0.07142857142857142,0.06666666666666667,0.0
FLTGLIGGLMKALGK,1518.9047,1.0733333333333333,0.06666666666666667,6.24,1.758103612191301,136.66666666666666,0.4666666666666667,0.4,0.13333333333333333,0.42857142857142855,0.14285714285714285,0.07142857142857142,0.13333333333333333,0.0
YQGPIVLNPWDQVKR,1813.0637000000002,-0.7666666666666667,0.13333333333333333,14.620000000000001,0.7592143732311445,90.66666666666666,0.3333333333333333,0.26666666666666666,0.4,0.14285714285714285,0.21428571428571427,0.2857142857142857,0.13333333333333333,0.06666666666666667
APFPEVFGKEKVNEL,1703.9313000000002,-0.38666666666666666,0.13333333333333333,48.120000000000005,-1.1976920282242838,71.33333333333333,0.3333333333333333,0.26666666666666666,0.4,0.21428571428571427,0.14285714285714285,0.2857142857142857,0.13333333333333333,0.2
GPAGSPGFQGLPGPAG,1366.4776,-0.18125000000000005,0.0625,72.95,-0.23989838581069733,36.875,0.125,0.8125,0.0625,0.2,0.06666666666666667,0.06666666666666667,0.0,0.0
PGAEGAPGRDGAAGPK,1407.4884,-0.9375,0.0,5.49375,-0.03854891040759156,25.0,0.0,0.75,0.25,0.0,0.3333333333333333,0.0,0.125,0.125
PGEKGSPGADGPIGAP,1406.497,-0.75,0.0,22.937499999999993,-1.0385389105075906,36.875,0.0625,0.75,0.1875,0.13333333333333333,0.26666666666666666,0.0,0.0625,0.125
RFIYMKGFGKPRFGKR,1988.4066000000003,-0.90625,0.25,31.86875,5.756075610493296,24.375,0.3125,0.3125,0.375,0.3333333333333333,0.3333333333333333,0.2,0.375,0.0
FLPVLGKVIKLVGGLL,1666.1414,1.76875,0.0625,14.631249999999998,1.758103612191301,200.625,0.625,0.25,0.125,0.3333333333333333,0.06666666666666667,0.2,0.125,0.0
EGGDGGYGGGGGGSRW,1425.3758,-1.15625,0.125,100.5875,-1.1630606212611643,0.0,0.0625,0.75,0.1875,0.0,0.26666666666666666,0.06666666666666667,0.0625,0.125
AAGAAAAARSAGQCGR,1388.5132,0.15000000000000002,0.0,26.818749999999998,1.785953597955075,50.0,0.0625,0.75,0.1875,0.06666666666666667,0.26666666666666666,0.06666666666666667,0.125,0.0
HKEMQAIFDVYIMFIN,1999.3546000000001,0.40625,0.1875,22.462500000000002,-1.1507909766410573,97.5,0.5,0.1875,0.3125,0.2,0.13333333333333333,0.3333333333333333,0.125,0.125
YQQPVLGPVRGPFPIIV,1880.2356,0.48235294117647054,0.11764705882352942,67.40000000000002,0.7590926132903006,120.0,0.4117647058823529,0.4117647058823529,0.17647058823529413,0.375,0.1875,0.0625,0.058823529411764705,0.0
HKEMPFPKYPVEPFTESQ,2191.4602,-1.25,0.16666666666666666,139.46666666666664,-1.1472898146334822,16.11111111111111,0.2222222222222222,0.4444444444444444,0.3333333333333333,0.35294117647058826,0.4117647058823529,0.11764705882352941,0.16666666666666666,0.16666666666666666
IGPSSSPDIYNPEAGRIK,1901.0812999999998,-0.7166666666666667,0.05555555555555555,65.10555555555555,-0.23797516479564518,70.55555555555554,0.16666666666666666,0.5555555555555556,0.2777777777777778,0.11764705882352941,0.35294117647058826,0.17647058823529413,0.1111111111111111,0.1111111111111111
IWCKDDQNPHSSNISCDKF,2237.4276,-1.0578947368421054,0.10526315789473685,64.04736842105262,-1.171161896932598,41.05263157894736,0.3157894736842105,0.2631578947368421,0.42105263157894735,0.1111111111111111,0.1111111111111111,0.2222222222222222,0.15789473684210525,0.15789473684210525
GGGGYGGGGGGYGGGGGGY,1420.3556999999998,-0.5421052631578948,0.15789473684210525,71.56315789473685,-0.24289538880770023,0.0,0.0,1.0,0.0,0.0,0.0,0.0,0.0,0.0
AYLQAQQLLPFNQLVRSPAA,2228.5481,0.10499999999999995,0.1,104.49,0.7948655869550849,112.5,0.3,0.4,0.3,0.15789473684210525,0.15789473684210525,0.2631578947368421,0.05,0.0
GWANTLKNVAGGLCKITGAA,1945.2462999999998,0.365,0.05,-6.9,1.748202622092291,93.0,0.3,0.5,0.2,0.3157894736842105,0.10526315789473684,0.21052631578947367,0.1,0.0
GAPKGCWTKSYPPQPCFGKK,2180.5502,-1.04,0.15000000000000002,42.010000000000005,3.735304628996279,5.0,0.2,0.55,0.25,0.21052631578947367,0.3684210526315789,0.0,0.2,0.0
TVVPPKGGSFYPGETTPLQQ,2103.3303,-0.56,0.1,75.3155,-0.6009909456581637,48.5,0.2,0.6,0.2,0.2631578947368421,0.21052631578947367,0.05263157894736842,0.05,0.05
WSRRGEREEEDERRRHGGEGGRPYHLGEES,3609.7115000000003,-2.4466666666666668,0.06666666666666667,130.15999999999994,-2.043014552875003,13.0,0.06666666666666667,0.4,0.5333333333333333,0.10344827586206896,0.3448275862068966,0.0,0.3,0.3
IVGGFPHYL,1002.1656,0.9333333333333331,0.2222222222222222,73.95555555555556,-0.1537231985551114,118.88888888888889,0.4444444444444444,0.5555555555555556,0.0,0.5,0.0,0.0,0.1111111111111111,0.0
ICNIMC,695.9149,2.066666666666667,0.0,81.56666666666666,-0.25970036600871704,129.99999999999997,0.8333333333333334,0.0,0.16666666666666666,0.0,0.0,0.4,0.0,0.0
LLRSVGVPL,953.1795999999999,1.3888888888888888,0.0,91.07777777777778,0.7600916142893016,194.4444444444444,0.5555555555555556,0.3333333333333333,0.1111111111111111,0.625,0.125,0.125,0.1111111111111111,0.0
SMLGDGTLPPDLA,1286.4509999999998,0.19999999999999993,0.0,26.530769230769234,-2.537612018902712,97.6923076923077,0.3076923076923077,0.5384615384615384,0.15384615384615385,0.4166666666666667,0.25,0.08333333333333333,0.0,0.15384615384615385
FFRSKLLSDGAAAAKGALLPQYW,2510.8851999999997,0.18695652173913038,0.17391304347826086,22.86521739130435,1.7582153722321434,89.56521739130434,0.30434782608695654,0.4782608695652174,0.21739130434782608,0.18181818181818182,0.36363636363636365,0.09090909090909091,0.13043478260869565,0.043478260869565216
YGG,295.2911,-0.7000000000000001,0.33333333333333337,19.5,-0.2408973868096983,0.0,0.0,1.0,0.0,0.0,0.0,0.0,0.0,0.0
DLQGK,559.6131,-1.5,0.0,56.22,-0.2397766258698535,78.0,0.2,0.2,0.6,0.0,0.5,0.5,0.2,0.2
HANENIF,843.8830999999999,-0.6571428571428573,0.14285714285714288,71.34285714285714,-1.1499137355829,70.0,0.2857142857142857,0.2857142857142857,0.42857142857142855,0.0,0.16666666666666666,0.16666666666666666,0.14285714285714285,0.14285714285714285
YQQND,666.6369,-3.06,0.2,46.52,-1.2365957242625507,0.0,0.0,0.2,0.8,0.0,0.25,0.0,0.0,0.2
MKC,380.5265,0.16666666666666666,0.0,6.666666666666667,0.48945469644333417,0.0,0.6666666666666666,0.0,0.3333333333333333,0.0,0.0,1.0,0.3333333333333333,0.0
QTM,378.44440000000003,-0.7666666666666666,0.0,6.666666666666667,-0.23989838581069733,0.0,0.3333333333333333,0.3333333333333333,0.3333333333333333,0.5,0.5,0.0,0.0,0.0
QSA,304.2997,-0.8333333333333334,0.0,153.13333333333333,-0.23989838581069733,33.33333333333333,0.0,0.6666666666666666,0.3333333333333333,0.0,0.5,0.0,0.0,0.0
PLR,384.4738,-0.7666666666666667,0.0,70.86666666666667,0.9585188676783541,129.99999999999997,0.3333333333333333,0.3333333333333333,0.3333333333333333,0.5,0.0,0.5,0.3333333333333333,0.0
FKI,406.519,1.1333333333333333,0.33333333333333337,-71.73333333333333,0.7591026131903019,129.99999999999997,0.6666666666666666,0.0,0.3333333333333333,0.0,0.0,1.0,0.3333333333333333,0.0
IDA,317.3382,0.9333333333333332,0.0,6.666666666666667,-1.2387776248708526,163.33333333333331,0.3333333333333333,0.3333333333333333,0.3333333333333333,0.0,0.5,0.5,0.0,0.3333333333333333
FCM,399.52799999999996,2.4,0.33333333333333337,115.33333333333334,-0.24979937590970713,0.0,1.0,0.0,0.0,0.0,0.0,0.0,0.0,0.0
DDE,377.3041,-3.5,0.0,6.666666666666667,-3.229609122190308,0.0,0.0,0.0,1.0,0.0,0.0,0.0,0.0,1.0
LKA,330.42310000000003,0.5666666666666667,0.0,-21.633333333333336,0.7591026131903019,163.33333333333331,0.3333333333333333,0.3333333333333333,0.3333333333333333,0.0,0.5,0.5,0.3333333333333333,0.0
LRTLPM,729.9313,0.4499999999999999,0.0,59.966666666666676,0.7600916142893016,129.99999999999997,0.5,0.3333333333333333,0.16666666666666666,0.6,0.2,0.2,0.16666666666666666,0.0
YMVSAIWG,926.0895,1.125,0.25,50.7125,-0.2408973868096983,97.5,0.5,0.5,0.0,0.5714285714285714,0.0,0.0,0.0,0.0
YPQLLPNE,973.0799,-0.925,0.125,72.325,-1.232849645068998,97.5,0.25,0.375,0.375,0.14285714285714285,0.2857142857142857,0.14285714285714285,0.0,0.125
SDAAVDTSSEITTKDLKEKKEVVEEAEN,3066.2388,-1.0285714285714287,0.0,28.153571428571432,-5.523624490119608,69.64285714285714,0.17857142857142858,0.32142857142857145,0.5,0.07407407407407407,0.25925925925925924,0.2222222222222222,0.14285714285714285,0.32142857142857145
KIIIYN,762.9362,0.7999999999999999,0.16666666666666669,-5.816666666666667,0.758103612191301,195.0,0.5,0.16666666666666666,0.3333333333333333,0.2,0.2,0.2,0.16666666666666666,0.0
KILIYG,705.8849,1.2,0.16666666666666669,12.133333333333336,0.758103612191301,194.99999999999997,0.5,0.3333333333333333,0.16666666666666666,0.2,0.0,0.2,0.16666666666666666,0.0
PPMHLP,690.8538,-0.38333333333333347,0.0,155.43333333333334,0.04570305583294221,64.99999999999999,0.3333333333333333,0.6666666666666666,0.0,0.8,0.0,0.0,0.16666666666666666,0.0
GAHTGPRKPFKPR,1448.6743999999999,-1.669230769230769,0.07692307692307693,-36.107692307692304,3.845257800645886,7.6923076923076925,0.07692307692307693,0.6153846153846154,0.3076923076923077,0.08333333333333333,0.3333333333333333,0.08333333333333333,0.38461538461538464,0.0
KFFPS,624.7277,-0.14000000000000007,0.4,85.04,0.7591026131903019,0.0,0.4,0.4,0.2,0.25,0.0,0.25,0.2,0.0
QNGRFY,783.8311,-1.7333333333333334,0.33333333333333337,37.61833333333333,0.7590926132903006,0.0,0.16666666666666666,0.3333333333333333,0.5,0.2,0.4,0.2,0.16666666666666666,0.0
IFVPH,611.7322,1.3399999999999999,0.2,46.52,-0.15272419755611044,136.0,0.6,0.4,0.0,0.25,0.0,0.0,0.2,0.0
SSHWSS,689.6736999999999,-1.2166666666666668,0.16666666666666669,67.73333333333333,-0.4526793525278141,0.0,0.16666666666666666,0.8333333333333334,0.0,0.4,0.0,0.0,0.16666666666666666,0.0
DVFNPR,746.8109999999999,-1.0166666666666666,0.16666666666666669,-9.033333333333333,-0.2387876247708538,48.33333333333332,0.3333333333333333,0.16666666666666666,0.5,0.0,0.4,0.4,0.16666666666666666,0.16666666666666666
SPW,388.4177,-1.1,0.33333333333333337,143.53333333333333,-0.539853540782401,0.0,0.3333333333333333,0.6666666666666666,0.0,0.5,0.0,0.0,0.0,0.0
SQW,419.43170000000003,-1.7333333333333334,0.33333333333333337,70.86666666666667,-0.539853540782401,0.0,0.3333333333333333,0.3333333333333333,0.3333333333333333,0.0,0.5,0.5,0.0,0.0
GPSGPPGPKGN,964.0335,-1.4727272727272727,0.0,28.672727272727272,0.7591026131903019,0.0,0.0,0.8181818181818182,0.18181818181818182,0.0,0.3,0.0,0.09090909090909091,0.0
GAPGPAGQVGAP,978.06,-0.025000000000000005,0.0,29.808333333333337,-0.23989838581069733,49.16666666666666,0.08333333333333333,0.8333333333333334,0.08333333333333333,0.09090909090909091,0.09090909090909091,0.09090909090909091,0.0,0.0
FLFSLIPSAISGLISAFK,1911.2860999999998,1.5444444444444443,0.16666666666666669,10.194444444444446,0.7591026131903019,141.1111111111111,0.5,0.4444444444444444,0.05555555555555555,0.47058823529411764,0.0,0.058823529411764705,0.05555555555555555,0.0
GFGSLFKFLAKKVAKTVAKQAAKQGAKYIANKQME,3801.5037,-0.2657142857142857,0.11428571428571428,27.597142857142856,6.759158346938995,70.0,0.2571428571428571,0.37142857142857144,0.37142857142857144,0.2647058823529412,0.29411764705882354,0.14705882352941177,0.22857142857142856,0.02857142857142857
FWGALIKGAAKLIPSVVGLFKKKQ,2600.1936,0.5125000000000001,0.125,-5.550000000000003,4.755106609194298,117.91666666666666,0.4166666666666667,0.3333333333333333,0.25,0.2608695652173913,0.08695652173913043,0.13043478260869565,0.20833333333333334,0.0
FIGTALGIASAIPAIVKLFK,2030.4946999999997,1.545,0.1,-8.245,1.758103612191301,151.5,0.45,0.45,0.1,0.42105263157894735,0.0,0.15789473684210525,0.1,0.0
LKLKSIVSWAKKVL,1613.0393,0.5714285714285714,0.07142857142857144,-31.771428571428576,3.7561056101932997,160.0,0.5,0.21428571428571427,0.2857142857142857,0.3076923076923077,0.15384615384615385,0.3076923076923077,0.2857142857142857,0.0
CVVSSGWKWNYKIRCKLTGNC,2445.8831,-0.24761904761904757,0.14285714285714285,9.314285714285713,3.7263926399962686,64.76190476190476,0.42857142857142855,0.2857142857142857,0.2857142857142857,0.15,0.15,0.45,0.19047619047619047,0.0
KYYGNGVTCGKHSCSVDWGKATTCIINNGAMAWATGGHQGNHKC,4628.152599999999,-0.49318181818181817,0.09090909090909091,-0.4795454545454544,2.977146973502863,40.0,0.25,0.5227272727272727,0.22727272727272727,0.3023255813953488,0.3023255813953488,0.09302325581395349,0.1590909090909091,0.022727272727272728
RILTMTKRVKMPQLYKQIVCRLFKTC,3199.0217,-0.02692307692307693,0.07692307692307693,64.23846153846152,6.735274629296276,97.3076923076923,0.46153846153846156,0.19230769230769232,0.34615384615384615,0.24,0.16,0.36,0.2692307692307692,0.0
ALWKDILKNVGKAAGKAVLNTVTDMVNQ,2998.4986,0.07500000000000002,0.03571428571428572,4.092857142857138,1.7941201057377727,111.42857142857142,0.35714285714285715,0.2857142857142857,0.35714285714285715,0.18518518518518517,0.2222222222222222,0.25925925925925924,0.14285714285714285,0.07142857142857142
LFGFLIKLIPSLFGALSNIGRNRNQ,2789.2798,0.45599999999999996,0.12,30.396,2.7590826133903,128.8,0.44,0.28,0.28,0.3333333333333333,0.08333333333333333,0.125,0.12,0.0
GIGGKILSGLKTALKGAAKELASTYLH,2698.1647,0.24444444444444444,0.037037037037037035,-0.6777777777777778,2.845091259422096,115.92592592592591,0.25925925925925924,0.5555555555555556,0.18518518518518517,0.3076923076923077,0.15384615384615385,0.15384615384615385,0.18518518518518517,0.037037037037037035
LVP,327.4191,2.1333333333333333,0.0,70.86666666666667,-0.23989838581069733,226.66666666666663,0.6666666666666666,0.3333333333333333,0.0,0.5,0.0,0.0,0.0,0.0
YPVEPF,750.8376999999999,-0.1666666666666667,0.33333333333333337,125.20000000000002,-1.2380869248364883,48.33333333333332,0.3333333333333333,0.5,0.16666666666666666,0.4,0.2,0.2,0.0,0.16666666666666666
KAVPYPQ,801.9292999999999,-0.8428571428571429,0.14285714285714288,81.22857142857143,0.758103612191301,55.71428571428571,0.14285714285714285,0.5714285714285714,0.2857142857142857,0.3333333333333333,0.3333333333333333,0.0,0.14285714285714285,0.0
GLFSKKGGKGGKSWIKGVFKGIKGIGKEVGGDVIRTGIEIAACKIKGEC,5006.9317,-0.07755102040816325,0.06122448979591837,12.389795918367346,6.739851770960748,85.51020408163265,0.32653061224489793,0.3673469387755102,0.30612244897959184,0.22916666666666666,0.2916666666666667,0.25,0.22448979591836735,0.08163265306122448
SLFSLIKAGAKFLGKNMLKQGPQYPACKVSKDSENVNWKS,4414.1131,-0.47250000000000003,0.1,33.9,4.446184684039638,70.75,0.3,0.35,0.35,0.15384615384615385,0.2564102564102564,0.2564102564102564,0.175,0.05
GLISTIWNTASNVAGTLTDSVKCKFKKC,2986.4649,0.12142857142857144,0.07142857142857144,8.467857142857143,2.7374243909351246,83.57142857142856,0.35714285714285715,0.39285714285714285,0.25,0.25925925925925924,0.14814814814814814,0.2962962962962963,0.14285714285714285,0.03571428571428571
EGCNILCLLKRKVKAVKNVVKNVVKSVVG,3138.8786,0.44137931034482764,0.0,36.575862068965534,5.811021632605968,137.24137931034483,0.4827586206896552,0.13793103448275862,0.3793103448275862,0.14285714285714285,0.10714285714285714,0.35714285714285715,0.2413793103448276,0.034482758620689655
KKCNFFCKLKKKVKSVGSRNLIGSATHHHRIYRV,3984.7479000000003,-0.6176470588235294,0.08823529411764706,-1.2294117647058813,9.993800191063034,74.41176470588235,0.3235294117647059,0.3235294117647059,0.35294117647058826,0.12121212121212122,0.12121212121212122,0.3333333333333333,0.38235294117647056,0.0
MTPLWRIMGTKPYGAYCQNNYECSTGVCRKGHCSFSQPLNS,4630.2711,-0.5560975609756098,0.12195121951219513,19.070731707317073,2.5457203725780957,38.048780487804876,0.2926829268292683,0.4634146341463415,0.24390243902439024,0.275,0.2,0.15,0.12195121951219512,0.024390243902439025
MTPLWRILASKPQGAYCHDHIECSTGLCR,3287.8152,-0.19310344827586212,0.06896551724137931,78.35172413793103,0.6469133148685398,74.13793103448275,0.3448275862068966,0.4482758620689655,0.20689655172413793,0.2857142857142857,0.21428571428571427,0.17857142857142858,0.1724137931034483,0.06896551724137931
WMHQPPQPLPPTVMFPPQSVL,2427.8827,-0.22380952380952385,0.09523809523809523,151.54285714285712,-0.15272419755611044,64.76190476190476,0.38095238095238093,0.47619047619047616,0.14285714285714285,0.3,0.3,0.0,0.047619047619047616,0.0
QEPVLGPVRGPFPILV,1718.0472,0.5499999999999999,0.0625,88.33125000000001,-0.23709792373748817,127.5,0.4375,0.375,0.1875,0.4,0.13333333333333333,0.06666666666666667,0.0625,0.0625
TDAPSFSDIPNPIGSENSGK,2033.1098000000002,-0.865,0.05,31.264999999999997,-2.5977504227794737,44.0,0.15,0.55,0.3,0.2631578947368421,0.42105263157894735,0.05263157894736842,0.05,0.15
DIPNPIGSENSGKTTMPLW,2057.2835,-0.668421052631579,0.052631578947368425,47.699999999999996,-1.2369661638966432,61.57894736842104,0.2631578947368421,0.47368421052631576,0.2631578947368421,0.3333333333333333,0.3333333333333333,0.05555555555555555,0.05263157894736842,0.10526315789473684
SKWQHQQDSCRKQKQGVNLTPCEKHIMEKIQGRGDDDDDDDDD,5043.329699999999,-1.941860465116279,0.023255813953488372,46.29767441860465,-5.3703127143140845,33.95348837209302,0.18604651162790697,0.20930232558139536,0.6046511627906976,0.11904761904761904,0.23809523809523808,0.21428571428571427,0.20930232558139536,0.27906976744186046
GGTCVIRGCVPKKLM,1561.9776000000002,0.52,0.0,3.366666666666667,2.73829163209328,90.66666666666666,0.4666666666666667,0.3333333333333333,0.2,0.21428571428571427,0.14285714285714285,0.14285714285714285,0.2,0.0
AFGPE,519.5475,-0.18000000000000005,0.2,42.76,-1.196077670405213,20.0,0.2,0.6,0.2,0.5,0.25,0.0,0.0,0.2
DEVPR,614.6486,-1.78,0.0,31.440000000000005,-1.2359771627976435,58.0,0.2,0.2,0.6,0.25,0.25,0.25,0.2,0.4
DGDPLLDQ,871.8884,-1.05,0.0,8.75,-3.2365361029911637,97.5,0.25,0.25,0.5,0.14285714285714285,0.42857142857142855,0.14285714285714285,0.0,0.375
ESGAVTE,691.6846999999999,-0.41428571428571426,0.0,39.34285714285715,-2.1551246395613064,55.71428571428571,0.14285714285714285,0.5714285714285714,0.2857142857142857,0.3333333333333333,0.3333333333333333,0.0,0.0,0.2857142857142857
FDAVGVK,734.8399999999999,0.7428571428571429,0.14285714285714288,9.957142857142857,-0.2397766258698535,97.14285714285714,0.42857142857142855,0.2857142857142857,0.2857142857142857,0.5,0.16666666666666666,0.3333333333333333,0.14285714285714285,0.14285714285714285
FGPEMEQ,836.9087999999999,-1.1142857142857143,0.14285714285714288,60.91428571428572,-2.234277461864277,0.0,0.2857142857142857,0.2857142857142857,0.42857142857142855,0.16666666666666666,0.16666666666666666,0.3333333333333333,0.0,0.2857142857142857
FVLGL,547.6866,2.84,0.2,8.0,-0.23989838581069733,214.0,0.8,0.2,0.0,0.5,0.0,0.0,0.0,0.0
LAGNPENE,842.8505,-1.3,0.0,16.262499999999996,-2.229040182096787,61.25,0.125,0.375,0.5,0.14285714285714285,0.42857142857142855,0.0,0.0,0.25
LAGNPQDE,842.8505,-1.3,0.0,42.68750000000001,-2.2307298831301527,61.25,0.125,0.375,0.5,0.14285714285714285,0.42857142857142855,0.0,0.0,0.25
LFSPR,618.7249,-0.060000000000000095,0.2,80.8,0.7600916142893016,78.0,0.4,0.4,0.2,0.25,0.25,0.0,0.2,0.0
LLAQA,514.6155,1.5399999999999998,0.0,8.0,-0.23989838581069733,196.0,0.4,0.4,0.2,0.25,0.5,0.0,0.0,0.0
LLES,460.52180000000004,0.825,0.0,55.650000000000006,-1.2370879238374872,195.0,0.5,0.25,0.25,0.0,0.3333333333333333,0.3333333333333333,0.0,0.25
LLMQ,503.65569999999997,1.5,0.0,-11.35,-0.23989838581069733,195.0,0.75,0.0,0.25,0.0,0.0,0.3333333333333333,0.0,0.0
LLNDE,602.6345,-0.5800000000000001,0.0,8.0,-2.2307298831301527,156.0,0.4,0.0,0.6,0.0,0.0,0.25,0.0,0.4
LLPGANH,720.8168,0.09999999999999991,0.0,23.957142857142863,-0.15272419755611044,125.7142857142857,0.2857142857142857,0.5714285714285714,0.14285714285714285,0.16666666666666666,0.3333333333333333,0.0,0.14285714285714285,0.0
LQAE,459.49399999999997,-0.35000000000000003,0.0,89.0,-1.231850644069997,122.5,0.25,0.25,0.5,0.0,0.6666666666666666,0.3333333333333333,0.0,0.25
LYSPH,615.6779,-0.6200000000000001,0.2,95.88,-0.1537231985551114,78.0,0.2,0.8,0.0,0.25,0.0,0.0,0.2,0.0
LYTPH,629.7045,-0.6000000000000001,0.2,-8.98,-0.1537231985551114,78.0,0.2,0.8,0.0,0.25,0.0,0.0,0.2,0.0
NGDPLLDQ,870.9035999999999,-1.05,0.0,-10.0375,-2.2376568639310084,97.5,0.25,0.25,0.5,0.14285714285714285,0.42857142857142855,0.14285714285714285,0.0,0.25
NLGDPS,601.6066999999999,-1.0,0.0,40.43333333333334,-1.2387776248708526,64.99999999999999,0.16666666666666666,0.5,0.3333333333333333,0.2,0.4,0.2,0.0,0.16666666666666666
NLGNPE,642.6586,-1.4500000000000002,0.0,18.349999999999998,-1.231850644069997,64.99999999999999,0.16666666666666666,0.3333333333333333,0.5,0.2,0.6,0.2,0.0,0.16666666666666666
NLPLL,568.7059,1.2599999999999998,0.0,46.52,-0.23989838581069733,234.0,0.6,0.2,0.2,0.5,0.0,0.25,0.0,0.0
QLPLL,582.7325,1.2599999999999998,0.0,46.52,-0.23989838581069733,234.0,0.6,0.2,0.2,0.5,0.0,0.25,0.0,0.0
TELAL,545.6263,1.0399999999999998,0.0,46.52,-1.5989929436601618,176.0,0.4,0.4,0.2,0.5,0.25,0.25,0.0,0.2
VTYDYYKN,1065.1321,-1.4125,0.375,43.1625,-0.2688868531010069,36.25,0.125,0.5,0.375,0.14285714285714285,0.42857142857142855,0.0,0.125,0.125
VVNE,459.4939,0.3500000000000001,0.0,7.5,-1.2579638683041474,145.0,0.5,0.0,0.5,0.0,0.0,0.3333333333333333,0.0,0.25
YGPQQQE,848.8566,-2.4714285714285715,0.14285714285714288,106.50000000000001,-1.232849645068998,0.0,0.0,0.42857142857142855,0.5714285714285714,0.0,0.16666666666666666,0.0,0.0,0.14285714285714285
DSEGHRTAPCYVMKILF,1967.2717000000002,-0.11176470588235296,0.11764705882352942,45.300000000000004,-0.16070196664006797,68.8235294117647,0.35294117647058826,0.4117647058823529,0.23529411764705882,0.1875,0.3125,0.125,0.17647058823529413,0.11764705882352941
HHLGGAKQAGDV,1189.2811,-0.5750000000000001,0.0,32.075,-0.0654282493606797,73.33333333333331,0.16666666666666666,0.5833333333333334,0.25,0.18181818181818182,0.2727272727272727,0.09090909090909091,0.25,0.08333333333333333
PGWNQWFL,1047.1648,-0.525,0.375,30.175,-0.041471132421644796,48.75,0.5,0.25,0.25,0.14285714285714285,0.0,0.2857142857142857,0.0,0.0
VEVLPPAEL,966.1288,0.8444444444444444,0.0,73.08888888888889,-2.260390686098427,162.22222222222223,0.4444444444444444,0.3333333333333333,0.2222222222222222,0.125,0.125,0.375,0.0,0.2222222222222222
LLTC,448.5773,2.35,0.0,7.5,-0.24979937590970713,195.0,0.75,0.25,0.0,0.6666666666666666,0.0,0.0,0.0,0.0
MFIF,556.7165,3.0,0.5,7.5,-0.4996453124586552,97.5,1.0,0.0,0.0,0.0,0.0,0.0,0.0,0.0
FLGQQQPFPPQQPYPQPQPFPSQQPY,3070.3689,-1.4423076923076923,0.1923076923076923,155.10769230769228,-0.24189638780869938,15.0,0.15384615384615385,0.5,0.34615384615384615,0.2,0.4,0.0,0.0,0.0
KKVGYNPDKIPFVPISGFEGDNMIER,2951.3543,-0.6115384615384616,0.11538461538461539,19.88846153846154,-0.23604194388059252,67.3076923076923,0.3076923076923077,0.3076923076923077,0.38461538461538464,0.28,0.2,0.2,0.15384615384615385,0.15384615384615385
LNSGDALRVPSGTTYY,1713.8417000000002,-0.36875,0.125,47.89375,-0.24078562676885573,73.125,0.1875,0.625,0.1875,0.13333333333333333,0.2,0.2,0.0625,0.0625
IIGATNPAESAPGTIR,1567.7422000000001,0.075,0.0,23.681250000000006,-0.23709792373748817,91.875,0.1875,0.625,0.1875,0.13333333333333333,0.26666666666666666,0.06666666666666667,0.0625,0.0625
LASSGIDHEGRLPR,1507.6505,-0.6642857142857144,0.0,25.35,-0.1488129744430573,90.71428571428571,0.21428571428571427,0.5,0.2857142857142857,0.23076923076923078,0.38461538461538464,0.15384615384615385,0.21428571428571427,0.14285714285714285
MIAFNKEQDTDLQSK,1767.9537999999998,-1.0333333333333334,0.06666666666666667,91.80666666666667,-1.4965913306037577,58.666666666666664,0.26666666666666666,0.2,0.5333333333333333,0.14285714285714285,0.2857142857142857,0.21428571428571427,0.13333333333333333,0.2
REGGGGGYGGGGGGYGGR,1527.514,-1.1277777777777778,0.1111111111111111,59.13333333333335,0.760894074364509,0.0,0.0,0.8333333333333334,0.16666666666666666,0.0,0.11764705882352941,0.0,0.1111111111111111,0.05555555555555555
QQQTED,747.7081999999999,-3.033333333333333,0.0,136.73333333333335,-2.2327862612903395,0.0,0.0,0.16666666666666666,0.8333333333333334,0.0,0.4,0.0,0.0,0.3333333333333333
NSKKTVD,790.8620999999999,-1.7285714285714284,0.0,-12.899999999999999,0.7624052747384487,41.42857142857142,0.14285714285714285,0.2857142857142857,0.5714285714285714,0.16666666666666666,0.5,0.16666666666666666,0.2857142857142857,0.14285714285714285
TVQVT,546.6143000000001,0.7000000000000001,0.0,-24.060000000000002,-0.6018034056333719,116.0,0.4,0.4,0.2,0.5,0.0,0.5,0.0,0.0
TVQVTST,734.7955,0.28571428571428575,0.0,-14.328571428571431,-0.6018034056333719,82.85714285714285,0.2857142857142857,0.5714285714285714,0.14285714285714285,0.3333333333333333,0.0,0.3333333333333333,0.0,0.0
PIGSENS,702.7106,-0.8714285714285716,0.0,36.08571428571429,-1.0386606704484347,55.71428571428571,0.14285714285714285,0.5714285714285714,0.2857142857142857,0.3333333333333333,0.3333333333333333,0.0,0.0,0.14285714285714285
IESPPEIN,897.9688000000001,-0.6875,0.0,212.54999999999998,-2.234277461864277,97.5,0.25,0.375,0.375,0.0,0.2857142857142857,0.42857142857142855,0.0,0.25
GVRGPFPII,955.154,0.8333333333333334,0.1111111111111111,42.25555555555556,0.7600916142893016,118.88888888888889,0.4444444444444444,0.4444444444444444,0.1111111111111111,0.5,0.125,0.125,0.1111111111111111,0.0
MAPKHKEMPFPKYPVQPF,2172.6124,-0.8777777777777778,0.16666666666666666,124.92222222222222,1.5863433337731387,21.666666666666664,0.2777777777777778,0.4444444444444444,0.2777777777777778,0.35294117647058826,0.35294117647058826,0.11764705882352941,0.2222222222222222,0.05555555555555555
SLPQNIPPLTQTPVVVPFLQPEVM,2645.12,0.33749999999999997,0.04166666666666667,100.55,-1.5370430788091909,113.33333333333331,0.4166666666666667,0.375,0.20833333333333334,0.34782608695652173,0.21739130434782608,0.13043478260869565,0.0,0.041666666666666664
PVRGLHP,774.9105999999999,-0.4714285714285715,0.0,19.842857142857145,1.0456930559329414,97.14285714285714,0.2857142857142857,0.5714285714285714,0.14285714285714285,0.5,0.16666666666666666,0.16666666666666666,0.2857142857142857,0.0
VLSLSQSKVLPVPQKAVPYPQRDMPIQA,3090.6371,-0.11785714285714287,0.03571428571428572,90.55357142857143,1.7321021479979934,104.28571428571428,0.32142857142857145,0.39285714285714285,0.2857142857142857,0.37037037037037035,0.25925925925925924,0.1111111111111111,0.10714285714285714,0.03571428571428571
AIAGAGVLSGYDQLQILFFGK,2168.4894,0.8333333333333334,0.14285714285714285,33.36666666666667,-0.20500265320407052,120.95238095238096,0.38095238095238093,0.42857142857142855,0.19047619047619047,0.25,0.1,0.15,0.047619047619047616,0.047619047619047616
VFVDEGLEVLGWRPVPFNVSVVGRNAK,2984.4087999999997,0.2925925925925926,0.1111111111111111,38.592592592592595,-0.2602889259575858,107.77777777777777,0.4444444444444444,0.25925925925925924,0.2962962962962963,0.34615384615384615,0.19230769230769232,0.23076923076923078,0.1111111111111111,0.1111111111111111
RLSLPAGAPVTVAVSP,1534.7983000000002,0.85,0.0,74.37500000000001,0.7600916142893016,121.875,0.3125,0.625,0.0625,0.6,0.0,0.06666666666666667,0.0625,0.0
NANGELCPNNMCCSQWGYCGLGSEFCGNGCQSGACCPEK,4036.4894999999997,-0.34871794871794876,0.07692307692307693,35.723076923076924,-2.3126729226811475,25.128205128205124,0.3333333333333333,0.38461538461538464,0.28205128205128205,0.2894736842105263,0.2894736842105263,0.13157894736842105,0.02564102564102564,0.07692307692307693
DLADIPQQQRLMAGLALVVATVIFLK,2824.3837,0.9192307692307692,0.038461538461538464,28.946153846153855,-0.23866586483000995,153.84615384615387,0.46153846153846156,0.2692307692307692,0.2692307692307692,0.32,0.08,0.16,0.07692307692307693,0.07692307692307693
KNGSIFNSPSATAATIIHGHNYSGLAYLDFVTSK,3582.9256000000005,-0.04705882352941179,0.11764705882352942,26.70294117647059,0.9315747476423173,77.64705882352942,0.23529411764705882,0.5882352941176471,0.17647058823529413,0.21212121212121213,0.15151515151515152,0.09090909090909091,0.11764705882352941,0.029411764705882353
YEWEPTVPNFDVAKDVTDM,2256.4424,-0.6631578947368421,0.15789473684210528,11.98421052631579,-4.232913181042745,51.05263157894736,0.3157894736842105,0.3157894736842105,0.3684210526315789,0.2222222222222222,0.2777777777777778,0.3888888888888889,0.05263157894736842,0.2631578947368421
GVSNAAVVAGGH,1038.1151,0.775,0.0,19.45,-0.15272419755611044,97.5,0.25,0.6666666666666666,0.08333333333333333,0.36363636363636365,0.18181818181818182,0.0,0.08333333333333333,0.0
PPGPGPGPPPPPGAAGRGGGG,1703.8552999999997,-0.9000000000000001,0.0,64.92380952380954,0.9585188676783541,9.523809523809524,0.0,0.9523809523809523,0.047619047619047616,0.0,0.1,0.0,0.047619047619047616,0.0
GVSKVKEAMAPKH,1381.6431,-0.5615384615384615,0.0,24.7923076923077,1.8470892614200976,60.0,0.23076923076923078,0.46153846153846156,0.3076923076923077,0.3333333333333333,0.3333333333333333,0.16666666666666666,0.3076923076923077,0.07692307692307693
MYPGLA,650.7864999999999,0.6999999999999998,0.16666666666666669,68.36666666666666,-0.5006443134576561,81.66666666666666,0.3333333333333333,0.6666666666666666,0.0,0.6,0.0,0.0,0.0,0.0
WAFAPA,661.7479,0.9500000000000001,0.33333333333333337,47.48333333333334,-0.23989838581069733,50.0,0.3333333333333333,0.6666666666666666,0.0,0.6,0.0,0.0,0.0,0.0
AGPSIVH,679.7648999999999,0.6428571428571429,0.0,23.957142857142863,-0.11695122389132617,111.42857142857142,0.2857142857142857,0.7142857142857143,0.0,0.3333333333333333,0.0,0.0,0.14285714285714285,0.0
NAPVSIPQ,824.9213,-0.0625,0.0,77.375,-0.23989838581069733,97.5,0.25,0.5,0.25,0.5714285714285714,0.2857142857142857,0.0,0.0,0.0
SNLCRPCG,848.9908,-0.25000000000000006,0.0,23.400000000000002,0.44033447911957824,48.75,0.375,0.375,0.25,0.2857142857142857,0.2857142857142857,0.2857142857142857,0.125,0.0
FLLPH,625.7588,1.1199999999999999,0.2,46.52,-0.15272419755611044,156.0,0.6,0.4,0.0,0.25,0.0,0.0,0.2,0.0
IRWWW,845.9883,-0.54,0.6,122.56,0.7600916142893016,78.0,0.8,0.0,0.2,0.0,0.0,0.5,0.2,0.0
VLWEE,674.7418,0.019999999999999997,0.2,120.56,-2.255153406330937,136.0,0.6,0.0,0.4,0.0,0.0,0.25,0.0,0.4
LPGPILSSFPQ,1155.3426,0.41818181818181804,0.09090909090909091,96.63636363636364,-0.23989838581069733,106.36363636363636,0.36363636363636365,0.5454545454545454,0.09090909090909091,0.5,0.1,0.0,0.0,0.0
VNPESQQGSPR,1198.2432999999999,-1.7727272727272727,0.0,107.89090909090909,-0.2632111479716386,26.363636363636367,0.09090909090909091,0.45454545454545453,0.45454545454545453,0.0,0.6,0.1,0.09090909090909091,0.09090909090909091
LTEQESGVPVMK,1317.5081,-0.31666666666666665,0.0,105.46666666666668,-1.2352764628632777,80.83333333333331,0.3333333333333333,0.3333333333333333,0.3333333333333333,0.36363636363636365,0.18181818181818182,0.09090909090909091,0.08333333333333333,0.16666666666666666
IREADIDGDGQVN,1401.4356999999998,-0.8692307692307693,0.0,-3.1000000000000005,-3.2337356409179545,90.0,0.23076923076923078,0.23076923076923078,0.5384615384615384,0.0,0.5,0.4166666666666667,0.07692307692307693,0.3076923076923077
AMRLTGNRPCIGAT,1460.7248,-1.586032892321652e-17,0.0,-5.9214285714285735,1.785953597955075,70.0,0.2857142857142857,0.5,0.21428571428571427,0.3076923076923077,0.15384615384615385,0.15384615384615385,0.14285714285714285,0.0
AMRLTGNRPCLYAT,1566.8466999999998,-0.11428571428571432,0.07142857142857144,30.814285714285717,1.7849545969560738,70.0,0.2857142857142857,0.5,0.21428571428571427,0.3076923076923077,0.15384615384615385,0.15384615384615385,0.14285714285714285,0.0
AMRLTYNRPGLYAT,1626.877,-0.38571428571428573,0.14285714285714288,34.57142857142858,1.7938565860560827,70.0,0.21428571428571427,0.5714285714285714,0.21428571428571427,0.3076923076923077,0.15384615384615385,0.15384615384615385,0.14285714285714285,0.0
KHQGLPQEVLNENLL,1731.9463999999998,-0.7133333333333334,0.0,47.85333333333333,-1.1481022746086909,123.33333333333333,0.3333333333333333,0.2,0.4666666666666667,0.14285714285714285,0.2857142857142857,0.21428571428571427,0.13333333333333333,0.13333333333333333
DKTEIPTINTIASGEPT,1786.9308999999998,-0.5764705882352942,0.0,27.28235294117647,-2.234155701923433,74.70588235294117,0.17647058823529413,0.5294117647058824,0.29411764705882354,0.25,0.3125,0.125,0.058823529411764705,0.17647058823529413
EKDDTGTPITKIELVPSH,1980.1765,-0.8055555555555556,0.0,32.75555555555556,-2.0729442111925223,81.1111111111111,0.2222222222222222,0.4444444444444444,0.3333333333333333,0.17647058823529413,0.11764705882352941,0.17647058823529413,0.16666666666666666,0.2222222222222222
LNALEPDNTVQSEAGTIETWNPK,2527.6942,-0.8434782608695651,0.043478260869565216,51.43913043478261,-3.2313452399502225,72.17391304347825,0.21739130434782608,0.391304347826087,0.391304347826087,0.18181818181818182,0.45454545454545453,0.22727272727272727,0.043478260869565216,0.17391304347826086
YYC,447.50460000000004,-0.03333333333333336,0.6666666666666667,47.800000000000004,-0.25179737790770906,0.0,0.3333333333333333,0.6666666666666666,0.0,0.5,0.0,0.0,0.0,0.0
CYY,447.50460000000004,-0.03333333333333336,0.6666666666666667,47.800000000000004,-0.25179737790770906,0.0,0.3333333333333333,0.6666666666666666,0.0,0.5,0.0,0.0,0.0,0.0
DHH,407.38129999999995,-3.3000000000000003,0.0,6.666666666666667,-1.0644292483616788,0.0,0.0,0.6666666666666666,0.3333333333333333,0.0,0.5,0.0,0.6666666666666666,0.3333333333333333
EHH,421.4079,-3.3000000000000003,0.0,-18.46666666666667,-0.988824004792833,0.0,0.0,0.6666666666666666,0.3333333333333333,0.0,0.5,0.0,0.6666666666666666,0.3333333333333333
HHH,429.4332,-3.2000000000000006,0.0,6.666666666666667,0.021624178953063455,0.0,0.0,1.0,0.0,0.0,0.0,0.0,1.0,0.0
HKH,420.4662,-3.4333333333333336,0.0,85.60000000000001,0.9334509896994757,0.0,0.0,0.6666666666666666,0.3333333333333333,0.0,1.0,0.0,1.0,0.0
HRH,448.47959999999995,-3.6333333333333333,0.0,70.86666666666667,0.9344399907984754,0.0,0.0,0.6666666666666666,0.3333333333333333,0.0,1.0,0.0,1.0,0.0
HAH,363.37179999999995,-1.5333333333333334,0.0,-21.633333333333336,-0.06555000930152344,33.33333333333333,0.0,1.0,0.0,0.0,0.0,0.0,0.6666666666666666,0.0
HIH,405.45149999999995,-0.6333333333333334,0.0,194.26666666666668,-0.06555000930152344,129.99999999999997,0.3333333333333333,0.6666666666666666,0.0,1.0,0.0,0.0,0.6666666666666666,0.0
HVH,391.4249,-0.7333333333333334,0.0,6.666666666666667,-0.06555000930152344,96.66666666666664,0.3333333333333333,0.6666666666666666,0.0,1.0,0.0,0.0,0.6666666666666666,0.0
KHH,420.4662,-3.4333333333333336,0.0,6.666666666666667,0.9334509896994757,0.0,0.0,0.6666666666666666,0.3333333333333333,0.0,0.5,0.0,1.0,0.0
RHR,467.526,-4.066666666666666,0.0,70.86666666666667,1.847255802643888,0.0,0.0,0.3333333333333333,0.6666666666666666,0.0,1.0,0.0,1.0,0.0
SALLRSIPA,927.0994000000001,0.8888888888888888,0.0,97.31111111111113,0.46013645931759795,152.2222222222222,0.3333333333333333,0.5555555555555556,0.1111111111111111,0.375,0.125,0.125,0.1111111111111111,0.0
TFE,395.407,-0.46666666666666673,0.33333333333333337,47.800000000000004,-1.5937556638926718,0.0,0.3333333333333333,0.3333333333333333,0.3333333333333333,0.5,0.0,0.5,0.0,0.3333333333333333
FWG,408.4503,0.49999999999999994,0.6666666666666667,-27.9,-0.23989838581069733,0.0,0.6666666666666666,0.3333333333333333,0.0,0.5,0.0,0.0,0.0,0.0
YPWT,565.6175000000001,-1.125,0.5,-6.424999999999996,-0.2408973868096983,0.0,0.25,0.75,0.0,0.6666666666666666,0.0,0.0,0.0,0.0
SEGFEW,753.7556,-1.05,0.33333333333333337,15.383333333333338,-2.534232616835981,0.0,0.3333333333333333,0.3333333333333333,0.3333333333333333,0.2,0.4,0.4,0.0,0.3333333333333333
AYI,365.42400000000004,1.6666666666666667,0.33333333333333337,6.666666666666667,-0.20512441314491403,163.33333333333331,0.3333333333333333,0.6666666666666666,0.0,0.5,0.0,0.0,0.0,0.0
VFL,377.47769999999997,3.6,0.33333333333333337,6.666666666666667,-0.26601161004484764,226.66666666666663,1.0,0.0,0.0,0.0,0.0,0.0,0.0,0.0
EDVPSER,830.8399,-1.8857142857142857,0.0,118.62857142857143,-2.159251158288953,41.42857142857142,0.14285714285714285,0.2857142857142857,0.5714285714285714,0.16666666666666666,0.16666666666666666,0.16666666666666666,0.14285714285714285,0.42857142857142855
IDLAY,593.669,1.06,0.2,8.0,-1.2397766258698537,176.0,0.4,0.4,0.2,0.25,0.0,0.5,0.0,0.2
IAYKPAG,718.8407,0.1285714285714286,0.14285714285714288,25.314285714285717,0.758103612191301,84.28571428571428,0.14285714285714285,0.7142857142857143,0.14285714285714285,0.16666666666666666,0.3333333333333333,0.0,0.14285714285714285,0.0
YPFVEP,750.8376999999999,-0.1666666666666667,0.33333333333333337,93.10000000000001,-1.2380869248364883,48.33333333333332,0.3333333333333333,0.5,0.16666666666666666,0.2,0.2,0.2,0.0,0.16666666666666666
KGAIG,444.52570000000003,0.32,0.0,-25.96,0.7591026131903019,98.0,0.2,0.6,0.2,0.5,0.25,0.0,0.2,0.0
KGALG,444.52570000000003,0.18,0.0,-25.96,0.7591026131903019,98.0,0.2,0.6,0.2,0.5,0.25,0.0,0.2,0.0
KGIFG,520.6216000000001,0.5199999999999999,0.2,-25.96,0.7591026131903019,78.0,0.4,0.4,0.2,0.5,0.25,0.0,0.2,0.0
KGLFG,520.6216000000001,0.37999999999999995,0.2,-8.98,0.7591026131903019,78.0,0.4,0.4,0.2,0.5,0.25,0.0,0.2,0.0
KGVITQ,644.7606,0.03333333333333338,0.0,-18.383333333333336,0.7591026131903019,113.33333333333331,0.3333333333333333,0.3333333333333333,0.3333333333333333,0.4,0.4,0.0,0.16666666666666666,0.0
KHFLA,614.7361999999999,0.2599999999999999,0.2,-12.739999999999998,0.8462768014448888,98.0,0.4,0.4,0.2,0.5,0.25,0.0,0.4,0.0
KNILE,615.7194000000001,-0.52,0.0,134.4,-0.23284964506899786,156.0,0.4,0.0,0.6,0.0,0.0,0.5,0.2,0.2
KPKL,484.63269999999994,-1.4,0.0,-32.575,1.758103612191301,97.5,0.25,0.25,0.5,0.0,0.6666666666666666,0.3333333333333333,0.5,0.0
LLAH,452.54769999999996,1.5499999999999998,0.0,-13.725000000000001,-0.15272419755611044,220.0,0.5,0.5,0.0,0.3333333333333333,0.0,0.0,0.25,0.0
NQLDQ,616.6213,-2.04,0.0,-7.08,-1.2387776248708526,78.0,0.2,0.0,0.8,0.0,0.0,0.5,0.0,0.2
NSGPLVNP,796.8680999999999,-0.42500000000000004,0.0,5.15,-0.23989838581069733,85.0,0.25,0.5,0.25,0.14285714285714285,0.2857142857142857,0.14285714285714285,0.0,0.0
NTGNLLG,687.7421999999999,-0.12857142857142861,0.0,-27.814285714285713,-0.23989838581069733,111.42857142857142,0.2857142857142857,0.42857142857142855,0.2857142857142857,0.16666666666666666,0.3333333333333333,0.16666666666666666,0.0,0.0
GIGKFLHSAKKFGKAFVGEIMNS,2466.8972,0.0826086956521739,0.13043478260869565,-0.10434782608695584,2.846090260421097,72.17391304347825,0.34782608695652173,0.391304347826087,0.2608695652173913,0.2727272727272727,0.2727272727272727,0.18181818181818182,0.21739130434782608,0.043478260869565216
ITSISLCTPGCKTGALMGCNMKTATCHCSIHVSK,3498.1925,0.41470588235294115,0.0,27.51764705882353,2.8819480372064246,71.76470588235294,0.38235294117647056,0.5,0.11764705882352941,0.5151515151515151,0.09090909090909091,0.12121212121212122,0.14705882352941177,0.0
SSMKLSFRARAYGFRGPGPQL,2326.6779,-0.4904761904761905,0.14285714285714285,15.738095238095239,3.458118457519594,46.666666666666664,0.23809523809523808,0.5238095238095238,0.23809523809523808,0.2,0.25,0.25,0.19047619047619047,0.0
FFSLIPSLVGGLISAFK,1796.1556,1.5352941176470587,0.17647058823529413,12.47058823529412,0.7591026131903019,137.64705882352942,0.5294117647058824,0.4117647058823529,0.058823529411764705,0.5,0.0,0.0625,0.058823529411764705,0.0
FLPMLAGLAANFLPKIICKITKKC,2634.359,0.9666666666666667,0.08333333333333334,9.154166666666667,3.73630362999528,126.24999999999999,0.5,0.2916666666666667,0.20833333333333334,0.30434782608695654,0.13043478260869565,0.21739130434782608,0.16666666666666666,0.0
GIGTKILGGVKTALKGALKELASTYAN,2675.1279999999997,0.2518518518518518,0.037037037037037035,7.025925925925926,2.7579170711675087,112.2222222222222,0.25925925925925924,0.5185185185185185,0.2222222222222222,0.2692307692307692,0.15384615384615385,0.19230769230769232,0.14814814814814814,0.037037037037037035
VGALAVVVWLWLWLW,1811.2164000000002,2.106666666666667,0.26666666666666666,70.05333333333334,-0.26601161004484764,194.66666666666666,0.8,0.2,0.0,0.2857142857142857,0.0,0.0,0.0,0.0
FLSGILKLAFKIPSVLCAVLKNC,2478.1103,1.382608695652174,0.08695652173913043,-1.1826086956521715,2.7373026309942805,152.6086956521739,0.5652173913043478,0.2608695652173913,0.17391304347826086,0.36363636363636365,0.0,0.2727272727272727,0.13043478260869565,0.0
LLY,407.50370000000004,2.1,0.33333333333333337,6.666666666666667,-0.2408973868096983,259.99999999999994,0.6666666666666666,0.3333333333333333,0.0,0.5,0.0,0.0,0.0,0.0
FGF,369.4142,1.7333333333333332,0.6666666666666667,6.666666666666667,-0.23989838581069733,0.0,0.6666666666666666,0.3333333333333333,0.0,1.0,0.0,0.0,0.0,0.0
FNQLAALNSAAYLQQQQLLPFSQLA,2778.1214,0.19599999999999995,0.12,65.848,-0.2408973868096983,113.6,0.32,0.36,0.32,0.2916666666666667,0.08333333333333333,0.25,0.0,0.0
QLADVSPAAFLTQQQLLPFYLHAM,2703.1178,0.4666666666666666,0.125,74.92125,-1.152602437615267,110.0,0.375,0.4166666666666667,0.20833333333333334,0.43478260869565216,0.08695652173913043,0.13043478260869565,0.041666666666666664,0.041666666666666664
ANSLLN,630.6908999999999,0.2666666666666666,0.0,8.333333333333334,-0.20412541214591307,146.66666666666663,0.3333333333333333,0.3333333333333333,0.3333333333333333,0.2,0.4,0.2,0.0,0.0
DFYNPKA,853.9177,-1.3142857142857143,0.28571428571428575,40.25857142857143,-0.24077562686885456,14.285714285714285,0.14285714285714285,0.42857142857142855,0.42857142857142855,0.16666666666666666,0.6666666666666666,0.16666666666666666,0.14285714285714285,0.14285714285714285
RDPIYS,749.8117,-1.2,0.16666666666666669,8.333333333333334,-0.23978662576985488,64.99999999999999,0.16666666666666666,0.5,0.3333333333333333,0.4,0.2,0.0,0.16666666666666666,0.16666666666666666
RNPIYS,748.8269,-1.2,0.16666666666666669,24.1,0.7590926132903006,64.99999999999999,0.16666666666666666,0.5,0.3333333333333333,0.4,0.2,0.0,0.16666666666666666,0.0
VEGGLS,560.5978,0.48333333333333334,0.0,28.900000000000002,-1.2632011480716374,113.33333333333331,0.3333333333333333,0.5,0.16666666666666666,0.4,0.2,0.2,0.0,0.16666666666666666
YNLRQ,692.7636,-1.8,0.2,85.04,0.7590926132903006,78.0,0.2,0.2,0.6,0.0,0.25,0.5,0.2,0.0
LAFNPTQLEGQCHV,1556.7407999999998,-0.07142857142857147,0.07142857142857144,19.742857142857144,-1.15981472568191,83.57142857142856,0.35714285714285715,0.35714285714285715,0.2857142857142857,0.3076923076923077,0.3076923076923077,0.3076923076923077,0.07142857142857142,0.07142857142857142
NVPGEIVE,855.932,0.05000000000000003,0.0,36.862500000000004,-2.229040182096787,121.25,0.375,0.25,0.375,0.14285714285714285,0.14285714285714285,0.42857142857142855,0.0,0.25
TVQVTSTAV,905.0044,0.8888888888888888,0.0,-8.922222222222224,-0.6018034056333719,107.77777777777776,0.3333333333333333,0.5555555555555556,0.1111111111111111,0.375,0.0,0.25,0.0,0.0
CARLNCVPKGTSGNTETCPCYASLHSCRKYG,3320.7806,-0.45483870967741935,0.06451612903225806,26.98387096774194,2.7965653101260446,40.96774193548387,0.25806451612903225,0.5161290322580645,0.22580645161290322,0.3,0.26666666666666666,0.13333333333333333,0.16129032258064516,0.03225806451612903
LLGDFFRKSKEKIGKEFKRIVQRIKDFLRNLVPRTES,4493.2629,-0.7243243243243244,0.1081081081081081,23.34324324324325,5.7647305164946125,89.45945945945947,0.35135135135135137,0.16216216216216217,0.4864864864864865,0.08333333333333333,0.2222222222222222,0.3333333333333333,0.2972972972972973,0.13513513513513514
DFKDWMKTAGEWLKKKGPGILKAAMAAAT,3164.7406,-0.3586206896551724,0.10344827586206896,5.696551724137931,2.7591595920481975,61.03448275862069,0.27586206896551724,0.41379310344827586,0.3103448275862069,0.10714285714285714,0.14285714285714285,0.25,0.20689655172413793,0.10344827586206896
GWLKKIGKKIERVGQHTRGLGIAQIAANVAATAR,3613.2250999999997,-0.17058823529411765,0.029411764705882356,10.191176470588234,5.846060260721094,103.52941176470587,0.2647058823529412,0.4117647058823529,0.3235294117647059,0.2727272727272727,0.24242424242424243,0.21212121212121213,0.23529411764705882,0.029411764705882353
FLPGLIKVAVGVGSTILCKITKKC,2489.1348,1.1041666666666667,0.04166666666666667,7.945833333333334,3.73630362999528,137.91666666666666,0.5,0.3333333333333333,0.16666666666666666,0.391304347826087,0.043478260869565216,0.21739130434782608,0.16666666666666666,0.0
LRIPVA,667.8403,1.3666666666666665,0.0,67.73333333333333,0.7600916142893016,194.99999999999994,0.5,0.3333333333333333,0.16666666666666666,0.6,0.0,0.4,0.16666666666666666,0.0
LTPTSN,631.6758,-0.5833333333333334,0.0,8.333333333333334,-0.23989838581069733,64.99999999999999,0.16666666666666666,0.6666666666666666,0.16666666666666666,0.2,0.2,0.0,0.0,0.0
MRWRD,762.88,-2.3,0.2,107.48,0.5046363502884907,0.0,0.4,0.0,0.6,0.0,0.0,0.75,0.4,0.2
KVEGDLK,787.9011999999999,-1.0285714285714287,0.0,-15.685714285714287,-0.23796516489564423,97.14285714285714,0.2857142857142857,0.14285714285714285,0.5714285714285714,0.0,0.3333333333333333,0.6666666666666666,0.2857142857142857,0.2857142857142857
GKDAVIV,700.8238,0.9857142857142858,0.0,-15.685714285714287,-0.2397766258698535,152.85714285714283,0.42857142857142855,0.2857142857142857,0.2857142857142857,0.16666666666666666,0.3333333333333333,0.0,0.14285714285714285,0.14285714285714285
YETGNGIK,880.9414999999999,-1.15,0.125,-61.91250000000001,-0.23908592583548893,48.75,0.125,0.5,0.375,0.14285714285714285,0.5714285714285714,0.14285714285714285,0.125,0.125
EEGGSV,576.5541999999999,-0.7333333333333334,0.0,83.23333333333333,-2.1603619193287966,48.33333333333332,0.16666666666666666,0.5,0.3333333333333333,0.2,0.2,0.0,0.0,0.3333333333333333
FLVPPQE,828.9513,0.08571428571428566,0.14285714285714288,118.62857142857143,-1.231850644069997,97.14285714285714,0.42857142857142855,0.2857142857142857,0.2857142857142857,0.16666666666666666,0.16666666666666666,0.0,0.0,0.14285714285714285
FPFPRPPHQ,1122.2779,-1.3333333333333333,0.2222222222222222,107.51111111111112,0.8472658025438885,0.0,0.2222222222222222,0.5555555555555556,0.2222222222222222,0.375,0.375,0.0,0.2222222222222222,0.0
GANSLLN,687.7421999999999,0.1714285714285714,0.0,-3.5571428571428574,-0.23989838581069733,125.7142857142857,0.2857142857142857,0.42857142857142855,0.2857142857142857,0.16666666666666666,0.3333333333333333,0.16666666666666666,0.0,0.0
GKGIFG,577.6728999999999,0.36666666666666664,0.16666666666666669,-34.11666666666667,0.7591026131903019,64.99999999999999,0.3333333333333333,0.5,0.16666666666666666,0.4,0.4,0.0,0.16666666666666666,0.0
IPSEVLA,727.8458999999999,1.2,0.0,59.48571428571429,-1.2370879238374872,167.1428571428571,0.42857142857142855,0.42857142857142855,0.14285714285714285,0.3333333333333333,0.16666666666666666,0.16666666666666666,0.0,0.14285714285714285
IPSEVLS,743.8453,0.8285714285714285,0.0,59.48571428571429,-1.2370879238374872,152.85714285714283,0.42857142857142855,0.42857142857142855,0.14285714285714285,0.3333333333333333,0.16666666666666666,0.16666666666666666,0.0,0.14285714285714285
LAGNGRSVGVEYV,1320.4505,0.26153846153846155,0.07692307692307693,18.407692307692308,-0.23809692473648925,104.61538461538461,0.3076923076923077,0.46153846153846156,0.23076923076923078,0.4166666666666667,0.4166666666666667,0.08333333333333333,0.07692307692307693,0.07692307692307693
ATQVPLVSSTSEGYTASQPLYQP,2424.6141,-0.32608695652173914,0.08695652173913043,45.86956521739131,-1.2033129521707049,67.82608695652173,0.17391304347826086,0.6521739130434783,0.17391304347826086,0.22727272727272727,0.3181818181818182,0.045454545454545456,0.0,0.043478260869565216
NPADLPDAG,868.8878,-0.7444444444444445,0.0,30.677777777777788,-2.2376568639310084,65.55555555555554,0.1111111111111111,0.5555555555555556,0.3333333333333333,0.125,0.5,0.125,0.0,0.2222222222222222
TRHNIGFAAVDALARAWNISLA,2367.6636,0.40454545454545454,0.09090909090909091,67.78636363636363,0.4864715437610576,111.36363636363637,0.3181818181818182,0.45454545454545453,0.22727272727272727,0.47619047619047616,0.2857142857142857,0.19047619047619047,0.13636363636363635,0.045454545454545456
TTTAATS,651.664,3.172065784643304e-17,0.0,8.571428571428571,-0.6018034056333719,28.57142857142857,0.0,1.0,0.0,0.0,0.0,0.0,0.0,0.0
REGAAPGAA,798.8444,-0.35555555555555557,0.0,11.422222222222226,-0.23709792373748817,44.44444444444444,0.0,0.7777777777777778,0.2222222222222222,0.0,0.125,0.0,0.1111111111111111,0.1111111111111111
SDYLNNNPLFPRYDIGNVELSTAYRSFANQKAPGRLNQNWALTADYTYR,5700.1646,-0.8693877551020408,0.163265306122449,7.430612244897956,0.4602851984163321,63.87755102040816,0.20408163265306123,0.42857142857142855,0.3673469387755102,0.20833333333333334,0.3125,0.16666666666666666,0.10204081632653061,0.08163265306122448
FLPGLIKAAVGIGSTIFCKISKKC,2495.0978999999998,0.9708333333333333,0.08333333333333334,3.4583333333333344,3.73630362999528,117.91666666666666,0.4583333333333333,0.375,0.16666666666666666,0.34782608695652173,0.08695652173913043,0.17391304347826086,0.16666666666666666,0.0
ALWKDILKNAGKAALNEINQLVNQ,2665.0517999999997,-0.225,0.04166666666666667,22.14166666666667,0.7968088077701396,126.24999999999997,0.3333333333333333,0.20833333333333334,0.4583333333333333,0.08695652173913043,0.13043478260869565,0.34782608695652173,0.125,0.08333333333333333
NKGCATCSIGAACLVDGPIPDFEIAGATGLFGLWG,3425.9058999999997,0.6914285714285714,0.08571428571428572,24.71428571428571,-2.2655483732538286,89.42857142857142,0.37142857142857144,0.4857142857142857,0.14285714285714285,0.4117647058823529,0.08823529411764706,0.11764705882352941,0.02857142857142857,0.08571428571428572
FFGHLFKLATKIIPSLFQ,2107.5372,0.8555555555555555,0.2222222222222222,0.7611111111111136,1.845277800445888,113.88888888888887,0.5,0.3333333333333333,0.16666666666666666,0.29411764705882354,0.058823529411764705,0.23529411764705882,0.16666666666666666,0.0
GLWNTIKEAGKKFALNLLDKIRCGIAGGCKG,3275.8872,-0.0032258064516129167,0.06451612903225806,6.106451612903221,3.739225852009332,97.74193548387095,0.3548387096774194,0.3225806451612903,0.3225806451612903,0.26666666666666666,0.13333333333333333,0.3333333333333333,0.1935483870967742,0.06451612903225806
