sequence,tier,source_db,evidence_tier
AHK,Tier1,AnOxPePred,per_peptide_edta_type_assay
VHH,Tier1,AnOxPePred,per_peptide_edta_type_assay
VHHANEN,Tier1,AnOxPePred,per_peptide_edta_type_assay
VNPHDHQN,Tier1,AnOxPePred,per_peptide_edta_type_assay
LVNPHDHQN,Tier1,AnOxPePred,per_peptide_edta_type_assay
LLPHHADADY,Tier1,AnOxPePred,per_peptide_edta_type_assay
VIPAGYP,Tier1,AnOxPePred,per_peptide_edta_type_assay
LQSGDALRVPSGTTYY,Tier1,AnOxPePred,per_peptide_edta_type_assay
VKL,Tier1,AnOxPePred,per_peptide_edta_type_assay
VVKL,Tier1,AnOxPePred,per_peptide_edta_type_assay
VKV,Tier1,AnOxPePred,per_peptide_edta_type_assay
PKAV,Tier1,AnOxPePred,per_peptide_edta_type_assay
IKL,Tier1,AnOxPePred,per_peptide_edta_type_assay
VPSGK,Tier1,AnOxPePred,per_peptide_edta_type_assay
EAK,Tier1,AnOxPePred,per_peptide_edta_type_assay
FVAGK,Tier1,AnOxPePred,per_peptide_edta_type_assay
KAI,Tier1,AnOxPePred,per_peptide_edta_type_assay
KVI,Tier1,AnOxPePred,per_peptide_edta_type_assay
KD,Tier1,AnOxPePred,per_peptide_edta_type_assay
LQPGQGQQ,Tier1,AnOxPePred,per_peptide_edta_type_assay
YFYPEL,Tier1,AnOxPePred,per_peptide_edta_type_assay
FYPEL,Tier1,AnOxPePred,per_peptide_edta_type_assay
YPEL,Tier1,AnOxPePred,per_peptide_edta_type_assay
PEL,Tier1,AnOxPePred,per_peptide_edta_type_assay
EL,Tier1,AnOxPePred,per_peptide_edta_type_assay
LMSYMWSTSM,Tier1,AnOxPePred,per_peptide_edta_type_assay
LELHKLRSSHWFSRR,Tier1,AnOxPePred,per_peptide_edta_type_assay
PSHDAHPE,Tier1,AnOxPePred,per_peptide_edta_type_assay
SHDAHPE,Tier1,AnOxPePred,per_peptide_edta_type_assay
VDHDHPE,Tier1,AnOxPePred,per_peptide_edta_type_assay
PKAVHE,Tier1,AnOxPePred,per_peptide_edta_type_assay
PAGY,Tier1,AnOxPePred,per_peptide_edta_type_assay
PHHADS,Tier1,AnOxPePred,per_peptide_edta_type_assay
VDYP,Tier1,AnOxPePred,per_peptide_edta_type_assay
LQPGQGQQG,Tier1,AnOxPePred,per_peptide_edta_type_assay
AQIPQQ,Tier1,AnOxPePred,per_peptide_edta_type_assay
DSGVT,Tier1,AnOxPePred,per_peptide_edta_type_assay
IEAEGE,Tier1,AnOxPePred,per_peptide_edta_type_assay
DAQEKLE,Tier1,AnOxPePred,per_peptide_edta_type_assay
EELDNALN,Tier1,AnOxPePred,per_peptide_edta_type_assay
VPSIDDQEELM,Tier1,AnOxPePred,per_peptide_edta_type_assay
YAEERYPIL,Tier1,AnOxPePred,per_peptide_edta_type_assay
WYSLAMAASDI,Tier1,AnOxPePred,per_peptide_edta_type_assay
VAPFPGVFGK,Tier1,AnOxPePred,per_peptide_edta_type_assay
HLPLPL,Tier1,AnOxPePred,per_peptide_edta_type_assay
PPQ,Tier1,AnOxPePred,per_peptide_edta_type_assay
GPVRGPFPII,Tier1,AnOxPePred,per_peptide_edta_type_assay
NQE,Tier1,AnOxPePred,per_peptide_edta_type_assay
AKYIPIQYVLSRYPSY,Tier1,AnOxPePred,per_peptide_edta_type_assay
IPIQYVL,Tier1,AnOxPePred,per_peptide_edta_type_assay
PPK,Tier1,AnOxPePred,per_peptide_edta_type_assay
FDSGPAGVL,Tier1,AnOxPePred,per_peptide_edta_type_assay
NGPLQAGQPGER,Tier1,AnOxPePred,per_peptide_edta_type_assay
HGPLGPL,Tier1,AnOxPePred,per_peptide_edta_type_assay
NADFGLNGLEGLA,Tier1,AnOxPePred,per_peptide_edta_type_assay
NGLEGLK,Tier1,AnOxPePred,per_peptide_edta_type_assay
HFGDPFH,Tier1,AnOxPePred,per_peptide_edta_type_assay
LGLNGDDVN,Tier1,AnOxPePred,per_peptide_edta_type_assay
VKAGFAWTANQQLS,Tier1,AnOxPePred,per_peptide_edta_type_assay
LVGDEQAVPAVCVP,Tier1,AnOxPePred,per_peptide_edta_type_assay
ESTVPERTHPACPDFN,Tier1,AnOxPePred,per_peptide_edta_type_assay
PSKYEPFV,Tier1,AnOxPePred,per_peptide_edta_type_assay
LKQELEDLLEKQE,Tier1,AnOxPePred,per_peptide_edta_type_assay
VECYG,Tier1,AnOxPePred,per_peptide_edta_type_assay
CYGPNR,Tier1,AnOxPePred,per_peptide_edta_type_assay
PNRPQF,Tier1,AnOxPePred,per_peptide_edta_type_assay
PLFQNKLAHAK,Tier1,AnOxPePred,per_peptide_edta_type_assay
AEAQKQLR,Tier1,AnOxPePred,per_peptide_edta_type_assay
LEELEEELEGCE,Tier1,AnOxPePred,per_peptide_edta_type_assay
YA,Tier1,AnOxPePred,per_peptide_edta_type_assay
LMCH,Tier1,AnOxPePred,per_peptide_edta_type_assay
PSYV,Tier1,AnOxPePred,per_peptide_edta_type_assay
LPTSEAAKY,Tier1,AnOxPePred,per_peptide_edta_type_assay
PMDYMVT,Tier1,AnOxPePred,per_peptide_edta_type_assay
FRDEHKK,Tier1,AnOxPePred,per_peptide_edta_type_assay
KHNRGDEF,Tier1,AnOxPePred,per_peptide_edta_type_assay
HPLH,Tier1,AnOxPePred,per_peptide_edta_type_assay
HHLP,Tier1,AnOxPePred,per_peptide_edta_type_assay
HL,Tier1,AnOxPePred,per_peptide_edta_type_assay
HLPH,Tier1,AnOxPePred,per_peptide_edta_type_assay
LLPH,Tier1,AnOxPePred,per_peptide_edta_type_assay
PLHH,Tier1,AnOxPePred,per_peptide_edta_type_assay
HPHL,Tier1,AnOxPePred,per_peptide_edta_type_assay
HH,Tier1,AnOxPePred,per_peptide_edta_type_assay
YLYP,Tier1,AnOxPePred,per_peptide_edta_type_assay
HPH,Tier1,AnOxPePred,per_peptide_edta_type_assay
LYPY,Tier1,AnOxPePred,per_peptide_edta_type_assay
LLHH,Tier1,AnOxPePred,per_peptide_edta_type_assay
LPYY,Tier1,AnOxPePred,per_peptide_edta_type_assay
HHPLL,Tier1,AnOxPePred,per_peptide_edta_type_assay
PYY,Tier1,AnOxPePred,per_peptide_edta_type_assay
HLHP,Tier1,AnOxPePred,per_peptide_edta_type_assay
LPHH,Tier1,AnOxPePred,per_peptide_edta_type_assay
HHPL,Tier1,AnOxPePred,per_peptide_edta_type_assay
LHPH,Tier1,AnOxPePred,per_peptide_edta_type_assay
HHP,Tier1,AnOxPePred,per_peptide_edta_type_assay
LH,Tier1,AnOxPePred,per_peptide_edta_type_assay
LLPHH,Tier1,AnOxPePred,per_peptide_edta_type_assay
HLH,Tier1,AnOxPePred,per_peptide_edta_type_assay
LLPHHH,Tier1,AnOxPePred,per_peptide_edta_type_assay
LHH,Tier1,AnOxPePred,per_peptide_edta_type_assay
PHH,Tier1,AnOxPePred,per_peptide_edta_type_assay
LHA,Tier1,AnOxPePred,per_peptide_edta_type_assay
LHD,Tier1,AnOxPePred,per_peptide_edta_type_assay
LHE,Tier1,AnOxPePred,per_peptide_edta_type_assay
LHF,Tier1,AnOxPePred,per_peptide_edta_type_assay
LHG,Tier1,AnOxPePred,per_peptide_edta_type_assay
LHI,Tier1,AnOxPePred,per_peptide_edta_type_assay
LHK,Tier1,AnOxPePred,per_peptide_edta_type_assay
LHL,Tier1,AnOxPePred,per_peptide_edta_type_assay
LHM,Tier1,AnOxPePred,per_peptide_edta_type_assay
LHN,Tier1,AnOxPePred,per_peptide_edta_type_assay
LHQ,Tier1,AnOxPePred,per_peptide_edta_type_assay
LHR,Tier1,AnOxPePred,per_peptide_edta_type_assay
LHS,Tier1,AnOxPePred,per_peptide_edta_type_assay
LHT,Tier1,AnOxPePred,per_peptide_edta_type_assay
LHV,Tier1,AnOxPePred,per_peptide_edta_type_assay
LHW,Tier1,AnOxPePred,per_peptide_edta_type_assay
LHY,Tier1,AnOxPePred,per_peptide_edta_type_assay
LWA,Tier1,AnOxPePred,per_peptide_edta_type_assay
LWD,Tier1,AnOxPePred,per_peptide_edta_type_assay
LWE,Tier1,AnOxPePred,per_peptide_edta_type_assay
LWF,Tier1,AnOxPePred,per_peptide_edta_type_assay
LWG,Tier1,AnOxPePred,per_peptide_edta_type_assay
LWH,Tier1,AnOxPePred,per_peptide_edta_type_assay
LWI,Tier1,AnOxPePred,per_peptide_edta_type_assay
LWK,Tier1,AnOxPePred,per_peptide_edta_type_assay
LWM,Tier1,AnOxPePred,per_peptide_edta_type_assay
LWN,Tier1,AnOxPePred,per_peptide_edta_type_assay
LWQ,Tier1,AnOxPePred,per_peptide_edta_type_assay
LWR,Tier1,AnOxPePred,per_peptide_edta_type_assay
LWS,Tier1,AnOxPePred,per_peptide_edta_type_assay
LWT,Tier1,AnOxPePred,per_peptide_edta_type_assay
LWV,Tier1,AnOxPePred,per_peptide_edta_type_assay
LWW,Tier1,AnOxPePred,per_peptide_edta_type_assay
LWY,Tier1,AnOxPePred,per_peptide_edta_type_assay
PHA,Tier1,AnOxPePred,per_peptide_edta_type_assay
PHD,Tier1,AnOxPePred,per_peptide_edta_type_assay
PHE,Tier1,AnOxPePred,per_peptide_edta_type_assay
PHF,Tier1,AnOxPePred,per_peptide_edta_type_assay
PHG,Tier1,AnOxPePred,per_peptide_edta_type_assay
PHI,Tier1,AnOxPePred,per_peptide_edta_type_assay
PHK,Tier1,AnOxPePred,per_peptide_edta_type_assay
PHL,Tier1,AnOxPePred,per_peptide_edta_type_assay
PHM,Tier1,AnOxPePred,per_peptide_edta_type_assay
PHN,Tier1,AnOxPePred,per_peptide_edta_type_assay
PHQ,Tier1,AnOxPePred,per_peptide_edta_type_assay
PHR,Tier1,AnOxPePred,per_peptide_edta_type_assay
PHS,Tier1,AnOxPePred,per_peptide_edta_type_assay
PHT,Tier1,AnOxPePred,per_peptide_edta_type_assay
PHV,Tier1,AnOxPePred,per_peptide_edta_type_assay
PHW,Tier1,AnOxPePred,per_peptide_edta_type_assay
PHY,Tier1,AnOxPePred,per_peptide_edta_type_assay
PWA,Tier1,AnOxPePred,per_peptide_edta_type_assay
PWD,Tier1,AnOxPePred,per_peptide_edta_type_assay
PWE,Tier1,AnOxPePred,per_peptide_edta_type_assay
PWF,Tier1,AnOxPePred,per_peptide_edta_type_assay
PWG,Tier1,AnOxPePred,per_peptide_edta_type_assay
PWH,Tier1,AnOxPePred,per_peptide_edta_type_assay
PWI,Tier1,AnOxPePred,per_peptide_edta_type_assay
PWL,Tier1,AnOxPePred,per_peptide_edta_type_assay
PWN,Tier1,AnOxPePred,per_peptide_edta_type_assay
PWQ,Tier1,AnOxPePred,per_peptide_edta_type_assay
PWR,Tier1,AnOxPePred,per_peptide_edta_type_assay
PWS,Tier1,AnOxPePred,per_peptide_edta_type_assay
PWT,Tier1,AnOxPePred,per_peptide_edta_type_assay
PWV,Tier1,AnOxPePred,per_peptide_edta_type_assay
PWW,Tier1,AnOxPePred,per_peptide_edta_type_assay
PWY,Tier1,AnOxPePred,per_peptide_edta_type_assay
RHA,Tier1,AnOxPePred,per_peptide_edta_type_assay
RHD,Tier1,AnOxPePred,per_peptide_edta_type_assay
RHE,Tier1,AnOxPePred,per_peptide_edta_type_assay
RHF,Tier1,AnOxPePred,per_peptide_edta_type_assay
RHG,Tier1,AnOxPePred,per_peptide_edta_type_assay
RHH,Tier1,AnOxPePred,per_peptide_edta_type_assay
RHI,Tier1,AnOxPePred,per_peptide_edta_type_assay
RHK,Tier1,AnOxPePred,per_peptide_edta_type_assay
RHL,Tier1,AnOxPePred,per_peptide_edta_type_assay
RHM,Tier1,AnOxPePred,per_peptide_edta_type_assay
RHN,Tier1,AnOxPePred,per_peptide_edta_type_assay
RHQ,Tier1,AnOxPePred,per_peptide_edta_type_assay
RNR,Tier1,AnOxPePred,per_peptide_edta_type_assay
RHS,Tier1,AnOxPePred,per_peptide_edta_type_assay
RHT,Tier1,AnOxPePred,per_peptide_edta_type_assay
RHV,Tier1,AnOxPePred,per_peptide_edta_type_assay
RHW,Tier1,AnOxPePred,per_peptide_edta_type_assay
RHY,Tier1,AnOxPePred,per_peptide_edta_type_assay
RWA,Tier1,AnOxPePred,per_peptide_edta_type_assay
RWE,Tier1,AnOxPePred,per_peptide_edta_type_assay
RWG,Tier1,AnOxPePred,per_peptide_edta_type_assay
RWH,Tier1,AnOxPePred,per_peptide_edta_type_assay
RWI,Tier1,AnOxPePred,per_peptide_edta_type_assay
RWL,Tier1,AnOxPePred,per_peptide_edta_type_assay
RWN,Tier1,AnOxPePred,per_peptide_edta_type_assay
RWR,Tier1,AnOxPePred,per_peptide_edta_type_assay
RWT,Tier1,AnOxPePred,per_peptide_edta_type_assay
RWW,Tier1,AnOxPePred,per_peptide_edta_type_assay
RWQ,Tier1,AnOxPePred,per_peptide_edta_type_assay
RWY,Tier1,AnOxPePred,per_peptide_edta_type_assay
HEH,Tier1,AnOxPePred,per_peptide_edta_type_assay
HDH,Tier1,AnOxPePred,per_peptide_edta_type_assay
AHH,Tier1,AnOxPePred,per_peptide_edta_type_assay
IHH,Tier1,AnOxPePred,per_peptide_edta_type_assay
FHH,Tier1,AnOxPePred,per_peptide_edta_type_assay
WHH,Tier1,AnOxPePred,per_peptide_edta_type_assay
YHH,Tier1,AnOxPePred,per_peptide_edta_type_assay
HYH,Tier1,AnOxPePred,per_peptide_edta_type_assay
HFH,Tier1,AnOxPePred,per_peptide_edta_type_assay
HWH,Tier1,AnOxPePred,per_peptide_edta_type_assay
HHF,Tier1,AnOxPePred,per_peptide_edta_type_assay
HHW,Tier1,AnOxPePred,per_peptide_edta_type_assay
HHY,Tier1,AnOxPePred,per_peptide_edta_type_assay
GHH,Tier1,AnOxPePred,per_peptide_edta_type_assay
NHH,Tier1,AnOxPePred,per_peptide_edta_type_assay
QHH,Tier1,AnOxPePred,per_peptide_edta_type_assay
MHH,Tier1,AnOxPePred,per_peptide_edta_type_assay
SHH,Tier1,AnOxPePred,per_peptide_edta_type_assay
THH,Tier1,AnOxPePred,per_peptide_edta_type_assay
DYY,Tier1,AnOxPePred,per_peptide_edta_type_assay
EYY,Tier1,AnOxPePred,per_peptide_edta_type_assay
YDY,Tier1,AnOxPePred,per_peptide_edta_type_assay
YEY,Tier1,AnOxPePred,per_peptide_edta_type_assay
YYD,Tier1,AnOxPePred,per_peptide_edta_type_assay
YYE,Tier1,AnOxPePred,per_peptide_edta_type_assay
HYY,Tier1,AnOxPePred,per_peptide_edta_type_assay
KYY,Tier1,AnOxPePred,per_peptide_edta_type_assay
RYY,Tier1,AnOxPePred,per_peptide_edta_type_assay
YHY,Tier1,AnOxPePred,per_peptide_edta_type_assay
YKY,Tier1,AnOxPePred,per_peptide_edta_type_assay
YRY,Tier1,AnOxPePred,per_peptide_edta_type_assay
YYR,Tier1,AnOxPePred,per_peptide_edta_type_assay
YYH,Tier1,AnOxPePred,per_peptide_edta_type_assay
YYK,Tier1,AnOxPePred,per_peptide_edta_type_assay
AYY,Tier1,AnOxPePred,per_peptide_edta_type_assay
IYY,Tier1,AnOxPePred,per_peptide_edta_type_assay
LYY,Tier1,AnOxPePred,per_peptide_edta_type_assay
VYY,Tier1,AnOxPePred,per_peptide_edta_type_assay
YAY,Tier1,AnOxPePred,per_peptide_edta_type_assay
YIY,Tier1,AnOxPePred,per_peptide_edta_type_assay
YLY,Tier1,AnOxPePred,per_peptide_edta_type_assay
YVY,Tier1,AnOxPePred,per_peptide_edta_type_assay
YYA,Tier1,AnOxPePred,per_peptide_edta_type_assay
YYI,Tier1,AnOxPePred,per_peptide_edta_type_assay
YYL,Tier1,AnOxPePred,per_peptide_edta_type_assay
YYV,Tier1,AnOxPePred,per_peptide_edta_type_assay
FYY,Tier1,AnOxPePred,per_peptide_edta_type_assay
WYY,Tier1,AnOxPePred,per_peptide_edta_type_assay
YYY,Tier1,AnOxPePred,per_peptide_edta_type_assay
YFY,Tier1,AnOxPePred,per_peptide_edta_type_assay
YWY,Tier1,AnOxPePred,per_peptide_edta_type_assay
YYF,Tier1,AnOxPePred,per_peptide_edta_type_assay
YYW,Tier1,AnOxPePred,per_peptide_edta_type_assay
GYY,Tier1,AnOxPePred,per_peptide_edta_type_assay
NYY,Tier1,AnOxPePred,per_peptide_edta_type_assay
QYY,Tier1,AnOxPePred,per_peptide_edta_type_assay
YGY,Tier1,AnOxPePred,per_peptide_edta_type_assay
YNY,Tier1,AnOxPePred,per_peptide_edta_type_assay
YQY,Tier1,AnOxPePred,per_peptide_edta_type_assay
YYG,Tier1,AnOxPePred,per_peptide_edta_type_assay
YYN,Tier1,AnOxPePred,per_peptide_edta_type_assay
YYQ,Tier1,AnOxPePred,per_peptide_edta_type_assay
MYY,Tier1,AnOxPePred,per_peptide_edta_type_assay
YMY,Tier1,AnOxPePred,per_peptide_edta_type_assay
YYM,Tier1,AnOxPePred,per_peptide_edta_type_assay
SYY,Tier1,AnOxPePred,per_peptide_edta_type_assay
TYY,Tier1,AnOxPePred,per_peptide_edta_type_assay
YSY,Tier1,AnOxPePred,per_peptide_edta_type_assay
YTY,Tier1,AnOxPePred,per_peptide_edta_type_assay
YYS,Tier1,AnOxPePred,per_peptide_edta_type_assay
YYT,Tier1,AnOxPePred,per_peptide_edta_type_assay
YCY,Tier1,AnOxPePred,per_peptide_edta_type_assay
YPFPG,Tier1,AnOxPePred,per_peptide_edta_type_assay
RPPGFSPFR,Tier1,AnOxPePred,per_peptide_edta_type_assay
YRPPGFSPFR,Tier1,AnOxPePred,per_peptide_edta_type_assay
NRVYIHPFHLLVYS,Tier1,AnOxPePred,per_peptide_edta_type_assay
VQYPVEHPNKFLKFGMTPSKGVLFY,Tier1,AnOxPePred,per_peptide_edta_type_assay
RPDFDLEPPY,Tier1,AnOxPePred,per_peptide_edta_type_assay
LPHSGY,Tier1,AnOxPePred,per_peptide_edta_type_assay
PR,Tier1,AnOxPePred,per_peptide_edta_type_assay
PVSHDHAPEY,Tier1,AnOxPePred,per_peptide_edta_type_assay
PSDHDHE,Tier1,AnOxPePred,per_peptide_edta_type_assay
VHDY,Tier1,AnOxPePred,per_peptide_edta_type_assay
LARL,Tier1,AnOxPePred,per_peptide_edta_type_assay
GGE,Tier1,AnOxPePred,per_peptide_edta_type_assay
GAH,Tier1,AnOxPePred,per_peptide_edta_type_assay
GAWA,Tier1,AnOxPePred,per_peptide_edta_type_assay
PHYL,Tier1,AnOxPePred,per_peptide_edta_type_assay
GALAAH,Tier1,AnOxPePred,per_peptide_edta_type_assay
DPALATEPDPMPF,Tier1,AnOxPePred,per_peptide_edta_type_assay
ACFL,Tier1,AnOxPePred,per_peptide_edta_type_assay
FLNDFLHV,Tier1,AnOxPePred,per_peptide_edta_type_assay
WEGPK,Tier1,AnOxPePred,per_peptide_edta_type_assay
GPP,Tier1,AnOxPePred,per_peptide_edta_type_assay
GVPLT,Tier1,AnOxPePred,per_peptide_edta_type_assay
GSGGL,Tier1,AnOxPePred,per_peptide_edta_type_assay
GPGGFI,Tier1,AnOxPePred,per_peptide_edta_type_assay
FIGP,Tier1,AnOxPePred,per_peptide_edta_type_assay
AMTGLDA,Tier1,AnOxPePred,per_peptide_edta_type_assay
NHRYDR,Tier1,AnOxPePred,per_peptide_edta_type_assay
GNRGFACRHA,Tier1,AnOxPePred,per_peptide_edta_type_assay
VKEAMPK,Tier1,AnOxPePred,per_peptide_edta_type_assay
AVPYPQR,Tier1,AnOxPePred,per_peptide_edta_type_assay
KVLPVPQK,Tier1,AnOxPePred,per_peptide_edta_type_assay
VLPVPQK,Tier1,AnOxPePred,per_peptide_edta_type_assay
MHIRL,Tier1,AnOxPePred,per_peptide_edta_type_assay
YVEEL,Tier1,AnOxPePred,per_peptide_edta_type_assay
YGYTGA,Tier1,AnOxPePred,per_peptide_edta_type_assay
ISELGW,Tier1,AnOxPePred,per_peptide_edta_type_assay
YVAQGEGVVA,Tier1,AnOxPePred,per_peptide_edta_type_assay
WSRRGEREEEDERRR,Tier1,AnOxPePred,per_peptide_edta_type_assay
HGGEGGRPYHLGEES,Tier1,AnOxPePred,per_peptide_edta_type_assay
VAVDKHDYEPLGHSDIGVY,Tier1,AnOxPePred,per_peptide_edta_type_assay
FFAPGRNPTSFS,Tier1,AnOxPePred,per_peptide_edta_type_assay
EEYFPVGGDRPESF,Tier1,AnOxPePred,per_peptide_edta_type_assay
WEIKPSSLTGKSPYFSNNHGKL,Tier1,AnOxPePred,per_peptide_edta_type_assay
YLAGMN,Tier1,AnOxPePred,per_peptide_edta_type_assay
IAPNYNTRATKL,Tier1,AnOxPePred,per_peptide_edta_type_assay
IIENGEKWS,Tier1,AnOxPePred,per_peptide_edta_type_assay
LVDTGRGPIMY,Tier1,AnOxPePred,per_peptide_edta_type_assay
EEEQVGQGYETIRARL,Tier1,AnOxPePred,per_peptide_edta_type_assay
FVAPAGTINY,Tier1,AnOxPePred,per_peptide_edta_type_assay
YEADARSFHDLAEHDIRV,Tier1,AnOxPePred,per_peptide_edta_type_assay
LRGIKNYRVAVL,Tier1,AnOxPePred,per_peptide_edta_type_assay
AAVGGYRVAVL,Tier1,AnOxPePred,per_peptide_edta_type_assay
NHAV,Tier1,AnOxPePred,per_peptide_edta_type_assay
HVRETALV,Tier1,AnOxPePred,per_peptide_edta_type_assay
IPAGM,Tier1,AnOxPePred,per_peptide_edta_type_assay
LPAGV,Tier1,AnOxPePred,per_peptide_edta_type_assay
EFLQ,Tier1,AnOxPePred,per_peptide_edta_type_assay
IPAGV,Tier1,AnOxPePred,per_peptide_edta_type_assay
EFQI,Tier1,AnOxPePred,per_peptide_edta_type_assay
SVYT,Tier1,AnOxPePred,per_peptide_edta_type_assay
FEQI,Tier1,AnOxPePred,per_peptide_edta_type_assay
LALPA,Tier1,AnOxPePred,per_peptide_edta_type_assay
EFQL,Tier1,AnOxPePred,per_peptide_edta_type_assay
LEEAF,Tier1,AnOxPePred,per_peptide_edta_type_assay
PSIPA,Tier1,AnOxPePred,per_peptide_edta_type_assay
PSLPA,Tier1,AnOxPePred,per_peptide_edta_type_assay
WVYY,Tier1,AnOxPePred,per_peptide_edta_type_assay
LPL,Tier1,AnOxPePred,per_peptide_edta_type_assay
WYT,Tier1,AnOxPePred,per_peptide_edta_type_assay
WSY,Tier1,AnOxPePred,per_peptide_edta_type_assay
LQL,Tier1,AnOxPePred,per_peptide_edta_type_assay
YNL,Tier1,AnOxPePred,per_peptide_edta_type_assay
IEEAF,Tier1,AnOxPePred,per_peptide_edta_type_assay
FEQL,Tier1,AnOxPePred,per_peptide_edta_type_assay
VSYT,Tier1,AnOxPePred,per_peptide_edta_type_assay
YNI,Tier1,AnOxPePred,per_peptide_edta_type_assay
EFIQ,Tier1,AnOxPePred,per_peptide_edta_type_assay
LNGDVW,Tier1,AnOxPePred,per_peptide_edta_type_assay
TY,Tier1,AnOxPePred,per_peptide_edta_type_assay
VY,Tier1,AnOxPePred,per_peptide_edta_type_assay
NYKQM,Tier1,AnOxPePred,per_peptide_edta_type_assay
YSTA,Tier1,AnOxPePred,per_peptide_edta_type_assay
YFE,Tier1,AnOxPePred,per_peptide_edta_type_assay
SWN,Tier1,AnOxPePred,per_peptide_edta_type_assay
HVCYMF,Tier1,AnOxPePred,per_peptide_edta_type_assay
MWL,Tier1,AnOxPePred,per_peptide_edta_type_assay
HDHPVC,Tier1,AnOxPePred,per_peptide_edta_type_assay
HEKVC,Tier1,AnOxPePred,per_peptide_edta_type_assay
QWPAQ,Tier1,AnOxPePred,per_peptide_edta_type_assay
GFRGTIGLVG,Tier1,AnOxPePred,per_peptide_edta_type_assay
GPAGPAG,Tier1,AnOxPePred,per_peptide_edta_type_assay
GFPSG,Tier1,AnOxPePred,per_peptide_edta_type_assay
YPPAK,Tier1,AnOxPePred,per_peptide_edta_type_assay
TCSP,Tier1,AnOxPePred,per_peptide_edta_type_assay
TGGGNV,Tier1,AnOxPePred,per_peptide_edta_type_assay
ESTTVPERTHPACPDFN,Tier1,AnOxPePred,per_peptide_edta_type_assay
LLGPGLTNHA,Tier1,AnOxPePred,per_peptide_edta_type_assay
DLGLGLPGAH,Tier1,AnOxPePred,per_peptide_edta_type_assay
VECYGPNRPQF,Tier1,AnOxPePred,per_peptide_edta_type_assay
FLQEFLHV,Tier1,AnOxPePred,per_peptide_edta_type_assay
KTFCGRH,Tier1,AnOxPePred,per_peptide_edta_type_assay
DW,Tier1,AnOxPePred,per_peptide_edta_type_assay
EWPAQ,Tier1,AnOxPePred,per_peptide_edta_type_assay
FLHRP,Tier1,AnOxPePred,per_peptide_edta_type_assay
LMGQW,Tier1,AnOxPePred,per_peptide_edta_type_assay
LDK,Tier1,AnOxPePred,per_peptide_edta_type_assay
PVMGA,Tier1,AnOxPePred,per_peptide_edta_type_assay
QHGV,Tier1,AnOxPePred,per_peptide_edta_type_assay
VCSV,Tier1,AnOxPePred,per_peptide_edta_type_assay
CAAP,Tier1,AnOxPePred,per_peptide_edta_type_assay
SVEIQALCDM,Tier1,AnOxPePred,per_peptide_edta_type_assay
MQFHT,Tier1,AnOxPePred,per_peptide_edta_type_assay
PHCKRM,Tier1,AnOxPePred,per_peptide_edta_type_assay
VKEAMAPK,Tier1,AnOxPePred,per_peptide_edta_type_assay
ARHPHPHLSFM,Tier1,AnOxPePred,per_peptide_edta_type_assay
IKK,Tier1,AnOxPePred,per_peptide_edta_type_assay
FKK,Tier1,AnOxPePred,per_peptide_edta_type_assay
FIKK,Tier1,AnOxPePred,per_peptide_edta_type_assay
AY,Tier1,AnOxPePred,per_peptide_edta_type_assay
ADF,Tier1,AnOxPePred,per_peptide_edta_type_assay
SDF,Tier1,AnOxPePred,per_peptide_edta_type_assay
FGHPY,Tier1,AnOxPePred,per_peptide_edta_type_assay
TTYY,Tier1,AnOxPePred,per_peptide_edta_type_assay
LY,Tier1,AnOxPePred,per_peptide_edta_type_assay
IY,Tier1,AnOxPePred,per_peptide_edta_type_assay
YQEP,Tier1,AnOxPePred,per_peptide_edta_type_assay
YQEPVLGP,Tier1,AnOxPePred,per_peptide_edta_type_assay
SALAM,Tier1,AnOxPePred,per_peptide_edta_type_assay
YQIGL,Tier1,AnOxPePred,per_peptide_edta_type_assay
YRGGLEPINF,Tier1,AnOxPePred,per_peptide_edta_type_assay
FRADHPFL,Tier1,AnOxPePred,per_peptide_edta_type_assay
RADHPFL,Tier1,AnOxPePred,per_peptide_edta_type_assay
YPI,Tier1,AnOxPePred,per_peptide_edta_type_assay
YPIL,Tier1,AnOxPePred,per_peptide_edta_type_assay
RADHPF,Tier1,AnOxPePred,per_peptide_edta_type_assay
RADHP,Tier1,AnOxPePred,per_peptide_edta_type_assay
ADHP,Tier1,AnOxPePred,per_peptide_edta_type_assay
QVVPYPQ,Tier1,AnOxPePred,per_peptide_edta_type_assay
HQIYPV,Tier1,AnOxPePred,per_peptide_edta_type_assay
PYPQ,Tier1,AnOxPePred,per_peptide_edta_type_assay
WSVPQPK,Tier1,AnOxPePred,per_peptide_edta_type_assay
IYPF,Tier1,AnOxPePred,per_peptide_edta_type_assay
WY,Tier1,AnOxPePred,per_peptide_edta_type_assay
WYS,Tier1,AnOxPePred,per_peptide_edta_type_assay
WYSL,Tier1,AnOxPePred,per_peptide_edta_type_assay
WYSLA,Tier1,AnOxPePred,per_peptide_edta_type_assay
WYSLAM,Tier1,AnOxPePred,per_peptide_edta_type_assay
WYSLAMA,Tier1,AnOxPePred,per_peptide_edta_type_assay
MY,Tier1,AnOxPePred,per_peptide_edta_type_assay
LQGM,Tier1,AnOxPePred,per_peptide_edta_type_assay
QGAR,Tier1,AnOxPePred,per_peptide_edta_type_assay
FPLEMMPF,Tier1,AnOxPePred,per_peptide_edta_type_assay
LNLPTAVYMVT,Tier1,AnOxPePred,per_peptide_edta_type_assay
YGGFL,Tier1,AnOxPePred,per_peptide_edta_type_assay
YGGFM,Tier1,AnOxPePred,per_peptide_edta_type_assay
DRVYIHPFHL,Tier1,AnOxPePred,per_peptide_edta_type_assay
DRVYIHPF,Tier1,AnOxPePred,per_peptide_edta_type_assay
LEQQVDDLEGSLEQEKK,Tier1,AnOxPePred,per_peptide_edta_type_assay
AIRQGDVF,Tier1,AnOxPePred,per_peptide_edta_type_assay
VLEANPRSF,Tier1,AnOxPePred,per_peptide_edta_type_assay
YFPVGGDRPESF,Tier1,AnOxPePred,per_peptide_edta_type_assay
IQY,Tier1,AnOxPePred,per_peptide_edta_type_assay
YVL,Tier1,AnOxPePred,per_peptide_edta_type_assay
FALPQYLK,Tier1,AnOxPePred,per_peptide_edta_type_assay
PYVRYL,Tier1,AnOxPePred,per_peptide_edta_type_assay
TIIPLPV,Tier1,AnOxPePred,per_peptide_edta_type_assay
WPL,Tier1,AnOxPePred,per_peptide_edta_type_assay
VPW,Tier1,AnOxPePred,per_peptide_edta_type_assay
VFPW,Tier1,AnOxPePred,per_peptide_edta_type_assay
PW,Tier1,AnOxPePred,per_peptide_edta_type_assay
HNPI,Tier1,AnOxPePred,per_peptide_edta_type_assay
QYDQGV,Tier1,AnOxPePred,per_peptide_edta_type_assay
YEDCTDCGN,Tier1,AnOxPePred,per_peptide_edta_type_assay
AADNANELFPPN,Tier1,AnOxPePred,per_peptide_edta_type_assay
AMRLTYNRPCIYAT,Tier1,AnOxPePred,per_peptide_edta_type_assay
AMRLTGNRPCIYAT,Tier1,AnOxPePred,per_peptide_edta_type_assay
AMRLTYNRPGIYAT,Tier1,AnOxPePred,per_peptide_edta_type_assay
AMRLTGNRPGLYAT,Tier1,AnOxPePred,per_peptide_edta_type_assay
AMRLTYNRPCLGAT,Tier1,AnOxPePred,per_peptide_edta_type_assay
AMRLTYNRPGLGAT,Tier1,AnOxPePred,per_peptide_edta_type_assay
AMRLTGNRPCLGAT,Tier1,AnOxPePred,per_peptide_edta_type_assay
SIITMTKEAKLPQLWKQIACRLYNTC,Tier1,AnOxPePred,per_peptide_edta_type_assay
FRSGILKLASKIPSVLCAVLKNC,Tier1,AnOxPePred,per_peptide_edta_type_assay
AKAWGIPPHVIPQIVPVRIRPLCGNV,Tier1,AnOxPePred,per_peptide_edta_type_assay
GFWDSVKEGLKNAAVTILNKIKCKISECPPA,Tier1,AnOxPePred,per_peptide_edta_type_assay
FIPGLRRLFATVVPTVVCAINKLPPG,Tier1,AnOxPePred,per_peptide_edta_type_assay
DDPDKGMLKWKNDFFQEF,Tier1,AnOxPePred,per_peptide_edta_type_assay
GLLDSVKEGLKKVAGQLLDTLKCKISGCTPA,Tier1,AnOxPePred,per_peptide_edta_type_assay
GFFDRIKALTKNVTLELLNTITCKLPVTPP,Tier1,AnOxPePred,per_peptide_edta_type_assay
SFGAKNAVKNGLQKLRNQCQANNYQGPFCDIFKKNP,Tier1,AnOxPePred,per_peptide_edta_type_assay
CVHWMTNTARTACIAP,Tier1,AnOxPePred,per_peptide_edta_type_assay
AMRLTYNKPCLYGT,Tier1,AnOxPePred,per_peptide_edta_type_assay
IRW,Tier1,AnOxPePred,per_peptide_edta_type_assay
RW,Tier1,AnOxPePred,per_peptide_edta_type_assay
IANNEADAISLDGGQVFEAG,Tier1,AnOxPePred,per_peptide_edta_type_assay
PIAAEVYEHTEGSTTSY,Tier1,AnOxPePred,per_peptide_edta_type_assay
IAAEVYEHTEGSTTSY,Tier1,AnOxPePred,per_peptide_edta_type_assay
AGWNIPIGT,Tier1,AnOxPePred,per_peptide_edta_type_assay
AGWNIP,Tier1,AnOxPePred,per_peptide_edta_type_assay
AGWNI,Tier1,AnOxPePred,per_peptide_edta_type_assay
WNIP,Tier1,AnOxPePred,per_peptide_edta_type_assay
AIEWEGIESGSVEQA,Tier1,AnOxPePred,per_peptide_edta_type_assay
IEWEGIESGSVEQA,Tier1,AnOxPePred,per_peptide_edta_type_assay
LGFEY,Tier1,AnOxPePred,per_peptide_edta_type_assay
LGFEYY,Tier1,AnOxPePred,per_peptide_edta_type_assay
VIPMGL,Tier1,AnOxPePred,per_peptide_edta_type_assay
GWNIP,Tier1,AnOxPePred,per_peptide_edta_type_assay
GWNI,Tier1,AnOxPePred,per_peptide_edta_type_assay
VPYPQ,Tier1,AnOxPePred,per_peptide_edta_type_assay
VPNSYP,Tier1,AnOxPePred,per_peptide_edta_type_assay
NPYVPR,Tier1,AnOxPePred,per_peptide_edta_type_assay
WISELG,Tier1,AnOxPePred,per_peptide_edta_type_assay
WISELGW,Tier1,AnOxPePred,per_peptide_edta_type_assay
ISELWG,Tier1,AnOxPePred,per_peptide_edta_type_assay
ISELGF,Tier1,AnOxPePred,per_peptide_edta_type_assay
ISELGY,Tier1,AnOxPePred,per_peptide_edta_type_assay
GPLGLLGFLGPLGLS,Tier1,AnOxPePred,per_peptide_edta_type_assay
QLGNLGV,Tier1,AnOxPePred,per_peptide_edta_type_assay
SVMPVVA,Tier1,AnOxPePred,per_peptide_edta_type_assay
FLKPLFNAALKLLP,Tier1,AnOxPePred,per_peptide_edta_type_assay
VKP,Tier1,AnOxPePred,per_peptide_edta_type_assay
VKCFR,Tier1,AnOxPePred,per_peptide_edta_type_assay
PYFNK,Tier1,AnOxPePred,per_peptide_edta_type_assay
VLYEE,Tier1,AnOxPePred,per_peptide_edta_type_assay
YLMSR,Tier1,AnOxPePred,per_peptide_edta_type_assay
MILMR,Tier1,AnOxPePred,per_peptide_edta_type_assay
HMPVTK,Tier1,AnOxPePred,per_peptide_edta_type_assay
TERGY,Tier1,AnOxPePred,per_peptide_edta_type_assay
TEFTK,Tier1,AnOxPePred,per_peptide_edta_type_assay
TDY,Tier1,AnOxPePred,per_peptide_edta_type_assay
NHK,Tier1,AnOxPePred,per_peptide_edta_type_assay
LVSK,Tier1,AnOxPePred,per_peptide_edta_type_assay
WHNVSGSP,Tier1,AnOxPePred,per_peptide_edta_type_assay
FDEQE,Tier1,AnOxPePred,per_peptide_edta_type_assay
WDDMEK,Tier1,AnOxPePred,per_peptide_edta_type_assay
MEMK,Tier1,AnOxPePred,per_peptide_edta_type_assay
LDY,Tier1,AnOxPePred,per_peptide_edta_type_assay
YWVTSGPK,Tier1,AnOxPePred,per_peptide_edta_type_assay
LYEGY,Tier1,AnOxPePred,per_peptide_edta_type_assay
VAMVPPFET,Tier1,AnOxPePred,per_peptide_edta_type_assay
YSEMPPGK,Tier1,AnOxPePred,per_peptide_edta_type_assay
FHNMEK,Tier1,AnOxPePred,per_peptide_edta_type_assay
TW,Tier1,AnOxPePred,per_peptide_edta_type_assay
AW,Tier1,AnOxPePred,per_peptide_edta_type_assay
VW,Tier1,AnOxPePred,per_peptide_edta_type_assay
LW,Tier1,AnOxPePred,per_peptide_edta_type_assay
VPKNYFHDIV,Tier1,AnOxPePred,per_peptide_edta_type_assay
FVNQPYLLYSVHMK,Tier1,AnOxPePred,per_peptide_edta_type_assay
LVMFLDNQHRVIRH,Tier1,AnOxPePred,per_peptide_edta_type_assay
YAKPA,Tier1,AnOxPePred,per_peptide_edta_type_assay
GTQY,Tier1,AnOxPePred,per_peptide_edta_type_assay
ARHPHP,Tier1,AnOxPePred,per_peptide_edta_type_assay
RHPHP,Tier1,AnOxPePred,per_peptide_edta_type_assay
RYPS,Tier1,AnOxPePred,per_peptide_edta_type_assay
SRYPS,Tier1,AnOxPePred,per_peptide_edta_type_assay
AYPS,Tier1,AnOxPePred,per_peptide_edta_type_assay
YAKP,Tier1,AnOxPePred,per_peptide_edta_type_assay
RYQ,Tier1,AnOxPePred,per_peptide_edta_type_assay
VLSRYPS,Tier1,AnOxPePred,per_peptide_edta_type_assay
TIASGEP,Tier1,AnOxPePred,per_peptide_edta_type_assay
YQLD,Tier1,AnOxPePred,per_peptide_edta_type_assay
GYLEQ,Tier1,AnOxPePred,per_peptide_edta_type_assay
RDMPIQ,Tier1,AnOxPePred,per_peptide_edta_type_assay
YPELF,Tier1,AnOxPePred,per_peptide_edta_type_assay
RLKKY,Tier1,AnOxPePred,per_peptide_edta_type_assay
YLKT,Tier1,AnOxPePred,per_peptide_edta_type_assay
TVYQ,Tier1,AnOxPePred,per_peptide_edta_type_assay
LLR,Tier1,AnOxPePred,per_peptide_edta_type_assay
YGLN,Tier1,AnOxPePred,per_peptide_edta_type_assay
YQKFP,Tier1,AnOxPePred,per_peptide_edta_type_assay
YQL,Tier1,AnOxPePred,per_peptide_edta_type_assay
YIPIQY,Tier1,AnOxPePred,per_peptide_edta_type_assay
FYQL,Tier1,AnOxPePred,per_peptide_edta_type_assay
YVGD,Tier1,AnOxPePred,per_peptide_edta_type_assay
LGNTDYAVH,Tier1,AnOxPePred,per_peptide_edta_type_assay
DHG,Tier1,AnOxPePred,per_peptide_edta_type_assay
VGDI,Tier1,AnOxPePred,per_peptide_edta_type_assay
RASDPLLSV,Tier1,AnOxPePred,per_peptide_edta_type_assay
RNDDLNYIQ,Tier1,AnOxPePred,per_peptide_edta_type_assay
LAPSLPGKPKPD,Tier1,AnOxPePred,per_peptide_edta_type_assay
AGTTCLFTPLALPYDYSH,Tier1,AnOxPePred,per_peptide_edta_type_assay
DHTKE,Tier1,AnOxPePred,per_peptide_edta_type_assay
FFGFN,Tier1,AnOxPePred,per_peptide_edta_type_assay
MPDAHL,Tier1,AnOxPePred,per_peptide_edta_type_assay
ALEPDHR,Tier1,AnOxPePred,per_peptide_edta_type_assay
TETWNPNHPEL,Tier1,AnOxPePred,per_peptide_edta_type_assay
FVPH,Tier1,AnOxPePred,per_peptide_edta_type_assay
SAEHGSLH,Tier1,AnOxPePred,per_peptide_edta_type_assay
RPNYTDA,Tier1,AnOxPePred,per_peptide_edta_type_assay
TSQLLSDQ,Tier1,AnOxPePred,per_peptide_edta_type_assay
TRTGDPFF,Tier1,AnOxPePred,per_peptide_edta_type_assay
NFHPQ,Tier1,AnOxPePred,per_peptide_edta_type_assay
LSGYGP,Tier1,AnOxPePred,per_peptide_edta_type_assay
PYSFK,Tier1,AnOxPePred,per_peptide_edta_type_assay
GFGPEL,Tier1,AnOxPePred,per_peptide_edta_type_assay
VGGRP,Tier1,AnOxPePred,per_peptide_edta_type_assay
VVGGDGDV,Tier1,AnOxPePred,per_peptide_edta_type_assay
VPVTST,Tier1,AnOxPePred,per_peptide_edta_type_assay
LTTLDSE,Tier1,AnOxPePred,per_peptide_edta_type_assay
STMMEERRMKVY,Tier1,AnOxPePred,per_peptide_edta_type_assay
DVFRELRVQ,Tier1,AnOxPePred,per_peptide_edta_type_assay
EERYP,Tier1,AnOxPePred,per_peptide_edta_type_assay
AEERYP,Tier1,AnOxPePred,per_peptide_edta_type_assay
DEDTQAMP,Tier1,AnOxPePred,per_peptide_edta_type_assay
PVDENDEG,Tier1,AnOxPePred,per_peptide_edta_type_assay
YLGAK,Tier1,AnOxPePred,per_peptide_edta_type_assay
GGLEPINFN,Tier1,AnOxPePred,per_peptide_edta_type_assay
GGIF,Tier1,AnOxPePred,per_peptide_edta_type_assay
GIFE,Tier1,AnOxPePred,per_peptide_edta_type_assay
GVQEGAGHYALL,Tier1,AnOxPePred,per_peptide_edta_type_assay
WPP,Tier1,AnOxPePred,per_peptide_edta_type_assay
YYIVS,Tier1,AnOxPePred,per_peptide_edta_type_assay
TYQTF,Tier1,AnOxPePred,per_peptide_edta_type_assay
SGQYFL,Tier1,AnOxPePred,per_peptide_edta_type_assay
YYDPL,Tier1,AnOxPePred,per_peptide_edta_type_assay
WDR,Tier1,AnOxPePred,per_peptide_edta_type_assay
GIISHR,Tier1,AnOxPePred,per_peptide_edta_type_assay
ELLI,Tier1,AnOxPePred,per_peptide_edta_type_assay
KFPE,Tier1,AnOxPePred,per_peptide_edta_type_assay
LPF,Tier1,AnOxPePred,per_peptide_edta_type_assay
LLPF,Tier1,AnOxPePred,per_peptide_edta_type_assay
FLPF,Tier1,AnOxPePred,per_peptide_edta_type_assay
LANAK,Tier1,AnOxPePred,per_peptide_edta_type_assay
PSLVGRPPVGKLTL,Tier1,AnOxPePred,per_peptide_edta_type_assay
VKVLLEHPVL,Tier1,AnOxPePred,per_peptide_edta_type_assay
SNAAC,Tier1,AnOxPePred,per_peptide_edta_type_assay
AEEEYPDL,Tier1,AnOxPePred,per_peptide_edta_type_assay
WG,Tier1,AnOxPePred,per_peptide_edta_type_assay
QYP,Tier1,AnOxPePred,per_peptide_edta_type_assay
HYVPV,Tier1,AnOxPePred,per_peptide_edta_type_assay
MK,Tier1,AnOxPePred,per_peptide_edta_type_assay
MM,Tier1,AnOxPePred,per_peptide_edta_type_assay
AH,Tier1,AnOxPePred,per_peptide_edta_type_assay
MPACGSS,Tier1,AnOxPePred,per_peptide_edta_type_assay
MTEEY,Tier1,AnOxPePred,per_peptide_edta_type_assay
LSGNK,Tier1,AnOxPePred,per_peptide_edta_type_assay
GEGSGA,Tier1,AnOxPePred,per_peptide_edta_type_assay
GLTSK,Tier1,AnOxPePred,per_peptide_edta_type_assay
VAWRNRCKGTD,Tier1,AnOxPePred,per_peptide_edta_type_assay
IRGCRL,Tier1,AnOxPePred,per_peptide_edta_type_assay
WIRGCRL,Tier1,AnOxPePred,per_peptide_edta_type_assay
AWIRGCRL,Tier1,AnOxPePred,per_peptide_edta_type_assay
WRNRCKGTD,Tier1,AnOxPePred,per_peptide_edta_type_assay
SDRDLLGPNNQYLPK,Tier1,AnOxPePred,per_peptide_edta_type_assay
IQW,Tier1,AnOxPePred,per_peptide_edta_type_assay
LTC,Tier1,AnOxPePred,per_peptide_edta_type_assay
GTW,Tier1,AnOxPePred,per_peptide_edta_type_assay
WYS,Tier1,AnOxPePred,per_peptide_edta_type_assay
YLL,Tier1,AnOxPePred,per_peptide_edta_type_assay
LFC,Tier1,AnOxPePred,per_peptide_edta_type_assay
CME,Tier1,AnOxPePred,per_peptide_edta_type_assay
QKW,Tier1,AnOxPePred,per_peptide_edta_type_assay
WEN,Tier1,AnOxPePred,per_peptide_edta_type_assay
LAC,Tier1,AnOxPePred,per_peptide_edta_type_assay
ACQ,Tier1,AnOxPePred,per_peptide_edta_type_assay
CQC,Tier1,AnOxPePred,per_peptide_edta_type_assay
QCL,Tier1,AnOxPePred,per_peptide_edta_type_assay
GEC,Tier1,AnOxPePred,per_peptide_edta_type_assay
ECA,Tier1,AnOxPePred,per_peptide_edta_type_assay
CAQ,Tier1,AnOxPePred,per_peptide_edta_type_assay
CLV,Tier1,AnOxPePred,per_peptide_edta_type_assay
NEN,Tier1,AnOxPePred,per_peptide_edta_type_assay
LPM,Tier1,AnOxPePred,per_peptide_edta_type_assay
MHI,Tier1,AnOxPePred,per_peptide_edta_type_assay
TDY,Tier1,AnOxPePred,per_peptide_edta_type_assay
DYK,Tier1,AnOxPePred,per_peptide_edta_type_assay
KKY,Tier1,AnOxPePred,per_peptide_edta_type_assay
KYL,Tier1,AnOxPePred,per_peptide_edta_type_assay
EQC,Tier1,AnOxPePred,per_peptide_edta_type_assay
QCH,Tier1,AnOxPePred,per_peptide_edta_type_assay
CHI,Tier1,AnOxPePred,per_peptide_edta_type_assay
CSQAPLA,Tier1,AnOxPePred,per_peptide_edta_type_assay
RCMAFLLSDGAAAAQQLLPQYW,Tier1,AnOxPePred,per_peptide_edta_type_assay
WYGPD,Tier1,AnOxPePred,per_peptide_edta_type_assay
KLSDW,Tier1,AnOxPePred,per_peptide_edta_type_assay
KGLWE,Tier1,AnOxPePred,per_peptide_edta_type_assay
DLEE,Tier1,AnOxPePred,per_peptide_edta_type_assay
TEVWDSNEQ,Tier1,AnOxPePred,per_peptide_edta_type_assay
IYIEQGNGITGM,Tier1,AnOxPePred,per_peptide_edta_type_assay
YLAGKPQQEH,Tier1,AnOxPePred,per_peptide_edta_type_assay
AWEEREQGSR,Tier1,AnOxPePred,per_peptide_edta_type_assay
ADGF,Tier1,AnOxPePred,per_peptide_edta_type_assay
AGGF,Tier1,AnOxPePred,per_peptide_edta_type_assay
AWDPE,Tier1,AnOxPePred,per_peptide_edta_type_assay
DWDPK,Tier1,AnOxPePred,per_peptide_edta_type_assay
ETTL,Tier1,AnOxPePred,per_peptide_edta_type_assay
SGAF,Tier1,AnOxPePred,per_peptide_edta_type_assay
FC,Tier1,AnOxPePred,per_peptide_edta_type_assay
VKRRGQDCIHGFCSD,Tier1,AnOxPePred,per_peptide_edta_type_assay
GQFNDKRWIPFG,Tier1,AnOxPePred,per_peptide_edta_type_assay
APIRMWYMYRKLTDMEPKPVA,Tier1,AnOxPePred,per_peptide_edta_type_assay
VLVPK,Tier1,AnOxPePred,per_peptide_edta_type_assay
KDVPP,Tier1,AnOxPePred,per_peptide_edta_type_assay
GQVPP,Tier1,AnOxPePred,per_peptide_edta_type_assay
PKLPPVKK,Tier1,AnOxPePred,per_peptide_edta_type_assay
DGVVYY,Tier1,AnOxPePred,per_peptide_edta_type_assay
IVEYF,Tier1,AnOxPePred,per_peptide_edta_type_assay
GFYPPP,Tier1,AnOxPePred,per_peptide_edta_type_assay
DVPPYM,Tier1,AnOxPePred,per_peptide_edta_type_assay
PGVPWP,Tier1,AnOxPePred,per_peptide_edta_type_assay
RYLGY,Tier1,AnOxPePred,per_peptide_edta_type_assay
RY,Tier1,AnOxPePred,per_peptide_edta_type_assay
RYL,Tier1,AnOxPePred,per_peptide_edta_type_assay
RYLG,Tier1,AnOxPePred,per_peptide_edta_type_assay
YLG,Tier1,AnOxPePred,per_peptide_edta_type_assay
YLGY,Tier1,AnOxPePred,per_peptide_edta_type_assay
LGY,Tier1,AnOxPePred,per_peptide_edta_type_assay
AYFYPEL,Tier1,AnOxPePred,per_peptide_edta_type_assay
AYFYPE,Tier1,AnOxPePred,per_peptide_edta_type_assay
YQKFPQY,Tier1,AnOxPePred,per_peptide_edta_type_assay
YQK,Tier1,AnOxPePred,per_peptide_edta_type_assay
FPQY,Tier1,AnOxPePred,per_peptide_edta_type_assay
VAGTWY,Tier1,AnOxPePred,per_peptide_edta_type_assay
VYPFPGPIPN,Tier1,AnOxPePred,per_peptide_edta_type_assay
YQEPVLGPVRGPFPIIV,Tier1,AnOxPePred,per_peptide_edta_type_assay
VPKVK,Tier1,AnOxPePred,per_peptide_edta_type_assay
DSGVT,Tier2,AnOxPePred,per_peptide_edta_type_assay
IEAEGE,Tier2,AnOxPePred,per_peptide_edta_type_assay
DAQEKLE,Tier2,AnOxPePred,per_peptide_edta_type_assay
EELDNALN,Tier2,AnOxPePred,per_peptide_edta_type_assay
VPSIDDQEELM,Tier2,AnOxPePred,per_peptide_edta_type_assay
HFGDPFH,Tier2,AnOxPePred,per_peptide_edta_type_assay
PSYV,Tier2,AnOxPePred,per_peptide_edta_type_assay
HPLH,Tier2,AnOxPePred,per_peptide_edta_type_assay
HHLP,Tier2,AnOxPePred,per_peptide_edta_type_assay
HL,Tier2,AnOxPePred,per_peptide_edta_type_assay
HLPH,Tier2,AnOxPePred,per_peptide_edta_type_assay
LLPH,Tier2,AnOxPePred,per_peptide_edta_type_assay
PLHH,Tier2,AnOxPePred,per_peptide_edta_type_assay
HPHL,Tier2,AnOxPePred,per_peptide_edta_type_assay
HH,Tier2,AnOxPePred,per_peptide_edta_type_assay
HPH,Tier2,AnOxPePred,per_peptide_edta_type_assay
LLHH,Tier2,AnOxPePred,per_peptide_edta_type_assay
HHPLL,Tier2,AnOxPePred,per_peptide_edta_type_assay
HLHP,Tier2,AnOxPePred,per_peptide_edta_type_assay
LPHH,Tier2,AnOxPePred,per_peptide_edta_type_assay
HHPL,Tier2,AnOxPePred,per_peptide_edta_type_assay
LHPH,Tier2,AnOxPePred,per_peptide_edta_type_assay
HHP,Tier2,AnOxPePred,per_peptide_edta_type_assay
LH,Tier2,AnOxPePred,per_peptide_edta_type_assay
LLPHH,Tier2,AnOxPePred,per_peptide_edta_type_assay
HLH,Tier2,AnOxPePred,per_peptide_edta_type_assay
LLPHHH,Tier2,AnOxPePred,per_peptide_edta_type_assay
LHH,Tier2,AnOxPePred,per_peptide_edta_type_assay
PHH,Tier2,AnOxPePred,per_peptide_edta_type_assay
FYY,Tier2,AnOxPePred,per_peptide_edta_type_assay
SCH,Tier2,AnOxPePred,per_peptide_edta_type_assay
AVPYPQR,Tier2,AnOxPePred,per_peptide_edta_type_assay
KVLPVPQK,Tier2,AnOxPePred,per_peptide_edta_type_assay
IPAGM,Tier2,AnOxPePred,per_peptide_edta_type_assay
LPAGV,Tier2,AnOxPePred,per_peptide_edta_type_assay
EFLQ,Tier2,AnOxPePred,per_peptide_edta_type_assay
IPAGV,Tier2,AnOxPePred,per_peptide_edta_type_assay
EFQI,Tier2,AnOxPePred,per_peptide_edta_type_assay
FEQI,Tier2,AnOxPePred,per_peptide_edta_type_assay
LALPA,Tier2,AnOxPePred,per_peptide_edta_type_assay
EFQL,Tier2,AnOxPePred,per_peptide_edta_type_assay
LEEAF,Tier2,AnOxPePred,per_peptide_edta_type_assay
PSIPA,Tier2,AnOxPePred,per_peptide_edta_type_assay
PSLPA,Tier2,AnOxPePred,per_peptide_edta_type_assay
WVYY,Tier2,AnOxPePred,per_peptide_edta_type_assay
LPL,Tier2,AnOxPePred,per_peptide_edta_type_assay
LQL,Tier2,AnOxPePred,per_peptide_edta_type_assay
YNL,Tier2,AnOxPePred,per_peptide_edta_type_assay
IEEAF,Tier2,AnOxPePred,per_peptide_edta_type_assay
FEQL,Tier2,AnOxPePred,per_peptide_edta_type_assay
VSYT,Tier2,AnOxPePred,per_peptide_edta_type_assay
YNI,Tier2,AnOxPePred,per_peptide_edta_type_assay
EFIQ,Tier2,AnOxPePred,per_peptide_edta_type_assay
VECYGPNRPQF,Tier2,AnOxPePred,per_peptide_edta_type_assay
DW,Tier2,AnOxPePred,per_peptide_edta_type_assay
DHHQ,Tier2,AnOxPePred,per_peptide_edta_type_assay
DHHQVYSPGEQ,Tier2,AnOxPePred,per_peptide_edta_type_assay
DAHK,Tier2,AnOxPePred,per_peptide_edta_type_assay
DHHK,Tier2,AnOxPePred,per_peptide_edta_type_assay
RASDPLLSV,Tier2,AnOxPePred,per_peptide_edta_type_assay
RNDDLNYIQ,Tier2,AnOxPePred,per_peptide_edta_type_assay
LAPSLPGKPKPD,Tier2,AnOxPePred,per_peptide_edta_type_assay
AGTTCLFTPLALPYDYSH,Tier2,AnOxPePred,per_peptide_edta_type_assay
RPNYTDA,Tier2,AnOxPePred,per_peptide_edta_type_assay
TSQLLSDQ,Tier2,AnOxPePred,per_peptide_edta_type_assay
TRTGDPFF,Tier2,AnOxPePred,per_peptide_edta_type_assay
NFHPQ,Tier2,AnOxPePred,per_peptide_edta_type_assay
LPWRPATNVF,Tier2,AnOxPePred,per_peptide_edta_type_assay
AWFS,Tier2,AnOxPePred,per_peptide_edta_type_assay
YGIKVGYAIP,Tier2,AnOxPePred,per_peptide_edta_type_assay
YLLLK,Tier2,AnOxPePred,per_peptide_edta_type_assay
GIFE,Tier2,AnOxPePred,per_peptide_edta_type_assay
WAFS,Tier2,AnOxPePred,per_peptide_edta_type_assay
MPACGSS,Tier2,AnOxPePred,per_peptide_edta_type_assay
MTEEY,Tier2,AnOxPePred,per_peptide_edta_type_assay
LSGNK,Tier2,AnOxPePred,per_peptide_edta_type_assay
GEGSGA,Tier2,AnOxPePred,per_peptide_edta_type_assay
GLTSK,Tier2,AnOxPePred,per_peptide_edta_type_assay
SDRDLLGPNNQYLPK,Tier2,AnOxPePred,per_peptide_edta_type_assay
FFRSKLLSDGAAAKGALLPQYW,Tier2,AnOxPePred,per_peptide_edta_type_assay
RCMAFLLSDGAAAAQQLLPQYW,Tier2,AnOxPePred,per_peptide_edta_type_assay
AGGISSEHIQGQQQ,Tier2,Sunflower_MCP_Enriquez2025,complex_or_hydrolysate_level_assay
AIQSPH,Tier2,Sunflower_MCP_Enriquez2025,complex_or_hydrolysate_level_assay
AVLAPH,Tier2,Sunflower_MCP_Enriquez2025,complex_or_hydrolysate_level_assay
DFIRH,Tier2,Sunflower_MCP_Enriquez2025,complex_or_hydrolysate_level_assay
FPILEH,Tier2,Sunflower_MCP_Enriquez2025,complex_or_hydrolysate_level_assay
FPILEHL,Tier2,Sunflower_MCP_Enriquez2025,complex_or_hydrolysate_level_assay
FSPH,Tier2,Sunflower_MCP_Enriquez2025,complex_or_hydrolysate_level_assay
FVTPEEEQQQMH,Tier2,Sunflower_MCP_Enriquez2025,complex_or_hydrolysate_level_assay
GENDQRGHIIF,Tier2,Sunflower_MCP_Enriquez2025,complex_or_hydrolysate_level_assay
GENDQRGHIIFVQ,Tier2,Sunflower_MCP_Enriquez2025,complex_or_hydrolysate_level_assay
GISSEHIQGQ,Tier2,Sunflower_MCP_Enriquez2025,complex_or_hydrolysate_level_assay
GIVSPH,Tier2,Sunflower_MCP_Enriquez2025,complex_or_hydrolysate_level_assay
GVDFIRH,Tier2,Sunflower_MCP_Enriquez2025,complex_or_hydrolysate_level_assay
HNDGNTELVVVVF,Tier2,Sunflower_MCP_Enriquez2025,complex_or_hydrolysate_level_assay
HVDQETASKL,Tier2,Sunflower_MCP_Enriquez2025,complex_or_hydrolysate_level_assay
NIDNPSHADFVNPQ,Tier2,Sunflower_MCP_Enriquez2025,complex_or_hydrolysate_level_assay
PHYA,Tier2,Sunflower_MCP_Enriquez2025,complex_or_hydrolysate_level_assay
RGENDQRGHIIF,Tier2,Sunflower_MCP_Enriquez2025,complex_or_hydrolysate_level_assay
SEVFH,Tier2,Sunflower_MCP_Enriquez2025,complex_or_hydrolysate_level_assay
SEVFHVD,Tier2,Sunflower_MCP_Enriquez2025,complex_or_hydrolysate_level_assay
SFLAGGISSEHIQGQQQ,Tier2,Sunflower_MCP_Enriquez2025,complex_or_hydrolysate_level_assay
SPHWTIN,Tier2,Sunflower_MCP_Enriquez2025,complex_or_hydrolysate_level_assay
WVHNDGNAE,Tier2,Sunflower_MCP_Enriquez2025,complex_or_hydrolysate_level_assay
YANQLDPNHRRF,Tier2,Sunflower_MCP_Enriquez2025,complex_or_hydrolysate_level_assay
ALFSPH,Tier2,Sunflower_MCP_Enriquez2025,complex_or_hydrolysate_level_assay
DFIRHR,Tier2,Sunflower_MCP_Enriquez2025,complex_or_hydrolysate_level_assay
GTAHWL,Tier2,Sunflower_MCP_Enriquez2025,complex_or_hydrolysate_level_assay
GVDFIRHR,Tier2,Sunflower_MCP_Enriquez2025,complex_or_hydrolysate_level_assay
NPSHADFV,Tier2,Sunflower_MCP_Enriquez2025,complex_or_hydrolysate_level_assay
AAEVLELAGNAAR,Tier2,Walnut_MCP_Fan2023,complex_or_hydrolysate_level_assay
AVFVDLEPTVIDEVR,Tier2,Walnut_MCP_Fan2023,complex_or_hydrolysate_level_assay
DAYVGDEAQSK,Tier2,Walnut_MCP_Fan2023,complex_or_hydrolysate_level_assay
DNIQGITKPAIR,Tier2,Walnut_MCP_Fan2023,complex_or_hydrolysate_level_assay
DSGDGVSHTVPIYEGY,Tier2,Walnut_MCP_Fan2023,complex_or_hydrolysate_level_assay
EVVLEKSETVKDT,Tier2,Walnut_MCP_Fan2023,complex_or_hydrolysate_level_assay
EYLAAEVLELAGNAAR,Tier2,Walnut_MCP_Fan2023,complex_or_hydrolysate_level_assay
GEHIEESR,Tier2,Walnut_MCP_Fan2023,complex_or_hydrolysate_level_assay
GLLLPSFSNAPR,Tier2,Walnut_MCP_Fan2023,complex_or_hydrolysate_level_assay
GVDLIRQGWSR,Tier2,Walnut_MCP_Fan2023,complex_or_hydrolysate_level_assay
HAVSEGTK,Tier2,Walnut_MCP_Fan2023,complex_or_hydrolysate_level_assay
IDELDSIAPK,Tier2,Walnut_MCP_Fan2023,complex_or_hydrolysate_level_assay
IGGIGTVPVGR,Tier2,Walnut_MCP_Fan2023,complex_or_hydrolysate_level_assay
IINVIGEPIDER,Tier2,Walnut_MCP_Fan2023,complex_or_hydrolysate_level_assay
IMELINNVAK,Tier2,Walnut_MCP_Fan2023,complex_or_hydrolysate_level_assay
INVIGEPIDER,Tier2,Walnut_MCP_Fan2023,complex_or_hydrolysate_level_assay
IPGDIGIKLP,Tier2,Walnut_MCP_Fan2023,complex_or_hydrolysate_level_assay
ISITDFGGVGDGR,Tier2,Walnut_MCP_Fan2023,complex_or_hydrolysate_level_assay
LAAEVLELAGNAAR,Tier2,Walnut_MCP_Fan2023,complex_or_hydrolysate_level_assay
LQLWDTAGQER,Tier2,Walnut_MCP_Fan2023,complex_or_hydrolysate_level_assay
LTDQHPEQIVTSEAKGS,Tier2,Walnut_MCP_Fan2023,complex_or_hydrolysate_level_assay
SMLLTGGSASGGL,Tier2,Walnut_MCP_Fan2023,complex_or_hydrolysate_level_assay
TGLVIDSGDGVTH,Tier2,Walnut_MCP_Fan2023,complex_or_hydrolysate_level_assay
TIHSDHEGGNVSAH,Tier2,Walnut_MCP_Fan2023,complex_or_hydrolysate_level_assay
TTGIVLDSGDGVSH,Tier2,Walnut_MCP_Fan2023,complex_or_hydrolysate_level_assay
VSAVNVKQEHSAS,Tier2,Walnut_MCP_Fan2023,complex_or_hydrolysate_level_assay
YLAGNPHQQQQGGR,Tier2,Walnut_MCP_Fan2023,complex_or_hydrolysate_level_assay
ASEGGHG,Tier2,RiceBran_MCP_Fernandez2025,per_peptide_functional_assay
FVVPSGHPI,Tier2,RiceBran_MCP_Fernandez2025,per_peptide_functional_assay
GPHWPLPPF,Tier2,RiceBran_MCP_Fernandez2025,per_peptide_functional_assay
HWPLPPF,Tier2,RiceBran_MCP_Fernandez2025,per_peptide_functional_assay
PHWPLPPF,Tier2,RiceBran_MCP_Fernandez2025,per_peptide_functional_assay
RHASEGG,Tier2,RiceBran_MCP_Fernandez2025,per_peptide_functional_assay
RHASEGGHG,Tier2,RiceBran_MCP_Fernandez2025,per_peptide_functional_assay
VPSGHPI,Tier2,RiceBran_MCP_Fernandez2025,per_peptide_functional_assay
VVPSGHPI,Tier2,RiceBran_MCP_Fernandez2025,per_peptide_functional_assay
AIVIL,Tier2,MungBean_MCP_Chunkao2020,per_peptide_functional_assay
AQKIPAGT,Tier2,MungBean_MCP_Chunkao2020,per_peptide_functional_assay
HADAD,Tier2,MungBean_MCP_Chunkao2020,per_peptide_functional_assay
ILAGPTTI,Tier2,MungBean_MCP_Chunkao2020,per_peptide_functional_assay
KKGVLGLA,Tier2,MungBean_MCP_Chunkao2020,per_peptide_functional_assay
LLGIL,Tier2,MungBean_MCP_Chunkao2020,per_peptide_functional_assay
LLLGI,Tier2,MungBean_MCP_Chunkao2020,per_peptide_functional_assay
LLLLG,Tier2,MungBean_MCP_Chunkao2020,per_peptide_functional_assay
PAIDL,Tier2,MungBean_MCP_Chunkao2020,per_peptide_functional_assay
RAILTLV,Tier2,MungBean_MCP_Chunkao2020,per_peptide_functional_assay
CGN,Tier2,MungBeanMeal_MCP_Sonklin2021,per_peptide_functional_assay
CSGD,Tier2,MungBeanMeal_MCP_Sonklin2021,per_peptide_functional_assay
CTN,Tier2,MungBeanMeal_MCP_Sonklin2021,per_peptide_functional_assay
ERF,Tier2,MungBeanMeal_MCP_Sonklin2021,per_peptide_functional_assay
EYW,Tier2,MungBeanMeal_MCP_Sonklin2021,per_peptide_functional_assay
FLQL,Tier2,MungBeanMeal_MCP_Sonklin2021,per_peptide_functional_assay
HC,Tier2,MungBeanMeal_MCP_Sonklin2021,per_peptide_functional_assay
LAF,Tier2,MungBeanMeal_MCP_Sonklin2021,per_peptide_functional_assay
LAN,Tier2,MungBeanMeal_MCP_Sonklin2021,per_peptide_functional_assay
MMGW,Tier2,MungBeanMeal_MCP_Sonklin2021,per_peptide_functional_assay
QFAAD,Tier2,MungBeanMeal_MCP_Sonklin2021,per_peptide_functional_assay
QFAW,Tier2,MungBeanMeal_MCP_Sonklin2021,per_peptide_functional_assay
LRGIKNYRVAVL,Tier3,Multi-AOP,database_binary_label
YQL,Tier3,Multi-AOP,database_binary_label
HGPLGPL,Tier3,Multi-AOP,database_binary_label
RHV,Tier3,Multi-AOP,database_binary_label
DLGLGLPGAH,Tier3,Multi-AOP,database_binary_label
HEKVC,Tier3,Multi-AOP,database_binary_label
YAKP,Tier3,Multi-AOP,database_binary_label
SRYPS,Tier3,Multi-AOP,database_binary_label
YLMSR,Tier3,Multi-AOP,database_binary_label
CHI,Tier3,Multi-AOP,database_binary_label
NRVYIHPFHLLVYS,Tier3,Multi-AOP,database_binary_label
ESTVPERTHPACPDFN,Tier3,Multi-AOP,database_binary_label
AW,Tier3,Multi-AOP,database_binary_label
TCSP,Tier3,Multi-AOP,database_binary_label
PHE,Tier3,Multi-AOP,database_binary_label
SALAM,Tier3,Multi-AOP,database_binary_label
RCMAFLLSDGAAAAQQLLPQYW,Tier3,Multi-AOP,database_binary_label
RYPS,Tier3,Multi-AOP,database_binary_label
VAGTWY,Tier3,Multi-AOP,database_binary_label
LNGDVW,Tier3,Multi-AOP,database_binary_label
ISELGF,Tier3,Multi-AOP,database_binary_label
HFGDPFH,Tier3,Multi-AOP,database_binary_label
EEEQVGQGYETIRARL,Tier3,Multi-AOP,database_binary_label
PWE,Tier3,Multi-AOP,database_binary_label
VPVTST,Tier3,Multi-AOP,database_binary_label
MY,Tier3,Multi-AOP,database_binary_label
HEH,Tier3,Multi-AOP,database_binary_label
LVSK,Tier3,Multi-AOP,database_binary_label
GLTSK,Tier3,Multi-AOP,database_binary_label
YIY,Tier3,Multi-AOP,database_binary_label
RHA,Tier3,Multi-AOP,database_binary_label
VIPMGL,Tier3,Multi-AOP,database_binary_label
YKY,Tier3,Multi-AOP,database_binary_label
HPH,Tier3,Multi-AOP,database_binary_label
VKV,Tier3,Multi-AOP,database_binary_label
RHK,Tier3,Multi-AOP,database_binary_label
YLAGMN,Tier3,Multi-AOP,database_binary_label
VY,Tier3,Multi-AOP,database_binary_label
NHAV,Tier3,Multi-AOP,database_binary_label
YIPIQY,Tier3,Multi-AOP,database_binary_label
VECYGPNRPQF,Tier3,Multi-AOP,database_binary_label
ARHPHPHLSFM,Tier3,Multi-AOP,database_binary_label
YGGFL,Tier3,Multi-AOP,database_binary_label
FFGFN,Tier3,Multi-AOP,database_binary_label
PWS,Tier3,Multi-AOP,database_binary_label
HLPH,Tier3,Multi-AOP,database_binary_label
PKLPPVKK,Tier3,Multi-AOP,database_binary_label
KDVPP,Tier3,Multi-AOP,database_binary_label
CLV,Tier3,Multi-AOP,database_binary_label
RYLGY,Tier3,Multi-AOP,database_binary_label
RWA,Tier3,Multi-AOP,database_binary_label
WG,Tier3,Multi-AOP,database_binary_label
DLEE,Tier3,Multi-AOP,database_binary_label
SIITMTKEAKLPQLWKQIACRLYNTC,Tier3,Multi-AOP,database_binary_label
LWI,Tier3,Multi-AOP,database_binary_label
TEVWDSNEQ,Tier3,Multi-AOP,database_binary_label
RHW,Tier3,Multi-AOP,database_binary_label
CAQ,Tier3,Multi-AOP,database_binary_label
AWDPE,Tier3,Multi-AOP,database_binary_label
QLGNLGV,Tier3,Multi-AOP,database_binary_label
AADNANELFPPN,Tier3,Multi-AOP,database_binary_label
DHTKE,Tier3,Multi-AOP,database_binary_label
GFRGTIGLVG,Tier3,Multi-AOP,database_binary_label
GEGSGA,Tier3,Multi-AOP,database_binary_label
RADHP,Tier3,Multi-AOP,database_binary_label
PWA,Tier3,Multi-AOP,database_binary_label
HFH,Tier3,Multi-AOP,database_binary_label
FVAPAGTINY,Tier3,Multi-AOP,database_binary_label
WYT,Tier3,Multi-AOP,database_binary_label
FLKPLFNAALKLLP,Tier3,Multi-AOP,database_binary_label
YSY,Tier3,Multi-AOP,database_binary_label
LHW,Tier3,Multi-AOP,database_binary_label
DGVVYY,Tier3,Multi-AOP,database_binary_label
VPSIDDQEELM,Tier3,Multi-AOP,database_binary_label
AAVGGYRVAVL,Tier3,Multi-AOP,database_binary_label
LVDTGRGPIMY,Tier3,Multi-AOP,database_binary_label
MK,Tier3,Multi-AOP,database_binary_label
AMTGLDA,Tier3,Multi-AOP,database_binary_label
SVEIQALCDM,Tier3,Multi-AOP,database_binary_label
RADHPFL,Tier3,Multi-AOP,database_binary_label
PNRPQF,Tier3,Multi-AOP,database_binary_label
PIAAEVYEHTEGSTTSY,Tier3,Multi-AOP,database_binary_label
TSQLLSDQ,Tier3,Multi-AOP,database_binary_label
VAWRNRCKGTD,Tier3,Multi-AOP,database_binary_label
FKK,Tier3,Multi-AOP,database_binary_label
MILMR,Tier3,Multi-AOP,database_binary_label
DDPDKGMLKWKNDFFQEF,Tier3,Multi-AOP,database_binary_label
GTQY,Tier3,Multi-AOP,database_binary_label
RPNYTDA,Tier3,Multi-AOP,database_binary_label
MQFHT,Tier3,Multi-AOP,database_binary_label
LWQ,Tier3,Multi-AOP,database_binary_label
KTFCGRH,Tier3,Multi-AOP,database_binary_label
LHQ,Tier3,Multi-AOP,database_binary_label
PWH,Tier3,Multi-AOP,database_binary_label
PLHH,Tier3,Multi-AOP,database_binary_label
IKL,Tier3,Multi-AOP,database_binary_label
GQVPP,Tier3,Multi-AOP,database_binary_label
HDH,Tier3,Multi-AOP,database_binary_label
WEGPK,Tier3,Multi-AOP,database_binary_label
FVPH,Tier3,Multi-AOP,database_binary_label
IKK,Tier3,Multi-AOP,database_binary_label
HQIYPV,Tier3,Multi-AOP,database_binary_label
PWW,Tier3,Multi-AOP,database_binary_label
PYVRYL,Tier3,Multi-AOP,database_binary_label
HVRETALV,Tier3,Multi-AOP,database_binary_label
RHD,Tier3,Multi-AOP,database_binary_label
PWY,Tier3,Multi-AOP,database_binary_label
QYY,Tier3,Multi-AOP,database_binary_label
QCH,Tier3,Multi-AOP,database_binary_label
ISELGW,Tier3,Multi-AOP,database_binary_label
PVMGA,Tier3,Multi-AOP,database_binary_label
PSLVGRPPVGKLTL,Tier3,Multi-AOP,database_binary_label
WNIP,Tier3,Multi-AOP,database_binary_label
VCSV,Tier3,Multi-AOP,database_binary_label
NYKQM,Tier3,Multi-AOP,database_binary_label
YLG,Tier3,Multi-AOP,database_binary_label
DEDTQAMP,Tier3,Multi-AOP,database_binary_label
VNPHDHQN,Tier3,Multi-AOP,database_binary_label
TIASGEP,Tier3,Multi-AOP,database_binary_label
LMGQW,Tier3,Multi-AOP,database_binary_label
LLPHHADADY,Tier3,Multi-AOP,database_binary_label
KVLPVPQK,Tier3,Multi-AOP,database_binary_label
HLPLPL,Tier3,Multi-AOP,database_binary_label
RPPGFSPFR,Tier3,Multi-AOP,database_binary_label
PWT,Tier3,Multi-AOP,database_binary_label
AWIRGCRL,Tier3,Multi-AOP,database_binary_label
YQKFPQY,Tier3,Multi-AOP,database_binary_label
VLEANPRSF,Tier3,Multi-AOP,database_binary_label
ESTTVPERTHPACPDFN,Tier3,Multi-AOP,database_binary_label
WDDMEK,Tier3,Multi-AOP,database_binary_label
EWPAQ,Tier3,Multi-AOP,database_binary_label
GPLGLLGFLGPLGLS,Tier3,Multi-AOP,database_binary_label
NEN,Tier3,Multi-AOP,database_binary_label
YQY,Tier3,Multi-AOP,database_binary_label
RNDDLNYIQ,Tier3,Multi-AOP,database_binary_label
PMDYMVT,Tier3,Multi-AOP,database_binary_label
YVY,Tier3,Multi-AOP,database_binary_label
WRNRCKGTD,Tier3,Multi-AOP,database_binary_label
LLPHH,Tier3,Multi-AOP,database_binary_label
LHPH,Tier3,Multi-AOP,database_binary_label
LHS,Tier3,Multi-AOP,database_binary_label
YNI,Tier3,Multi-AOP,database_binary_label
YGYTGA,Tier3,Multi-AOP,database_binary_label
WYSLA,Tier3,Multi-AOP,database_binary_label
VHHANEN,Tier3,Multi-AOP,database_binary_label
VIPAGYP,Tier3,Multi-AOP,database_binary_label
YPPAK,Tier3,Multi-AOP,database_binary_label
DVPPYM,Tier3,Multi-AOP,database_binary_label
YYV,Tier3,Multi-AOP,database_binary_label
PSHDAHPE,Tier3,Multi-AOP,database_binary_label
GALAAH,Tier3,Multi-AOP,database_binary_label
LMSYMWSTSM,Tier3,Multi-AOP,database_binary_label
ADF,Tier3,Multi-AOP,database_binary_label
AGGF,Tier3,Multi-AOP,database_binary_label
NGPLQAGQPGER,Tier3,Multi-AOP,database_binary_label
LWY,Tier3,Multi-AOP,database_binary_label
YPI,Tier3,Multi-AOP,database_binary_label
PSKYEPFV,Tier3,Multi-AOP,database_binary_label
YYI,Tier3,Multi-AOP,database_binary_label
PHT,Tier3,Multi-AOP,database_binary_label
PYY,Tier3,Multi-AOP,database_binary_label
PPK,Tier3,Multi-AOP,database_binary_label
VKVLLEHPVL,Tier3,Multi-AOP,database_binary_label
IRGCRL,Tier3,Multi-AOP,database_binary_label
VYPFPGPIPN,Tier3,Multi-AOP,database_binary_label
RYQ,Tier3,Multi-AOP,database_binary_label
PLFQNKLAHAK,Tier3,Multi-AOP,database_binary_label
LWE,Tier3,Multi-AOP,database_binary_label
YYE,Tier3,Multi-AOP,database_binary_label
EEYFPVGGDRPESF,Tier3,Multi-AOP,database_binary_label
WY,Tier3,Multi-AOP,database_binary_label
LLPF,Tier3,Multi-AOP,database_binary_label
HHY,Tier3,Multi-AOP,database_binary_label
PHF,Tier3,Multi-AOP,database_binary_label
AYY,Tier3,Multi-AOP,database_binary_label
VKAGFAWTANQQLS,Tier3,Multi-AOP,database_binary_label
LAC,Tier3,Multi-AOP,database_binary_label
IEEAF,Tier3,Multi-AOP,database_binary_label
GHH,Tier3,Multi-AOP,database_binary_label
PWV,Tier3,Multi-AOP,database_binary_label
LHL,Tier3,Multi-AOP,database_binary_label
LWW,Tier3,Multi-AOP,database_binary_label
LFC,Tier3,Multi-AOP,database_binary_label
FYQL,Tier3,Multi-AOP,database_binary_label
RWR,Tier3,Multi-AOP,database_binary_label
PVSHDHAPEY,Tier3,Multi-AOP,database_binary_label
QWPAQ,Tier3,Multi-AOP,database_binary_label
LYEGY,Tier3,Multi-AOP,database_binary_label
FIKK,Tier3,Multi-AOP,database_binary_label
LWK,Tier3,Multi-AOP,database_binary_label
LWS,Tier3,Multi-AOP,database_binary_label
HMPVTK,Tier3,Multi-AOP,database_binary_label
SWN,Tier3,Multi-AOP,database_binary_label
QYDQGV,Tier3,Multi-AOP,database_binary_label
TYY,Tier3,Multi-AOP,database_binary_label
HDHPVC,Tier3,Multi-AOP,database_binary_label
PHQ,Tier3,Multi-AOP,database_binary_label
PSDHDHE,Tier3,Multi-AOP,database_binary_label
LPYY,Tier3,Multi-AOP,database_binary_label
LWG,Tier3,Multi-AOP,database_binary_label
VDYP,Tier3,Multi-AOP,database_binary_label
YSEMPPGK,Tier3,Multi-AOP,database_binary_label
YWVTSGPK,Tier3,Multi-AOP,database_binary_label
LHG,Tier3,Multi-AOP,database_binary_label
LHR,Tier3,Multi-AOP,database_binary_label
LHN,Tier3,Multi-AOP,database_binary_label
YAKPA,Tier3,Multi-AOP,database_binary_label
PSIPA,Tier3,Multi-AOP,database_binary_label
TEFTK,Tier3,Multi-AOP,database_binary_label
IANNEADAISLDGGQVFEAG,Tier3,Multi-AOP,database_binary_label
LWV,Tier3,Multi-AOP,database_binary_label
RASDPLLSV,Tier3,Multi-AOP,database_binary_label
LEELEEELEGCE,Tier3,Multi-AOP,database_binary_label
WEIKPSSLTGKSPYFSNNHGKL,Tier3,Multi-AOP,database_binary_label
MTEEY,Tier3,Multi-AOP,database_binary_label
YYS,Tier3,Multi-AOP,database_binary_label
NYY,Tier3,Multi-AOP,database_binary_label
RHH,Tier3,Multi-AOP,database_binary_label
DRVYIHPF,Tier3,Multi-AOP,database_binary_label
PHR,Tier3,Multi-AOP,database_binary_label
VHDY,Tier3,Multi-AOP,database_binary_label
VVKL,Tier3,Multi-AOP,database_binary_label
FHNMEK,Tier3,Multi-AOP,database_binary_label
PHYL,Tier3,Multi-AOP,database_binary_label
RYLG,Tier3,Multi-AOP,database_binary_label
YEDCTDCGN,Tier3,Multi-AOP,database_binary_label
KKY,Tier3,Multi-AOP,database_binary_label
RHPHP,Tier3,Multi-AOP,database_binary_label
RHG,Tier3,Multi-AOP,database_binary_label
EERYP,Tier3,Multi-AOP,database_binary_label
GTW,Tier3,Multi-AOP,database_binary_label
HYH,Tier3,Multi-AOP,database_binary_label
LQSGDALRVPSGTTYY,Tier3,Multi-AOP,database_binary_label
WSVPQPK,Tier3,Multi-AOP,database_binary_label
PHCKRM,Tier3,Multi-AOP,database_binary_label
ACFL,Tier3,Multi-AOP,database_binary_label
DRVYIHPFHL,Tier3,Multi-AOP,database_binary_label
RHE,Tier3,Multi-AOP,database_binary_label
AEEEYPDL,Tier3,Multi-AOP,database_binary_label
TRTGDPFF,Tier3,Multi-AOP,database_binary_label
WHNVSGSP,Tier3,Multi-AOP,database_binary_label
AH,Tier3,Multi-AOP,database_binary_label
YNY,Tier3,Multi-AOP,database_binary_label
YYG,Tier3,Multi-AOP,database_binary_label
YYA,Tier3,Multi-AOP,database_binary_label
LHK,Tier3,Multi-AOP,database_binary_label
RHL,Tier3,Multi-AOP,database_binary_label
PWQ,Tier3,Multi-AOP,database_binary_label
AGWNI,Tier3,Multi-AOP,database_binary_label
GGIF,Tier3,Multi-AOP,database_binary_label
PVDENDEG,Tier3,Multi-AOP,database_binary_label
FRADHPFL,Tier3,Multi-AOP,database_binary_label
PW,Tier3,Multi-AOP,database_binary_label
AHK,Tier3,Multi-AOP,database_binary_label
WYS,Tier3,Multi-AOP,database_binary_label
LLR,Tier3,Multi-AOP,database_binary_label
VECYG,Tier3,Multi-AOP,database_binary_label
HPHL,Tier3,Multi-AOP,database_binary_label
AHH,Tier3,Multi-AOP,database_binary_label
TW,Tier3,Multi-AOP,database_binary_label
PWD,Tier3,Multi-AOP,database_binary_label
MM,Tier3,Multi-AOP,database_binary_label
LWA,Tier3,Multi-AOP,database_binary_label
HHW,Tier3,Multi-AOP,database_binary_label
GWNIP,Tier3,Multi-AOP,database_binary_label
LARL,Tier3,Multi-AOP,database_binary_label
YLYP,Tier3,Multi-AOP,database_binary_label
PWL,Tier3,Multi-AOP,database_binary_label
YSTA,Tier3,Multi-AOP,database_binary_label
CAAP,Tier3,Multi-AOP,database_binary_label
STMMEERRMKVY,Tier3,Multi-AOP,database_binary_label
WYSLAMA,Tier3,Multi-AOP,database_binary_label
VGGRP,Tier3,Multi-AOP,database_binary_label
FGHPY,Tier3,Multi-AOP,database_binary_label
ISELWG,Tier3,Multi-AOP,database_binary_label
RWN,Tier3,Multi-AOP,database_binary_label
SHDAHPE,Tier3,Multi-AOP,database_binary_label
ELLI,Tier3,Multi-AOP,database_binary_label
YYD,Tier3,Multi-AOP,database_binary_label
AVPYPQR,Tier3,Multi-AOP,database_binary_label
RWY,Tier3,Multi-AOP,database_binary_label
IHH,Tier3,Multi-AOP,database_binary_label
LPF,Tier3,Multi-AOP,database_binary_label
SAEHGSLH,Tier3,Multi-AOP,database_binary_label
LHA,Tier3,Multi-AOP,database_binary_label
GFYPPP,Tier3,Multi-AOP,database_binary_label
HHLP,Tier3,Multi-AOP,database_binary_label
SYY,Tier3,Multi-AOP,database_binary_label
YYL,Tier3,Multi-AOP,database_binary_label
RWI,Tier3,Multi-AOP,database_binary_label
PWN,Tier3,Multi-AOP,database_binary_label
QHH,Tier3,Multi-AOP,database_binary_label
GPVRGPFPII,Tier3,Multi-AOP,database_binary_label
PHD,Tier3,Multi-AOP,database_binary_label
VAPFPGVFGK,Tier3,Multi-AOP,database_binary_label
IYIEQGNGITGM,Tier3,Multi-AOP,database_binary_label
FEQL,Tier3,Multi-AOP,database_binary_label
DHG,Tier3,Multi-AOP,database_binary_label
YQLD,Tier3,Multi-AOP,database_binary_label
EL,Tier3,Multi-AOP,database_binary_label
KHNRGDEF,Tier3,Multi-AOP,database_binary_label
LQGM,Tier3,Multi-AOP,database_binary_label
YLGAK,Tier3,Multi-AOP,database_binary_label
LLHH,Tier3,Multi-AOP,database_binary_label
WPL,Tier3,Multi-AOP,database_binary_label
VPKNYFHDIV,Tier3,Multi-AOP,database_binary_label
GPGGFI,Tier3,Multi-AOP,database_binary_label
LHE,Tier3,Multi-AOP,database_binary_label
YMY,Tier3,Multi-AOP,database_binary_label
LDY,Tier3,Multi-AOP,database_binary_label
FRSGILKLASKIPSVLCAVLKNC,Tier3,Multi-AOP,database_binary_label
YHH,Tier3,Multi-AOP,database_binary_label
KD,Tier3,Multi-AOP,database_binary_label
IY,Tier3,Multi-AOP,database_binary_label
LQL,Tier3,Multi-AOP,database_binary_label
YLGY,Tier3,Multi-AOP,database_binary_label
AEAQKQLR,Tier3,Multi-AOP,database_binary_label
YVEEL,Tier3,Multi-AOP,database_binary_label
LALPA,Tier3,Multi-AOP,database_binary_label
VAVDKHDYEPLGHSDIGVY,Tier3,Multi-AOP,database_binary_label
FPLEMMPF,Tier3,Multi-AOP,database_binary_label
YAEERYPIL,Tier3,Multi-AOP,database_binary_label
CQC,Tier3,Multi-AOP,database_binary_label
YDY,Tier3,Multi-AOP,database_binary_label
LVMFLDNQHRVIRH,Tier3,Multi-AOP,database_binary_label
EFLQ,Tier3,Multi-AOP,database_binary_label
AMRLTYNRPCLGAT,Tier3,Multi-AOP,database_binary_label
WISELG,Tier3,Multi-AOP,database_binary_label
AIRQGDVF,Tier3,Multi-AOP,database_binary_label
LGFEYY,Tier3,Multi-AOP,database_binary_label
LHD,Tier3,Multi-AOP,database_binary_label
DVFRELRVQ,Tier3,Multi-AOP,database_binary_label
HYY,Tier3,Multi-AOP,database_binary_label
PHL,Tier3,Multi-AOP,database_binary_label
VPNSYP,Tier3,Multi-AOP,database_binary_label
FPQY,Tier3,Multi-AOP,database_binary_label
YQEPVLGPVRGPFPIIV,Tier3,Multi-AOP,database_binary_label
LHY,Tier3,Multi-AOP,database_binary_label
HH,Tier3,Multi-AOP,database_binary_label
LTTLDSE,Tier3,Multi-AOP,database_binary_label
PKAV,Tier3,Multi-AOP,database_binary_label
AKAWGIPPHVIPQIVPVRIRPLCGNV,Tier3,Multi-AOP,database_binary_label
IIENGEKWS,Tier3,Multi-AOP,database_binary_label
MHI,Tier3,Multi-AOP,database_binary_label
NQE,Tier3,Multi-AOP,database_binary_label
HPLH,Tier3,Multi-AOP,database_binary_label
RWW,Tier3,Multi-AOP,database_binary_label
VPYPQ,Tier3,Multi-AOP,database_binary_label
SGAF,Tier3,Multi-AOP,database_binary_label
DSGVT,Tier3,Multi-AOP,database_binary_label
NHRYDR,Tier3,Multi-AOP,database_binary_label
SVMPVVA,Tier3,Multi-AOP,database_binary_label
WEN,Tier3,Multi-AOP,database_binary_label
HHPLL,Tier3,Multi-AOP,database_binary_label
RWE,Tier3,Multi-AOP,database_binary_label
NFHPQ,Tier3,Multi-AOP,database_binary_label
DPALATEPDPMPF,Tier3,Multi-AOP,database_binary_label
AY,Tier3,Multi-AOP,database_binary_label
FVAGK,Tier3,Multi-AOP,database_binary_label
GIISHR,Tier3,Multi-AOP,database_binary_label
QHGV,Tier3,Multi-AOP,database_binary_label
GYY,Tier3,Multi-AOP,database_binary_label
HWH,Tier3,Multi-AOP,database_binary_label
LWN,Tier3,Multi-AOP,database_binary_label
DAQEKLE,Tier3,Multi-AOP,database_binary_label
LANAK,Tier3,Multi-AOP,database_binary_label
YPEL,Tier3,Multi-AOP,database_binary_label
PYPQ,Tier3,Multi-AOP,database_binary_label
LY,Tier3,Multi-AOP,database_binary_label
VLYEE,Tier3,Multi-AOP,database_binary_label
YLKT,Tier3,Multi-AOP,database_binary_label
YYY,Tier3,Multi-AOP,database_binary_label
LWF,Tier3,Multi-AOP,database_binary_label
RHS,Tier3,Multi-AOP,database_binary_label
APIRMWYMYRKLTDMEPKPVA,Tier3,Multi-AOP,database_binary_label
MPDAHL,Tier3,Multi-AOP,database_binary_label
EQC,Tier3,Multi-AOP,database_binary_label
SGQYFL,Tier3,Multi-AOP,database_binary_label
PHN,Tier3,Multi-AOP,database_binary_label
PHS,Tier3,Multi-AOP,database_binary_label
LNLPTAVYMVT,Tier3,Multi-AOP,database_binary_label
GNRGFACRHA,Tier3,Multi-AOP,database_binary_label
IPAGM,Tier3,Multi-AOP,database_binary_label
FDSGPAGVL,Tier3,Multi-AOP,database_binary_label
PSLPA,Tier3,Multi-AOP,database_binary_label
LVNPHDHQN,Tier3,Multi-AOP,database_binary_label
GSGGL,Tier3,Multi-AOP,database_binary_label
MEMK,Tier3,Multi-AOP,database_binary_label
EELDNALN,Tier3,Multi-AOP,database_binary_label
MWL,Tier3,Multi-AOP,database_binary_label
TGGGNV,Tier3,Multi-AOP,database_binary_label
RHM,Tier3,Multi-AOP,database_binary_label
DWDPK,Tier3,Multi-AOP,database_binary_label
NGLEGLK,Tier3,Multi-AOP,database_binary_label
RDMPIQ,Tier3,Multi-AOP,database_binary_label
GFFDRIKALTKNVTLELLNTITCKLPVTPP,Tier3,Multi-AOP,database_binary_label
TYQTF,Tier3,Multi-AOP,database_binary_label
FLHRP,Tier3,Multi-AOP,database_binary_label
LQPGQGQQ,Tier3,Multi-AOP,database_binary_label
AQIPQQ,Tier3,Multi-AOP,database_binary_label
SDRDLLGPNNQYLPK,Tier3,Multi-AOP,database_binary_label
AGWNIP,Tier3,Multi-AOP,database_binary_label
IQW,Tier3,Multi-AOP,database_binary_label
RPDFDLEPPY,Tier3,Multi-AOP,database_binary_label
TETWNPNHPEL,Tier3,Multi-AOP,database_binary_label
RHT,Tier3,Multi-AOP,database_binary_label
LPHH,Tier3,Multi-AOP,database_binary_label
YLAGKPQQEH,Tier3,Multi-AOP,database_binary_label
KVI,Tier3,Multi-AOP,database_binary_label
PWF,Tier3,Multi-AOP,database_binary_label
EYY,Tier3,Multi-AOP,database_binary_label
HHF,Tier3,Multi-AOP,database_binary_label
YFE,Tier3,Multi-AOP,database_binary_label
VVGGDGDV,Tier3,Multi-AOP,database_binary_label
KFPE,Tier3,Multi-AOP,database_binary_label
YGLN,Tier3,Multi-AOP,database_binary_label
RHY,Tier3,Multi-AOP,database_binary_label
KAI,Tier3,Multi-AOP,database_binary_label
ACQ,Tier3,Multi-AOP,database_binary_label
IAPNYNTRATKL,Tier3,Multi-AOP,database_binary_label
YGY,Tier3,Multi-AOP,database_binary_label
LELHKLRSSHWFSRR,Tier3,Multi-AOP,database_binary_label
TDY,Tier3,Multi-AOP,database_binary_label
YYN,Tier3,Multi-AOP,database_binary_label
WYSLAMAASDI,Tier3,Multi-AOP,database_binary_label
GYLEQ,Tier3,Multi-AOP,database_binary_label
RWG,Tier3,Multi-AOP,database_binary_label
WVYY,Tier3,Multi-AOP,database_binary_label
RNR,Tier3,Multi-AOP,database_binary_label
WPP,Tier3,Multi-AOP,database_binary_label
LWT,Tier3,Multi-AOP,database_binary_label
IVEYF,Tier3,Multi-AOP,database_binary_label
LVGDEQAVPAVCVP,Tier3,Multi-AOP,database_binary_label
RHQ,Tier3,Multi-AOP,database_binary_label
RW,Tier3,Multi-AOP,database_binary_label
VYY,Tier3,Multi-AOP,database_binary_label
VKL,Tier3,Multi-AOP,database_binary_label
VW,Tier3,Multi-AOP,database_binary_label
GAH,Tier3,Multi-AOP,database_binary_label
GIFE,Tier3,Multi-AOP,database_binary_label
YNL,Tier3,Multi-AOP,database_binary_label
YQIGL,Tier3,Multi-AOP,database_binary_label
GVPLT,Tier3,Multi-AOP,database_binary_label
RHN,Tier3,Multi-AOP,database_binary_label
RLKKY,Tier3,Multi-AOP,database_binary_label
ECA,Tier3,Multi-AOP,database_binary_label
ALEPDHR,Tier3,Multi-AOP,database_binary_label
RHI,Tier3,Multi-AOP,database_binary_label
IRW,Tier3,Multi-AOP,database_binary_label
AYPS,Tier3,Multi-AOP,database_binary_label
MHH,Tier3,Multi-AOP,database_binary_label
RHF,Tier3,Multi-AOP,database_binary_label
RYY,Tier3,Multi-AOP,database_binary_label
VSYT,Tier3,Multi-AOP,database_binary_label
FFAPGRNPTSFS,Tier3,Multi-AOP,database_binary_label
SVYT,Tier3,Multi-AOP,database_binary_label
CVHWMTNTARTACIAP,Tier3,Multi-AOP,database_binary_label
PHW,Tier3,Multi-AOP,database_binary_label
YYH,Tier3,Multi-AOP,database_binary_label
IEAEGE,Tier3,Multi-AOP,database_binary_label
LPHSGY,Tier3,Multi-AOP,database_binary_label
VPW,Tier3,Multi-AOP,database_binary_label
HHPL,Tier3,Multi-AOP,database_binary_label
YWY,Tier3,Multi-AOP,database_binary_label
VHH,Tier3,Multi-AOP,database_binary_label
PHI,Tier3,Multi-AOP,database_binary_label
FDEQE,Tier3,Multi-AOP,database_binary_label
FLQEFLHV,Tier3,Multi-AOP,database_binary_label
DYK,Tier3,Multi-AOP,database_binary_label
FC,Tier3,Multi-AOP,database_binary_label
SNAAC,Tier3,Multi-AOP,database_binary_label
YLL,Tier3,Multi-AOP,database_binary_label
VGDI,Tier3,Multi-AOP,database_binary_label
LWH,Tier3,Multi-AOP,database_binary_label
WYGPD,Tier3,Multi-AOP,database_binary_label
FYY,Tier3,Multi-AOP,database_binary_label
AGTTCLFTPLALPYDYSH,Tier3,Multi-AOP,database_binary_label
LYY,Tier3,Multi-AOP,database_binary_label
AMRLTGNRPGLYAT,Tier3,Multi-AOP,database_binary_label
EFQI,Tier3,Multi-AOP,database_binary_label
FIPGLRRLFATVVPTVVCAINKLPPG,Tier3,Multi-AOP,database_binary_label
LWM,Tier3,Multi-AOP,database_binary_label
AGWNIPIGT,Tier3,Multi-AOP,database_binary_label
AEERYP,Tier3,Multi-AOP,database_binary_label
YRY,Tier3,Multi-AOP,database_binary_label
PWR,Tier3,Multi-AOP,database_binary_label
PPQ,Tier3,Multi-AOP,database_binary_label
YYQ,Tier3,Multi-AOP,database_binary_label
IQY,Tier3,Multi-AOP,database_binary_label
YEADARSFHDLAEHDIRV,Tier3,Multi-AOP,database_binary_label
NPYVPR,Tier3,Multi-AOP,database_binary_label
AMRLTYNRPCIYAT,Tier3,Multi-AOP,database_binary_label
RYL,Tier3,Multi-AOP,database_binary_label
FLPF,Tier3,Multi-AOP,database_binary_label
LMCH,Tier3,Multi-AOP,database_binary_label
EAK,Tier3,Multi-AOP,database_binary_label
LSGYGP,Tier3,Multi-AOP,database_binary_label
YVL,Tier3,Multi-AOP,database_binary_label
SHH,Tier3,Multi-AOP,database_binary_label
WYY,Tier3,Multi-AOP,database_binary_label
LPL,Tier3,Multi-AOP,database_binary_label
SDF,Tier3,Multi-AOP,database_binary_label
WSY,Tier3,Multi-AOP,database_binary_label
FVNQPYLLYSVHMK,Tier3,Multi-AOP,database_binary_label
VKEAMPK,Tier3,Multi-AOP,database_binary_label
YYR,Tier3,Multi-AOP,database_binary_label
RWH,Tier3,Multi-AOP,database_binary_label
AMRLTYNKPCLYGT,Tier3,Multi-AOP,database_binary_label
KGLWE,Tier3,Multi-AOP,database_binary_label
IYY,Tier3,Multi-AOP,database_binary_label
LQPGQGQQG,Tier3,Multi-AOP,database_binary_label
GVQEGAGHYALL,Tier3,Multi-AOP,database_binary_label
LWD,Tier3,Multi-AOP,database_binary_label
MPACGSS,Tier3,Multi-AOP,database_binary_label
KLSDW,Tier3,Multi-AOP,database_binary_label
YPFPG,Tier3,Multi-AOP,database_binary_label
VPSGK,Tier3,Multi-AOP,database_binary_label
LLGPGLTNHA,Tier3,Multi-AOP,database_binary_label
YQK,Tier3,Multi-AOP,database_binary_label
HNPI,Tier3,Multi-AOP,database_binary_label
RWT,Tier3,Multi-AOP,database_binary_label
PSYV,Tier3,Multi-AOP,database_binary_label
YFYPEL,Tier3,Multi-AOP,database_binary_label
CSQAPLA,Tier3,Multi-AOP,database_binary_label
DYY,Tier3,Multi-AOP,database_binary_label
YYIVS,Tier3,Multi-AOP,database_binary_label
TVYQ,Tier3,Multi-AOP,database_binary_label
HHP,Tier3,Multi-AOP,database_binary_label
GGE,Tier3,Multi-AOP,database_binary_label
FYPEL,Tier3,Multi-AOP,database_binary_label
ARHPHP,Tier3,Multi-AOP,database_binary_label
WSRRGEREEEDERRR,Tier3,Multi-AOP,database_binary_label
VFPW,Tier3,Multi-AOP,database_binary_label
YQEPVLGP,Tier3,Multi-AOP,database_binary_label
PWI,Tier3,Multi-AOP,database_binary_label
FEQI,Tier3,Multi-AOP,database_binary_label
LHV,Tier3,Multi-AOP,database_binary_label
VKEAMAPK,Tier3,Multi-AOP,database_binary_label
VLSRYPS,Tier3,Multi-AOP,database_binary_label
PHV,Tier3,Multi-AOP,database_binary_label
LLPHHH,Tier3,Multi-AOP,database_binary_label
LLPHHADADY,Tier3,Multi-AOP,database_binary_label
ALP,Tier3,Multi-AOP,database_binary_label
LVMFLDNQHRVIRH,Tier3,Multi-AOP,database_binary_label
WL,Tier3,Multi-AOP,database_binary_label
PWI,Tier3,Multi-AOP,database_binary_label
PQIPEQF,Tier3,Multi-AOP,database_binary_label
YNILSGFDTEL,Tier3,Multi-AOP,database_binary_label
SMRKPPG,Tier3,Multi-AOP,database_binary_label
AHK,Tier3,Multi-AOP,database_binary_label
FHH,Tier3,Multi-AOP,database_binary_label
PC,Tier3,Multi-AOP,database_binary_label
ADASVLPK,Tier3,Multi-AOP,database_binary_label
AQK,Tier3,Multi-AOP,database_binary_label
PAGY,Tier3,Multi-AOP,database_binary_label
FDK,Tier3,Multi-AOP,database_binary_label
YIEAVNKVSPRAGQF,Tier3,Multi-AOP,database_binary_label
FDYDPR,Tier3,Multi-AOP,database_binary_label
PWR,Tier3,Multi-AOP,database_binary_label
AY,Tier3,Multi-AOP,database_binary_label
IPIQY,Tier3,Multi-AOP,database_binary_label
KVL,Tier3,Multi-AOP,database_binary_label
GLDIQK,Tier3,Multi-AOP,database_binary_label
VPSIDDQEELM,Tier3,Multi-AOP,database_binary_label
AGTTCLFTPLALPYDYSH,Tier3,Multi-AOP,database_binary_label
PHHADS,Tier3,Multi-AOP,database_binary_label
YTY,Tier3,Multi-AOP,database_binary_label
DLE,Tier3,Multi-AOP,database_binary_label
GPP,Tier3,Multi-AOP,database_binary_label
FYPEL,Tier3,Multi-AOP,database_binary_label
PWQ,Tier3,Multi-AOP,database_binary_label
FD,Tier3,Multi-AOP,database_binary_label
IEEAF,Tier3,Multi-AOP,database_binary_label
PHE,Tier3,Multi-AOP,database_binary_label
LNE,Tier3,Multi-AOP,database_binary_label
WYSLAMAASDI,Tier3,Multi-AOP,database_binary_label
PWT,Tier3,Multi-AOP,database_binary_label
AELQVVDHLGQTV,Tier3,Multi-AOP,database_binary_label
PWH,Tier3,Multi-AOP,database_binary_label
IPAGM,Tier3,Multi-AOP,database_binary_label
GDL,Tier3,Multi-AOP,database_binary_label
LLAPPER,Tier3,Multi-AOP,database_binary_label
PAV,Tier3,Multi-AOP,database_binary_label
VLDTGLAGA,Tier3,Multi-AOP,database_binary_label
PEL,Tier3,Multi-AOP,database_binary_label
LVSGM,Tier3,Multi-AOP,database_binary_label
YQEPVLGPVRGPFPIIV,Tier3,Multi-AOP,database_binary_label
LWS,Tier3,Multi-AOP,database_binary_label
YA,Tier3,Multi-AOP,database_binary_label
GTW,Tier3,Multi-AOP,database_binary_label
QLE,Tier3,Multi-AOP,database_binary_label
YFE,Tier3,Multi-AOP,database_binary_label
VFD,Tier3,Multi-AOP,database_binary_label
LWR,Tier3,Multi-AOP,database_binary_label
GLTSK,Tier3,Multi-AOP,database_binary_label
PEV,Tier3,Multi-AOP,database_binary_label
AEFAES,Tier3,Multi-AOP,database_binary_label
VHDY,Tier3,Multi-AOP,database_binary_label
TKI,Tier3,Multi-AOP,database_binary_label
YYD,Tier3,Multi-AOP,database_binary_label
FLQEFLHV,Tier3,Multi-AOP,database_binary_label
PEG,Tier3,Multi-AOP,database_binary_label
ESIINF,Tier3,Multi-AOP,database_binary_label
VHHANEN,Tier3,Multi-AOP,database_binary_label
EFFDVSNEQ,Tier3,Multi-AOP,database_binary_label
PWS,Tier3,Multi-AOP,database_binary_label
GAQ,Tier3,Multi-AOP,database_binary_label
VTQ,Tier3,Multi-AOP,database_binary_label
VLPIPQ,Tier3,Multi-AOP,database_binary_label
RHL,Tier3,Multi-AOP,database_binary_label
QLGNLGV,Tier3,Multi-AOP,database_binary_label
HHY,Tier3,Multi-AOP,database_binary_label
VYY,Tier3,Multi-AOP,database_binary_label
LLPHH,Tier3,Multi-AOP,database_binary_label
ILL,Tier3,Multi-AOP,database_binary_label
LGLNGDDVN,Tier3,Multi-AOP,database_binary_label
FDSGPAGVL,Tier3,Multi-AOP,database_binary_label
YQEP,Tier3,Multi-AOP,database_binary_label
LYPY,Tier3,Multi-AOP,database_binary_label
VPYPQ,Tier3,Multi-AOP,database_binary_label
GGE,Tier3,Multi-AOP,database_binary_label
LHE,Tier3,Multi-AOP,database_binary_label
LLPHHH,Tier3,Multi-AOP,database_binary_label
HPIKHQGLPQ,Tier3,Multi-AOP,database_binary_label
LYY,Tier3,Multi-AOP,database_binary_label
QAL,Tier3,Multi-AOP,database_binary_label
ADGF,Tier3,Multi-AOP,database_binary_label
AEP,Tier3,Multi-AOP,database_binary_label
YSK,Tier3,Multi-AOP,database_binary_label
YWVTSGPK,Tier3,Multi-AOP,database_binary_label
LHM,Tier3,Multi-AOP,database_binary_label
LQL,Tier3,Multi-AOP,database_binary_label
VGPLSPT,Tier3,Multi-AOP,database_binary_label
GEPGPPGPPGPPGPPG,Tier3,Multi-AOP,database_binary_label
AEAQKQLR,Tier3,Multi-AOP,database_binary_label
VQVTSTAV,Tier3,Multi-AOP,database_binary_label
LHT,Tier3,Multi-AOP,database_binary_label
VVGGDGDV,Tier3,Multi-AOP,database_binary_label
DGVVYY,Tier3,Multi-AOP,database_binary_label
YGKPVAVPAR,Tier3,Multi-AOP,database_binary_label
RWL,Tier3,Multi-AOP,database_binary_label
VVVVPH,Tier3,Multi-AOP,database_binary_label
MPVHTDAD,Tier3,Multi-AOP,database_binary_label
QVVRSDQGSVR,Tier3,Multi-AOP,database_binary_label
KDVPP,Tier3,Multi-AOP,database_binary_label
YEADARSFHDLAEHDIRV,Tier3,Multi-AOP,database_binary_label
FEQL,Tier3,Multi-AOP,database_binary_label
VECYGPNRPQF,Tier3,Multi-AOP,database_binary_label
VPKVK,Tier3,Multi-AOP,database_binary_label
PHYL,Tier3,Multi-AOP,database_binary_label
TAAIVNTA,Tier3,Multi-AOP,database_binary_label
PTP,Tier3,Multi-AOP,database_binary_label
DDLPR,Tier3,Multi-AOP,database_binary_label
KAL,Tier3,Multi-AOP,database_binary_label
AAVGGYRVAVL,Tier3,Multi-AOP,database_binary_label
YSEEQQPSTR,Tier3,Multi-AOP,database_binary_label
LWE,Tier3,Multi-AOP,database_binary_label
VLV,Tier3,Multi-AOP,database_binary_label
FFNPVH,Tier3,Multi-AOP,database_binary_label
LHK,Tier3,Multi-AOP,database_binary_label
FFAPGRNPTSFS,Tier3,Multi-AOP,database_binary_label
LEELEEELEGCE,Tier3,Multi-AOP,database_binary_label
VLNSNAAPLPN,Tier3,Multi-AOP,database_binary_label
IEWEGIESGSVEQA,Tier3,Multi-AOP,database_binary_label
LPF,Tier3,Multi-AOP,database_binary_label
ENG,Tier3,Multi-AOP,database_binary_label
VEVGGGARAP,Tier3,Multi-AOP,database_binary_label
LAC,Tier3,Multi-AOP,database_binary_label
KKI,Tier3,Multi-AOP,database_binary_label
RVY,Tier3,Multi-AOP,database_binary_label
LKQELEDLLEKQE,Tier3,Multi-AOP,database_binary_label
HVIKPPSRA,Tier3,Multi-AOP,database_binary_label
QITEGEDGGG,Tier3,Multi-AOP,database_binary_label
DAQ,Tier3,Multi-AOP,database_binary_label
LKKISQ,Tier3,Multi-AOP,database_binary_label
SLA,Tier3,Multi-AOP,database_binary_label
LVGDEQAVPAVCVP,Tier3,Multi-AOP,database_binary_label
MPDAHL,Tier3,Multi-AOP,database_binary_label
QKW,Tier3,Multi-AOP,database_binary_label
IHH,Tier3,Multi-AOP,database_binary_label
RWE,Tier3,Multi-AOP,database_binary_label
VPKNYFHDIV,Tier3,Multi-AOP,database_binary_label
VPSGK,Tier3,Multi-AOP,database_binary_label
ALA,Tier3,Multi-AOP,database_binary_label
GPLGLLGFLGPLGLS,Tier3,Multi-AOP,database_binary_label
YGLN,Tier3,Multi-AOP,database_binary_label
WHNVSGSP,Tier3,Multi-AOP,database_binary_label
VKRRGQDCIHGFCSD,Tier3,Multi-AOP,database_binary_label
HPHL,Tier3,Multi-AOP,database_binary_label
WYGPD,Tier3,Multi-AOP,database_binary_label
LWH,Tier3,Multi-AOP,database_binary_label
IANNEADAISLDGGQVFEAG,Tier3,Multi-AOP,database_binary_label
AEK,Tier3,Multi-AOP,database_binary_label
CSQAPLA,Tier3,Multi-AOP,database_binary_label
LLGPGLTNHA,Tier3,Multi-AOP,database_binary_label
DSAI,Tier3,Multi-AOP,database_binary_label
VLSTSFPPK,Tier3,Multi-AOP,database_binary_label
SSGFTY,Tier3,Multi-AOP,database_binary_label
RTP,Tier3,Multi-AOP,database_binary_label
DWDPK,Tier3,Multi-AOP,database_binary_label
IAAEVYEHTEGSTTSY,Tier3,Multi-AOP,database_binary_label
AIEWEGIESGSVEQA,Tier3,Multi-AOP,database_binary_label
RPSYT,Tier3,Multi-AOP,database_binary_label
NIQFNEQKAL,Tier3,Multi-AOP,database_binary_label
FLHRP,Tier3,Multi-AOP,database_binary_label
RADHP,Tier3,Multi-AOP,database_binary_label
DPAQPNYPWTAVLVFRH,Tier3,Multi-AOP,database_binary_label
PTQ,Tier3,Multi-AOP,database_binary_label
YYDPL,Tier3,Multi-AOP,database_binary_label
IYPF,Tier3,Multi-AOP,database_binary_label
KELPPSDADW,Tier3,Multi-AOP,database_binary_label
TFD,Tier3,Multi-AOP,database_binary_label
CAQ,Tier3,Multi-AOP,database_binary_label
PPHMLP,Tier3,Multi-AOP,database_binary_label
AMRLTYNRPGLGAT,Tier3,Multi-AOP,database_binary_label
RYY,Tier3,Multi-AOP,database_binary_label
YPEL,Tier3,Multi-AOP,database_binary_label
PHH,Tier3,Multi-AOP,database_binary_label
ACQ,Tier3,Multi-AOP,database_binary_label
PKAV,Tier3,Multi-AOP,database_binary_label
HMPVTK,Tier3,Multi-AOP,database_binary_label
YKK,Tier3,Multi-AOP,database_binary_label
GALAAH,Tier3,Multi-AOP,database_binary_label
VTGRFAGHPAAQ,Tier3,Multi-AOP,database_binary_label
LPAGV,Tier3,Multi-AOP,database_binary_label
RLS,Tier3,Multi-AOP,database_binary_label
MYY,Tier3,Multi-AOP,database_binary_label
YSTA,Tier3,Multi-AOP,database_binary_label
TRTGDPFF,Tier3,Multi-AOP,database_binary_label
PLPPHMLP,Tier3,Multi-AOP,database_binary_label
KIP,Tier3,Multi-AOP,database_binary_label
TSQLLSDQ,Tier3,Multi-AOP,database_binary_label
PIAAEVYEHTEGSTTSY,Tier3,Multi-AOP,database_binary_label
HNPI,Tier3,Multi-AOP,database_binary_label
VPVTST,Tier3,Multi-AOP,database_binary_label
LLNPT,Tier3,Multi-AOP,database_binary_label
AMRLTGNRPCLGAT,Tier3,Multi-AOP,database_binary_label
LLR,Tier3,Multi-AOP,database_binary_label
LNGDVW,Tier3,Multi-AOP,database_binary_label
TPSPR,Tier3,Multi-AOP,database_binary_label
FRADHPFL,Tier3,Multi-AOP,database_binary_label
LPHSGY,Tier3,Multi-AOP,database_binary_label
FIGP,Tier3,Multi-AOP,database_binary_label
IVF,Tier3,Multi-AOP,database_binary_label
LHH,Tier3,Multi-AOP,database_binary_label
VIPAGYP,Tier3,Multi-AOP,database_binary_label
LLPF,Tier3,Multi-AOP,database_binary_label
YLLLK,Tier3,Multi-AOP,database_binary_label
MSEGSGAADVEGPS,Tier3,Multi-AOP,database_binary_label
VEIPHD,Tier3,Multi-AOP,database_binary_label
QIGLF,Tier3,Multi-AOP,database_binary_label
GASRHWYFL,Tier3,Multi-AOP,database_binary_label
YRPPGFSPFR,Tier3,Multi-AOP,database_binary_label
RHG,Tier3,Multi-AOP,database_binary_label
EVR,Tier3,Multi-AOP,database_binary_label
LAL,Tier3,Multi-AOP,database_binary_label
TETWNPNHPEL,Tier3,Multi-AOP,database_binary_label
AVPYPQR,Tier3,Multi-AOP,database_binary_label
GAA,Tier3,Multi-AOP,database_binary_label
VCDADPSSPVPEA,Tier3,Multi-AOP,database_binary_label
GFYPPP,Tier3,Multi-AOP,database_binary_label
YQL,Tier3,Multi-AOP,database_binary_label
DTGSDKKQL,Tier3,Multi-AOP,database_binary_label
PKAVHE,Tier3,Multi-AOP,database_binary_label
RWR,Tier3,Multi-AOP,database_binary_label
YPYY,Tier3,Multi-AOP,database_binary_label
RYPS,Tier3,Multi-AOP,database_binary_label
YVHPFHL,Tier3,Multi-AOP,database_binary_label
RWQ,Tier3,Multi-AOP,database_binary_label
AMA,Tier3,Multi-AOP,database_binary_label
GPAGDY,Tier3,Multi-AOP,database_binary_label
HPHPHLSF,Tier3,Multi-AOP,database_binary_label
LEEAF,Tier3,Multi-AOP,database_binary_label
LDI,Tier3,Multi-AOP,database_binary_label
YQK,Tier3,Multi-AOP,database_binary_label
YGL,Tier3,Multi-AOP,database_binary_label
VSLPEW,Tier3,Multi-AOP,database_binary_label
SGQYFL,Tier3,Multi-AOP,database_binary_label
QNIFSGFSTELLS,Tier3,Multi-AOP,database_binary_label
LRV,Tier3,Multi-AOP,database_binary_label
RDMPIQ,Tier3,Multi-AOP,database_binary_label
HGGEGGRPYHLGEES,Tier3,Multi-AOP,database_binary_label
AAAAAGGGEGEG,Tier3,Multi-AOP,database_binary_label
VLEESKGAPKPN,Tier3,Multi-AOP,database_binary_label
PYSFK,Tier3,Multi-AOP,database_binary_label
ALGGA,Tier3,Multi-AOP,database_binary_label
EGD,Tier3,Multi-AOP,database_binary_label
LPYPY,Tier3,Multi-AOP,database_binary_label
EQEEEESTGRMK,Tier3,Multi-AOP,database_binary_label
YPPAK,Tier3,Multi-AOP,database_binary_label
TNGIIR,Tier3,Multi-AOP,database_binary_label
NMAVPDALAGPL,Tier3,Multi-AOP,database_binary_label
DHHQVYSPGEQ,Tier3,Multi-AOP,database_binary_label
YGGVSLPEW,Tier3,Multi-AOP,database_binary_label
LWQ,Tier3,Multi-AOP,database_binary_label
PW,Tier3,Multi-AOP,database_binary_label
AGCGCEAMFAGA,Tier3,Multi-AOP,database_binary_label
PR,Tier3,Multi-AOP,database_binary_label
GHH,Tier3,Multi-AOP,database_binary_label
AEERYP,Tier3,Multi-AOP,database_binary_label
HLPH,Tier3,Multi-AOP,database_binary_label
HNAVDSQIAGKA,Tier3,Multi-AOP,database_binary_label
EFFDVSNELFQ,Tier3,Multi-AOP,database_binary_label
GNRGFACRHA,Tier3,Multi-AOP,database_binary_label
YEGS,Tier3,Multi-AOP,database_binary_label
KKY,Tier3,Multi-AOP,database_binary_label
YYN,Tier3,Multi-AOP,database_binary_label
PHL,Tier3,Multi-AOP,database_binary_label
CAGVSAIR,Tier3,Multi-AOP,database_binary_label
IVQNNDSTEYG,Tier3,Multi-AOP,database_binary_label
PWY,Tier3,Multi-AOP,database_binary_label
ELK,Tier3,Multi-AOP,database_binary_label
RLKKY,Tier3,Multi-AOP,database_binary_label
SAP,Tier3,Multi-AOP,database_binary_label
FLNDFLHV,Tier3,Multi-AOP,database_binary_label
YQETSSSSSQE,Tier3,Multi-AOP,database_binary_label
AGWNIPIGT,Tier3,Multi-AOP,database_binary_label
SPYCYG,Tier3,Multi-AOP,database_binary_label
RDILNQ,Tier3,Multi-AOP,database_binary_label
DHHQ,Tier3,Multi-AOP,database_binary_label
VRT,Tier3,Multi-AOP,database_binary_label
VAWRNRCKGTD,Tier3,Multi-AOP,database_binary_label
KEFLLAGNNNRA,Tier3,Multi-AOP,database_binary_label
NPYVPR,Tier3,Multi-AOP,database_binary_label
RHQ,Tier3,Multi-AOP,database_binary_label
YINQMPQKSREA,Tier3,Multi-AOP,database_binary_label
FDGEVK,Tier3,Multi-AOP,database_binary_label
GPVRGPFPII,Tier3,Multi-AOP,database_binary_label
GVQEGAGHYALL,Tier3,Multi-AOP,database_binary_label
TVFDGELR,Tier3,Multi-AOP,database_binary_label
DKLDLSDLAHEY,Tier3,Multi-AOP,database_binary_label
WISELGW,Tier3,Multi-AOP,database_binary_label
RWAEK,Tier3,Multi-AOP,database_binary_label
WAFS,Tier3,Multi-AOP,database_binary_label
AAVKKMYDIQAKK,Tier3,Multi-AOP,database_binary_label
LDYE,Tier3,Multi-AOP,database_binary_label
IPIQYVL,Tier3,Multi-AOP,database_binary_label
FDTADLPSGKGYL,Tier3,Multi-AOP,database_binary_label
LEI,Tier3,Multi-AOP,database_binary_label
VKP,Tier3,Multi-AOP,database_binary_label
LHW,Tier3,Multi-AOP,database_binary_label
ELLI,Tier3,Multi-AOP,database_binary_label
VPLSPT,Tier3,Multi-AOP,database_binary_label
GPGGFI,Tier3,Multi-AOP,database_binary_label
PNRPQF,Tier3,Multi-AOP,database_binary_label
IPAGV,Tier3,Multi-AOP,database_binary_label
GGRLDSGKQPPRQ,Tier3,Multi-AOP,database_binary_label
IVEYF,Tier3,Multi-AOP,database_binary_label
WYSLAMA,Tier3,Multi-AOP,database_binary_label
LSGNK,Tier3,Multi-AOP,database_binary_label
DTD,Tier3,Multi-AOP,database_binary_label
LDY,Tier3,Multi-AOP,database_binary_label
LDT,Tier3,Multi-AOP,database_binary_label
CLL,Tier3,Multi-AOP,database_binary_label
PLHH,Tier3,Multi-AOP,database_binary_label
QVVPYPQ,Tier3,Multi-AOP,database_binary_label
WISELG,Tier3,Multi-AOP,database_binary_label
GEQQQQPGMTR,Tier3,Multi-AOP,database_binary_label
YPSPV,Tier3,Multi-AOP,database_binary_label
NVNYVELLVAPNVDL,Tier3,Multi-AOP,database_binary_label
DYK,Tier3,Multi-AOP,database_binary_label
SYY,Tier3,Multi-AOP,database_binary_label
YLGY,Tier3,Multi-AOP,database_binary_label
NPT,Tier3,Multi-AOP,database_binary_label
DEDTQAMP,Tier3,Multi-AOP,database_binary_label
KLSDW,Tier3,Multi-AOP,database_binary_label
LQGMP,Tier3,Multi-AOP,database_binary_label
DHG,Tier3,Multi-AOP,database_binary_label
YQLD,Tier3,Multi-AOP,database_binary_label
YQKF,Tier3,Multi-AOP,database_binary_label
ALE,Tier3,Multi-AOP,database_binary_label
LWY,Tier3,Multi-AOP,database_binary_label
HH,Tier3,Multi-AOP,database_binary_label
ASPAPAGLSY,Tier3,Multi-AOP,database_binary_label
YFY,Tier3,Multi-AOP,database_binary_label
ISL,Tier3,Multi-AOP,database_binary_label
FLDALLKTVDCN,Tier3,Multi-AOP,database_binary_label
EQS,Tier3,Multi-AOP,database_binary_label
EIL,Tier3,Multi-AOP,database_binary_label
YVNDAATLLPR,Tier3,Multi-AOP,database_binary_label
MCYPAST,Tier3,Multi-AOP,database_binary_label
TPE,Tier3,Multi-AOP,database_binary_label
YYM,Tier3,Multi-AOP,database_binary_label
GFGPEL,Tier3,Multi-AOP,database_binary_label
MPACGSS,Tier3,Multi-AOP,database_binary_label
LLF,Tier3,Multi-AOP,database_binary_label
HAEIN,Tier3,Multi-AOP,database_binary_label
VIPMGL,Tier3,Multi-AOP,database_binary_label
CGA,Tier3,Multi-AOP,database_binary_label
AMRLTYNRPCIYAT,Tier3,Multi-AOP,database_binary_label
THH,Tier3,Multi-AOP,database_binary_label
PSKYEPFV,Tier3,Multi-AOP,database_binary_label
VLPVPQK,Tier3,Multi-AOP,database_binary_label
KY,Tier3,Multi-AOP,database_binary_label
KVA,Tier3,Multi-AOP,database_binary_label
QHGV,Tier3,Multi-AOP,database_binary_label
LHQ,Tier3,Multi-AOP,database_binary_label
RHF,Tier3,Multi-AOP,database_binary_label
NMGPLLPQ,Tier3,Multi-AOP,database_binary_label
RWH,Tier3,Multi-AOP,database_binary_label
ISELGY,Tier3,Multi-AOP,database_binary_label
SAEHGSLH,Tier3,Multi-AOP,database_binary_label
YNY,Tier3,Multi-AOP,database_binary_label
GSGGL,Tier3,Multi-AOP,database_binary_label
EERYP,Tier3,Multi-AOP,database_binary_label
SPFLQSAAFQLRN,Tier3,Multi-AOP,database_binary_label
QL,Tier3,Multi-AOP,database_binary_label
QKV,Tier3,Multi-AOP,database_binary_label
LDA,Tier3,Multi-AOP,database_binary_label
DAQEKLE,Tier3,Multi-AOP,database_binary_label
MDATALHYENQK,Tier3,Multi-AOP,database_binary_label
PVMGA,Tier3,Multi-AOP,database_binary_label
DHHK,Tier3,Multi-AOP,database_binary_label
YVEEL,Tier3,Multi-AOP,database_binary_label
GDRFQDQHQ,Tier3,Multi-AOP,database_binary_label
RYLGY,Tier3,Multi-AOP,database_binary_label
FVNQPYLLYSVHMK,Tier3,Multi-AOP,database_binary_label
VVYFDQTQAQA,Tier3,Multi-AOP,database_binary_label
VLYEE,Tier3,Multi-AOP,database_binary_label
FDEQE,Tier3,Multi-AOP,database_binary_label
YQY,Tier3,Multi-AOP,database_binary_label
VVALALI,Tier3,Multi-AOP,database_binary_label
SVPQPK,Tier3,Multi-AOP,database_binary_label
GQVPP,Tier3,Multi-AOP,database_binary_label
ALPMHIR,Tier3,Multi-AOP,database_binary_label
VLPVP,Tier3,Multi-AOP,database_binary_label
ESTVPERTHPACPDFN,Tier3,Multi-AOP,database_binary_label
NEN,Tier3,Multi-AOP,database_binary_label
YYE,Tier3,Multi-AOP,database_binary_label
LER,Tier3,Multi-AOP,database_binary_label
GPPGPPGPPGPPG,Tier3,Multi-AOP,database_binary_label
EYY,Tier3,Multi-AOP,database_binary_label
AVF,Tier3,Multi-AOP,database_binary_label
GQFNDKRWIPFG,Tier3,Multi-AOP,database_binary_label
DAHK,Tier3,Multi-AOP,database_binary_label
LGFEY,Tier3,Multi-AOP,database_binary_label
YGYTGA,Tier3,Multi-AOP,database_binary_label
PHV,Tier3,Multi-AOP,database_binary_label
YRY,Tier3,Multi-AOP,database_binary_label
IVAGPQ,Tier3,Multi-AOP,database_binary_label
LSF,Tier3,Multi-AOP,database_binary_label
ALSAF,Tier3,Multi-AOP,database_binary_label
VVSNFGKTVFDGVL,Tier3,Multi-AOP,database_binary_label
YQKFP,Tier3,Multi-AOP,database_binary_label
HYH,Tier3,Multi-AOP,database_binary_label
ACNLPRMC,Tier3,Multi-AOP,database_binary_label
KPYVFRATGAL,Tier3,Multi-AOP,database_binary_label
VDYP,Tier3,Multi-AOP,database_binary_label
MLELDPLNNLPRM,Tier3,Multi-AOP,database_binary_label
LAGNPHQQQQN,Tier3,Multi-AOP,database_binary_label
LMGQW,Tier3,Multi-AOP,database_binary_label
PLFQNKLAHAK,Tier3,Multi-AOP,database_binary_label
NYPSD,Tier3,Multi-AOP,database_binary_label
QKK,Tier3,Multi-AOP,database_binary_label
HYVPV,Tier3,Multi-AOP,database_binary_label
RHD,Tier3,Multi-AOP,database_binary_label
TQL,Tier3,Multi-AOP,database_binary_label
RYL,Tier3,Multi-AOP,database_binary_label
DHTKE,Tier3,Multi-AOP,database_binary_label
PHW,Tier3,Multi-AOP,database_binary_label
HYY,Tier3,Multi-AOP,database_binary_label
AMRLTYNKPCLYGT,Tier3,Multi-AOP,database_binary_label
SDRDLLGPNNQYLPK,Tier3,Multi-AOP,database_binary_label
VLVPK,Tier3,Multi-AOP,database_binary_label
HLPLP,Tier3,Multi-AOP,database_binary_label
HIR,Tier3,Multi-AOP,database_binary_label
EYNNHGSFREAHPGA,Tier3,Multi-AOP,database_binary_label
SVL,Tier3,Multi-AOP,database_binary_label
FGERR,Tier3,Multi-AOP,database_binary_label
DSAIDLGD,Tier3,Multi-AOP,database_binary_label
EIPT,Tier3,Multi-AOP,database_binary_label
AGWNIP,Tier3,Multi-AOP,database_binary_label
FDGLPAKPAKKEETR,Tier3,Multi-AOP,database_binary_label
WPRGYFL,Tier3,Multi-AOP,database_binary_label
YVL,Tier3,Multi-AOP,database_binary_label
KAI,Tier3,Multi-AOP,database_binary_label
LPHH,Tier3,Multi-AOP,database_binary_label
LEQQVDDLEGSLEQEKK,Tier3,Multi-AOP,database_binary_label
AHH,Tier3,Multi-AOP,database_binary_label
LVL,Tier3,Multi-AOP,database_binary_label
FNP,Tier3,Multi-AOP,database_binary_label
AGLAPY,Tier3,Multi-AOP,database_binary_label
VVKL,Tier3,Multi-AOP,database_binary_label
SGGY,Tier3,Multi-AOP,database_binary_label
VLSRYPS,Tier3,Multi-AOP,database_binary_label
PYVRYL,Tier3,Multi-AOP,database_binary_label
RHE,Tier3,Multi-AOP,database_binary_label
GLAGA,Tier3,Multi-AOP,database_binary_label
KHDRGDEF,Tier3,Multi-AOP,database_binary_label
LQPGQGQQG,Tier3,Multi-AOP,database_binary_label
ALK,Tier3,Multi-AOP,database_binary_label
LTC,Tier3,Multi-AOP,database_binary_label
YQKFPQY,Tier3,Multi-AOP,database_binary_label
LQPGQGQQ,Tier3,Multi-AOP,database_binary_label
YWY,Tier3,Multi-AOP,database_binary_label
NQE,Tier3,Multi-AOP,database_binary_label
ISELGF,Tier3,Multi-AOP,database_binary_label
GPPGPPGPPG,Tier3,Multi-AOP,database_binary_label
RHW,Tier3,Multi-AOP,database_binary_label
KYL,Tier3,Multi-AOP,database_binary_label
DDPDKGMLKWKNDFFQEF,Tier3,Multi-AOP,database_binary_label
LDIQKEV,Tier3,Multi-AOP,database_binary_label
PLAQPA,Tier3,Multi-AOP,database_binary_label
MVPYPQR,Tier3,Multi-AOP,database_binary_label
GYLEQ,Tier3,Multi-AOP,database_binary_label
SSDEEVREEKELDLSSNE,Tier3,Multi-AOP,database_binary_label
WALKGYK,Tier3,Multi-AOP,database_binary_label
LK,Tier3,Multi-AOP,database_binary_label
PSLVGRPPVGKLTL,Tier3,Multi-AOP,database_binary_label
HGPL,Tier3,Multi-AOP,database_binary_label
FSDKIAK,Tier3,Multi-AOP,database_binary_label
RVPSLM,Tier3,Multi-AOP,database_binary_label
NRVYIHPFHLLVYS,Tier3,Multi-AOP,database_binary_label
PHA,Tier3,Multi-AOP,database_binary_label
AEDKKLIQ,Tier3,Multi-AOP,database_binary_label
IY,Tier3,Multi-AOP,database_binary_label
YSY,Tier3,Multi-AOP,database_binary_label
FKK,Tier3,Multi-AOP,database_binary_label
LVEKGDVAFI,Tier3,Multi-AOP,database_binary_label
LPWRPATNVF,Tier3,Multi-AOP,database_binary_label
KEEKFE,Tier3,Multi-AOP,database_binary_label
EEEKNRLTKKTKLT,Tier3,Multi-AOP,database_binary_label
KVI,Tier3,Multi-AOP,database_binary_label
LSSLEMGSLGALFVCM,Tier3,Multi-AOP,database_binary_label
VAW,Tier3,Multi-AOP,database_binary_label
HLPLPL,Tier3,Multi-AOP,database_binary_label
GWNIP,Tier3,Multi-AOP,database_binary_label
FGHPY,Tier3,Multi-AOP,database_binary_label
LNLPTAVYMVT,Tier3,Multi-AOP,database_binary_label
PSLPA,Tier3,Multi-AOP,database_binary_label
RHV,Tier3,Multi-AOP,database_binary_label
FGER,Tier3,Multi-AOP,database_binary_label
SVEIQALCDM,Tier3,Multi-AOP,database_binary_label
YVE,Tier3,Multi-AOP,database_binary_label
PDLVF,Tier3,Multi-AOP,database_binary_label
QQFQQSGQAQLTE,Tier3,Multi-AOP,database_binary_label
GPAGPAG,Tier3,Multi-AOP,database_binary_label
FVAGK,Tier3,Multi-AOP,database_binary_label
GFPSG,Tier3,Multi-AOP,database_binary_label
VHH,Tier3,Multi-AOP,database_binary_label
IQY,Tier3,Multi-AOP,database_binary_label
GVPLT,Tier3,Multi-AOP,database_binary_label
LKP,Tier3,Multi-AOP,database_binary_label
EKF,Tier3,Multi-AOP,database_binary_label
PYPQ,Tier3,Multi-AOP,database_binary_label
HEH,Tier3,Multi-AOP,database_binary_label
QYY,Tier3,Multi-AOP,database_binary_label
HIAGKSSIFRA,Tier3,Multi-AOP,database_binary_label
APL,Tier3,Multi-AOP,database_binary_label
FYQL,Tier3,Multi-AOP,database_binary_label
IIA,Tier3,Multi-AOP,database_binary_label
FIKK,Tier3,Multi-AOP,database_binary_label
YHY,Tier3,Multi-AOP,database_binary_label
YIPIQY,Tier3,Multi-AOP,database_binary_label
APGAPGPVG,Tier3,Multi-AOP,database_binary_label
PWF,Tier3,Multi-AOP,database_binary_label
PMH,Tier3,Multi-AOP,database_binary_label
WSVWEQELEDR,Tier3,Multi-AOP,database_binary_label
YKY,Tier3,Multi-AOP,database_binary_label
ADF,Tier3,Multi-AOP,database_binary_label
SEALGVSSQVARQ,Tier3,Multi-AOP,database_binary_label
TY,Tier3,Multi-AOP,database_binary_label
ETTL,Tier3,Multi-AOP,database_binary_label
LHV,Tier3,Multi-AOP,database_binary_label
PSHDAHPE,Tier3,Multi-AOP,database_binary_label
VAMVPPFET,Tier3,Multi-AOP,database_binary_label
YDY,Tier3,Multi-AOP,database_binary_label
EYLARKGGVEVN,Tier3,Multi-AOP,database_binary_label
YLAGMN,Tier3,Multi-AOP,database_binary_label
RGY,Tier3,Multi-AOP,database_binary_label
PHR,Tier3,Multi-AOP,database_binary_label
SHH,Tier3,Multi-AOP,database_binary_label
PPQ,Tier3,Multi-AOP,database_binary_label
YVY,Tier3,Multi-AOP,database_binary_label
EEL,Tier3,Multi-AOP,database_binary_label
QQRQQQGL,Tier3,Multi-AOP,database_binary_label
HL,Tier3,Multi-AOP,database_binary_label
IRW,Tier3,Multi-AOP,database_binary_label
WPP,Tier3,Multi-AOP,database_binary_label
ACGNLPRMC,Tier3,Multi-AOP,database_binary_label
LEK,Tier3,Multi-AOP,database_binary_label
RHS,Tier3,Multi-AOP,database_binary_label
PGVPWP,Tier3,Multi-AOP,database_binary_label
WYS,Tier3,Multi-AOP,database_binary_label
YYQ,Tier3,Multi-AOP,database_binary_label
LAGKPQQEHSGEHQ,Tier3,Multi-AOP,database_binary_label
LVDTGRGPIMY,Tier3,Multi-AOP,database_binary_label
NGE,Tier3,Multi-AOP,database_binary_label
ENS,Tier3,Multi-AOP,database_binary_label
IYY,Tier3,Multi-AOP,database_binary_label
RHT,Tier3,Multi-AOP,database_binary_label
ASD,Tier3,Multi-AOP,database_binary_label
GP,Tier3,Multi-AOP,database_binary_label
SLL,Tier3,Multi-AOP,database_binary_label
LPENAKVDQVK,Tier3,Multi-AOP,database_binary_label
WSRRGEREEEDERRR,Tier3,Multi-AOP,database_binary_label
DLEE,Tier3,Multi-AOP,database_binary_label
VHLKP,Tier3,Multi-AOP,database_binary_label
AGT,Tier3,Multi-AOP,database_binary_label
YINQMPQKSRE,Tier3,Multi-AOP,database_binary_label
VDHDHPE,Tier3,Multi-AOP,database_binary_label
SGGSYADELVSTAK,Tier3,Multi-AOP,database_binary_label
LHS,Tier3,Multi-AOP,database_binary_label
VGGIDEVIAK,Tier3,Multi-AOP,database_binary_label
WDR,Tier3,Multi-AOP,database_binary_label
YYK,Tier3,Multi-AOP,database_binary_label
RW,Tier3,Multi-AOP,database_binary_label
EAL,Tier3,Multi-AOP,database_binary_label
GFVG,Tier3,Multi-AOP,database_binary_label
ADVFNPR,Tier3,Multi-AOP,database_binary_label
ENK,Tier3,Multi-AOP,database_binary_label
GTQY,Tier3,Multi-AOP,database_binary_label
ISQAVHAHAEINEAGR,Tier3,Multi-AOP,database_binary_label
DAL,Tier3,Multi-AOP,database_binary_label
HGPLGPL,Tier3,Multi-AOP,database_binary_label
EEEQVGQGYETIRARL,Tier3,Multi-AOP,database_binary_label
RYLG,Tier3,Multi-AOP,database_binary_label
IIAEK,Tier3,Multi-AOP,database_binary_label
VPNSYP,Tier3,Multi-AOP,database_binary_label
TQT,Tier3,Multi-AOP,database_binary_label
WSVPQPK,Tier3,Multi-AOP,database_binary_label
SFN,Tier3,Multi-AOP,database_binary_label
YGNWLYK,Tier3,Multi-AOP,database_binary_label
YYY,Tier3,Multi-AOP,database_binary_label
LW,Tier3,Multi-AOP,database_binary_label
HDHAERFSGHDNED,Tier3,Multi-AOP,database_binary_label
SAE,Tier3,Multi-AOP,database_binary_label
HFH,Tier3,Multi-AOP,database_binary_label
VLD,Tier3,Multi-AOP,database_binary_label
VEGNLQVLRPR,Tier3,Multi-AOP,database_binary_label
DYY,Tier3,Multi-AOP,database_binary_label
LHL,Tier3,Multi-AOP,database_binary_label
KPT,Tier3,Multi-AOP,database_binary_label
DVPPYM,Tier3,Multi-AOP,database_binary_label
KYY,Tier3,Multi-AOP,database_binary_label
RADHPFL,Tier3,Multi-AOP,database_binary_label
PWE,Tier3,Multi-AOP,database_binary_label
VYV,Tier3,Multi-AOP,database_binary_label
RHN,Tier3,Multi-AOP,database_binary_label
EVPKA,Tier3,Multi-AOP,database_binary_label
LWD,Tier3,Multi-AOP,database_binary_label
ALN,Tier3,Multi-AOP,database_binary_label
AADNANELFPPN,Tier3,Multi-AOP,database_binary_label
DLSDGEQGVL,Tier3,Multi-AOP,database_binary_label
TPEVDDEALKE,Tier3,Multi-AOP,database_binary_label
PYY,Tier3,Multi-AOP,database_binary_label
IQK,Tier3,Multi-AOP,database_binary_label
EFLQ,Tier3,Multi-AOP,database_binary_label
SDF,Tier3,Multi-AOP,database_binary_label
MNGEKKKAPLGDE,Tier3,Multi-AOP,database_binary_label
RGQVIYVL,Tier3,Multi-AOP,database_binary_label
LVSK,Tier3,Multi-AOP,database_binary_label
PVSHDHAPEY,Tier3,Multi-AOP,database_binary_label
IRL,Tier3,Multi-AOP,database_binary_label
CVPEVDPLLLRAE,Tier3,Multi-AOP,database_binary_label
WP,Tier3,Multi-AOP,database_binary_label
LT,Tier3,Multi-AOP,database_binary_label
YY,Tier3,Multi-AOP,database_binary_label
YPELF,Tier3,Multi-AOP,database_binary_label
GLD,Tier3,Multi-AOP,database_binary_label
ASPKPSSA,Tier3,Multi-AOP,database_binary_label
LPYY,Tier3,Multi-AOP,database_binary_label
PQFYW,Tier3,Multi-AOP,database_binary_label
LELPLK,Tier3,Multi-AOP,database_binary_label
LWG,Tier3,Multi-AOP,database_binary_label
TEFHLL,Tier3,Multi-AOP,database_binary_label
DVFRELRVQ,Tier3,Multi-AOP,database_binary_label
QYP,Tier3,Multi-AOP,database_binary_label
ALEPDHR,Tier3,Multi-AOP,database_binary_label
LH,Tier3,Multi-AOP,database_binary_label
EPDRY,Tier3,Multi-AOP,database_binary_label
LHA,Tier3,Multi-AOP,database_binary_label
YAY,Tier3,Multi-AOP,database_binary_label
YHH,Tier3,Multi-AOP,database_binary_label
VPW,Tier3,Multi-AOP,database_binary_label
LWM,Tier3,Multi-AOP,database_binary_label
PP,Tier3,Multi-AOP,database_binary_label
LALPA,Tier3,Multi-AOP,database_binary_label
VLLPDEVSGL,Tier3,Multi-AOP,database_binary_label
ARHPHPHLSFM,Tier3,Multi-AOP,database_binary_label
ISELGW,Tier3,Multi-AOP,database_binary_label
SDI,Tier3,Multi-AOP,database_binary_label
HHF,Tier3,Multi-AOP,database_binary_label
TVGGAPAGRIVME,Tier3,Multi-AOP,database_binary_label
YGGFL,Tier3,Multi-AOP,database_binary_label
IVT,Tier3,Multi-AOP,database_binary_label
WGLETAGSVVLLDLQ,Tier3,Multi-AOP,database_binary_label
IPA,Tier3,Multi-AOP,database_binary_label
FEQI,Tier3,Multi-AOP,database_binary_label
HYEG,Tier3,Multi-AOP,database_binary_label
SVYT,Tier3,Multi-AOP,database_binary_label
AP,Tier3,Multi-AOP,database_binary_label
SVDSQTAF,Tier3,Multi-AOP,database_binary_label
YLKT,Tier3,Multi-AOP,database_binary_label
LWA,Tier3,Multi-AOP,database_binary_label
QGAR,Tier3,Multi-AOP,database_binary_label
EL,Tier3,Multi-AOP,database_binary_label
YGIKVGYAIP,Tier3,Multi-AOP,database_binary_label
RPPGFSPFR,Tier3,Multi-AOP,database_binary_label
KKSKADLTEVTHK,Tier3,Multi-AOP,database_binary_label
HLHP,Tier3,Multi-AOP,database_binary_label
IAPNYNTRATKL,Tier3,Multi-AOP,database_binary_label
QHH,Tier3,Multi-AOP,database_binary_label
ESTTVPERTHPACPDFN,Tier3,Multi-AOP,database_binary_label
LSGYGP,Tier3,Multi-AOP,database_binary_label
HPH,Tier3,Multi-AOP,database_binary_label
WY,Tier3,Multi-AOP,database_binary_label
HQP,Tier3,Multi-AOP,database_binary_label
AWIRGCRL,Tier3,Multi-AOP,database_binary_label
HHP,Tier3,Multi-AOP,database_binary_label
FFGFN,Tier3,Multi-AOP,database_binary_label
VGAPSVS,Tier3,Multi-AOP,database_binary_label
YLAGKPQQEH,Tier3,Multi-AOP,database_binary_label
VFPW,Tier3,Multi-AOP,database_binary_label
LDK,Tier3,Multi-AOP,database_binary_label
DLVKVEA,Tier3,Multi-AOP,database_binary_label
SNAAC,Tier3,Multi-AOP,database_binary_label
ISELWG,Tier3,Multi-AOP,database_binary_label
WYSLA,Tier3,Multi-AOP,database_binary_label
FVSACSVAG,Tier3,Multi-AOP,database_binary_label
VKELY,Tier3,Multi-AOP,database_binary_label
PHF,Tier3,Multi-AOP,database_binary_label
CAAP,Tier3,Multi-AOP,database_binary_label
HK,Tier3,Multi-AOP,database_binary_label
RASDPLLSV,Tier3,Multi-AOP,database_binary_label
YYH,Tier3,Multi-AOP,database_binary_label
GPPGPPGPP,Tier3,Multi-AOP,database_binary_label
FPQY,Tier3,Multi-AOP,database_binary_label
AGNDGFEYVTLK,Tier3,Multi-AOP,database_binary_label
RPDFDLEPPY,Tier3,Multi-AOP,database_binary_label
NGPLLPSDEMDRA,Tier3,Multi-AOP,database_binary_label
AYFYPE,Tier3,Multi-AOP,database_binary_label
VLEANPRSF,Tier3,Multi-AOP,database_binary_label
IAE,Tier3,Multi-AOP,database_binary_label
LVYIIQGR,Tier3,Multi-AOP,database_binary_label
PSDHDHE,Tier3,Multi-AOP,database_binary_label
LEE,Tier3,Multi-AOP,database_binary_label
GYY,Tier3,Multi-AOP,database_binary_label
AYFYPEL,Tier3,Multi-AOP,database_binary_label
AEEEYPDL,Tier3,Multi-AOP,database_binary_label
GGNYVGVP,Tier3,Multi-AOP,database_binary_label
YQETSSSSSQ,Tier3,Multi-AOP,database_binary_label
LHF,Tier3,Multi-AOP,database_binary_label
RADHPF,Tier3,Multi-AOP,database_binary_label
IIENGEKWS,Tier3,Multi-AOP,database_binary_label
RYQKF,Tier3,Multi-AOP,database_binary_label
YRGGLEPINF,Tier3,Multi-AOP,database_binary_label
HHPL,Tier3,Multi-AOP,database_binary_label
YPIL,Tier3,Multi-AOP,database_binary_label
RNR,Tier3,Multi-AOP,database_binary_label
FSGGE,Tier3,Multi-AOP,database_binary_label
YNL,Tier3,Multi-AOP,database_binary_label
LGNTDYAVH,Tier3,Multi-AOP,database_binary_label
LWHTH,Tier3,Multi-AOP,database_binary_label
FPGLADR,Tier3,Multi-AOP,database_binary_label
YGY,Tier3,Multi-AOP,database_binary_label
LWN,Tier3,Multi-AOP,database_binary_label
LLPH,Tier3,Multi-AOP,database_binary_label
IEAEGE,Tier3,Multi-AOP,database_binary_label
LQK,Tier3,Multi-AOP,database_binary_label
LPM,Tier3,Multi-AOP,database_binary_label
PTGPNNGLSY,Tier3,Multi-AOP,database_binary_label
SSAPGGGRP,Tier3,Multi-AOP,database_binary_label
KVR,Tier3,Multi-AOP,database_binary_label
HFGDPFH,Tier3,Multi-AOP,database_binary_label
TTYY,Tier3,Multi-AOP,database_binary_label
RPNYTDA,Tier3,Multi-AOP,database_binary_label
YIY,Tier3,Multi-AOP,database_binary_label
QSL,Tier3,Multi-AOP,database_binary_label
YQETSSSSSQEQ,Tier3,Multi-AOP,database_binary_label
LAPSLPGKPKPD,Tier3,Multi-AOP,database_binary_label
HDHPVC,Tier3,Multi-AOP,database_binary_label
FIMGPY,Tier3,Multi-AOP,database_binary_label
AW,Tier3,Multi-AOP,database_binary_label
DLDLRKDLYAN,Tier3,Multi-AOP,database_binary_label
GKGEGGGGLA,Tier3,Multi-AOP,database_binary_label
DSGVT,Tier3,Multi-AOP,database_binary_label
VAPFPGVFGK,Tier3,Multi-AOP,database_binary_label
PLPLHMLP,Tier3,Multi-AOP,database_binary_label
TCSP,Tier3,Multi-AOP,database_binary_label
TDY,Tier3,Multi-AOP,database_binary_label
VAVDKHDYEPLGHSDIGVY,Tier3,Multi-AOP,database_binary_label
YYG,Tier3,Multi-AOP,database_binary_label
FVAPAGTINY,Tier3,Multi-AOP,database_binary_label
YAEERYPIL,Tier3,Multi-AOP,database_binary_label
SAGNPN,Tier3,Multi-AOP,database_binary_label
FSL,Tier3,Multi-AOP,database_binary_label
LAM,Tier3,Multi-AOP,database_binary_label
EWPAQ,Tier3,Multi-AOP,database_binary_label
YLMSR,Tier3,Multi-AOP,database_binary_label
SV,Tier3,Multi-AOP,database_binary_label
KAQYPYV,Tier3,Multi-AOP,database_binary_label
IPAVFK,Tier3,Multi-AOP,database_binary_label
HHLP,Tier3,Multi-AOP,database_binary_label
VY,Tier3,Multi-AOP,database_binary_label
LGY,Tier3,Multi-AOP,database_binary_label
ADHP,Tier3,Multi-AOP,database_binary_label
VAG,Tier3,Multi-AOP,database_binary_label
AGWNI,Tier3,Multi-AOP,database_binary_label
GGLEPINFN,Tier3,Multi-AOP,database_binary_label
NP,Tier3,Multi-AOP,database_binary_label
HQIYPV,Tier3,Multi-AOP,database_binary_label
QYDQGV,Tier3,Multi-AOP,database_binary_label
DIQ,Tier3,Multi-AOP,database_binary_label
WVYY,Tier3,Multi-AOP,database_binary_label
NHK,Tier3,Multi-AOP,database_binary_label
LGFEYY,Tier3,Multi-AOP,database_binary_label
KII,Tier3,Multi-AOP,database_binary_label
HLPLPLL,Tier3,Multi-AOP,database_binary_label
AMRLTGNRPGLYAT,Tier3,Multi-AOP,database_binary_label
YYA,Tier3,Multi-AOP,database_binary_label
RHK,Tier3,Multi-AOP,database_binary_label
LELHKLRSSHWFSRR,Tier3,Multi-AOP,database_binary_label
RINK,Tier3,Multi-AOP,database_binary_label
HVAGTVA,Tier3,Multi-AOP,database_binary_label
AMTGLDA,Tier3,Multi-AOP,database_binary_label
VNPHDHQN,Tier3,Multi-AOP,database_binary_label
TAGTGGGQFQPMR,Tier3,Multi-AOP,database_binary_label
ALT,Tier3,Multi-AOP,database_binary_label
SALAM,Tier3,Multi-AOP,database_binary_label
LQSGDALRVPSGTTYY,Tier3,Multi-AOP,database_binary_label
VKEAMAPK,Tier3,Multi-AOP,database_binary_label
NGPLQAGQPGER,Tier3,Multi-AOP,database_binary_label
ACFL,Tier3,Multi-AOP,database_binary_label
LTTLDSE,Tier3,Multi-AOP,database_binary_label
FL,Tier3,Multi-AOP,database_binary_label
NGLEGLK,Tier3,Multi-AOP,database_binary_label
AVYVYDVNNNANQ,Tier3,Multi-AOP,database_binary_label
YFPVGGDRPESF,Tier3,Multi-AOP,database_binary_label
FNVVLK,Tier3,Multi-AOP,database_binary_label
AH,Tier3,Multi-AOP,database_binary_label
KFD,Tier3,Multi-AOP,database_binary_label
WLLYLDGPPMGLT,Tier3,Multi-AOP,database_binary_label
WYSL,Tier3,Multi-AOP,database_binary_label
LRGIKNYRVAVL,Tier3,Multi-AOP,database_binary_label
GFRGTIGLVG,Tier3,Multi-AOP,database_binary_label
YLYP,Tier3,Multi-AOP,database_binary_label
AQQQEQAQQQEQ,Tier3,Multi-AOP,database_binary_label
EEQ,Tier3,Multi-AOP,database_binary_label
YFYPEL,Tier3,Multi-AOP,database_binary_label
YGGFM,Tier3,Multi-AOP,database_binary_label
TIASGEP,Tier3,Multi-AOP,database_binary_label
QAGTGAGAGGGAGTKTSS,Tier3,Multi-AOP,database_binary_label
TIIPLPV,Tier3,Multi-AOP,database_binary_label
QPSSVDSQTAM,Tier3,Multi-AOP,database_binary_label
RY,Tier3,Multi-AOP,database_binary_label
QTDSHGNDRLLLT,Tier3,Multi-AOP,database_binary_label
LHD,Tier3,Multi-AOP,database_binary_label
VGDI,Tier3,Multi-AOP,database_binary_label
FPLEMMPF,Tier3,Multi-AOP,database_binary_label
FVPH,Tier3,Multi-AOP,database_binary_label
VKEAMPK,Tier3,Multi-AOP,database_binary_label
HVRETALV,Tier3,Multi-AOP,database_binary_label
VKVLLEHPVL,Tier3,Multi-AOP,database_binary_label
YLY,Tier3,Multi-AOP,database_binary_label
VKAGFAWTANQQLS,Tier3,Multi-AOP,database_binary_label
LHR,Tier3,Multi-AOP,database_binary_label
VYPFPGPIPN,Tier3,Multi-AOP,database_binary_label
LLL,Tier3,Multi-AOP,database_binary_label
RHH,Tier3,Multi-AOP,database_binary_label
SVNVPL,Tier3,Multi-AOP,database_binary_label
YSEMPPGK,Tier3,Multi-AOP,database_binary_label
IR,Tier3,Multi-AOP,database_binary_label
WSY,Tier3,Multi-AOP,database_binary_label
RWY,Tier3,Multi-AOP,database_binary_label
VAPFPEVF,Tier3,Multi-AOP,database_binary_label
AAAAG,Tier3,Multi-AOP,database_binary_label
VVLYR,Tier3,Multi-AOP,database_binary_label
KGL,Tier3,Multi-AOP,database_binary_label
GNPIPREPGQVPAY,Tier3,Multi-AOP,database_binary_label
INY,Tier3,Multi-AOP,database_binary_label
YPFPG,Tier3,Multi-AOP,database_binary_label
GWNI,Tier3,Multi-AOP,database_binary_label
LHY,Tier3,Multi-AOP,database_binary_label
LWK,Tier3,Multi-AOP,database_binary_label
AGTGAGAGGGAGTKTSS,Tier3,Multi-AOP,database_binary_label
HLH,Tier3,Multi-AOP,database_binary_label
VALDGGL,Tier3,Multi-AOP,database_binary_label
YYR,Tier3,Multi-AOP,database_binary_label
LWV,Tier3,Multi-AOP,database_binary_label
SPFWNINAHS,Tier3,Multi-AOP,database_binary_label
IKK,Tier3,Multi-AOP,database_binary_label
GEGSGA,Tier3,Multi-AOP,database_binary_label
AQS,Tier3,Multi-AOP,database_binary_label
LVR,Tier3,Multi-AOP,database_binary_label
ACSNHSPLGWRGH,Tier3,Multi-AOP,database_binary_label
PKLPPVKK,Tier3,Multi-AOP,database_binary_label
PWG,Tier3,Multi-AOP,database_binary_label
TERGY,Tier3,Multi-AOP,database_binary_label
HK,Tier3,Multi-AOP,database_binary_label
AH,Tier3,Multi-AOP,database_binary_label
HL,Tier3,Multi-AOP,database_binary_label
HH,Tier3,Multi-AOP,database_binary_label
LH,Tier3,Multi-AOP,database_binary_label
AY,Tier3,Multi-AOP,database_binary_label
FD,Tier3,Multi-AOP,database_binary_label
WL,Tier3,Multi-AOP,database_binary_label
PC,Tier3,Multi-AOP,database_binary_label
PR,Tier3,Multi-AOP,database_binary_label
LY,Tier3,Multi-AOP,database_binary_label
IY,Tier3,Multi-AOP,database_binary_label
WY,Tier3,Multi-AOP,database_binary_label
PW,Tier3,Multi-AOP,database_binary_label
TW,Tier3,Multi-AOP,database_binary_label
AW,Tier3,Multi-AOP,database_binary_label
VW,Tier3,Multi-AOP,database_binary_label
NM,Tier3,Multi-AOP,database_binary_label
LT,Tier3,Multi-AOP,database_binary_label
VE,Tier3,Multi-AOP,database_binary_label
QL,Tier3,Multi-AOP,database_binary_label
AP,Tier3,Multi-AOP,database_binary_label
EL,Tier3,Multi-AOP,database_binary_label
SV,Tier3,Multi-AOP,database_binary_label
WP,Tier3,Multi-AOP,database_binary_label
RY,Tier3,Multi-AOP,database_binary_label
GP,Tier3,Multi-AOP,database_binary_label
WG,Tier3,Multi-AOP,database_binary_label
MK,Tier3,Multi-AOP,database_binary_label
MM,Tier3,Multi-AOP,database_binary_label
FL,Tier3,Multi-AOP,database_binary_label
VY,Tier3,Multi-AOP,database_binary_label
KY,Tier3,Multi-AOP,database_binary_label
LK,Tier3,Multi-AOP,database_binary_label
KP,Tier3,Multi-AOP,database_binary_label
TY,Tier3,Multi-AOP,database_binary_label
PP,Tier3,Multi-AOP,database_binary_label
SY,Tier3,Multi-AOP,database_binary_label
HC,Tier3,Multi-AOP,database_binary_label
FC,Tier3,Multi-AOP,database_binary_label
YA,Tier3,Multi-AOP,database_binary_label
DW,Tier3,Multi-AOP,database_binary_label
AHK,Tier3,Multi-AOP,database_binary_label
VHH,Tier3,Multi-AOP,database_binary_label
PHH,Tier3,Multi-AOP,database_binary_label
HPH,Tier3,Multi-AOP,database_binary_label
PYY,Tier3,Multi-AOP,database_binary_label
YHH,Tier3,Multi-AOP,database_binary_label
HLH,Tier3,Multi-AOP,database_binary_label
LHH,Tier3,Multi-AOP,database_binary_label
ADF,Tier3,Multi-AOP,database_binary_label
SDF,Tier3,Multi-AOP,database_binary_label
GEY,Tier3,Multi-AOP,database_binary_label
FND,Tier3,Multi-AOP,database_binary_label
IKL,Tier3,Multi-AOP,database_binary_label
YNI,Tier3,Multi-AOP,database_binary_label
AQA,Tier3,Multi-AOP,database_binary_label
APL,Tier3,Multi-AOP,database_binary_label
GEC,Tier3,Multi-AOP,database_binary_label
CME,Tier3,Multi-AOP,database_binary_label
LAF,Tier3,Multi-AOP,database_binary_label
GPE,Tier3,Multi-AOP,database_binary_label
LHW,Tier3,Multi-AOP,database_binary_label
PWG,Tier3,Multi-AOP,database_binary_label
RHL,Tier3,Multi-AOP,database_binary_label
VFD,Tier3,Multi-AOP,database_binary_label
INY,Tier3,Multi-AOP,database_binary_label
FKK,Tier3,Multi-AOP,database_binary_label
WYS,Tier3,Multi-AOP,database_binary_label
VKL,Tier3,Multi-AOP,database_binary_label
VKV,Tier3,Multi-AOP,database_binary_label
EAK,Tier3,Multi-AOP,database_binary_label
WPL,Tier3,Multi-AOP,database_binary_label
VPW,Tier3,Multi-AOP,database_binary_label
VKP,Tier3,Multi-AOP,database_binary_label
TDY,Tier3,Multi-AOP,database_binary_label
LDY,Tier3,Multi-AOP,database_binary_label
GAA,Tier3,Multi-AOP,database_binary_label
GPP,Tier3,Multi-AOP,database_binary_label
WDR,Tier3,Multi-AOP,database_binary_label
WPP,Tier3,Multi-AOP,database_binary_label
LWR,Tier3,Multi-AOP,database_binary_label
EVR,Tier3,Multi-AOP,database_binary_label
LER,Tier3,Multi-AOP,database_binary_label
SVL,Tier3,Multi-AOP,database_binary_label
KVR,Tier3,Multi-AOP,database_binary_label
PEL,Tier3,Multi-AOP,database_binary_label
RGY,Tier3,Multi-AOP,database_binary_label
WIR,Tier3,Multi-AOP,database_binary_label
LPL,Tier3,Multi-AOP,database_binary_label
WYT,Tier3,Multi-AOP,database_binary_label
WSY,Tier3,Multi-AOP,database_binary_label
LQL,Tier3,Multi-AOP,database_binary_label
YNL,Tier3,Multi-AOP,database_binary_label
RYL,Tier3,Multi-AOP,database_binary_label
YLG,Tier3,Multi-AOP,database_binary_label
LGY,Tier3,Multi-AOP,database_binary_label
YQK,Tier3,Multi-AOP,database_binary_label
HQP,Tier3,Multi-AOP,database_binary_label
KYP,Tier3,Multi-AOP,database_binary_label
ALK,Tier3,Multi-AOP,database_binary_label
IQY,Tier3,Multi-AOP,database_binary_label
YVL,Tier3,Multi-AOP,database_binary_label
LLR,Tier3,Multi-AOP,database_binary_label
YGL,Tier3,Multi-AOP,database_binary_label
YQL,Tier3,Multi-AOP,database_binary_label
RYQ,Tier3,Multi-AOP,database_binary_label
IRW,Tier3,Multi-AOP,database_binary_label
SWN,Tier3,Multi-AOP,database_binary_label
MWL,Tier3,Multi-AOP,database_binary_label
YFE,Tier3,Multi-AOP,database_binary_label
GTW,Tier3,Multi-AOP,database_binary_label
LTC,Tier3,Multi-AOP,database_binary_label
CQC,Tier3,Multi-AOP,database_binary_label
QKW,Tier3,Multi-AOP,database_binary_label
CLV,Tier3,Multi-AOP,database_binary_label
KCL,Tier3,Multi-AOP,database_binary_label
CLL,Tier3,Multi-AOP,database_binary_label
LLA,Tier3,Multi-AOP,database_binary_label
LAL,Tier3,Multi-AOP,database_binary_label
ALT,Tier3,Multi-AOP,database_binary_label
TCG,Tier3,Multi-AOP,database_binary_label
GAQ,Tier3,Multi-AOP,database_binary_label
QAL,Tier3,Multi-AOP,database_binary_label
ALI,Tier3,Multi-AOP,database_binary_label
LIV,Tier3,Multi-AOP,database_binary_label
IVT,Tier3,Multi-AOP,database_binary_label
VTQ,Tier3,Multi-AOP,database_binary_label
TMK,Tier3,Multi-AOP,database_binary_label
MKG,Tier3,Multi-AOP,database_binary_label
LDI,Tier3,Multi-AOP,database_binary_label
DIQ,Tier3,Multi-AOP,database_binary_label
IQK,Tier3,Multi-AOP,database_binary_label
QKV,Tier3,Multi-AOP,database_binary_label
KVA,Tier3,Multi-AOP,database_binary_label
AGT,Tier3,Multi-AOP,database_binary_label
TWY,Tier3,Multi-AOP,database_binary_label
YSL,Tier3,Multi-AOP,database_binary_label
SLA,Tier3,Multi-AOP,database_binary_label
AMA,Tier3,Multi-AOP,database_binary_label
MAA,Tier3,Multi-AOP,database_binary_label
AAS,Tier3,Multi-AOP,database_binary_label
ASD,Tier3,Multi-AOP,database_binary_label
SDI,Tier3,Multi-AOP,database_binary_label
DIS,Tier3,Multi-AOP,database_binary_label
ISL,Tier3,Multi-AOP,database_binary_label
SLL,Tier3,Multi-AOP,database_binary_label
LLD,Tier3,Multi-AOP,database_binary_label
LDA,Tier3,Multi-AOP,database_binary_label
DAQ,Tier3,Multi-AOP,database_binary_label
LRV,Tier3,Multi-AOP,database_binary_label
RVY,Tier3,Multi-AOP,database_binary_label
YVE,Tier3,Multi-AOP,database_binary_label
VEE,Tier3,Multi-AOP,database_binary_label
EEL,Tier3,Multi-AOP,database_binary_label
ELK,Tier3,Multi-AOP,database_binary_label
KPT,Tier3,Multi-AOP,database_binary_label
PTP,Tier3,Multi-AOP,database_binary_label
PEG,Tier3,Multi-AOP,database_binary_label
EGD,Tier3,Multi-AOP,database_binary_label
GDL,Tier3,Multi-AOP,database_binary_label
DLE,Tier3,Multi-AOP,database_binary_label
EIL,Tier3,Multi-AOP,database_binary_label
ILL,Tier3,Multi-AOP,database_binary_label
LLQ,Tier3,Multi-AOP,database_binary_label
KWE,Tier3,Multi-AOP,database_binary_label
WEN,Tier3,Multi-AOP,database_binary_label
NGE,Tier3,Multi-AOP,database_binary_label
ECA,Tier3,Multi-AOP,database_binary_label
CAQ,Tier3,Multi-AOP,database_binary_label
AQK,Tier3,Multi-AOP,database_binary_label
QKK,Tier3,Multi-AOP,database_binary_label
KKI,Tier3,Multi-AOP,database_binary_label
KII,Tier3,Multi-AOP,database_binary_label
IIA,Tier3,Multi-AOP,database_binary_label
IAE,Tier3,Multi-AOP,database_binary_label
AEK,Tier3,Multi-AOP,database_binary_label
EKT,Tier3,Multi-AOP,database_binary_label
KTK,Tier3,Multi-AOP,database_binary_label
TKI,Tier3,Multi-AOP,database_binary_label
KIP,Tier3,Multi-AOP,database_binary_label
IPA,Tier3,Multi-AOP,database_binary_label
PAV,Tier3,Multi-AOP,database_binary_label
VFK,Tier3,Multi-AOP,database_binary_label
KID,Tier3,Multi-AOP,database_binary_label
ENK,Tier3,Multi-AOP,database_binary_label
NKV,Tier3,Multi-AOP,database_binary_label
KVL,Tier3,Multi-AOP,database_binary_label
LVL,Tier3,Multi-AOP,database_binary_label
VLD,Tier3,Multi-AOP,database_binary_label
DTD,Tier3,Multi-AOP,database_binary_label
DYK,Tier3,Multi-AOP,database_binary_label
YKK,Tier3,Multi-AOP,database_binary_label
YLL,Tier3,Multi-AOP,database_binary_label
LLF,Tier3,Multi-AOP,database_binary_label
MEN,Tier3,Multi-AOP,database_binary_label
NSA,Tier3,Multi-AOP,database_binary_label
SAE,Tier3,Multi-AOP,database_binary_label
AEP,Tier3,Multi-AOP,database_binary_label
EPE,Tier3,Multi-AOP,database_binary_label
PEQ,Tier3,Multi-AOP,database_binary_label
EQS,Tier3,Multi-AOP,database_binary_label
QSL,Tier3,Multi-AOP,database_binary_label
LAC,Tier3,Multi-AOP,database_binary_label
ACQ,Tier3,Multi-AOP,database_binary_label
QCL,Tier3,Multi-AOP,database_binary_label
LVR,Tier3,Multi-AOP,database_binary_label
VRT,Tier3,Multi-AOP,database_binary_label
RTP,Tier3,Multi-AOP,database_binary_label
PEV,Tier3,Multi-AOP,database_binary_label
EVD,Tier3,Multi-AOP,database_binary_label
VDD,Tier3,Multi-AOP,database_binary_label
DEA,Tier3,Multi-AOP,database_binary_label
ALE,Tier3,Multi-AOP,database_binary_label
LEK,Tier3,Multi-AOP,database_binary_label
KFD,Tier3,Multi-AOP,database_binary_label
FDK,Tier3,Multi-AOP,database_binary_label
DKA,Tier3,Multi-AOP,database_binary_label
ALP,Tier3,Multi-AOP,database_binary_label
PMH,Tier3,Multi-AOP,database_binary_label
MHI,Tier3,Multi-AOP,database_binary_label
HIR,Tier3,Multi-AOP,database_binary_label
RLS,Tier3,Multi-AOP,database_binary_label
SFN,Tier3,Multi-AOP,database_binary_label
FNP,Tier3,Multi-AOP,database_binary_label
NPT,Tier3,Multi-AOP,database_binary_label
PTQ,Tier3,Multi-AOP,database_binary_label
TQL,Tier3,Multi-AOP,database_binary_label
QLE,Tier3,Multi-AOP,database_binary_label
LEE,Tier3,Multi-AOP,database_binary_label
EEQ,Tier3,Multi-AOP,database_binary_label
EQC,Tier3,Multi-AOP,database_binary_label
IVF,Tier3,Multi-AOP,database_binary_label
FSL,Tier3,Multi-AOP,database_binary_label
YPI,Tier3,Multi-AOP,database_binary_label
LHY,Tier3,Multi-AOP,database_binary_label
GGE,Tier3,Multi-AOP,database_binary_label
GAH,Tier3,Multi-AOP,database_binary_label
WAF,Tier3,Multi-AOP,database_binary_label
LPF,Tier3,Multi-AOP,database_binary_label
CTN,Tier3,Multi-AOP,database_binary_label
CGN,Tier3,Multi-AOP,database_binary_label
LAN,Tier3,Multi-AOP,database_binary_label
ERF,Tier3,Multi-AOP,database_binary_label
MKW,Tier3,Multi-AOP,database_binary_label
STW,Tier3,Multi-AOP,database_binary_label
ETW,Tier3,Multi-AOP,database_binary_label
SVW,Tier3,Multi-AOP,database_binary_label
CNW,Tier3,Multi-AOP,database_binary_label
DHW,Tier3,Multi-AOP,database_binary_label
GQW,Tier3,Multi-AOP,database_binary_label
YYV,Tier3,Multi-AOP,database_binary_label
YYY,Tier3,Multi-AOP,database_binary_label
YYG,Tier3,Multi-AOP,database_binary_label
VYY,Tier3,Multi-AOP,database_binary_label
YGY,Tier3,Multi-AOP,database_binary_label
LHS,Tier3,Multi-AOP,database_binary_label
LWM,Tier3,Multi-AOP,database_binary_label
PHQ,Tier3,Multi-AOP,database_binary_label
PWT,Tier3,Multi-AOP,database_binary_label
MWC,Tier3,Multi-AOP,database_binary_label
RDY,Tier3,Multi-AOP,database_binary_label
GSH,Tier3,Multi-AOP,database_binary_label
ACA,Tier3,Multi-AOP,database_binary_label
TGC,Tier3,Multi-AOP,database_binary_label
YPW,Tier3,Multi-AOP,database_binary_label
LGF,Tier3,Multi-AOP,database_binary_label
LFV,Tier3,Multi-AOP,database_binary_label
WLP,Tier3,Multi-AOP,database_binary_label
ISW,Tier3,Multi-AOP,database_binary_label
LSW,Tier3,Multi-AOP,database_binary_label
QAY,Tier3,Multi-AOP,database_binary_label
YSQ,Tier3,Multi-AOP,database_binary_label
PHC,Tier3,Multi-AOP,database_binary_label
YPQ,Tier3,Multi-AOP,database_binary_label
NQE,Tier3,Multi-AOP,database_binary_label
PPK,Tier3,Multi-AOP,database_binary_label
IHH,Tier3,Multi-AOP,database_binary_label
VVH,Tier3,Multi-AOP,database_binary_label
PPQ,Tier3,Multi-AOP,database_binary_label
LHA,Tier3,Multi-AOP,database_binary_label
LHD,Tier3,Multi-AOP,database_binary_label
LHF,Tier3,Multi-AOP,database_binary_label
LHG,Tier3,Multi-AOP,database_binary_label
LHI,Tier3,Multi-AOP,database_binary_label
LHK,Tier3,Multi-AOP,database_binary_label
LHL,Tier3,Multi-AOP,database_binary_label
LHR,Tier3,Multi-AOP,database_binary_label
LHT,Tier3,Multi-AOP,database_binary_label
LWA,Tier3,Multi-AOP,database_binary_label
LWD,Tier3,Multi-AOP,database_binary_label
LWG,Tier3,Multi-AOP,database_binary_label
LWI,Tier3,Multi-AOP,database_binary_label
LWK,Tier3,Multi-AOP,database_binary_label
LWQ,Tier3,Multi-AOP,database_binary_label
LWS,Tier3,Multi-AOP,database_binary_label
LWT,Tier3,Multi-AOP,database_binary_label
LWY,Tier3,Multi-AOP,database_binary_label
PHA,Tier3,Multi-AOP,database_binary_label
PHE,Tier3,Multi-AOP,database_binary_label
PHF,Tier3,Multi-AOP,database_binary_label
PHG,Tier3,Multi-AOP,database_binary_label
PHI,Tier3,Multi-AOP,database_binary_label
PHL,Tier3,Multi-AOP,database_binary_label
PHM,Tier3,Multi-AOP,database_binary_label
PHN,Tier3,Multi-AOP,database_binary_label
PHR,Tier3,Multi-AOP,database_binary_label
PHS,Tier3,Multi-AOP,database_binary_label
PHT,Tier3,Multi-AOP,database_binary_label
PHV,Tier3,Multi-AOP,database_binary_label
PHW,Tier3,Multi-AOP,database_binary_label
PHY,Tier3,Multi-AOP,database_binary_label
PWA,Tier3,Multi-AOP,database_binary_label
PWD,Tier3,Multi-AOP,database_binary_label
PWE,Tier3,Multi-AOP,database_binary_label
PWF,Tier3,Multi-AOP,database_binary_label
PWH,Tier3,Multi-AOP,database_binary_label
PWI,Tier3,Multi-AOP,database_binary_label
PWL,Tier3,Multi-AOP,database_binary_label
PWN,Tier3,Multi-AOP,database_binary_label
PWQ,Tier3,Multi-AOP,database_binary_label
PWS,Tier3,Multi-AOP,database_binary_label
PWV,Tier3,Multi-AOP,database_binary_label
PWW,Tier3,Multi-AOP,database_binary_label
PWY,Tier3,Multi-AOP,database_binary_label
RHD,Tier3,Multi-AOP,database_binary_label
RHE,Tier3,Multi-AOP,database_binary_label
RHF,Tier3,Multi-AOP,database_binary_label
RHI,Tier3,Multi-AOP,database_binary_label
RHK,Tier3,Multi-AOP,database_binary_label
RHM,Tier3,Multi-AOP,database_binary_label
RHN,Tier3,Multi-AOP,database_binary_label
RHQ,Tier3,Multi-AOP,database_binary_label
RNR,Tier3,Multi-AOP,database_binary_label
RHT,Tier3,Multi-AOP,database_binary_label
RHW,Tier3,Multi-AOP,database_binary_label
RHY,Tier3,Multi-AOP,database_binary_label
RWA,Tier3,Multi-AOP,database_binary_label
RWG,Tier3,Multi-AOP,database_binary_label
RWH,Tier3,Multi-AOP,database_binary_label
RWI,Tier3,Multi-AOP,database_binary_label
RWN,Tier3,Multi-AOP,database_binary_label
RWR,Tier3,Multi-AOP,database_binary_label
RWT,Tier3,Multi-AOP,database_binary_label
RWW,Tier3,Multi-AOP,database_binary_label
RWY,Tier3,Multi-AOP,database_binary_label
HEH,Tier3,Multi-AOP,database_binary_label
HDH,Tier3,Multi-AOP,database_binary_label
AHH,Tier3,Multi-AOP,database_binary_label
FHH,Tier3,Multi-AOP,database_binary_label
WHH,Tier3,Multi-AOP,database_binary_label
HWH,Tier3,Multi-AOP,database_binary_label
HHW,Tier3,Multi-AOP,database_binary_label
HHY,Tier3,Multi-AOP,database_binary_label
GHH,Tier3,Multi-AOP,database_binary_label
NHH,Tier3,Multi-AOP,database_binary_label
QHH,Tier3,Multi-AOP,database_binary_label
MHH,Tier3,Multi-AOP,database_binary_label
SHH,Tier3,Multi-AOP,database_binary_label
THH,Tier3,Multi-AOP,database_binary_label
DYY,Tier3,Multi-AOP,database_binary_label
EYY,Tier3,Multi-AOP,database_binary_label
YDY,Tier3,Multi-AOP,database_binary_label
YEY,Tier3,Multi-AOP,database_binary_label
YYD,Tier3,Multi-AOP,database_binary_label
YYE,Tier3,Multi-AOP,database_binary_label
KYY,Tier3,Multi-AOP,database_binary_label
RYY,Tier3,Multi-AOP,database_binary_label
YHY,Tier3,Multi-AOP,database_binary_label
YKY,Tier3,Multi-AOP,database_binary_label
YRY,Tier3,Multi-AOP,database_binary_label
YYR,Tier3,Multi-AOP,database_binary_label
YYH,Tier3,Multi-AOP,database_binary_label
YYK,Tier3,Multi-AOP,database_binary_label
IYY,Tier3,Multi-AOP,database_binary_label
LYY,Tier3,Multi-AOP,database_binary_label
YIY,Tier3,Multi-AOP,database_binary_label
YLY,Tier3,Multi-AOP,database_binary_label
YVY,Tier3,Multi-AOP,database_binary_label
YYA,Tier3,Multi-AOP,database_binary_label
YYI,Tier3,Multi-AOP,database_binary_label
YYL,Tier3,Multi-AOP,database_binary_label
WYY,Tier3,Multi-AOP,database_binary_label
YFY,Tier3,Multi-AOP,database_binary_label
YWY,Tier3,Multi-AOP,database_binary_label
YYF,Tier3,Multi-AOP,database_binary_label
YYW,Tier3,Multi-AOP,database_binary_label
NYY,Tier3,Multi-AOP,database_binary_label
QYY,Tier3,Multi-AOP,database_binary_label
YNY,Tier3,Multi-AOP,database_binary_label
YQY,Tier3,Multi-AOP,database_binary_label
YYN,Tier3,Multi-AOP,database_binary_label
YYQ,Tier3,Multi-AOP,database_binary_label
YMY,Tier3,Multi-AOP,database_binary_label
YYM,Tier3,Multi-AOP,database_binary_label
SYY,Tier3,Multi-AOP,database_binary_label
TYY,Tier3,Multi-AOP,database_binary_label
YTY,Tier3,Multi-AOP,database_binary_label
YYS,Tier3,Multi-AOP,database_binary_label
YYT,Tier3,Multi-AOP,database_binary_label
LDK,Tier3,Multi-AOP,database_binary_label
HPLH,Tier3,Multi-AOP,database_binary_label
LLPH,Tier3,Multi-AOP,database_binary_label
PLHH,Tier3,Multi-AOP,database_binary_label
HPHL,Tier3,Multi-AOP,database_binary_label
LYPY,Tier3,Multi-AOP,database_binary_label
LLHH,Tier3,Multi-AOP,database_binary_label
LPYY,Tier3,Multi-AOP,database_binary_label
HLHP,Tier3,Multi-AOP,database_binary_label
LPHH,Tier3,Multi-AOP,database_binary_label
DSAI,Tier3,Multi-AOP,database_binary_label
LDYE,Tier3,Multi-AOP,database_binary_label
HYEG,Tier3,Multi-AOP,database_binary_label
LQGM,Tier3,Multi-AOP,database_binary_label
VHDY,Tier3,Multi-AOP,database_binary_label
FGER,Tier3,Multi-AOP,database_binary_label
FDRR,Tier3,Multi-AOP,database_binary_label
WNIP,Tier3,Multi-AOP,database_binary_label
LDQW,Tier3,Multi-AOP,database_binary_label
INYW,Tier3,Multi-AOP,database_binary_label
FIKK,Tier3,Multi-AOP,database_binary_label
WYSL,Tier3,Multi-AOP,database_binary_label
PAGY,Tier3,Multi-AOP,database_binary_label
VVKL,Tier3,Multi-AOP,database_binary_label
PKAV,Tier3,Multi-AOP,database_binary_label
DHHQ,Tier3,Multi-AOP,database_binary_label
VFPW,Tier3,Multi-AOP,database_binary_label
HNPI,Tier3,Multi-AOP,database_binary_label
LVSK,Tier3,Multi-AOP,database_binary_label
VGDI,Tier3,Multi-AOP,database_binary_label
FVPH,Tier3,Multi-AOP,database_binary_label
VCSV,Tier3,Multi-AOP,database_binary_label
CAAP,Tier3,Multi-AOP,database_binary_label
FIGP,Tier3,Multi-AOP,database_binary_label
ELLI,Tier3,Multi-AOP,database_binary_label
KFPE,Tier3,Multi-AOP,database_binary_label
WVYY,Tier3,Multi-AOP,database_binary_label
FLPF,Tier3,Multi-AOP,database_binary_label
DLEE,Tier3,Multi-AOP,database_binary_label
ADGF,Tier3,Multi-AOP,database_binary_label
AGGF,Tier3,Multi-AOP,database_binary_label
ETTL,Tier3,Multi-AOP,database_binary_label
SGAF,Tier3,Multi-AOP,database_binary_label
YPEL,Tier3,Multi-AOP,database_binary_label
HGPL,Tier3,Multi-AOP,database_binary_label
EFLQ,Tier3,Multi-AOP,database_binary_label
EFQI,Tier3,Multi-AOP,database_binary_label
SVYT,Tier3,Multi-AOP,database_binary_label
EFQL,Tier3,Multi-AOP,database_binary_label
FEQL,Tier3,Multi-AOP,database_binary_label
VSYT,Tier3,Multi-AOP,database_binary_label
EFIQ,Tier3,Multi-AOP,database_binary_label
RYLG,Tier3,Multi-AOP,database_binary_label
YLGY,Tier3,Multi-AOP,database_binary_label
FPQY,Tier3,Multi-AOP,database_binary_label
WIQP,Tier3,Multi-AOP,database_binary_label
YQEP,Tier3,Multi-AOP,database_binary_label
PYPQ,Tier3,Multi-AOP,database_binary_label
IYPF,Tier3,Multi-AOP,database_binary_label
EIPT,Tier3,Multi-AOP,database_binary_label
RINK,Tier3,Multi-AOP,database_binary_label
YQLD,Tier3,Multi-AOP,database_binary_label
YLKT,Tier3,Multi-AOP,database_binary_label
YGLN,Tier3,Multi-AOP,database_binary_label
FYQL,Tier3,Multi-AOP,database_binary_label
GTQY,Tier3,Multi-AOP,database_binary_label
RYPS,Tier3,Multi-AOP,database_binary_label
YAKP,Tier3,Multi-AOP,database_binary_label
YQKF,Tier3,Multi-AOP,database_binary_label
ELIN,Tier3,Multi-AOP,database_binary_label
YPIL,Tier3,Multi-AOP,database_binary_label
ADHP,Tier3,Multi-AOP,database_binary_label
LARL,Tier3,Multi-AOP,database_binary_label
GAWA,Tier3,Multi-AOP,database_binary_label
PHYL,Tier3,Multi-AOP,database_binary_label
DHHK,Tier3,Multi-AOP,database_binary_label
DAHK,Tier3,Multi-AOP,database_binary_label
GIFE,Tier3,Multi-AOP,database_binary_label
GGIF,Tier3,Multi-AOP,database_binary_label
AWFS,Tier3,Multi-AOP,database_binary_label
LLPF,Tier3,Multi-AOP,database_binary_label
SGGY,Tier3,Multi-AOP,database_binary_label
IVPK,Tier3,Multi-AOP,database_binary_label
LVPK,Tier3,Multi-AOP,database_binary_label
CSGD,Tier3,Multi-AOP,database_binary_label
MMGW,Tier3,Multi-AOP,database_binary_label
QFAW,Tier3,Multi-AOP,database_binary_label
TSTA,Tier3,Multi-AOP,database_binary_label
GGRP,Tier3,Multi-AOP,database_binary_label
FLPE,Tier3,Multi-AOP,database_binary_label
VVLY,Tier3,Multi-AOP,database_binary_label
EAVQ,Tier3,Multi-AOP,database_binary_label
FSEY,Tier3,Multi-AOP,database_binary_label
MFLG,Tier3,Multi-AOP,database_binary_label
YGFL,Tier3,Multi-AOP,database_binary_label
YGLF,Tier3,Multi-AOP,database_binary_label
PLGG,Tier3,Multi-AOP,database_binary_label
VKRP,Tier3,Multi-AOP,database_binary_label
LMCH,Tier3,Multi-AOP,database_binary_label
ACFL,Tier3,Multi-AOP,database_binary_label
TCSP,Tier3,Multi-AOP,database_binary_label
LLPHH,Tier3,Multi-AOP,database_binary_label
HHPLL,Tier3,Multi-AOP,database_binary_label
DSGVT,Tier3,Multi-AOP,database_binary_label
FGHPY,Tier3,Multi-AOP,database_binary_label
NYPSD,Tier3,Multi-AOP,database_binary_label
MHIRL,Tier3,Multi-AOP,database_binary_label
LQGMP,Tier3,Multi-AOP,database_binary_label
IYLGQ,Tier3,Multi-AOP,database_binary_label
AGWNI,Tier3,Multi-AOP,database_binary_label
LGFEY,Tier3,Multi-AOP,database_binary_label
GWNIP,Tier3,Multi-AOP,database_binary_label
YDTQA,Tier3,Multi-AOP,database_binary_label
VHLKP,Tier3,Multi-AOP,database_binary_label
WYSLA,Tier3,Multi-AOP,database_binary_label
FVAGK,Tier3,Multi-AOP,database_binary_label
VPYPQ,Tier3,Multi-AOP,database_binary_label
MDGAP,Tier3,Multi-AOP,database_binary_label
DDLPR,Tier3,Multi-AOP,database_binary_label
MGSPT,Tier3,Multi-AOP,database_binary_label
VKCFR,Tier3,Multi-AOP,database_binary_label
YLMSR,Tier3,Multi-AOP,database_binary_label
MILMR,Tier3,Multi-AOP,database_binary_label
TERGY,Tier3,Multi-AOP,database_binary_label
TEFTK,Tier3,Multi-AOP,database_binary_label
FDEQE,Tier3,Multi-AOP,database_binary_label
LYEGY,Tier3,Multi-AOP,database_binary_label
DHTKE,Tier3,Multi-AOP,database_binary_label
FFGFN,Tier3,Multi-AOP,database_binary_label
NFHPQ,Tier3,Multi-AOP,database_binary_label
PYSFK,Tier3,Multi-AOP,database_binary_label
YYIVS,Tier3,Multi-AOP,database_binary_label
TYQTF,Tier3,Multi-AOP,database_binary_label
YYDPL,Tier3,Multi-AOP,database_binary_label
WEGPK,Tier3,Multi-AOP,database_binary_label
GVPLT,Tier3,Multi-AOP,database_binary_label
PSLPA,Tier3,Multi-AOP,database_binary_label
PYFNK,Tier3,Multi-AOP,database_binary_label
LANAK,Tier3,Multi-AOP,database_binary_label
MTEEY,Tier3,Multi-AOP,database_binary_label
LSGNK,Tier3,Multi-AOP,database_binary_label
GLTSK,Tier3,Multi-AOP,database_binary_label
AWDPE,Tier3,Multi-AOP,database_binary_label
DWDPK,Tier3,Multi-AOP,database_binary_label
YGGFM,Tier3,Multi-AOP,database_binary_label
YGGFL,Tier3,Multi-AOP,database_binary_label
AAAAG,Tier3,Multi-AOP,database_binary_label
ALGGA,Tier3,Multi-AOP,database_binary_label
LVSGM,Tier3,Multi-AOP,database_binary_label
EPDRY,Tier3,Multi-AOP,database_binary_label
LWHTH,Tier3,Multi-AOP,database_binary_label
FYPEL,Tier3,Multi-AOP,database_binary_label
QIGLF,Tier3,Multi-AOP,database_binary_label
TPSPR,Tier3,Multi-AOP,database_binary_label
HAEIN,Tier3,Multi-AOP,database_binary_label
VKELY,Tier3,Multi-AOP,database_binary_label
IPAGM,Tier3,Multi-AOP,database_binary_label
LPAGV,Tier3,Multi-AOP,database_binary_label
IPAGV,Tier3,Multi-AOP,database_binary_label
LALPA,Tier3,Multi-AOP,database_binary_label
PSIPA,Tier3,Multi-AOP,database_binary_label
PQFYW,Tier3,Multi-AOP,database_binary_label
VVLYR,Tier3,Multi-AOP,database_binary_label
IPIQY,Tier3,Multi-AOP,database_binary_label
LPYPY,Tier3,Multi-AOP,database_binary_label
VPKVK,Tier3,Multi-AOP,database_binary_label
IIAEK,Tier3,Multi-AOP,database_binary_label
EVPKA,Tier3,Multi-AOP,database_binary_label
LLNPT,Tier3,Multi-AOP,database_binary_label
HLPLP,Tier3,Multi-AOP,database_binary_label
RPSYT,Tier3,Multi-AOP,database_binary_label
PDLVF,Tier3,Multi-AOP,database_binary_label
HYVPV,Tier3,Multi-AOP,database_binary_label
GQVPP,Tier3,Multi-AOP,database_binary_label
VLVPK,Tier3,Multi-AOP,database_binary_label
GYLEQ,Tier3,Multi-AOP,database_binary_label
YPELF,Tier3,Multi-AOP,database_binary_label
RLKKY,Tier3,Multi-AOP,database_binary_label
YQKFP,Tier3,Multi-AOP,database_binary_label
YAKPA,Tier3,Multi-AOP,database_binary_label
RYQKF,Tier3,Multi-AOP,database_binary_label
NYKQM,Tier3,Multi-AOP,database_binary_label
SALAM,Tier3,Multi-AOP,database_binary_label
YQIGL,Tier3,Multi-AOP,database_binary_label
RADHP,Tier3,Multi-AOP,database_binary_label
EERYP,Tier3,Multi-AOP,database_binary_label
YLLLK,Tier3,Multi-AOP,database_binary_label
GLAGA,Tier3,Multi-AOP,database_binary_label
FSGGE,Tier3,Multi-AOP,database_binary_label
VLPVP,Tier3,Multi-AOP,database_binary_label
NRYHE,Tier3,Multi-AOP,database_binary_label
FVLPH,Tier3,Multi-AOP,database_binary_label
QTPRY,Tier3,Multi-AOP,database_binary_label
NGRFY,Tier3,Multi-AOP,database_binary_label
QWDRQ,Tier3,Multi-AOP,database_binary_label
SHNPF,Tier3,Multi-AOP,database_binary_label
REPKW,Tier3,Multi-AOP,database_binary_label
LHSMK,Tier3,Multi-AOP,database_binary_label
QFAAD,Tier3,Multi-AOP,database_binary_label
DNLLN,Tier3,Multi-AOP,database_binary_label
NKGPR,Tier3,Multi-AOP,database_binary_label
RGLSK,Tier3,Multi-AOP,database_binary_label
WLMSA,Tier3,Multi-AOP,database_binary_label
LSNGK,Tier3,Multi-AOP,database_binary_label
LKYPI,Tier3,Multi-AOP,database_binary_label
YASVV,Tier3,Multi-AOP,database_binary_label
NFWWP,Tier3,Multi-AOP,database_binary_label
FWKVV,Tier3,Multi-AOP,database_binary_label
TWKVV,Tier3,Multi-AOP,database_binary_label
FMPLH,Tier3,Multi-AOP,database_binary_label
YFLWP,Tier3,Multi-AOP,database_binary_label
WVWWW,Tier3,Multi-AOP,database_binary_label
VIAPW,Tier3,Multi-AOP,database_binary_label
MWKVW,Tier3,Multi-AOP,database_binary_label
LPILR,Tier3,Multi-AOP,database_binary_label
VIEPR,Tier3,Multi-AOP,database_binary_label
YPFVE,Tier3,Multi-AOP,database_binary_label
YGFLP,Tier3,Multi-AOP,database_binary_label
QIESW,Tier3,Multi-AOP,database_binary_label
IPIGP,Tier3,Multi-AOP,database_binary_label
YPLDL,Tier3,Multi-AOP,database_binary_label
HEKVC,Tier3,Multi-AOP,database_binary_label
QWPAQ,Tier3,Multi-AOP,database_binary_label
GFPSG,Tier3,Multi-AOP,database_binary_label
YPPAK,Tier3,Multi-AOP,database_binary_label
EWPAQ,Tier3,Multi-AOP,database_binary_label
FLHRP,Tier3,Multi-AOP,database_binary_label
LMGQW,Tier3,Multi-AOP,database_binary_label
PVMGA,Tier3,Multi-AOP,database_binary_label
MQFHT,Tier3,Multi-AOP,database_binary_label
YLGAK,Tier3,Multi-AOP,database_binary_label
LLPHHH,Tier3,Multi-AOP,database_binary_label
IEAEGE,Tier3,Multi-AOP,database_binary_label
AEFAES,Tier3,Multi-AOP,database_binary_label
VEIPHD,Tier3,Multi-AOP,database_binary_label
FDYDPR,Tier3,Multi-AOP,database_binary_label
YFYPEL,Tier3,Multi-AOP,database_binary_label
TSNLLT,Tier3,Multi-AOP,database_binary_label
SSGFTY,Tier3,Multi-AOP,database_binary_label
LMRWMR,Tier3,Multi-AOP,database_binary_label
AGWNIP,Tier3,Multi-AOP,database_binary_label
LGFEYY,Tier3,Multi-AOP,database_binary_label
NPYVPR,Tier3,Multi-AOP,database_binary_label
YGYTGA,Tier3,Multi-AOP,database_binary_label
VSLPEW,Tier3,Multi-AOP,database_binary_label
LNGDVW,Tier3,Multi-AOP,database_binary_label
DWMKGQ,Tier3,Multi-AOP,database_binary_label
LPHSGY,Tier3,Multi-AOP,database_binary_label
WYSLAM,Tier3,Multi-AOP,database_binary_label
PHHADS,Tier3,Multi-AOP,database_binary_label
QYDQGV,Tier3,Multi-AOP,database_binary_label
VPLSPT,Tier3,Multi-AOP,database_binary_label
FDGEVK,Tier3,Multi-AOP,database_binary_label
VVVVPH,Tier3,Multi-AOP,database_binary_label
HMPVTK,Tier3,Multi-AOP,database_binary_label
WDDMEK,Tier3,Multi-AOP,database_binary_label
FHNMEK,Tier3,Multi-AOP,database_binary_label
SPYCYG,Tier3,Multi-AOP,database_binary_label
MPDAHL,Tier3,Multi-AOP,database_binary_label
WCTSVS,Tier3,Multi-AOP,database_binary_label
GFGPEL,Tier3,Multi-AOP,database_binary_label
VPVTST,Tier3,Multi-AOP,database_binary_label
SGQYFL,Tier3,Multi-AOP,database_binary_label
GIISHR,Tier3,Multi-AOP,database_binary_label
GEGSGA,Tier3,Multi-AOP,database_binary_label
IRGCRL,Tier3,Multi-AOP,database_binary_label
FIMGPY,Tier3,Multi-AOP,database_binary_label
GPAGDY,Tier3,Multi-AOP,database_binary_label
IVAGPQ,Tier3,Multi-AOP,database_binary_label
AGLAPY,Tier3,Multi-AOP,database_binary_label
DHPFLF,Tier3,Multi-AOP,database_binary_label
AYFYPE,Tier3,Multi-AOP,database_binary_label
GLDIQK,Tier3,Multi-AOP,database_binary_label
SVPQPK,Tier3,Multi-AOP,database_binary_label
PLAQPA,Tier3,Multi-AOP,database_binary_label
PYVRYL,Tier3,Multi-AOP,database_binary_label
LKKISQ,Tier3,Multi-AOP,database_binary_label
TMFPSA,Tier3,Multi-AOP,database_binary_label
DGVVYY,Tier3,Multi-AOP,database_binary_label
GFYPPP,Tier3,Multi-AOP,database_binary_label
DVPPYM,Tier3,Multi-AOP,database_binary_label
PGVPWP,Tier3,Multi-AOP,database_binary_label
RDMPIQ,Tier3,Multi-AOP,database_binary_label
YIPIQY,Tier3,Multi-AOP,database_binary_label
ARHPHP,Tier3,Multi-AOP,database_binary_label
ESIINF,Tier3,Multi-AOP,database_binary_label
RADHPF,Tier3,Multi-AOP,database_binary_label
GALAAH,Tier3,Multi-AOP,database_binary_label
AEERYP,Tier3,Multi-AOP,database_binary_label
SAGNPN,Tier3,Multi-AOP,database_binary_label
SDWDRF,Tier3,Multi-AOP,database_binary_label
WVAPLK,Tier3,Multi-AOP,database_binary_label
FNVVLK,Tier3,Multi-AOP,database_binary_label
FFNPVH,Tier3,Multi-AOP,database_binary_label
PPHMLP,Tier3,Multi-AOP,database_binary_label
LHDELT,Tier3,Multi-AOP,database_binary_label
KEEKFE,Tier3,Multi-AOP,database_binary_label
QRNNPY,Tier3,Multi-AOP,database_binary_label
WDTRGQ,Tier3,Multi-AOP,database_binary_label
VSPHLP,Tier3,Multi-AOP,database_binary_label
WNMNAH,Tier3,Multi-AOP,database_binary_label
SDGFQF,Tier3,Multi-AOP,database_binary_label
TPCPPQ,Tier3,Multi-AOP,database_binary_label
LLCVAV,Tier3,Multi-AOP,database_binary_label
YFYPQL,Tier3,Multi-AOP,database_binary_label
GFGPGL,Tier3,Multi-AOP,database_binary_label
LTTLDS,Tier3,Multi-AOP,database_binary_label
MPACGS,Tier3,Multi-AOP,database_binary_label
FDPFPK,Tier3,Multi-AOP,database_binary_label
LEDGLK,Tier3,Multi-AOP,database_binary_label
IDDVLK,Tier3,Multi-AOP,database_binary_label
MLLFPM,Tier3,Multi-AOP,database_binary_label
RDKVYR,Tier3,Multi-AOP,database_binary_label
LTEIIP,Tier3,Multi-AOP,database_binary_label
YPFVVN,Tier3,Multi-AOP,database_binary_label
YPLDLF,Tier3,Multi-AOP,database_binary_label
YLGYLE,Tier3,Multi-AOP,database_binary_label
NWEKIR,Tier3,Multi-AOP,database_binary_label
RWWQLR,Tier3,Multi-AOP,database_binary_label
AIILHQ,Tier3,Multi-AOP,database_binary_label
DLTDFL,Tier3,Multi-AOP,database_binary_label
VLLHLK,Tier3,Multi-AOP,database_binary_label
DKIHPF,Tier3,Multi-AOP,database_binary_label
VPYPQR,Tier3,Multi-AOP,database_binary_label
SGYYMH,Tier3,Multi-AOP,database_binary_label
LGTFQN,Tier3,Multi-AOP,database_binary_label
LHALLL,Tier3,Multi-AOP,database_binary_label
HLPLPL,Tier3,Multi-AOP,database_binary_label
CYGPNR,Tier3,Multi-AOP,database_binary_label
PNRPQF,Tier3,Multi-AOP,database_binary_label
NHRYDR,Tier3,Multi-AOP,database_binary_label
HDHPVC,Tier3,Multi-AOP,database_binary_label
TGGGNV,Tier3,Multi-AOP,database_binary_label
WISELG,Tier3,Multi-AOP,database_binary_label
ISELGF,Tier3,Multi-AOP,database_binary_label
ISELGY,Tier3,Multi-AOP,database_binary_label
VIPAGYP,Tier3,Multi-AOP,database_binary_label
VHHANEN,Tier3,Multi-AOP,database_binary_label
DAQEKLE,Tier3,Multi-AOP,database_binary_label
NGLEGLK,Tier3,Multi-AOP,database_binary_label
AVPYPQR,Tier3,Multi-AOP,database_binary_label
VLPVPEK,Tier3,Multi-AOP,database_binary_label
PSDHDHE,Tier3,Multi-AOP,database_binary_label
SSGFTMQ,Tier3,Multi-AOP,database_binary_label
PMDYMVT,Tier3,Multi-AOP,database_binary_label
FRDEHKK,Tier3,Multi-AOP,database_binary_label
EAAVYPL,Tier3,Multi-AOP,database_binary_label
VLPVPQK,Tier3,Multi-AOP,database_binary_label
WYSLAMA,Tier3,Multi-AOP,database_binary_label
SHDAHPE,Tier3,Multi-AOP,database_binary_label
VDHDHPE,Tier3,Multi-AOP,database_binary_label
HFGDPFH,Tier3,Multi-AOP,database_binary_label
TIIPLPV,Tier3,Multi-AOP,database_binary_label
IPIQYVL,Tier3,Multi-AOP,database_binary_label
QLGNLGV,Tier3,Multi-AOP,database_binary_label
SVMPVVA,Tier3,Multi-AOP,database_binary_label
APGAGVY,Tier3,Multi-AOP,database_binary_label
VGPLSPT,Tier3,Multi-AOP,database_binary_label
HVAGTVA,Tier3,Multi-AOP,database_binary_label
VGAPSVS,Tier3,Multi-AOP,database_binary_label
PQIPEQF,Tier3,Multi-AOP,database_binary_label
YGNWLYK,Tier3,Multi-AOP,database_binary_label
ALEPDHR,Tier3,Multi-AOP,database_binary_label
RPNYTDA,Tier3,Multi-AOP,database_binary_label
LTTLDSE,Tier3,Multi-AOP,database_binary_label
MPACGSS,Tier3,Multi-AOP,database_binary_label
WIRGCRL,Tier3,Multi-AOP,database_binary_label
CSQAPLA,Tier3,Multi-AOP,database_binary_label
AYFYPEL,Tier3,Multi-AOP,database_binary_label
YQKFPQY,Tier3,Multi-AOP,database_binary_label
HLPLPLL,Tier3,Multi-AOP,database_binary_label
ALPMHIR,Tier3,Multi-AOP,database_binary_label
QVVPYPQ,Tier3,Multi-AOP,database_binary_label
WSVPQPK,Tier3,Multi-AOP,database_binary_label
FSDKIAK,Tier3,Multi-AOP,database_binary_label
VLSRYPS,Tier3,Multi-AOP,database_binary_label
YYQQKPV,Tier3,Multi-AOP,database_binary_label
RADHPFL,Tier3,Multi-AOP,database_binary_label
LPDEVSG,Tier3,Multi-AOP,database_binary_label
WPRGYFL,Tier3,Multi-AOP,database_binary_label
QFLLAGR,Tier3,Multi-AOP,database_binary_label
MVPYPQR,Tier3,Multi-AOP,database_binary_label
KAQYPYV,Tier3,Multi-AOP,database_binary_label
LLAPPER,Tier3,Multi-AOP,database_binary_label
ADVFNPR,Tier3,Multi-AOP,database_binary_label
VVALALI,Tier3,Multi-AOP,database_binary_label
SMRKPPG,Tier3,Multi-AOP,database_binary_label
DLVKVEA,Tier3,Multi-AOP,database_binary_label
NQNGRFY,Tier3,Multi-AOP,database_binary_label
GSIFVPH,Tier3,Multi-AOP,database_binary_label
HHQDPPW,Tier3,Multi-AOP,database_binary_label
VGGDGDV,Tier3,Multi-AOP,database_binary_label
IIAPPER,Tier3,Multi-AOP,database_binary_label
LAPSTIK,Tier3,Multi-AOP,database_binary_label
AGDDAPR,Tier3,Multi-AOP,database_binary_label
FKGPACA,Tier3,Multi-AOP,database_binary_label
SVLGTGC,Tier3,Multi-AOP,database_binary_label
YPFPGPI,Tier3,Multi-AOP,database_binary_label
RYLGYLE,Tier3,Multi-AOP,database_binary_label
IDLGTTY,Tier3,Multi-AOP,database_binary_label
GEGFFEM,Tier3,Multi-AOP,database_binary_label
APGIIPR,Tier3,Multi-AOP,database_binary_label
AEYVRLY,Tier3,Multi-AOP,database_binary_label
AIILHQQ,Tier3,Multi-AOP,database_binary_label
HQTSEFK,Tier3,Multi-AOP,database_binary_label
IILHQQQ,Tier3,Multi-AOP,database_binary_label
PSIVGRP,Tier3,Multi-AOP,database_binary_label
KVLPVPE,Tier3,Multi-AOP,database_binary_label
KVLPVPQ,Tier3,Multi-AOP,database_binary_label
DAQEFKR,Tier3,Multi-AOP,database_binary_label
AMTGLDA,Tier3,Multi-AOP,database_binary_label
VKEAMPK,Tier3,Multi-AOP,database_binary_label
KTFCGRH,Tier3,Multi-AOP,database_binary_label
WISELGW,Tier3,Multi-AOP,database_binary_label
EELDNALN,Tier3,Multi-AOP,database_binary_label
DSAIDLGD,Tier3,Multi-AOP,database_binary_label
KVLPVPEK,Tier3,Multi-AOP,database_binary_label
AIRQGDVF,Tier3,Multi-AOP,database_binary_label
KHDRGDEF,Tier3,Multi-AOP,database_binary_label
HTVQCMFQ,Tier3,Multi-AOP,database_binary_label
GGNYVGVP,Tier3,Multi-AOP,database_binary_label
NMGPLLPQ,Tier3,Multi-AOP,database_binary_label
HPHPHLSF,Tier3,Multi-AOP,database_binary_label
PSKYEPFV,Tier3,Multi-AOP,database_binary_label
KHNRGDEF,Tier3,Multi-AOP,database_binary_label
KVLPVPQK,Tier3,Multi-AOP,database_binary_label
PSHDAHPE,Tier3,Multi-AOP,database_binary_label
LQPGQGQQ,Tier3,Multi-AOP,database_binary_label
WHNVSGSP,Tier3,Multi-AOP,database_binary_label
YWVTSGPK,Tier3,Multi-AOP,database_binary_label
YSEMPPGK,Tier3,Multi-AOP,database_binary_label
SAEHGSLH,Tier3,Multi-AOP,database_binary_label
TSQLLSDQ,Tier3,Multi-AOP,database_binary_label
VVGGDGDV,Tier3,Multi-AOP,database_binary_label
YPKLAPNE,Tier3,Multi-AOP,database_binary_label
VAPFPEVF,Tier3,Multi-AOP,database_binary_label
FVAPFPEV,Tier3,Multi-AOP,database_binary_label
YQEPVLGP,Tier3,Multi-AOP,database_binary_label
FALPQYLK,Tier3,Multi-AOP,database_binary_label
VQVTSTAV,Tier3,Multi-AOP,database_binary_label
MPVHTDAD,Tier3,Multi-AOP,database_binary_label
PKLPPVKK,Tier3,Multi-AOP,database_binary_label
FRADHPFL,Tier3,Multi-AOP,database_binary_label
DEDTQAMP,Tier3,Multi-AOP,database_binary_label
SVDSQTAF,Tier3,Multi-AOP,database_binary_label
PVDENDEG,Tier3,Multi-AOP,database_binary_label
RGQVIYVL,Tier3,Multi-AOP,database_binary_label
ASPKPSSA,Tier3,Multi-AOP,database_binary_label
ACNLPRMC,Tier3,Multi-AOP,database_binary_label
PLPPHMLP,Tier3,Multi-AOP,database_binary_label
PLPLHMLP,Tier3,Multi-AOP,database_binary_label
TVFDGELR,Tier3,Multi-AOP,database_binary_label
LVYIIQGR,Tier3,Multi-AOP,database_binary_label
CAGVSAIR,Tier3,Multi-AOP,database_binary_label
AEDKKLIQ,Tier3,Multi-AOP,database_binary_label
QQRQQQGL,Tier3,Multi-AOP,database_binary_label
GMPGFDVR,Tier3,Multi-AOP,database_binary_label
ADASVLPK,Tier3,Multi-AOP,database_binary_label
YSNQNGRF,Tier3,Multi-AOP,database_binary_label
PQGPIGVP,Tier3,Multi-AOP,database_binary_label
SRGLPGME,Tier3,Multi-AOP,database_binary_label
PAGLPGPA,Tier3,Multi-AOP,database_binary_label
VAPEEHPV,Tier3,Multi-AOP,database_binary_label
NYVADGLG,Tier3,Multi-AOP,database_binary_label
LQAEQDDR,Tier3,Multi-AOP,database_binary_label
FAPVPFDF,Tier3,Multi-AOP,database_binary_label
YPFPGPIP,Tier3,Multi-AOP,database_binary_label
YPFPGPIN,Tier3,Multi-AOP,database_binary_label
IGFLIIWV,Tier3,Multi-AOP,database_binary_label
AGWACLVG,Tier3,Multi-AOP,database_binary_label
AIILHQQQ,Tier3,Multi-AOP,database_binary_label
GTFLQPHQ,Tier3,Multi-AOP,database_binary_label
LTADILPR,Tier3,Multi-AOP,database_binary_label
VAITLTMK,Tier3,Multi-AOP,database_binary_label
VLPPQQQY,Tier3,Multi-AOP,database_binary_label
VPPSKLSP,Tier3,Multi-AOP,database_binary_label
VSKSVLVK,Tier3,Multi-AOP,database_binary_label
DNIPIVIR,Tier3,Multi-AOP,database_binary_label
EALEAMFL,Tier3,Multi-AOP,database_binary_label
ITFAAYRR,Tier3,Multi-AOP,database_binary_label
HPVPPKKK,Tier3,Multi-AOP,database_binary_label
FLNDFLHV,Tier3,Multi-AOP,database_binary_label
FLQEFLHV,Tier3,Multi-AOP,database_binary_label
DRVYIHPF,Tier3,Multi-AOP,database_binary_label
AEEEYPDL,Tier3,Multi-AOP,database_binary_label
LVNPHDHQN,Tier3,Multi-AOP,database_binary_label
GEPGPPGAP,Tier3,Multi-AOP,database_binary_label
GPPGPPGPP,Tier3,Multi-AOP,database_binary_label
LGLNGDDVN,Tier3,Multi-AOP,database_binary_label
AGWNIPIGT,Tier3,Multi-AOP,database_binary_label
LARNATPPR,Tier3,Multi-AOP,database_binary_label
FVSACSVAG,Tier3,Multi-AOP,database_binary_label
LADGVAAPA,Tier3,Multi-AOP,database_binary_label
LQPGQGQQG,Tier3,Multi-AOP,database_binary_label
FDSGPAGVL,Tier3,Multi-AOP,database_binary_label
YEDCTDCGN,Tier3,Multi-AOP,database_binary_label
LSKAQSDFG,Tier3,Multi-AOP,database_binary_label
VLDTGLAGA,Tier3,Multi-AOP,database_binary_label
VLSPPFTGE,Tier3,Multi-AOP,database_binary_label
VAMVPPFET,Tier3,Multi-AOP,database_binary_label
LGNTDYAVH,Tier3,Multi-AOP,database_binary_label
RASDPLLSV,Tier3,Multi-AOP,database_binary_label
DVFRELRVQ,Tier3,Multi-AOP,database_binary_label
WRNRCKGTD,Tier3,Multi-AOP,database_binary_label
TEVWDSNEQ,Tier3,Multi-AOP,database_binary_label
GDRFQDQHQ,Tier3,Multi-AOP,database_binary_label
HVIKPPSRA,Tier3,Multi-AOP,database_binary_label
YGGVSLPEW,Tier3,Multi-AOP,database_binary_label
APGAPGPVG,Tier3,Multi-AOP,database_binary_label
WIHNENQGF,Tier3,Multi-AOP,database_binary_label
YAEERYPIL,Tier3,Multi-AOP,database_binary_label
GASRHWYFL,Tier3,Multi-AOP,database_binary_label
VLSTSFPPK,Tier3,Multi-AOP,database_binary_label
ACGNLPRMC,Tier3,Multi-AOP,database_binary_label
DTGSDKKQL,Tier3,Multi-AOP,database_binary_label
EFFDVSNEQ,Tier3,Multi-AOP,database_binary_label
QGLQGLPGT,Tier3,Multi-AOP,database_binary_label
KGPPGEIGR,Tier3,Multi-AOP,database_binary_label
AAAPVAVAK,Tier3,Multi-AOP,database_binary_label
YDDGSYKPH,Tier3,Multi-AOP,database_binary_label
AIGVGAIER,Tier3,Multi-AOP,database_binary_label
YLAGNQEQE,Tier3,Multi-AOP,database_binary_label
VVPPFLQPE,Tier3,Multi-AOP,database_binary_label
PFPEVFGKE,Tier3,Multi-AOP,database_binary_label
SDPPLVFVG,Tier3,Multi-AOP,database_binary_label
NLNQCQRYM,Tier3,Multi-AOP,database_binary_label
WVSPLAGRT,Tier3,Multi-AOP,database_binary_label
NAVPITPTL,Tier3,Multi-AOP,database_binary_label
MYGAVTPVK,Tier3,Multi-AOP,database_binary_label
AFDEGPWPK,Tier3,Multi-AOP,database_binary_label
AGLQFPVGR,Tier3,Multi-AOP,database_binary_label
AMPVEVVQF,Tier3,Multi-AOP,database_binary_label
ENLQNYRLL,Tier3,Multi-AOP,database_binary_label
ESTAKQVIR,Tier3,Multi-AOP,database_binary_label
ESTLHLVLR,Tier3,Multi-AOP,database_binary_label
QTVAVGVIK,Tier3,Multi-AOP,database_binary_label
VMTVHNTPY,Tier3,Multi-AOP,database_binary_label
VIESPPEIN,Tier3,Multi-AOP,database_binary_label
ELQDKIHPF,Tier3,Multi-AOP,database_binary_label
YPFPGPIPN,Tier3,Multi-AOP,database_binary_label
GGLEPINFN,Tier3,Multi-AOP,database_binary_label
LLPHHADADY,Tier3,Multi-AOP,database_binary_label
GPPGPPGPPG,Tier3,Multi-AOP,database_binary_label
YVAQGEGVVA,Tier3,Multi-AOP,database_binary_label
DVCGRDVNGY,Tier3,Multi-AOP,database_binary_label
DLSDGEQGVL,Tier3,Multi-AOP,database_binary_label
PVSHDHAPEY,Tier3,Multi-AOP,database_binary_label
ASPAPAGLSY,Tier3,Multi-AOP,database_binary_label
MYVVELMMSF,Tier3,Multi-AOP,database_binary_label
PTGPNNGLSY,Tier3,Multi-AOP,database_binary_label
HPIKHQGLPQ,Tier3,Multi-AOP,database_binary_label
NIQFNEQKAL,Tier3,Multi-AOP,database_binary_label
GPVRGPFPII,Tier3,Multi-AOP,database_binary_label
LVEKGDVAFI,Tier3,Multi-AOP,database_binary_label
VPKNYFHDIV,Tier3,Multi-AOP,database_binary_label
VKVLLEHPVL,Tier3,Multi-AOP,database_binary_label
AWEEREQGSR,Tier3,Multi-AOP,database_binary_label
YLAGKPQQEH,Tier3,Multi-AOP,database_binary_label
YGKPVAVPAR,Tier3,Multi-AOP,database_binary_label
YRGGLEPINF,Tier3,Multi-AOP,database_binary_label
LPWRPATNVF,Tier3,Multi-AOP,database_binary_label
YGIKVGYAIP,Tier3,Multi-AOP,database_binary_label
KELPPSDADW,Tier3,Multi-AOP,database_binary_label
VGGIDEVIAK,Tier3,Multi-AOP,database_binary_label
GKGEGGGGLA,Tier3,Multi-AOP,database_binary_label
RVQVVNNNGK,Tier3,Multi-AOP,database_binary_label
YSEEQQPSTR,Tier3,Multi-AOP,database_binary_label
VEVGGGARAP,Tier3,Multi-AOP,database_binary_label
RQSHFANAQP,Tier3,Multi-AOP,database_binary_label
APGPAGARGN,Tier3,Multi-AOP,database_binary_label
QGPPGPAGPA,Tier3,Multi-AOP,database_binary_label
FIARNFLLGW,Tier3,Multi-AOP,database_binary_label
DEQIPSHPPR,Tier3,Multi-AOP,database_binary_label
AGFAGDDAPR,Tier3,Multi-AOP,database_binary_label
GLLGKNFTSK,Tier3,Multi-AOP,database_binary_label
TSLDLPVLRW,Tier3,Multi-AOP,database_binary_label
TSVEIITSSK,Tier3,Multi-AOP,database_binary_label
TTAGILLPEK,Tier3,Multi-AOP,database_binary_label
VETGVIKPGM,Tier3,Multi-AOP,database_binary_label
VVVNIPPTLK,Tier3,Multi-AOP,database_binary_label
YGVSGYPTLK,Tier3,Multi-AOP,database_binary_label
VFGKEKVNEL,Tier3,Multi-AOP,database_binary_label
LGPVRGPFPI,Tier3,Multi-AOP,database_binary_label
VLNPWDQVKR,Tier3,Multi-AOP,database_binary_label
VYPFPGPIPN,Tier3,Multi-AOP,database_binary_label
PAGSAAGAAP,Tier3,Multi-AOP,database_binary_label
LCPVHRAADL,Tier3,Multi-AOP,database_binary_label
VAPFPGVFGK,Tier3,Multi-AOP,database_binary_label
GNRGFACRHA,Tier3,Multi-AOP,database_binary_label
GFRGTIGLVG,Tier3,Multi-AOP,database_binary_label
LLGPGLTNHA,Tier3,Multi-AOP,database_binary_label
DLGLGLPGAH,Tier3,Multi-AOP,database_binary_label
SVEIQALCDM,Tier3,Multi-AOP,database_binary_label
ARHPHPHLSFM,Tier3,Multi-AOP,database_binary_label
VPSIDDQEELM,Tier3,Multi-AOP,database_binary_label
WYSLAMAASDI,Tier3,Multi-AOP,database_binary_label
LVDTGRGPIMY,Tier3,Multi-AOP,database_binary_label
VECYGPNRPQF,Tier3,Multi-AOP,database_binary_label
KPYVFRATGAL,Tier3,Multi-AOP,database_binary_label
VLNSNAAPLPN,Tier3,Multi-AOP,database_binary_label
LNLPTAVYMVT,Tier3,Multi-AOP,database_binary_label
DHHQVYSPGEQ,Tier3,Multi-AOP,database_binary_label
TETWNPNHPEL,Tier3,Multi-AOP,database_binary_label
IVQNNDSTEYG,Tier3,Multi-AOP,database_binary_label
TPEVDDEALKE,Tier3,Multi-AOP,database_binary_label
YINQMPQKSRE,Tier3,Multi-AOP,database_binary_label
QPSSVDSQTAM,Tier3,Multi-AOP,database_binary_label
QTFQYSRGWTN,Tier3,Multi-AOP,database_binary_label
LVTGDDKTNLK,Tier3,Multi-AOP,database_binary_label
HIAGKSSIFRA,Tier3,Multi-AOP,database_binary_label
MPVDVIANAYR,Tier3,Multi-AOP,database_binary_label
VVYFDQTQAQA,Tier3,Multi-AOP,database_binary_label
QVVRSDQGSVR,Tier3,Multi-AOP,database_binary_label
LPENAKVDQVK,Tier3,Multi-AOP,database_binary_label
GEQQQQPGMTR,Tier3,Multi-AOP,database_binary_label
EFFDVSNELFQ,Tier3,Multi-AOP,database_binary_label
VEGNLQVLRPR,Tier3,Multi-AOP,database_binary_label
LAGNPHQQQQN,Tier3,Multi-AOP,database_binary_label
HNLDTQTESDV,Tier3,Multi-AOP,database_binary_label
WSVWEQELEDR,Tier3,Multi-AOP,database_binary_label
SCQDQPTTLAR,Tier3,Multi-AOP,database_binary_label
YIQKEDVPSER,Tier3,Multi-AOP,database_binary_label
HIQKEDVPSER,Tier3,Multi-AOP,database_binary_label
IGINAENNQRN,Tier3,Multi-AOP,database_binary_label
EDELQDKIHPF,Tier3,Multi-AOP,database_binary_label
AVFPSIVGRPR,Tier3,Multi-AOP,database_binary_label
GGVLPNINPVL,Tier3,Multi-AOP,database_binary_label
GPIYSNEFGKF,Tier3,Multi-AOP,database_binary_label
GTIAGGGVIPH,Tier3,Multi-AOP,database_binary_label
IGGIGTVPVGR,Tier3,Multi-AOP,database_binary_label
LAQGTFLQPHQ,Tier3,Multi-AOP,database_binary_label
TKMDEGVVTKK,Tier3,Multi-AOP,database_binary_label
VLVSGSIHYPR,Tier3,Multi-AOP,database_binary_label
VTSLDLPVLRW,Tier3,Multi-AOP,database_binary_label
LVYPFPGPIPN,Tier3,Multi-AOP,database_binary_label
MPFPKYPVQPF,Tier3,Multi-AOP,database_binary_label
NAGPFTPTVNR,Tier3,Multi-AOP,database_binary_label
PAEMVAAALDR,Tier3,Multi-AOP,database_binary_label
KVALMSAGSMH,Tier3,Multi-AOP,database_binary_label
PLFQNKLAHAK,Tier3,Multi-AOP,database_binary_label
IAPNYNTRATKL,Tier3,Multi-AOP,database_binary_label
LRGIKNYRVAVL,Tier3,Multi-AOP,database_binary_label
LEELEEELEGCE,Tier3,Multi-AOP,database_binary_label
YFPVGGDRPESF,Tier3,Multi-AOP,database_binary_label
DKLDLSDLAHEY,Tier3,Multi-AOP,database_binary_label
EYLARKGGVEVN,Tier3,Multi-AOP,database_binary_label
FLDALLKTVDCN,Tier3,Multi-AOP,database_binary_label
NMAVPDALAGPL,Tier3,Multi-AOP,database_binary_label
VLEESKGAPKPN,Tier3,Multi-AOP,database_binary_label
NGPLQAGQPGER,Tier3,Multi-AOP,database_binary_label
AADNANELFPPN,Tier3,Multi-AOP,database_binary_label
STMMEERRMKVY,Tier3,Multi-AOP,database_binary_label
IYIEQGNGITGM,Tier3,Multi-AOP,database_binary_label
GQFNDKRWIPFG,Tier3,Multi-AOP,database_binary_label
YINQMPQKSREA,Tier3,Multi-AOP,database_binary_label
VTGRFAGHPAAQ,Tier3,Multi-AOP,database_binary_label
MDATALHYENQK,Tier3,Multi-AOP,database_binary_label
AGCGCEAMFAGA,Tier3,Multi-AOP,database_binary_label
KEFLLAGNNNRA,Tier3,Multi-AOP,database_binary_label
AAAAAGGGEGEG,Tier3,Multi-AOP,database_binary_label
HNAVDSQIAGKA,Tier3,Multi-AOP,database_binary_label
YQETSSSSSQEQ,Tier3,Multi-AOP,database_binary_label
AQQQEQAQQQEQ,Tier3,Multi-AOP,database_binary_label
EQEEEESTGRMK,Tier3,Multi-AOP,database_binary_label
GTPGLQGMPGER,Tier3,Multi-AOP,database_binary_label
GPAGPTGARGAP,Tier3,Multi-AOP,database_binary_label
FVDAQPQQKEEG,Tier3,Multi-AOP,database_binary_label
VIESPPEINTVQ,Tier3,Multi-AOP,database_binary_label
FLKKISQRYQKF,Tier3,Multi-AOP,database_binary_label
HLQDFGSEILPR,Tier3,Multi-AOP,database_binary_label
QDAHVPDNFIPK,Tier3,Multi-AOP,database_binary_label
AAPFPGQKSLQR,Tier3,Multi-AOP,database_binary_label
GPIYSNEFGKFF,Tier3,Multi-AOP,database_binary_label
TVTSLDLPVLRW,Tier3,Multi-AOP,database_binary_label
YFPTQALNFAFK,Tier3,Multi-AOP,database_binary_label
SLVYPFPGPIPN,Tier3,Multi-AOP,database_binary_label
PVLGPVRGPFPI,Tier3,Multi-AOP,database_binary_label
GNQEKVLELVQR,Tier3,Multi-AOP,database_binary_label
EPVLGPVRGPFP,Tier3,Multi-AOP,database_binary_label
NADFGLNGLEGLA,Tier3,Multi-AOP,database_binary_label
LKQELEDLLEKQE,Tier3,Multi-AOP,database_binary_label
CVPEVDPLLLRAE,Tier3,Multi-AOP,database_binary_label
GTVFEKKALPGPM,Tier3,Multi-AOP,database_binary_label
MLELDPLNNLPRM,Tier3,Multi-AOP,database_binary_label
MNGEKKKAPLGDE,Tier3,Multi-AOP,database_binary_label
NGPLLPSDEMDRA,Tier3,Multi-AOP,database_binary_label
QTDSHGNDRLLLT,Tier3,Multi-AOP,database_binary_label
VCDADPSSPVPEA,Tier3,Multi-AOP,database_binary_label
WLLYLDGPPMGLT,Tier3,Multi-AOP,database_binary_label
LRENNKLMLLELK,Tier3,Multi-AOP,database_binary_label
ACSNHSPLGWRGH,Tier3,Multi-AOP,database_binary_label
FDTADLPSGKGYL,Tier3,Multi-AOP,database_binary_label
AVYVYDVNNNANQ,Tier3,Multi-AOP,database_binary_label
GGRLDSGKQPPRQ,Tier3,Multi-AOP,database_binary_label
KKSKADLTEVTHK,Tier3,Multi-AOP,database_binary_label
QQFQQSGQAQLTE,Tier3,Multi-AOP,database_binary_label
AAVKKMYDIQAKK,Tier3,Multi-AOP,database_binary_label
QNIFSGFSTELLS,Tier3,Multi-AOP,database_binary_label
SPFLQSAAFQLRN,Tier3,Multi-AOP,database_binary_label
AELQVVDHLGQTV,Tier3,Multi-AOP,database_binary_label
TIDMESTEVFTKK,Tier3,Multi-AOP,database_binary_label
QETTGVEGPKGDT,Tier3,Multi-AOP,database_binary_label
GSPGADGPIGAPG,Tier3,Multi-AOP,database_binary_label
ASGLCPEEAVPRR,Tier3,Multi-AOP,database_binary_label
MRKPQQEEDDDDE,Tier3,Multi-AOP,database_binary_label
QNWDFCEAWEPCF,Tier3,Multi-AOP,database_binary_label
IKGTIAGGGVIPH,Tier3,Multi-AOP,database_binary_label
QQPVLGPVRGPFP,Tier3,Multi-AOP,database_binary_label
MAPKHEMPFPKYP,Tier3,Multi-AOP,database_binary_label
EPVLGPVRGPFPI,Tier3,Multi-AOP,database_binary_label
DPALATEPDPMPF,Tier3,Multi-AOP,database_binary_label
LVGDEQAVPAVCVP,Tier3,Multi-AOP,database_binary_label
EEYFPVGGDRPESF,Tier3,Multi-AOP,database_binary_label
HDHAERFSGHDNED,Tier3,Multi-AOP,database_binary_label
MSEGSGAADVEGPS,Tier3,Multi-AOP,database_binary_label
EEEKNRLTKKTKLT,Tier3,Multi-AOP,database_binary_label
VKAGFAWTANQQLS,Tier3,Multi-AOP,database_binary_label
FLKPLFNAALKLLP,Tier3,Multi-AOP,database_binary_label
LVMFLDNQHRVIRH,Tier3,Multi-AOP,database_binary_label
FVNQPYLLYSVHMK,Tier3,Multi-AOP,database_binary_label
PSLVGRPPVGKLTL,Tier3,Multi-AOP,database_binary_label
LAGKPQQEHSGEHQ,Tier3,Multi-AOP,database_binary_label
SGGSYADELVSTAK,Tier3,Multi-AOP,database_binary_label
GNPIPREPGQVPAY,Tier3,Multi-AOP,database_binary_label
VVSNFGKTVFDGVL,Tier3,Multi-AOP,database_binary_label
GPRGLPGERGRPGA,Tier3,Multi-AOP,database_binary_label
GKHQQEEENEGGSI,Tier3,Multi-AOP,database_binary_label
NALEPDHRVESEGG,Tier3,Multi-AOP,database_binary_label
HEQKEEHEWHRKEE,Tier3,Multi-AOP,database_binary_label
QGPIVLNPWDQVKR,Tier3,Multi-AOP,database_binary_label
ALPQYLKTVYQHQK,Tier3,Multi-AOP,database_binary_label
IQPKTKVIPYVRYL,Tier3,Multi-AOP,database_binary_label
DLGSTGGRGPSAGM,Tier3,Multi-AOP,database_binary_label
FLPFFAACAITRKC,Tier3,Multi-AOP,database_binary_label
NSSYFVEWIPNNVK,Tier3,Multi-AOP,database_binary_label
HKEMPFPKYPVQPF,Tier3,Multi-AOP,database_binary_label
QEPVLGPVRGPFPI,Tier3,Multi-AOP,database_binary_label
IPNPIGSENSGKIT,Tier3,Multi-AOP,database_binary_label
YQGPIVLNPWDQVK,Tier3,Multi-AOP,database_binary_label
MAPAAVAAAEAGSK,Tier3,Multi-AOP,database_binary_label
NRVYIHPFHLLVYS,Tier3,Multi-AOP,database_binary_label
AMRLTYNRPCIYAT,Tier3,Multi-AOP,database_binary_label
AMRLTYNRPCLGAT,Tier3,Multi-AOP,database_binary_label
AMRLTYNKPCLYGT,Tier3,Multi-AOP,database_binary_label
LELHKLRSSHWFSRR,Tier3,Multi-AOP,database_binary_label
EYNNHGSFREAHPGA,Tier3,Multi-AOP,database_binary_label
FDGLPAKPAKKEETR,Tier3,Multi-AOP,database_binary_label
NVNYVELLVAPNVDL,Tier3,Multi-AOP,database_binary_label
VLPVPQKKVLPVPQK,Tier3,Multi-AOP,database_binary_label
GPLGLLGFLGPLGLS,Tier3,Multi-AOP,database_binary_label
VKRRGQDCIHGFCSD,Tier3,Multi-AOP,database_binary_label
YIEAVNKVSPRAGQF,Tier3,Multi-AOP,database_binary_label
NTVPAKSCQAQPTTM,Tier3,Multi-AOP,database_binary_label
FLTGLIGGLMKALGK,Tier3,Multi-AOP,database_binary_label
YQEPVLGPVRGPFPI,Tier3,Multi-AOP,database_binary_label
YQGPIVLNPWDQVKR,Tier3,Multi-AOP,database_binary_label
VLSLSQSKVLPVPQK,Tier3,Multi-AOP,database_binary_label
APFPEVFGKEKVNEL,Tier3,Multi-AOP,database_binary_label
SKVLPVPQKAVPYPQ,Tier3,Multi-AOP,database_binary_label
WSRRGEREEEDERRR,Tier3,Multi-AOP,database_binary_label
HGGEGGRPYHLGEES,Tier3,Multi-AOP,database_binary_label
LQSGDALRVPSGTTYY,Tier3,Multi-AOP,database_binary_label
GEPGPPGPPGPPGPPG,Tier3,Multi-AOP,database_binary_label
EEEQVGQGYETIRARL,Tier3,Multi-AOP,database_binary_label
ESTVPERTHPACPDFN,Tier3,Multi-AOP,database_binary_label
ISQAVHAHAEINEAGR,Tier3,Multi-AOP,database_binary_label
LSSLEMGSLGALFVCM,Tier3,Multi-AOP,database_binary_label
GPAGSPGFQGLPGPAG,Tier3,Multi-AOP,database_binary_label
PGAEGAPGRDGAAGPK,Tier3,Multi-AOP,database_binary_label
PGEKGSPGADGPIGAP,Tier3,Multi-AOP,database_binary_label
RFIYMKGFGKPRFGKR,Tier3,Multi-AOP,database_binary_label
FLPVLGKVIKLVGGLL,Tier3,Multi-AOP,database_binary_label
EGGDGGYGGGGGGSRW,Tier3,Multi-AOP,database_binary_label
QQPVLGPVRGPFPIIV,Tier3,Multi-AOP,database_binary_label
AAGAAAAARSAGQCGR,Tier3,Multi-AOP,database_binary_label
HKEMQAIFDVYIMFIN,Tier3,Multi-AOP,database_binary_label
QEPVLGPVRGPFPIIV,Tier3,Multi-AOP,database_binary_label
AKYIPIQYVLSRYPSY,Tier3,Multi-AOP,database_binary_label
PIAAEVYEHTEGSTTSY,Tier3,Multi-AOP,database_binary_label
LEQQVDDLEGSLEQEKK,Tier3,Multi-AOP,database_binary_label
APSFSDIPNPIGSENSE,Tier3,Multi-AOP,database_binary_label
SQSKVLPVPQKAVPYPQ,Tier3,Multi-AOP,database_binary_label
EGGGGGYGGGGGGYGGR,Tier3,Multi-AOP,database_binary_label
GPSSSPDIYNPEAGRIK,Tier3,Multi-AOP,database_binary_label
TVVPPKGGSFYPGETTP,Tier3,Multi-AOP,database_binary_label
YQQPVLGPVRGPFPIIV,Tier3,Multi-AOP,database_binary_label
YQEPVLGPVRGPFPIIV,Tier3,Multi-AOP,database_binary_label
YEADARSFHDLAEHDIRV,Tier3,Multi-AOP,database_binary_label
AGTTCLFTPLALPYDYSH,Tier3,Multi-AOP,database_binary_label
SSDEEVREEKELDLSSNE,Tier3,Multi-AOP,database_binary_label
HKEMPFPKYPVEPFTESQ,Tier3,Multi-AOP,database_binary_label
IGPSSSPDIYNPEAGRIK,Tier3,Multi-AOP,database_binary_label
DDPDKGMLKWKNDFFQEF,Tier3,Multi-AOP,database_binary_label
VAVDKHDYEPLGHSDIGVY,Tier3,Multi-AOP,database_binary_label
IWCKDDQNPHSSNISCDKF,Tier3,Multi-AOP,database_binary_label
GGGGYGGGGGGYGGGGGGY,Tier3,Multi-AOP,database_binary_label
HQPPQPLPPTVMFPPQSVL,Tier3,Multi-AOP,database_binary_label
IANNEADAISLDGGQVFEAG,Tier3,Multi-AOP,database_binary_label
AYLQAQQLLPFNQLVRSPAA,Tier3,Multi-AOP,database_binary_label
GWANTLKNVAGGLCKITGAA,Tier3,Multi-AOP,database_binary_label
GAPKGCWTKSYPPQPCFGKK,Tier3,Multi-AOP,database_binary_label
TVVPPKGGSFYPGETTPLQQ,Tier3,Multi-AOP,database_binary_label
NIPPLTQTPVVVPFLQPEVM,Tier3,Multi-AOP,database_binary_label
YRPPGFSPFR,Tier3,Multi-AOP,database_binary_label
AMRLTGNRPCIYAT,Tier3,Multi-AOP,database_binary_label
AMRLTYNRPGIYAT,Tier3,Multi-AOP,database_binary_label
AMRLTYNRPGLGAT,Tier3,Multi-AOP,database_binary_label
AMRLTGNRPCLGAT,Tier3,Multi-AOP,database_binary_label
LVNPHDHQN,Tier3,DFBP,database_binary_label
VNPHDHQN,Tier3,DFBP,database_binary_label
LLPHH,Tier3,DFBP,database_binary_label
LLPHHADADY,Tier3,DFBP,database_binary_label
VIPAGYP,Tier3,DFBP,database_binary_label
LQSGDALRVPSGTTYY,Tier3,DFBP,database_binary_label
AHK,Tier3,DFBP,database_binary_label
VHH,Tier3,DFBP,database_binary_label
VHHANEN,Tier3,DFBP,database_binary_label
HK,Tier3,DFBP,database_binary_label
AH,Tier3,DFBP,database_binary_label
HPLH,Tier3,DFBP,database_binary_label
LMSYMWSTSM,Tier3,DFBP,database_binary_label
LELHKLRSSHWFSRR,Tier3,DFBP,database_binary_label
GEPGPPGAP,Tier3,DFBP,database_binary_label
GEPGPPGPPGPPGPPG,Tier3,DFBP,database_binary_label
ARHPHPHLSFM,Tier3,DFBP,database_binary_label
AY,Tier3,DFBP,database_binary_label
GYY,Tier3,DFBP,database_binary_label
ADF,Tier3,DFBP,database_binary_label
SDF,Tier3,DFBP,database_binary_label
DSGVT,Tier3,DFBP,database_binary_label
IEAEGE,Tier3,DFBP,database_binary_label
AEFAES,Tier3,DFBP,database_binary_label
EELDNALN,Tier3,DFBP,database_binary_label
VPSIDDQEELM,Tier3,DFBP,database_binary_label
DAQEKLE,Tier3,DFBP,database_binary_label
DSAI,Tier3,DFBP,database_binary_label
DSAIDLGD,Tier3,DFBP,database_binary_label
RPDFDLEPPY,Tier3,DFBP,database_binary_label
LDYE,Tier3,DFBP,database_binary_label
NADFGLNGLEGLA,Tier3,DFBP,database_binary_label
NGLEGLK,Tier3,DFBP,database_binary_label
FGHPY,Tier3,DFBP,database_binary_label
YEGS,Tier3,DFBP,database_binary_label
YFYPEL,Tier3,DFBP,database_binary_label
VKEAMAPK,Tier3,DFBP,database_binary_label
AVPYPQR,Tier3,DFBP,database_binary_label
KVLPVPEK,Tier3,DFBP,database_binary_label
VLPVPEK,Tier3,DFBP,database_binary_label
WYSLAMAASDI,Tier3,DFBP,database_binary_label
MHIRL,Tier3,DFBP,database_binary_label
YVEEL,Tier3,DFBP,database_binary_label
LGLNGDDVN,Tier3,DFBP,database_binary_label
LVGDEQAVPAVCVP,Tier3,DFBP,database_binary_label
QGAR,Tier3,DFBP,database_binary_label
LQGM,Tier3,DFBP,database_binary_label
LQGMP,Tier3,DFBP,database_binary_label
PC,Tier3,DFBP,database_binary_label
PR,Tier3,DFBP,database_binary_label
WSRRGEREEEDERRRHGGEGGRPYHLGEES,Tier3,DFBP,database_binary_label
YVAQGEGVVA,Tier3,DFBP,database_binary_label
VAVDKHDYEPLGHSDIGVY,Tier3,DFBP,database_binary_label
FFAPGRNPTSFS,Tier3,DFBP,database_binary_label
EEYFPVGGDRPESF,Tier3,DFBP,database_binary_label
WEIKPSSLTGKSPYFSNNHGKL,Tier3,DFBP,database_binary_label
YLAGMN,Tier3,DFBP,database_binary_label
IIENGEKWS,Tier3,DFBP,database_binary_label
IAPNYNTRATKL,Tier3,DFBP,database_binary_label
LVDTGRGPIMY,Tier3,DFBP,database_binary_label
EEEQVGQGYETIRARL,Tier3,DFBP,database_binary_label
FVAPAGTINY,Tier3,DFBP,database_binary_label
YEADARSFHDLAEHDIRV,Tier3,DFBP,database_binary_label
LRGIKNYRVAVL,Tier3,DFBP,database_binary_label
AAVGGYRVAVL,Tier3,DFBP,database_binary_label
DVCGRDVNGY,Tier3,DFBP,database_binary_label
LKQELEDLLEKQE,Tier3,DFBP,database_binary_label
LEELEEELEGCE,Tier3,DFBP,database_binary_label
AIRQGDVF,Tier3,DFBP,database_binary_label
YFPVGGDRPESF,Tier3,DFBP,database_binary_label
VLEANPRSF,Tier3,DFBP,database_binary_label
TTYY,Tier3,DFBP,database_binary_label
LY,Tier3,DFBP,database_binary_label
IY,Tier3,DFBP,database_binary_label
VECYGPNRPQF,Tier3,DFBP,database_binary_label
MQIFVKTLTG,Tier3,DFBP,database_binary_label
DLSDGEQGVL,Tier3,DFBP,database_binary_label
PVSHDHAPEY,Tier3,DFBP,database_binary_label
PSDHDHE,Tier3,DFBP,database_binary_label
VHDY,Tier3,DFBP,database_binary_label
FGER,Tier3,DFBP,database_binary_label
FDRR,Tier3,DFBP,database_binary_label
FGERR,Tier3,DFBP,database_binary_label
NHAV,Tier3,DFBP,database_binary_label
HVRETALV,Tier3,DFBP,database_binary_label
TSNLLT,Tier3,DFBP,database_binary_label
SSGFTY,Tier3,DFBP,database_binary_label
SSGFTMQ,Tier3,DFBP,database_binary_label
IYLGQ,Tier3,DFBP,database_binary_label
KPYVFRATGAL,Tier3,DFBP,database_binary_label
LMRWMR,Tier3,DFBP,database_binary_label
LPTSEAAKY,Tier3,DFBP,database_binary_label
PMDYMVT,Tier3,DFBP,database_binary_label
IANNEADAISLDGGQVFEAG,Tier3,DFBP,database_binary_label
PIAAEVYEHTEGSTTSY,Tier3,DFBP,database_binary_label
IAAEVYEHTEGSTTSY,Tier3,DFBP,database_binary_label
AGWNIPIGT,Tier3,DFBP,database_binary_label
AGWNIP,Tier3,DFBP,database_binary_label
AGWNI,Tier3,DFBP,database_binary_label
WNIP,Tier3,DFBP,database_binary_label
AIEWEGIESGSVEQA,Tier3,DFBP,database_binary_label
IEWEGIESGSVEQA,Tier3,DFBP,database_binary_label
LGFEY,Tier3,DFBP,database_binary_label
LGFEYY,Tier3,DFBP,database_binary_label
VIPMGL,Tier3,DFBP,database_binary_label
GWNIP,Tier3,DFBP,database_binary_label
GWNI,Tier3,DFBP,database_binary_label
PSYV,Tier3,DFBP,database_binary_label
FRDEHKK,Tier3,DFBP,database_binary_label
KHDRGDEF,Tier3,DFBP,database_binary_label
VPNSYP,Tier3,DFBP,database_binary_label
NPYVPR,Tier3,DFBP,database_binary_label
YGYTGA,Tier3,DFBP,database_binary_label
ISELGW,Tier3,DFBP,database_binary_label
IVGGFPHYL,Tier3,DFBP,database_binary_label
YDTQA,Tier3,DFBP,database_binary_label
ICNIMC,Tier3,DFBP,database_binary_label
INY,Tier3,DFBP,database_binary_label
LDQW,Tier3,DFBP,database_binary_label
INYW,Tier3,DFBP,database_binary_label
VSLPEW,Tier3,DFBP,database_binary_label
VHLKP,Tier3,DFBP,database_binary_label
HTVQCMFQ,Tier3,DFBP,database_binary_label
LNGDVW,Tier3,DFBP,database_binary_label
ASPAPAGLSY,Tier3,DFBP,database_binary_label
CVPEVDPLLLRAE,Tier3,DFBP,database_binary_label
DKLDLSDLAHEY,Tier3,DFBP,database_binary_label
EAAVYPL,Tier3,DFBP,database_binary_label
EYLARKGGVEVN,Tier3,DFBP,database_binary_label
EYNNHGSFREAHPGA,Tier3,DFBP,database_binary_label
FDGLPAKPAKKEETR,Tier3,DFBP,database_binary_label
FLDALLKTVDCN,Tier3,DFBP,database_binary_label
GGNYVGVP,Tier3,DFBP,database_binary_label
GTVFEKKALPGPM,Tier3,DFBP,database_binary_label
HDHAERFSGHDNED,Tier3,DFBP,database_binary_label
LARNATPPR,Tier3,DFBP,database_binary_label
LLRSVGVPL,Tier3,DFBP,database_binary_label
MLELDPLNNLPRM,Tier3,DFBP,database_binary_label
MNGEKKKAPLGDE,Tier3,DFBP,database_binary_label
MSEGSGAADVEGPS,Tier3,DFBP,database_binary_label
MYVVELMMSF,Tier3,DFBP,database_binary_label
NGPLLPSDEMDRA,Tier3,DFBP,database_binary_label
NMAVPDALAGPL,Tier3,DFBP,database_binary_label
NMGPLLPQ,Tier3,DFBP,database_binary_label
NVNYVELLVAPNVDL,Tier3,DFBP,database_binary_label
PTGPNNGLSY,Tier3,DFBP,database_binary_label
QTDSHGNDRLLLT,Tier3,DFBP,database_binary_label
SMLGDGTLPPDLA,Tier3,DFBP,database_binary_label
VCDADPSSPVPEA,Tier3,DFBP,database_binary_label
VLEESKGAPKPN,Tier3,DFBP,database_binary_label
VLNSNAAPLPN,Tier3,DFBP,database_binary_label
WGLETAGSVVLLDLQ,Tier3,DFBP,database_binary_label
WLLYLDGPPMGLT,Tier3,DFBP,database_binary_label
FVSACSVAG,Tier3,DFBP,database_binary_label
DWMKGQ,Tier3,DFBP,database_binary_label
LADGVAAPA,Tier3,DFBP,database_binary_label
YVNDAATLLPR,Tier3,DFBP,database_binary_label
DLDLRKDLYAN,Tier3,DFBP,database_binary_label
MCYPAST,Tier3,DFBP,database_binary_label
HPHPHLSF,Tier3,DFBP,database_binary_label
HPIKHQGLPQ,Tier3,DFBP,database_binary_label
PSKYEPFV,Tier3,DFBP,database_binary_label
IKK,Tier3,DFBP,database_binary_label
LPHSGY,Tier3,DFBP,database_binary_label
KHNRGDEF,Tier3,DFBP,database_binary_label
KVLPVPQK,Tier3,DFBP,database_binary_label
VLPVPQK,Tier3,DFBP,database_binary_label
HGPLGPL,Tier3,DFBP,database_binary_label
WY,Tier3,DFBP,database_binary_label
WYSLAMA,Tier3,DFBP,database_binary_label
PSHDAHPE,Tier3,DFBP,database_binary_label
MY,Tier3,DFBP,database_binary_label
NIQFNEQKAL,Tier3,DFBP,database_binary_label
FPLEMMPF,Tier3,DFBP,database_binary_label
LNLPTAVYMVT,Tier3,DFBP,database_binary_label
VKL,Tier3,DFBP,database_binary_label
ESTVPERTHPACPDFN,Tier3,DFBP,database_binary_label
VKAGFAWTANQQLS,Tier3,DFBP,database_binary_label
HFGDPFH,Tier3,DFBP,database_binary_label
LEQQVDDLEGSLEQEKK,Tier3,DFBP,database_binary_label
LQPGQGQQ,Tier3,DFBP,database_binary_label
DHHQ,Tier3,DFBP,database_binary_label
AQIPQQ,Tier3,DFBP,database_binary_label
FDSGPAGVL,Tier3,DFBP,database_binary_label
TIIPLPV,Tier3,DFBP,database_binary_label
GPVRGPFPII,Tier3,DFBP,database_binary_label
WPL,Tier3,DFBP,database_binary_label
HNPI,Tier3,DFBP,database_binary_label
QYDQGV,Tier3,DFBP,database_binary_label
LSKAQSDFG,Tier3,DFBP,database_binary_label
VPYPQ,Tier3,DFBP,database_binary_label
IPIQYVL,Tier3,DFBP,database_binary_label
VLPVPQKKVLPVPQK,Tier3,DFBP,database_binary_label
GPLGLLGFLGPLGLS,Tier3,DFBP,database_binary_label
QLGNLGV,Tier3,DFBP,database_binary_label
FLKPLFNAALKLLP,Tier3,DFBP,database_binary_label
LAPSLPGKPKPD,Tier3,DFBP,database_binary_label
VLDTGLAGA,Tier3,DFBP,database_binary_label
VKP,Tier3,DFBP,database_binary_label
YLMSR,Tier3,DFBP,database_binary_label
HMPVTK,Tier3,DFBP,database_binary_label
VPKNYFHDIV,Tier3,DFBP,database_binary_label
YVGD,Tier3,DFBP,database_binary_label
DHG,Tier3,DFBP,database_binary_label
QKPFPQQPPF,Tier3,DFBP,database_binary_label
RASDPLLSV,Tier3,DFBP,database_binary_label
RNDDLNYIQ,Tier3,DFBP,database_binary_label
YGNWLYK,Tier3,DFBP,database_binary_label
DHTKE,Tier3,DFBP,database_binary_label
ALEPDHR,Tier3,DFBP,database_binary_label
RPNYTDA,Tier3,DFBP,database_binary_label
WCTSVS,Tier3,DFBP,database_binary_label
VCSV,Tier3,DFBP,database_binary_label
LSGYGP,Tier3,DFBP,database_binary_label
PYSFK,Tier3,DFBP,database_binary_label
VVGGDGDV,Tier3,DFBP,database_binary_label
STMMEERRMKVY,Tier3,DFBP,database_binary_label
GSGGL,Tier3,DFBP,database_binary_label
GIISHR,Tier3,DFBP,database_binary_label
WEGPK,Tier3,DFBP,database_binary_label
PSLPA,Tier3,DFBP,database_binary_label
WVYY,Tier3,DFBP,database_binary_label
WDR,Tier3,DFBP,database_binary_label
LANAK,Tier3,DFBP,database_binary_label
FLPF,Tier3,DFBP,database_binary_label
SNAAC,Tier3,DFBP,database_binary_label
VAWRNRCKGTD,Tier3,DFBP,database_binary_label
WRNRCKGTD,Tier3,DFBP,database_binary_label
AWIRGCRL,Tier3,DFBP,database_binary_label
WIRGCRL,Tier3,DFBP,database_binary_label
IRGCRL,Tier3,DFBP,database_binary_label
SDRDLLGPNNQYLPK,Tier3,DFBP,database_binary_label
IQW,Tier3,DFBP,database_binary_label
CSQAPLA,Tier3,DFBP,database_binary_label
QYP,Tier3,DFBP,database_binary_label
FFRSKLLSDGAAAAKGALLPQYW,Tier3,DFBP,database_binary_label
KGLWE,Tier3,DFBP,database_binary_label
DLEE,Tier3,DFBP,database_binary_label
AWEEREQGSR,Tier3,DFBP,database_binary_label
ADGF,Tier3,DFBP,database_binary_label
VKRRGQDCIHGFCSD,Tier3,DFBP,database_binary_label
YGGFM,Tier3,DFBP,database_binary_label
YGGFL,Tier3,DFBP,database_binary_label
AAAAG,Tier3,DFBP,database_binary_label
WPP,Tier3,DFBP,database_binary_label
FIMGPY,Tier3,DFBP,database_binary_label
LWR,Tier3,DFBP,database_binary_label
NM,Tier3,DFBP,database_binary_label
LT,Tier3,DFBP,database_binary_label
LH,Tier3,DFBP,database_binary_label
VE,Tier3,DFBP,database_binary_label
EVR,Tier3,DFBP,database_binary_label
LER,Tier3,DFBP,database_binary_label
EPDRY,Tier3,DFBP,database_binary_label
LWHTH,Tier3,DFBP,database_binary_label
ISQAVHAHAEINEAGR,Tier3,DFBP,database_binary_label
SVL,Tier3,DFBP,database_binary_label
QL,Tier3,DFBP,database_binary_label
AP,Tier3,DFBP,database_binary_label
KVR,Tier3,DFBP,database_binary_label
YGG,Tier3,DFBP,database_binary_label
IVQNNDSTEYG,Tier3,DFBP,database_binary_label
IWCKDDQNPHSSNISCDKF,Tier3,DFBP,database_binary_label
YGGVSLPEW,Tier3,DFBP,database_binary_label
FYPEL,Tier3,DFBP,database_binary_label
YPEL,Tier3,DFBP,database_binary_label
PEL,Tier3,DFBP,database_binary_label
EL,Tier3,DFBP,database_binary_label
HGPL,Tier3,DFBP,database_binary_label
QIGLF,Tier3,DFBP,database_binary_label
RVPSLM,Tier3,DFBP,database_binary_label
TPSPR,Tier3,DFBP,database_binary_label
DLQGK,Tier3,DFBP,database_binary_label
AGLAPY,Tier3,DFBP,database_binary_label
DHPFLF,Tier3,DFBP,database_binary_label
HAEIN,Tier3,DFBP,database_binary_label
VKELY,Tier3,DFBP,database_binary_label
HANENIF,Tier3,DFBP,database_binary_label
TNGIIR,Tier3,DFBP,database_binary_label
RGY,Tier3,DFBP,database_binary_label
WIR,Tier3,DFBP,database_binary_label
VAW,Tier3,DFBP,database_binary_label
WYS,Tier3,DFBP,database_binary_label
WYSL,Tier3,DFBP,database_binary_label
WYSLA,Tier3,DFBP,database_binary_label
WYSLAM,Tier3,DFBP,database_binary_label
YGKPVAVPAR,Tier3,DFBP,database_binary_label
SV,Tier3,DFBP,database_binary_label
WP,Tier3,DFBP,database_binary_label
RYLGY,Tier3,DFBP,database_binary_label
AYFYPEL,Tier3,DFBP,database_binary_label
YQKFPQY,Tier3,DFBP,database_binary_label
HLPLPLL,Tier3,DFBP,database_binary_label
VAPFPEVF,Tier3,DFBP,database_binary_label
FVAPFPEV,Tier3,DFBP,database_binary_label
IPAGM,Tier3,DFBP,database_binary_label
LPAGV,Tier3,DFBP,database_binary_label
EFLQ,Tier3,DFBP,database_binary_label
IPAGV,Tier3,DFBP,database_binary_label
EFQI,Tier3,DFBP,database_binary_label
SVYT,Tier3,DFBP,database_binary_label
FEQI,Tier3,DFBP,database_binary_label
LALPA,Tier3,DFBP,database_binary_label
EFQL,Tier3,DFBP,database_binary_label
LEEAF,Tier3,DFBP,database_binary_label
PSIPA,Tier3,DFBP,database_binary_label
LPL,Tier3,DFBP,database_binary_label
WYT,Tier3,DFBP,database_binary_label
WSY,Tier3,DFBP,database_binary_label
LQL,Tier3,DFBP,database_binary_label
YNL,Tier3,DFBP,database_binary_label
IEEAF,Tier3,DFBP,database_binary_label
FEQL,Tier3,DFBP,database_binary_label
VSYT,Tier3,DFBP,database_binary_label
YNI,Tier3,DFBP,database_binary_label
EFIQ,Tier3,DFBP,database_binary_label
WALKGYK,Tier3,DFBP,database_binary_label
PQFYW,Tier3,DFBP,database_binary_label
VVLYR,Tier3,DFBP,database_binary_label
RY,Tier3,DFBP,database_binary_label
RYL,Tier3,DFBP,database_binary_label
RYLG,Tier3,DFBP,database_binary_label
YLG,Tier3,DFBP,database_binary_label
YLGY,Tier3,DFBP,database_binary_label
LGY,Tier3,DFBP,database_binary_label
AYFYPE,Tier3,DFBP,database_binary_label
YQK,Tier3,DFBP,database_binary_label
FPQY,Tier3,DFBP,database_binary_label
IPIQY,Tier3,DFBP,database_binary_label
LPYPY,Tier3,DFBP,database_binary_label
YPYY,Tier3,DFBP,database_binary_label
YP,Tier3,DFBP,database_binary_label
YY,Tier3,DFBP,database_binary_label
WIQP,Tier3,DFBP,database_binary_label
NP,Tier3,DFBP,database_binary_label
HQP,Tier3,DFBP,database_binary_label
KYP,Tier3,DFBP,database_binary_label
GP,Tier3,DFBP,database_binary_label
VPKVK,Tier3,DFBP,database_binary_label
YQEP,Tier3,DFBP,database_binary_label
YQEPVLGP,Tier3,DFBP,database_binary_label
ALK,Tier3,DFBP,database_binary_label
IIAEK,Tier3,DFBP,database_binary_label
GLDIQK,Tier3,DFBP,database_binary_label
TPEVDDEALKE,Tier3,DFBP,database_binary_label
ALPMHIR,Tier3,DFBP,database_binary_label
VAGTWY,Tier3,DFBP,database_binary_label
IPAVFK,Tier3,DFBP,database_binary_label
QVVPYPQ,Tier3,DFBP,database_binary_label
HQIYPV,Tier3,DFBP,database_binary_label
PYPQ,Tier3,DFBP,database_binary_label
WSVPQPK,Tier3,DFBP,database_binary_label
IYPF,Tier3,DFBP,database_binary_label
SVPQPK,Tier3,DFBP,database_binary_label
EVPKA,Tier3,DFBP,database_binary_label
PLAQPA,Tier3,DFBP,database_binary_label
LLNPT,Tier3,DFBP,database_binary_label
HLPLP,Tier3,DFBP,database_binary_label
VLPIPQ,Tier3,DFBP,database_binary_label
IQY,Tier3,DFBP,database_binary_label
YVL,Tier3,DFBP,database_binary_label
FALPQYLK,Tier3,DFBP,database_binary_label
PYVRYL,Tier3,DFBP,database_binary_label
LKKISQ,Tier3,DFBP,database_binary_label
FSDKIAK,Tier3,DFBP,database_binary_label
EIPT,Tier3,DFBP,database_binary_label
VQVTSTAV,Tier3,DFBP,database_binary_label
RINK,Tier3,DFBP,database_binary_label
VPLSPT,Tier3,DFBP,database_binary_label
FDGEVK,Tier3,DFBP,database_binary_label
VLSPPFTGE,Tier3,DFBP,database_binary_label
MDGAP,Tier3,DFBP,database_binary_label
APGAGVY,Tier3,DFBP,database_binary_label
VGPLSPT,Tier3,DFBP,database_binary_label
VVVVPH,Tier3,DFBP,database_binary_label
DDLPR,Tier3,DFBP,database_binary_label
HVAGTVA,Tier3,DFBP,database_binary_label
MGSPT,Tier3,DFBP,database_binary_label
VGAPSVS,Tier3,DFBP,database_binary_label
VKCFR,Tier3,DFBP,database_binary_label
RPSYT,Tier3,DFBP,database_binary_label
SPYCYG,Tier3,DFBP,database_binary_label
LRENNKLMLLELK,Tier3,DFBP,database_binary_label
RWAEK,Tier3,DFBP,database_binary_label
APGAPGPVG,Tier3,DFBP,database_binary_label
PDLVF,Tier3,DFBP,database_binary_label
HYVPV,Tier3,DFBP,database_binary_label
WG,Tier3,DFBP,database_binary_label
MK,Tier3,DFBP,database_binary_label
MM,Tier3,DFBP,database_binary_label
MPACGSS,Tier3,DFBP,database_binary_label
MTEEY,Tier3,DFBP,database_binary_label
LSGNK,Tier3,DFBP,database_binary_label
GEGSGA,Tier3,DFBP,database_binary_label
GLTSK,Tier3,DFBP,database_binary_label
TMFPSA,Tier3,DFBP,database_binary_label
WIHNENQGF,Tier3,DFBP,database_binary_label
WYGPD,Tier3,DFBP,database_binary_label
MPVHTDAD,Tier3,DFBP,database_binary_label
KLSDW,Tier3,DFBP,database_binary_label
YPSPV,Tier3,DFBP,database_binary_label
GQVPP,Tier3,DFBP,database_binary_label
VLVPK,Tier3,DFBP,database_binary_label
KDVPP,Tier3,DFBP,database_binary_label
PKLPPVKK,Tier3,DFBP,database_binary_label
DGVVYY,Tier3,DFBP,database_binary_label
IVEYF,Tier3,DFBP,database_binary_label
GFYPPP,Tier3,DFBP,database_binary_label
DVPPYM,Tier3,DFBP,database_binary_label
PGVPWP,Tier3,DFBP,database_binary_label
YINQMPQKSRE,Tier3,DFBP,database_binary_label
YIEAVNKVSPRAGQF,Tier3,DFBP,database_binary_label
YINQMPQKSREA,Tier3,DFBP,database_binary_label
VTGRFAGHPAAQ,Tier3,DFBP,database_binary_label
VLSRYPS,Tier3,DFBP,database_binary_label
TIASGEP,Tier3,DFBP,database_binary_label
YQLD,Tier3,DFBP,database_binary_label
GYLEQ,Tier3,DFBP,database_binary_label
RDMPIQ,Tier3,DFBP,database_binary_label
YPELF,Tier3,DFBP,database_binary_label
RLKKY,Tier3,DFBP,database_binary_label
YLKT,Tier3,DFBP,database_binary_label
TVYQ,Tier3,DFBP,database_binary_label
LLR,Tier3,DFBP,database_binary_label
YGLN,Tier3,DFBP,database_binary_label
YYQQKPV,Tier3,DFBP,database_binary_label
FL,Tier3,DFBP,database_binary_label
YQKFP,Tier3,DFBP,database_binary_label
YGL,Tier3,DFBP,database_binary_label
YQL,Tier3,DFBP,database_binary_label
YIPIQY,Tier3,DFBP,database_binary_label
FYQL,Tier3,DFBP,database_binary_label
YAKPA,Tier3,DFBP,database_binary_label
GTQY,Tier3,DFBP,database_binary_label
RHPHP,Tier3,DFBP,database_binary_label
RYPS,Tier3,DFBP,database_binary_label
SRYPS,Tier3,DFBP,database_binary_label
VY,Tier3,DFBP,database_binary_label
AYPS,Tier3,DFBP,database_binary_label
YAKP,Tier3,DFBP,database_binary_label
ARHPHP,Tier3,DFBP,database_binary_label
KY,Tier3,DFBP,database_binary_label
RYQ,Tier3,DFBP,database_binary_label
Y,Tier3,DFBP,database_binary_label
YQKF,Tier3,DFBP,database_binary_label
RYQKF,Tier3,DFBP,database_binary_label
HHLP,Tier3,DFBP,database_binary_label
HL,Tier3,DFBP,database_binary_label
HLPH,Tier3,DFBP,database_binary_label
LLPH,Tier3,DFBP,database_binary_label
PLHH,Tier3,DFBP,database_binary_label
HPHL,Tier3,DFBP,database_binary_label
PHH,Tier3,DFBP,database_binary_label
YLYP,Tier3,DFBP,database_binary_label
HH,Tier3,DFBP,database_binary_label
HPH,Tier3,DFBP,database_binary_label
LYPY,Tier3,DFBP,database_binary_label
LLHH,Tier3,DFBP,database_binary_label
LPYY,Tier3,DFBP,database_binary_label
HHPLL,Tier3,DFBP,database_binary_label
PYY,Tier3,DFBP,database_binary_label
HLHP,Tier3,DFBP,database_binary_label
LPHH,Tier3,DFBP,database_binary_label
YHH,Tier3,DFBP,database_binary_label
HHPL,Tier3,DFBP,database_binary_label
LHPH,Tier3,DFBP,database_binary_label
HHP,Tier3,DFBP,database_binary_label
HLH,Tier3,DFBP,database_binary_label
LLPHHH,Tier3,DFBP,database_binary_label
LHH,Tier3,DFBP,database_binary_label
GPPGPPGPP,Tier3,DFBP,database_binary_label
GPPGPPGPPG,Tier3,DFBP,database_binary_label
GPPGPPGPPGPPG,Tier3,DFBP,database_binary_label
YQQND,Tier3,DFBP,database_binary_label
HYEG,Tier3,DFBP,database_binary_label
FD,Tier3,DFBP,database_binary_label
GEY,Tier3,DFBP,database_binary_label
NYPSD,Tier3,DFBP,database_binary_label
FND,Tier3,DFBP,database_binary_label
TFD,Tier3,DFBP,database_binary_label
VFD,Tier3,DFBP,database_binary_label
VEIPHD,Tier3,DFBP,database_binary_label
FDYDPR,Tier3,DFBP,database_binary_label
WV,Tier3,DFBP,database_binary_label
LW,Tier3,DFBP,database_binary_label
WL,Tier3,DFBP,database_binary_label
IR,Tier3,DFBP,database_binary_label
IRW,Tier3,DFBP,database_binary_label
LKP,Tier3,DFBP,database_binary_label
RW,Tier3,DFBP,database_binary_label
I,Tier3,DFBP,database_binary_label
R,Tier3,DFBP,database_binary_label
W,Tier3,DFBP,database_binary_label
LK,Tier3,DFBP,database_binary_label
KP,Tier3,DFBP,database_binary_label
L,Tier3,DFBP,database_binary_label
K,Tier3,DFBP,database_binary_label
P,Tier3,DFBP,database_binary_label
SWN,Tier3,DFBP,database_binary_label
HVCYMF,Tier3,DFBP,database_binary_label
MWL,Tier3,DFBP,database_binary_label
TY,Tier3,DFBP,database_binary_label
NYKQM,Tier3,DFBP,database_binary_label
YSTA,Tier3,DFBP,database_binary_label
YFE,Tier3,DFBP,database_binary_label
GTW,Tier3,DFBP,database_binary_label
LTC,Tier3,DFBP,database_binary_label
CQC,Tier3,DFBP,database_binary_label
QKW,Tier3,DFBP,database_binary_label
LFC,Tier3,DFBP,database_binary_label
CLV,Tier3,DFBP,database_binary_label
MKC,Tier3,DFBP,database_binary_label
KCL,Tier3,DFBP,database_binary_label
CLL,Tier3,DFBP,database_binary_label
LLL,Tier3,DFBP,database_binary_label
LLA,Tier3,DFBP,database_binary_label
LAL,Tier3,DFBP,database_binary_label
ALA,Tier3,DFBP,database_binary_label
ALT,Tier3,DFBP,database_binary_label
TCG,Tier3,DFBP,database_binary_label
CGA,Tier3,DFBP,database_binary_label
GAQ,Tier3,DFBP,database_binary_label
AQA,Tier3,DFBP,database_binary_label
QAL,Tier3,DFBP,database_binary_label
ALI,Tier3,DFBP,database_binary_label
LIV,Tier3,DFBP,database_binary_label
IVT,Tier3,DFBP,database_binary_label
VTQ,Tier3,DFBP,database_binary_label
TQT,Tier3,DFBP,database_binary_label
QTM,Tier3,DFBP,database_binary_label
TMK,Tier3,DFBP,database_binary_label
MKG,Tier3,DFBP,database_binary_label
KGL,Tier3,DFBP,database_binary_label
GLD,Tier3,DFBP,database_binary_label
LDI,Tier3,DFBP,database_binary_label
DIQ,Tier3,DFBP,database_binary_label
IQK,Tier3,DFBP,database_binary_label
QKV,Tier3,DFBP,database_binary_label
KVA,Tier3,DFBP,database_binary_label
VAG,Tier3,DFBP,database_binary_label
AGT,Tier3,DFBP,database_binary_label
TWY,Tier3,DFBP,database_binary_label
YSL,Tier3,DFBP,database_binary_label
SLA,Tier3,DFBP,database_binary_label
LAM,Tier3,DFBP,database_binary_label
AMA,Tier3,DFBP,database_binary_label
MAA,Tier3,DFBP,database_binary_label
AAS,Tier3,DFBP,database_binary_label
ASD,Tier3,DFBP,database_binary_label
SDI,Tier3,DFBP,database_binary_label
DIS,Tier3,DFBP,database_binary_label
ISL,Tier3,DFBP,database_binary_label
SLL,Tier3,DFBP,database_binary_label
LLD,Tier3,DFBP,database_binary_label
LDA,Tier3,DFBP,database_binary_label
DAQ,Tier3,DFBP,database_binary_label
AQS,Tier3,DFBP,database_binary_label
QSA,Tier3,DFBP,database_binary_label
SAP,Tier3,DFBP,database_binary_label
APL,Tier3,DFBP,database_binary_label
PLR,Tier3,DFBP,database_binary_label
LRV,Tier3,DFBP,database_binary_label
RVY,Tier3,DFBP,database_binary_label
VYV,Tier3,DFBP,database_binary_label
YVE,Tier3,DFBP,database_binary_label
VEE,Tier3,DFBP,database_binary_label
EEL,Tier3,DFBP,database_binary_label
ELK,Tier3,DFBP,database_binary_label
KPT,Tier3,DFBP,database_binary_label
PTP,Tier3,DFBP,database_binary_label
TPE,Tier3,DFBP,database_binary_label
PEG,Tier3,DFBP,database_binary_label
EGD,Tier3,DFBP,database_binary_label
GDL,Tier3,DFBP,database_binary_label
DLE,Tier3,DFBP,database_binary_label
LEI,Tier3,DFBP,database_binary_label
EIL,Tier3,DFBP,database_binary_label
ILL,Tier3,DFBP,database_binary_label
LLQ,Tier3,DFBP,database_binary_label
LQK,Tier3,DFBP,database_binary_label
KWE,Tier3,DFBP,database_binary_label
WEN,Tier3,DFBP,database_binary_label
ENG,Tier3,DFBP,database_binary_label
NGE,Tier3,DFBP,database_binary_label
GEC,Tier3,DFBP,database_binary_label
ECA,Tier3,DFBP,database_binary_label
CAQ,Tier3,DFBP,database_binary_label
AQK,Tier3,DFBP,database_binary_label
QKK,Tier3,DFBP,database_binary_label
KKI,Tier3,DFBP,database_binary_label
KII,Tier3,DFBP,database_binary_label
IIA,Tier3,DFBP,database_binary_label
IAE,Tier3,DFBP,database_binary_label
AEK,Tier3,DFBP,database_binary_label
EKT,Tier3,DFBP,database_binary_label
KTK,Tier3,DFBP,database_binary_label
TKI,Tier3,DFBP,database_binary_label
KIP,Tier3,DFBP,database_binary_label
IPA,Tier3,DFBP,database_binary_label
PAV,Tier3,DFBP,database_binary_label
AVF,Tier3,DFBP,database_binary_label
VFK,Tier3,DFBP,database_binary_label
FKI,Tier3,DFBP,database_binary_label
KID,Tier3,DFBP,database_binary_label
IDA,Tier3,DFBP,database_binary_label
DAL,Tier3,DFBP,database_binary_label
ALN,Tier3,DFBP,database_binary_label
LNE,Tier3,DFBP,database_binary_label
NEN,Tier3,DFBP,database_binary_label
ENK,Tier3,DFBP,database_binary_label
NKV,Tier3,DFBP,database_binary_label
KVL,Tier3,DFBP,database_binary_label
VLV,Tier3,DFBP,database_binary_label
LVL,Tier3,DFBP,database_binary_label
VLD,Tier3,DFBP,database_binary_label
LDT,Tier3,DFBP,database_binary_label
DTD,Tier3,DFBP,database_binary_label
TDY,Tier3,DFBP,database_binary_label
DYK,Tier3,DFBP,database_binary_label
YKK,Tier3,DFBP,database_binary_label
KKY,Tier3,DFBP,database_binary_label
KYL,Tier3,DFBP,database_binary_label
YLL,Tier3,DFBP,database_binary_label
LLF,Tier3,DFBP,database_binary_label
FCM,Tier3,DFBP,database_binary_label
CME,Tier3,DFBP,database_binary_label
MEN,Tier3,DFBP,database_binary_label
ENS,Tier3,DFBP,database_binary_label
NSA,Tier3,DFBP,database_binary_label
SAE,Tier3,DFBP,database_binary_label
AEP,Tier3,DFBP,database_binary_label
EPE,Tier3,DFBP,database_binary_label
PEQ,Tier3,DFBP,database_binary_label
EQS,Tier3,DFBP,database_binary_label
QSL,Tier3,DFBP,database_binary_label
LAC,Tier3,DFBP,database_binary_label
ACQ,Tier3,DFBP,database_binary_label
QCL,Tier3,DFBP,database_binary_label
LVR,Tier3,DFBP,database_binary_label
VRT,Tier3,DFBP,database_binary_label
RTP,Tier3,DFBP,database_binary_label
PEV,Tier3,DFBP,database_binary_label
EVD,Tier3,DFBP,database_binary_label
VDD,Tier3,DFBP,database_binary_label
DDE,Tier3,DFBP,database_binary_label
DEA,Tier3,DFBP,database_binary_label
EAL,Tier3,DFBP,database_binary_label
ALE,Tier3,DFBP,database_binary_label
LEK,Tier3,DFBP,database_binary_label
EKF,Tier3,DFBP,database_binary_label
KFD,Tier3,DFBP,database_binary_label
FDK,Tier3,DFBP,database_binary_label
DKA,Tier3,DFBP,database_binary_label
KAL,Tier3,DFBP,database_binary_label
LKA,Tier3,DFBP,database_binary_label
ALP,Tier3,DFBP,database_binary_label
LPM,Tier3,DFBP,database_binary_label
PMH,Tier3,DFBP,database_binary_label
MHI,Tier3,DFBP,database_binary_label
HIR,Tier3,DFBP,database_binary_label
IRL,Tier3,DFBP,database_binary_label
RLS,Tier3,DFBP,database_binary_label
LSF,Tier3,DFBP,database_binary_label
SFN,Tier3,DFBP,database_binary_label
FNP,Tier3,DFBP,database_binary_label
NPT,Tier3,DFBP,database_binary_label
PTQ,Tier3,DFBP,database_binary_label
TQL,Tier3,DFBP,database_binary_label
QLE,Tier3,DFBP,database_binary_label
LEE,Tier3,DFBP,database_binary_label
EEQ,Tier3,DFBP,database_binary_label
EQC,Tier3,DFBP,database_binary_label
QCH,Tier3,DFBP,database_binary_label
CHI,Tier3,DFBP,database_binary_label
FKK,Tier3,DFBP,database_binary_label
FIKK,Tier3,DFBP,database_binary_label
SALAM,Tier3,DFBP,database_binary_label
YAEERYPIL,Tier3,DFBP,database_binary_label
YQIGL,Tier3,DFBP,database_binary_label
YRGGLEPINF,Tier3,DFBP,database_binary_label
FRADHPFL,Tier3,DFBP,database_binary_label
RADHPFL,Tier3,DFBP,database_binary_label
VLLPDEVSGL,Tier3,DFBP,database_binary_label
RDILNQ,Tier3,DFBP,database_binary_label
ESIINF,Tier3,DFBP,database_binary_label
VALDGGL,Tier3,DFBP,database_binary_label
ELIN,Tier3,DFBP,database_binary_label
IVF,Tier3,DFBP,database_binary_label
FSL,Tier3,DFBP,database_binary_label
PP,Tier3,DFBP,database_binary_label
YPI,Tier3,DFBP,database_binary_label
YPIL,Tier3,DFBP,database_binary_label
RADHPF,Tier3,DFBP,database_binary_label
RADHP,Tier3,DFBP,database_binary_label
ADHP,Tier3,DFBP,database_binary_label
M,Tier3,DFBP,database_binary_label
H,Tier3,DFBP,database_binary_label
S,Tier3,DFBP,database_binary_label
LHY,Tier3,DFBP,database_binary_label
LARL,Tier3,DFBP,database_binary_label
GGE,Tier3,DFBP,database_binary_label
GAH,Tier3,DFBP,database_binary_label
GAWA,Tier3,DFBP,database_binary_label
PHYL,Tier3,DFBP,database_binary_label
GALAAH,Tier3,DFBP,database_binary_label
SHDAHPE,Tier3,DFBP,database_binary_label
VDHDHPE,Tier3,DFBP,database_binary_label
PKAVHE,Tier3,DFBP,database_binary_label
PAGY,Tier3,DFBP,database_binary_label
PHHADS,Tier3,DFBP,database_binary_label
VDYP,Tier3,DFBP,database_binary_label
EEEKNRLTKKTKLT,Tier3,DFBP,database_binary_label
DHHQVYSPGEQ,Tier3,DFBP,database_binary_label
DHHK,Tier3,DFBP,database_binary_label
DAHK,Tier3,DFBP,database_binary_label
VVKL,Tier3,DFBP,database_binary_label
VKV,Tier3,DFBP,database_binary_label
PKAV,Tier3,DFBP,database_binary_label
IKL,Tier3,DFBP,database_binary_label
VPSGK,Tier3,DFBP,database_binary_label
EAK,Tier3,DFBP,database_binary_label
FVAGK,Tier3,DFBP,database_binary_label
KAI,Tier3,DFBP,database_binary_label
KVI,Tier3,DFBP,database_binary_label
KD,Tier3,DFBP,database_binary_label
LQPGQGQQG,Tier3,DFBP,database_binary_label
NGPLQAGQPGER,Tier3,DFBP,database_binary_label
VPW,Tier3,DFBP,database_binary_label
VFPW,Tier3,DFBP,database_binary_label
PW,Tier3,DFBP,database_binary_label
YEDCTDCGN,Tier3,DFBP,database_binary_label
AADNANELFPPN,Tier3,DFBP,database_binary_label
LVEKGDVAFI,Tier3,DFBP,database_binary_label
SVMPVVA,Tier3,DFBP,database_binary_label
VLYEE,Tier3,DFBP,database_binary_label
MILMR,Tier3,DFBP,database_binary_label
TERGY,Tier3,DFBP,database_binary_label
TEFTK,Tier3,DFBP,database_binary_label
NHK,Tier3,DFBP,database_binary_label
LVSK,Tier3,DFBP,database_binary_label
WHNVSGSP,Tier3,DFBP,database_binary_label
ALSAF,Tier3,DFBP,database_binary_label
FDEQE,Tier3,DFBP,database_binary_label
WDDMEK,Tier3,DFBP,database_binary_label
MEMK,Tier3,DFBP,database_binary_label
LDY,Tier3,DFBP,database_binary_label
YWVTSGPK,Tier3,DFBP,database_binary_label
LYEGY,Tier3,DFBP,database_binary_label
VAMVPPFET,Tier3,DFBP,database_binary_label
YSEMPPGK,Tier3,DFBP,database_binary_label
FHNMEK,Tier3,DFBP,database_binary_label
TW,Tier3,DFBP,database_binary_label
AW,Tier3,DFBP,database_binary_label
VW,Tier3,DFBP,database_binary_label
LVMFLDNQHRVIRH,Tier3,DFBP,database_binary_label
FVNQPYLLYSVHMK,Tier3,DFBP,database_binary_label
LGNTDYAVH,Tier3,DFBP,database_binary_label
VGDI,Tier3,DFBP,database_binary_label
PQIPEQF,Tier3,DFBP,database_binary_label
LRTLPM,Tier3,DFBP,database_binary_label
SVNVPL,Tier3,DFBP,database_binary_label
AGTTCLFTPLALPYDYSH,Tier3,DFBP,database_binary_label
FFGFN,Tier3,DFBP,database_binary_label
MPDAHL,Tier3,DFBP,database_binary_label
TETWNPNHPEL,Tier3,DFBP,database_binary_label
FVPH,Tier3,DFBP,database_binary_label
SAEHGSLH,Tier3,DFBP,database_binary_label
TSQLLSDQ,Tier3,DFBP,database_binary_label
TRTGDPFF,Tier3,DFBP,database_binary_label
NFHPQ,Tier3,DFBP,database_binary_label
CAAP,Tier3,DFBP,database_binary_label
GFGPEL,Tier3,DFBP,database_binary_label
VGGRP,Tier3,DFBP,database_binary_label
VPVTST,Tier3,DFBP,database_binary_label
LTTLDSE,Tier3,DFBP,database_binary_label
DVFRELRVQ,Tier3,DFBP,database_binary_label
AEERYP,Tier3,DFBP,database_binary_label
DEDTQAMP,Tier3,DFBP,database_binary_label
EERYP,Tier3,DFBP,database_binary_label
SVDSQTAF,Tier3,DFBP,database_binary_label
LPDEVSG,Tier3,DFBP,database_binary_label
PVDENDEG,Tier3,DFBP,database_binary_label
QPSSVDSQTAM,Tier3,DFBP,database_binary_label
GPGGFI,Tier3,DFBP,database_binary_label
FIGP,Tier3,DFBP,database_binary_label
GIFE,Tier3,DFBP,database_binary_label
LPWRPATNVF,Tier3,DFBP,database_binary_label
YLLLK,Tier3,DFBP,database_binary_label
YGIKVGYAIP,Tier3,DFBP,database_binary_label
GGIF,Tier3,DFBP,database_binary_label
WAFS,Tier3,DFBP,database_binary_label
GVQEGAGHYALL,Tier3,DFBP,database_binary_label
WAF,Tier3,DFBP,database_binary_label
AWFS,Tier3,DFBP,database_binary_label
YYIVS,Tier3,DFBP,database_binary_label
TYQTF,Tier3,DFBP,database_binary_label
SGQYFL,Tier3,DFBP,database_binary_label
YYDPL,Tier3,DFBP,database_binary_label
YMVSAIWG,Tier3,DFBP,database_binary_label
GAA,Tier3,DFBP,database_binary_label
GFVG,Tier3,DFBP,database_binary_label
ELLI,Tier3,DFBP,database_binary_label
KFPE,Tier3,DFBP,database_binary_label
GPP,Tier3,DFBP,database_binary_label
GVPLT,Tier3,DFBP,database_binary_label
PYFNK,Tier3,DFBP,database_binary_label
LLPF,Tier3,DFBP,database_binary_label
LPF,Tier3,DFBP,database_binary_label
PSLVGRPPVGKLTL,Tier3,DFBP,database_binary_label
VKVLLEHPVL,Tier3,DFBP,database_binary_label
YPKLAPNE,Tier3,DFBP,database_binary_label
YPQLLPNE,Tier3,DFBP,database_binary_label
RCMAFLLSDGAAAAQQLLPQYW,Tier3,DFBP,database_binary_label
DPAQPNYPWTAVLVFRH,Tier3,DFBP,database_binary_label
YLAGKPQQEH,Tier3,DFBP,database_binary_label
IYIEQGNGITGM,Tier3,DFBP,database_binary_label
TEVWDSNEQ,Tier3,DFBP,database_binary_label
GDRFQDQHQ,Tier3,DFBP,database_binary_label
HVIKPPSRA,Tier3,DFBP,database_binary_label
LAGKPQQEHSGEHQ,Tier3,DFBP,database_binary_label
AGGF,Tier3,DFBP,database_binary_label
AWDPE,Tier3,DFBP,database_binary_label
DWDPK,Tier3,DFBP,database_binary_label
ETTL,Tier3,DFBP,database_binary_label
SGAF,Tier3,DFBP,database_binary_label
GQFNDKRWIPFG,Tier3,DFBP,database_binary_label
APIRMWYMYRKLTDMEPKPVA,Tier3,DFBP,database_binary_label
ALGGA,Tier3,DFBP,database_binary_label
LVSGM,Tier3,DFBP,database_binary_label
SAGNPN,Tier3,DFBP,database_binary_label
GLAGA,Tier3,DFBP,database_binary_label
GPAGDY,Tier3,DFBP,database_binary_label
IVAGPQ,Tier3,DFBP,database_binary_label
GASRHWYFL,Tier3,DFBP,database_binary_label
YSK,Tier3,DFBP,database_binary_label
WPRGYFL,Tier3,DFBP,database_binary_label
SDWDRF,Tier3,DFBP,database_binary_label
VLSTSFPPK,Tier3,DFBP,database_binary_label
RGQVIYVL,Tier3,DFBP,database_binary_label
ASPKPSSA,Tier3,DFBP,database_binary_label
QFLLAGR,Tier3,DFBP,database_binary_label
MVPYPQR,Tier3,DFBP,database_binary_label
SDAAVDTSSEITTKDLKEKKEVVEEAEN,Tier3,DFBP,database_binary_label
KAQYPYV,Tier3,DFBP,database_binary_label
KIIIYN,Tier3,DFBP,database_binary_label
KILIYG,Tier3,DFBP,database_binary_label
KELPPSDADW,Tier3,DFBP,database_binary_label
SGGSYADELVSTAK,Tier3,DFBP,database_binary_label
MDATALHYENQK,Tier3,DFBP,database_binary_label
GNPIPREPGQVPAY,Tier3,DFBP,database_binary_label
SSDEEVREEKELDLSSNE,Tier3,DFBP,database_binary_label
TVGGAPAGRIVME,Tier3,DFBP,database_binary_label
VGGIDEVIAK,Tier3,DFBP,database_binary_label
WVAPLK,Tier3,DFBP,database_binary_label
FNVVLK,Tier3,DFBP,database_binary_label
LELPLK,Tier3,DFBP,database_binary_label
LLAPPER,Tier3,DFBP,database_binary_label
FPGLADR,Tier3,DFBP,database_binary_label
FFNPVH,Tier3,DFBP,database_binary_label
QTFQYSRGWTN,Tier3,DFBP,database_binary_label
ACGNLPRMC,Tier3,DFBP,database_binary_label
ACNLPRMC,Tier3,DFBP,database_binary_label
AGCGCEAMFAGA,Tier3,DFBP,database_binary_label
PPHMLP,Tier3,DFBP,database_binary_label
PPMHLP,Tier3,DFBP,database_binary_label
PLPPHMLP,Tier3,DFBP,database_binary_label
PLPLHMLP,Tier3,DFBP,database_binary_label
ACSNHSPLGWRGH,Tier3,DFBP,database_binary_label
LSSLEMGSLGALFVCM,Tier3,DFBP,database_binary_label
LVTGDDKTNLK,Tier3,DFBP,database_binary_label
DTGSDKKQL,Tier3,DFBP,database_binary_label
TVFDGELR,Tier3,DFBP,database_binary_label
LVYIIQGR,Tier3,DFBP,database_binary_label
ADVFNPR,Tier3,DFBP,database_binary_label
CAGVSAIR,Tier3,DFBP,database_binary_label
SPFWNINAHS,Tier3,DFBP,database_binary_label
GKGEGGGGLA,Tier3,DFBP,database_binary_label
EFFDVSNEQ,Tier3,DFBP,database_binary_label
HIAGKSSIFRA,Tier3,DFBP,database_binary_label
MPVDVIANAYR,Tier3,DFBP,database_binary_label
VVYFDQTQAQA,Tier3,DFBP,database_binary_label
TAGTGGGQFQPMR,Tier3,DFBP,database_binary_label
KEFLLAGNNNRA,Tier3,DFBP,database_binary_label
FDTADLPSGKGYL,Tier3,DFBP,database_binary_label
AVYVYDVNNNANQ,Tier3,DFBP,database_binary_label
AAAAAGGGEGEG,Tier3,DFBP,database_binary_label
YQETSSSSSQ,Tier3,DFBP,database_binary_label
RVQVVNNNGK,Tier3,DFBP,database_binary_label
HNAVDSQIAGKA,Tier3,DFBP,database_binary_label
YSEEQQPSTR,Tier3,DFBP,database_binary_label
QVVRSDQGSVR,Tier3,DFBP,database_binary_label
YQETSSSSSQE,Tier3,DFBP,database_binary_label
LPENAKVDQVK,Tier3,DFBP,database_binary_label
TMAEYHHQDQ,Tier3,DFBP,database_binary_label
GEQQQQPGMTR,Tier3,DFBP,database_binary_label
AGTGAGAGGGAGTKTSS,Tier3,DFBP,database_binary_label
SEALGVSSQVARQ,Tier3,DFBP,database_binary_label
YQETSSSSSQEQ,Tier3,DFBP,database_binary_label
GGRLDSGKQPPRQ,Tier3,DFBP,database_binary_label
QAGTGAGAGGGAGTKTSS,Tier3,DFBP,database_binary_label
KKSKADLTEVTHK,Tier3,DFBP,database_binary_label
QQFQQSGQAQLTE,Tier3,DFBP,database_binary_label
AAVKKMYDIQAKK,Tier3,DFBP,database_binary_label
VEVGGGARAP,Tier3,DFBP,database_binary_label
YNILSGFDTEL,Tier3,DFBP,database_binary_label
EFFDVSNELFQ,Tier3,DFBP,database_binary_label
QNIFSGFSTELLS,Tier3,DFBP,database_binary_label
SPFLQSAAFQLRN,Tier3,DFBP,database_binary_label
VVSNFGKTVFDGVL,Tier3,DFBP,database_binary_label
VVALALI,Tier3,DFBP,database_binary_label
AQQQEQAQQQEQ,Tier3,DFBP,database_binary_label
SSAPGGGRP,Tier3,DFBP,database_binary_label
AEDKKLIQ,Tier3,DFBP,database_binary_label
FSGGE,Tier3,DFBP,database_binary_label
SY,Tier3,DFBP,database_binary_label
LDIQKEV,Tier3,DFBP,database_binary_label
TAAIVNTA,Tier3,DFBP,database_binary_label
YVHPFHL,Tier3,DFBP,database_binary_label
SMRKPPG,Tier3,DFBP,database_binary_label
LHDELT,Tier3,DFBP,database_binary_label
KEEKFE,Tier3,DFBP,database_binary_label
QITEGEDGGG,Tier3,DFBP,database_binary_label
VEGNLQVLRPR,Tier3,DFBP,database_binary_label
LAGNPHQQQQN,Tier3,DFBP,database_binary_label
HNLDTQTESDV,Tier3,DFBP,database_binary_label
AGNDGFEYVTLK,Tier3,DFBP,database_binary_label
WSVWEQELEDR,Tier3,DFBP,database_binary_label
QQRQQQGL,Tier3,DFBP,database_binary_label
AELQVVDHLGQTV,Tier3,DFBP,database_binary_label
EQEEEESTGRMK,Tier3,DFBP,database_binary_label
SGGY,Tier3,DFBP,database_binary_label
DLVKVEA,Tier3,DFBP,database_binary_label
GAHTGPRKPFKPR,Tier3,DFBP,database_binary_label
GMPGFDVR,Tier3,DFBP,database_binary_label
ADASVLPK,Tier3,DFBP,database_binary_label
TEFHLL,Tier3,DFBP,database_binary_label
VLPVP,Tier3,DFBP,database_binary_label
IVPK,Tier3,DFBP,database_binary_label
LVPK,Tier3,DFBP,database_binary_label
SCQDQPTTLAR,Tier3,DFBP,database_binary_label
TIDMESTEVFTKK,Tier3,DFBP,database_binary_label
YIQKEDVPSER,Tier3,DFBP,database_binary_label
RQSHFANAQP,Tier3,DFBP,database_binary_label
NRYHE,Tier3,DFBP,database_binary_label
YSNQNGRF,Tier3,DFBP,database_binary_label
QRNNPY,Tier3,DFBP,database_binary_label
FVLPH,Tier3,DFBP,database_binary_label
KFFPS,Tier3,DFBP,database_binary_label
QTPRY,Tier3,DFBP,database_binary_label
NQNGRFY,Tier3,DFBP,database_binary_label
QNGRFY,Tier3,DFBP,database_binary_label
NGRFY,Tier3,DFBP,database_binary_label
GSIFVPH,Tier3,DFBP,database_binary_label
IFVPH,Tier3,DFBP,database_binary_label
QWDRQ,Tier3,DFBP,database_binary_label
SSHWSS,Tier3,DFBP,database_binary_label
WDTRGQ,Tier3,DFBP,database_binary_label
SHNPF,Tier3,DFBP,database_binary_label
VSPHLP,Tier3,DFBP,database_binary_label
HHQDPPW,Tier3,DFBP,database_binary_label
REPKW,Tier3,DFBP,database_binary_label
DVFNPR,Tier3,DFBP,database_binary_label
WNMNAH,Tier3,DFBP,database_binary_label
LHSMK,Tier3,DFBP,database_binary_label
HC,Tier3,DFBP,database_binary_label
CTN,Tier3,DFBP,database_binary_label
CGN,Tier3,DFBP,database_binary_label
LAN,Tier3,DFBP,database_binary_label
LAF,Tier3,DFBP,database_binary_label
CSGD,Tier3,DFBP,database_binary_label
MMGW,Tier3,DFBP,database_binary_label
QFAAD,Tier3,DFBP,database_binary_label
ERF,Tier3,DFBP,database_binary_label
EYW,Tier3,DFBP,database_binary_label
FLQL,Tier3,DFBP,database_binary_label
QFAW,Tier3,DFBP,database_binary_label
SPW,Tier3,DFBP,database_binary_label
MKW,Tier3,DFBP,database_binary_label
STW,Tier3,DFBP,database_binary_label
ETW,Tier3,DFBP,database_binary_label
SVW,Tier3,DFBP,database_binary_label
CNW,Tier3,DFBP,database_binary_label
DHW,Tier3,DFBP,database_binary_label
GQW,Tier3,DFBP,database_binary_label
SQW,Tier3,DFBP,database_binary_label
PQGPIGVP,Tier3,DFBP,database_binary_label
QGLQGLPGT,Tier3,DFBP,database_binary_label
GTPGLQGMPGER,Tier3,DFBP,database_binary_label
APGPAGARGN,Tier3,DFBP,database_binary_label
QGPPGPAGPA,Tier3,DFBP,database_binary_label
GPSGPPGPKGN,Tier3,DFBP,database_binary_label
GPAGPTGARGAP,Tier3,DFBP,database_binary_label
QETTGVEGPKGDT,Tier3,DFBP,database_binary_label
GPRGLPGERGRPGA,Tier3,DFBP,database_binary_label
GPAGSPGFQGLPGPAG,Tier3,DFBP,database_binary_label
SRGLPGME,Tier3,DFBP,database_binary_label
KGPPGEIGR,Tier3,DFBP,database_binary_label
SDGFQF,Tier3,DFBP,database_binary_label
PAGLPGPA,Tier3,DFBP,database_binary_label
GAPGPAGQVGAP,Tier3,DFBP,database_binary_label
GSPGADGPIGAPG,Tier3,DFBP,database_binary_label
PGAEGAPGRDGAAGPK,Tier3,DFBP,database_binary_label
PGEKGSPGADGPIGAP,Tier3,DFBP,database_binary_label
ASGLCPEEAVPRR,Tier3,DFBP,database_binary_label
TPCPPQ,Tier3,DFBP,database_binary_label
DNLLN,Tier3,DFBP,database_binary_label
NKGPR,Tier3,DFBP,database_binary_label
RGLSK,Tier3,DFBP,database_binary_label
FLFSLIPSAISGLISAFK,Tier3,Peptipedia,database_binary_label
GFGSLFKFLAKKVAKTVAKQAAKQGAKYIANKQME,Tier3,Peptipedia,database_binary_label
FWGALIKGAAKLIPSVVGLFKKKQ,Tier3,Peptipedia,database_binary_label
FIGTALGIASAIPAIVKLFK,Tier3,Peptipedia,database_binary_label
LKLKSIVSWAKKVL,Tier3,Peptipedia,database_binary_label
CVVSSGWKWNYKIRCKLTGNC,Tier3,Peptipedia,database_binary_label
KYYGNGVTCGKHSCSVDWGKATTCIINNGAMAWATGGHQGNHKC,Tier3,Peptipedia,database_binary_label
RILTMTKRVKMPQLYKQIVCRLFKTC,Tier3,Peptipedia,database_binary_label
ALWKDILKNVGKAAGKAVLNTVTDMVNQ,Tier3,Peptipedia,database_binary_label
ALWKDILKNAGKAALNEINQIVQ,Tier3,Peptipedia,database_binary_label
LFGFLIKLIPSLFGALSNIGRNRNQ,Tier3,Peptipedia,database_binary_label
PLGG,Tier3,Peptipedia,database_binary_label
GIGGKILSGLKTALKGAAKELASTYLH,Tier3,Peptipedia,database_binary_label
GFGALFKFLAKKVAKTVAKQAAKQGAKYVVNKQME,Tier3,Peptipedia,database_binary_label
AKAWGIPPHVIPQIVPVRIRPLCGNV,Tier3,Peptipedia,database_binary_label
GAPKGCWTKSYPPQPCFGKK,Tier3,Peptipedia,database_binary_label
FLPVLGKVIKLVGGLL,Tier3,Peptipedia,database_binary_label
GFGSLFKFLAKKVAKTVAKQAAKQGAKYVANKHME,Tier3,Peptipedia,database_binary_label
SIITMTKEAKLPQLWKQIACRLYNTC,Tier3,Peptipedia,database_binary_label
YEY,Tier3,Peptipedia,database_binary_label
YQL,Tier3,Peptipedia,database_binary_label
LVP,Tier3,Peptipedia,database_binary_label
IKL,Tier3,Peptipedia,database_binary_label
ISW,Tier3,Peptipedia,database_binary_label
KKY,Tier3,Peptipedia,database_binary_label
ERF,Tier3,Peptipedia,database_binary_label
QKW,Tier3,Peptipedia,database_binary_label
LLR,Tier3,Peptipedia,database_binary_label
YYG,Tier3,Peptipedia,database_binary_label
YGY,Tier3,Peptipedia,database_binary_label
GYY,Tier3,Peptipedia,database_binary_label
YYY,Tier3,Peptipedia,database_binary_label
WYSL,Tier3,Peptipedia,database_binary_label
WYS,Tier3,Peptipedia,database_binary_label
YVE,Tier3,Peptipedia,database_binary_label
WYSLA,Tier3,Peptipedia,database_binary_label
APGAGVY,Tier3,Peptipedia,database_binary_label
DRVYIHPFHL,Tier3,Peptipedia,database_binary_label
MPFPKYPVQPF,Tier3,Peptipedia,database_binary_label
YPFPGPIN,Tier3,Peptipedia,database_binary_label
YPVEPF,Tier3,Peptipedia,database_binary_label
KAVPYPQ,Tier3,Peptipedia,database_binary_label
WYSLAM,Tier3,Peptipedia,database_binary_label
WYSLAMA,Tier3,Peptipedia,database_binary_label
EDDQMDPMAK,Tier3,Peptipedia,database_binary_label
QNWDFCEAWEPCF,Tier3,Peptipedia,database_binary_label
VYY,Tier3,Peptipedia,database_binary_label
LLPF,Tier3,Peptipedia,database_binary_label
WVSPLAGRT,Tier3,Peptipedia,database_binary_label
IGFLIIWV,Tier3,Peptipedia,database_binary_label
WYY,Tier3,Peptipedia,database_binary_label
GLFSKKGGKGGKSWIKGVFKGIKGIGKEVGGDVIRTGIEIAACKIKGEC,Tier3,Peptipedia,database_binary_label
SLFSLIKAGAKFLGKNMLKQGPQYPACKVSKDSENVNWKS,Tier3,Peptipedia,database_binary_label
GLISTIWNTASNVAGTLTDSVKCKFKKC,Tier3,Peptipedia,database_binary_label
EGCNILCLLKRKVKAVKNVVKNVVKSVVG,Tier3,Peptipedia,database_binary_label
FLPFFAACAITRKC,Tier3,Peptipedia,database_binary_label
GPE,Tier3,Peptipedia,database_binary_label
KKCNFFCKLKKKVKSVGSRNLIGSATHHHRIYRV,Tier3,Peptipedia,database_binary_label
MTPLWRIMGTKPYGAYCQNNYECSTGVCRKGHCSFSQPLNS,Tier3,Peptipedia,database_binary_label
MTPLWRILASKPQGAYCHDHIECSTGLCR,Tier3,Peptipedia,database_binary_label
KEMPFPKYPVE,Tier3,Peptipedia,database_binary_label
WMHQPPQPLPPTVMFPPQSVL,Tier3,Peptipedia,database_binary_label
MHQPPQPLPPTVMFPPQSVL,Tier3,Peptipedia,database_binary_label
HQPPQPLPPTVMFPPQSVL,Tier3,Peptipedia,database_binary_label
QEPVLGPVRGPFPILV,Tier3,Peptipedia,database_binary_label
QEPVLGPVRGPFPI,Tier3,Peptipedia,database_binary_label
PVLGPVRGPFPI,Tier3,Peptipedia,database_binary_label
TDAPSFSDIPNPIGSENSGK,Tier3,Peptipedia,database_binary_label
DIPNPIGSENSGKTTMPLW,Tier3,Peptipedia,database_binary_label
IPNPIGSENSGKIT,Tier3,Peptipedia,database_binary_label
NAGPFTPTVNR,Tier3,Peptipedia,database_binary_label
YQGPIVLNPWDQVKR,Tier3,Peptipedia,database_binary_label
YQGPIVLNPWDQVK,Tier3,Peptipedia,database_binary_label
GPIVLNPWDQVKR,Tier3,Peptipedia,database_binary_label
VLNPWDQVKR,Tier3,Peptipedia,database_binary_label
VPYPQR,Tier3,Peptipedia,database_binary_label
KVLPVPQK,Tier3,Peptipedia,database_binary_label
SKWQHQQDSCRKQKQGVNLTPCEKHIMEKIQGRGDDDDDDDDD,Tier3,Peptipedia,database_binary_label
EPVLGPVRGPFPI,Tier3,Peptipedia,database_binary_label
SKVLPVPQKAVPYPQ,Tier3,Peptipedia,database_binary_label
SGYYMH,Tier3,Peptipedia,database_binary_label
LGTFQN,Tier3,Peptipedia,database_binary_label
LHALLL,Tier3,Peptipedia,database_binary_label
VKEAMAPK,Tier3,Peptipedia,database_binary_label
YVL,Tier3,Peptipedia,database_binary_label
YSL,Tier3,Peptipedia,database_binary_label
YGGFM,Tier3,Peptipedia,database_binary_label
PMDYMVT,Tier3,Peptipedia,database_binary_label
LPTSEAAKY,Tier3,Peptipedia,database_binary_label
RYLGYLE,Tier3,Peptipedia,database_binary_label
GGTCVIRGCVPKKLM,Tier3,Peptipedia,database_binary_label
VPYPQ,Tier3,Peptipedia,database_binary_label
RWR,Tier3,Peptipedia,database_binary_label
LKLKSIVSYAKKVL,Tier3,Peptipedia,database_binary_label
LWE,Tier3,Peptipedia,database_binary_label
AFGPE,Tier3,Peptipedia,database_binary_label
DEVPR,Tier3,Peptipedia,database_binary_label
DGDPLLDQ,Tier3,Peptipedia,database_binary_label
ESGAVTE,Tier3,Peptipedia,database_binary_label
FDAVGVK,Tier3,Peptipedia,database_binary_label
FGPEMEQ,Tier3,Peptipedia,database_binary_label
FVLGL,Tier3,Peptipedia,database_binary_label
LAGNPENE,Tier3,Peptipedia,database_binary_label
LAGNPQDE,Tier3,Peptipedia,database_binary_label
LFSPR,Tier3,Peptipedia,database_binary_label
LLAQA,Tier3,Peptipedia,database_binary_label
LLES,Tier3,Peptipedia,database_binary_label
LLMQ,Tier3,Peptipedia,database_binary_label
LLNDE,Tier3,Peptipedia,database_binary_label
LLPGANH,Tier3,Peptipedia,database_binary_label
LQAE,Tier3,Peptipedia,database_binary_label
LYSPH,Tier3,Peptipedia,database_binary_label
LYTPH,Tier3,Peptipedia,database_binary_label
NGDPLLDQ,Tier3,Peptipedia,database_binary_label
NLGDPS,Tier3,Peptipedia,database_binary_label
NLGNPE,Tier3,Peptipedia,database_binary_label
NLPLL,Tier3,Peptipedia,database_binary_label
PSLPA,Tier3,Peptipedia,database_binary_label
QLPLL,Tier3,Peptipedia,database_binary_label
TELAL,Tier3,Peptipedia,database_binary_label
VTYDYYKN,Tier3,Peptipedia,database_binary_label
VVNE,Tier3,Peptipedia,database_binary_label
YGPQQQE,Tier3,Peptipedia,database_binary_label
DSEGHRTAPCYVMKILF,Tier3,Peptipedia,database_binary_label
HHLGGAKQAGDV,Tier3,Peptipedia,database_binary_label
LLNDEVKEGQ,Tier3,Peptipedia,database_binary_label
QLNEPDNRLQ,Tier3,Peptipedia,database_binary_label
QLPEPDNRLQ,Tier3,Peptipedia,database_binary_label
PGWNQWFL,Tier3,Peptipedia,database_binary_label
VEVLPPAEL,Tier3,Peptipedia,database_binary_label
LNGDVW,Tier3,Peptipedia,database_binary_label
ADF,Tier3,Peptipedia,database_binary_label
AIRQGDVF,Tier3,Peptipedia,database_binary_label
ALEPDHR,Tier3,Peptipedia,database_binary_label
DDLPR,Tier3,Peptipedia,database_binary_label
DHHQ,Tier3,Peptipedia,database_binary_label
FDGEVK,Tier3,Peptipedia,database_binary_label
FPLEMMPF,Tier3,Peptipedia,database_binary_label
FVPH,Tier3,Peptipedia,database_binary_label
HHLP,Tier3,Peptipedia,database_binary_label
HHP,Tier3,Peptipedia,database_binary_label
HHPL,Tier3,Peptipedia,database_binary_label
HHPLL,Tier3,Peptipedia,database_binary_label
HLH,Tier3,Peptipedia,database_binary_label
HLHP,Tier3,Peptipedia,database_binary_label
HLPH,Tier3,Peptipedia,database_binary_label
HPH,Tier3,Peptipedia,database_binary_label
HPHL,Tier3,Peptipedia,database_binary_label
HPLH,Tier3,Peptipedia,database_binary_label
HVAGTVA,Tier3,Peptipedia,database_binary_label
LHPH,Tier3,Peptipedia,database_binary_label
LLHH,Tier3,Peptipedia,database_binary_label
LLPH,Tier3,Peptipedia,database_binary_label
LLPHHH,Tier3,Peptipedia,database_binary_label
LPHH,Tier3,Peptipedia,database_binary_label
LRTLPM,Tier3,Peptipedia,database_binary_label
LYPY,Tier3,Peptipedia,database_binary_label
MDGAP,Tier3,Peptipedia,database_binary_label
MGSPT,Tier3,Peptipedia,database_binary_label
NFHPQ,Tier3,Peptipedia,database_binary_label
PHH,Tier3,Peptipedia,database_binary_label
PLHH,Tier3,Peptipedia,database_binary_label
PQIPEQF,Tier3,Peptipedia,database_binary_label
PYY,Tier3,Peptipedia,database_binary_label
RPNYTDA,Tier3,Peptipedia,database_binary_label
SAEHGSLH,Tier3,Peptipedia,database_binary_label
SDF,Tier3,Peptipedia,database_binary_label
SVNVPL,Tier3,Peptipedia,database_binary_label
TRTGDPFF,Tier3,Peptipedia,database_binary_label
TSQLLSDQ,Tier3,Peptipedia,database_binary_label
TTYY,Tier3,Peptipedia,database_binary_label
VFPW,Tier3,Peptipedia,database_binary_label
VGAPSVS,Tier3,Peptipedia,database_binary_label
VGPLSPT,Tier3,Peptipedia,database_binary_label
VLDTGLAGA,Tier3,Peptipedia,database_binary_label
VLEANPRSF,Tier3,Peptipedia,database_binary_label
VLSPPFTGE,Tier3,Peptipedia,database_binary_label
VPLSPT,Tier3,Peptipedia,database_binary_label
VPW,Tier3,Peptipedia,database_binary_label
VVVVPH,Tier3,Peptipedia,database_binary_label
WPL,Tier3,Peptipedia,database_binary_label
YHH,Tier3,Peptipedia,database_binary_label
LLPHH,Tier3,Peptipedia,database_binary_label
LVNPHDHQN,Tier3,Peptipedia,database_binary_label
VIPAGYP,Tier3,Peptipedia,database_binary_label
VNPHDHQN,Tier3,Peptipedia,database_binary_label
LHH,Tier3,Peptipedia,database_binary_label
AEYVRLY,Tier3,Peptipedia,database_binary_label
AGLQFPVGR,Tier3,Peptipedia,database_binary_label
AIILHQ,Tier3,Peptipedia,database_binary_label
AIILHQQ,Tier3,Peptipedia,database_binary_label
AIILHQQQ,Tier3,Peptipedia,database_binary_label
AMPVEVVQF,Tier3,Peptipedia,database_binary_label
DLTDFL,Tier3,Peptipedia,database_binary_label
ENLQNYRLL,Tier3,Peptipedia,database_binary_label
ESTAKQVIR,Tier3,Peptipedia,database_binary_label
ESTLHLVLR,Tier3,Peptipedia,database_binary_label
FLPF,Tier3,Peptipedia,database_binary_label
GTFLQPHQ,Tier3,Peptipedia,database_binary_label
HQTSEFK,Tier3,Peptipedia,database_binary_label
IILHQQQ,Tier3,Peptipedia,database_binary_label
LLTC,Tier3,Peptipedia,database_binary_label
LTADILPR,Tier3,Peptipedia,database_binary_label
MFIF,Tier3,Peptipedia,database_binary_label
PSIVGRP,Tier3,Peptipedia,database_binary_label
QTVAVGVIK,Tier3,Peptipedia,database_binary_label
VAITLTMK,Tier3,Peptipedia,database_binary_label
VLLHLK,Tier3,Peptipedia,database_binary_label
VLPPQQQY,Tier3,Peptipedia,database_binary_label
VMTVHNTPY,Tier3,Peptipedia,database_binary_label
VPPSKLSP,Tier3,Peptipedia,database_binary_label
VSKSVLVK,Tier3,Peptipedia,database_binary_label
AQIPQQ,Tier3,Peptipedia,database_binary_label
LQPGQGQQG,Tier3,Peptipedia,database_binary_label
KHDRGDEF,Tier3,Peptipedia,database_binary_label
FRDEHKK,Tier3,Peptipedia,database_binary_label
FLGQQQPFPPQQPYPQPQPFPSQQP,Tier3,Peptipedia,database_binary_label
FLGQQQPFPPQQPYPQPQPFPSQQPY,Tier3,Peptipedia,database_binary_label
KKVGYNPDKIPFVPISGFEGDNMIER,Tier3,Peptipedia,database_binary_label
TVVPPKGGSFYPGETTPLQQ,Tier3,Peptipedia,database_binary_label
LGQQQPFPPQQPYPQPQPFPSQQPY,Tier3,Peptipedia,database_binary_label
DHHQVYSPGEQ,Tier3,Peptipedia,database_binary_label
LNSGDALRVPSGTTYY,Tier3,Peptipedia,database_binary_label
QKPFPQQPPF,Tier3,Peptipedia,database_binary_label
TETWNPNHPEL,Tier3,Peptipedia,database_binary_label
YFPVGGDRPESF,Tier3,Peptipedia,database_binary_label
LLPHHADADY,Tier3,Peptipedia,database_binary_label
LQSGDALRVPSGTTYY,Tier3,Peptipedia,database_binary_label
AAPFPGQKSLQR,Tier3,Peptipedia,database_binary_label
ACSNHSPLGWRGH,Tier3,Peptipedia,database_binary_label
AGFAGDDAPR,Tier3,Peptipedia,database_binary_label
AQGTFLQPHQ,Tier3,Peptipedia,database_binary_label
AVFPSIVGRPR,Tier3,Peptipedia,database_binary_label
EGGDGGYGGGGGGSRW,Tier3,Peptipedia,database_binary_label
EGGGGGYGGGGGGYGGR,Tier3,Peptipedia,database_binary_label
GGGGYGGGGGGYGGGGGGY,Tier3,Peptipedia,database_binary_label
GGVLPNINPVL,Tier3,Peptipedia,database_binary_label
GLLGKNFTSK,Tier3,Peptipedia,database_binary_label
GPIYSNEFGKF,Tier3,Peptipedia,database_binary_label
GPIYSNEFGKFF,Tier3,Peptipedia,database_binary_label
GPSSSPDIYNPEAGRIK,Tier3,Peptipedia,database_binary_label
GTIAGGGVIPH,Tier3,Peptipedia,database_binary_label
IGGIGTVPVGR,Tier3,Peptipedia,database_binary_label
IGPSSSPDIYNPEAGRIK,Tier3,Peptipedia,database_binary_label
IIGATNPAESAPGTIR,Tier3,Peptipedia,database_binary_label
IKGTIAGGGVIPH,Tier3,Peptipedia,database_binary_label
LAQGTFLQPHQ,Tier3,Peptipedia,database_binary_label
LASSGIDHEGRLPR,Tier3,Peptipedia,database_binary_label
LDSCKDYVME,Tier3,Peptipedia,database_binary_label
MIAFNKEQDTDLQSK,Tier3,Peptipedia,database_binary_label
NSSYFVEWIPNNVK,Tier3,Peptipedia,database_binary_label
REGGGGGYGGGGGGYGGR,Tier3,Peptipedia,database_binary_label
STTTGHLIYK,Tier3,Peptipedia,database_binary_label
TKMDEGVVTKK,Tier3,Peptipedia,database_binary_label
TSLDLPVLRW,Tier3,Peptipedia,database_binary_label
TSVEIITSSK,Tier3,Peptipedia,database_binary_label
TTAGILLPEK,Tier3,Peptipedia,database_binary_label
TVTSLDLPVLRW,Tier3,Peptipedia,database_binary_label
TVVPPKGGSFYPGETTP,Tier3,Peptipedia,database_binary_label
VETGVIKPGM,Tier3,Peptipedia,database_binary_label
VLVSGSIHYPR,Tier3,Peptipedia,database_binary_label
VTSLDLPVLRW,Tier3,Peptipedia,database_binary_label
VVVNIPPTLK,Tier3,Peptipedia,database_binary_label
YFPTQALNFAFK,Tier3,Peptipedia,database_binary_label
YGVSGYPTLK,Tier3,Peptipedia,database_binary_label
QQQTED,Tier3,Peptipedia,database_binary_label
NSKKTVD,Tier3,Peptipedia,database_binary_label
TVQVT,Tier3,Peptipedia,database_binary_label
TVQVTST,Tier3,Peptipedia,database_binary_label
PIGSENS,Tier3,Peptipedia,database_binary_label
IESPPEIN,Tier3,Peptipedia,database_binary_label
VIESPPEIN,Tier3,Peptipedia,database_binary_label
GVRGPFPII,Tier3,Peptipedia,database_binary_label
VFGKEKVNEL,Tier3,Peptipedia,database_binary_label
ELQDKIHPF,Tier3,Peptipedia,database_binary_label
QQPVLGPVRGPFP,Tier3,Peptipedia,database_binary_label
MAPKHKEMPFPKYPVQPF,Tier3,Peptipedia,database_binary_label
SLVYPFPGPIPN,Tier3,Peptipedia,database_binary_label
TQTPVVVPPFLQPE,Tier3,Peptipedia,database_binary_label
YQQPVLGPVRGPFPII,Tier3,Peptipedia,database_binary_label
RDMPIQAFLL,Tier3,Peptipedia,database_binary_label
MAPKHEMPFPKYP,Tier3,Peptipedia,database_binary_label
SLPQNIPPLTQTPVVVPFLQPEVM,Tier3,Peptipedia,database_binary_label
NIPPLTQTPVVVPFLQPEVM,Tier3,Peptipedia,database_binary_label
VYPFPGPIPN,Tier3,Peptipedia,database_binary_label
PVRGLHP,Tier3,Peptipedia,database_binary_label
VLSLSQSKVLPVPQK,Tier3,Peptipedia,database_binary_label
VLSLSQSKVLPVPQKAVPYPQRDMPIQA,Tier3,Peptipedia,database_binary_label
HIQKEDVPSER,Tier3,Peptipedia,database_binary_label
ARHPHPHLSFM,Tier3,Peptipedia,database_binary_label
MAPAAVAAAEAGSK,Tier3,Peptipedia,database_binary_label
DNIPIVIR,Tier3,Peptipedia,database_binary_label
AIAGAGVLSGYDQLQILFFGK,Tier3,Peptipedia,database_binary_label
GNQEKVLELVQR,Tier3,Peptipedia,database_binary_label
PAGSAAGAAP,Tier3,Peptipedia,database_binary_label
EALEAMFL,Tier3,Peptipedia,database_binary_label
AAGAAAAARSAGQCGR,Tier3,Peptipedia,database_binary_label
ITFAAYRR,Tier3,Peptipedia,database_binary_label
HPVPPKKK,Tier3,Peptipedia,database_binary_label
VFVDEGLEVLGWRPVPFNVSVVGRNAK,Tier3,Peptipedia,database_binary_label
RLSLPAGAPVTVAVSP,Tier3,Peptipedia,database_binary_label
NANGELCPNNMCCSQWGYCGLGSEFCGNGCQSGACCPEK,Tier3,Peptipedia,database_binary_label
LCPVHRAADL,Tier3,Peptipedia,database_binary_label
PAEMVAAALDR,Tier3,Peptipedia,database_binary_label
KVALMSAGSMH,Tier3,Peptipedia,database_binary_label
DLADIPQQQRLMAGLALVVATVIFLK,Tier3,Peptipedia,database_binary_label
KNGSIFNSPSATAATIIHGHNYSGLAYLDFVTSK,Tier3,Peptipedia,database_binary_label
YEWEPTVPNFDVAKDVTDM,Tier3,Peptipedia,database_binary_label
GVSNAAVVAGGH,Tier3,Peptipedia,database_binary_label
DAQEFKR,Tier3,Peptipedia,database_binary_label
PPGPGPGPPPPPGAAGRGGGG,Tier3,Peptipedia,database_binary_label
HKEMQAIFDVYIMFIN,Tier3,Peptipedia,database_binary_label
APFPEVFGKEKVNEL,Tier3,Peptipedia,database_binary_label
GVSKVKEAMAPKH,Tier3,Peptipedia,database_binary_label
IHH,Tier3,Peptipedia,database_binary_label
IRGCRL,Tier3,Peptipedia,database_binary_label
YYIVS,Tier3,Peptipedia,database_binary_label
DEQIPSHPPR,Tier3,Peptipedia,database_binary_label
LLGPGLTNHA,Tier3,Peptipedia,database_binary_label
LMSYMWSTSM,Tier3,Peptipedia,database_binary_label
LPWRPATNVF,Tier3,Peptipedia,database_binary_label
NIQFNEQKAL,Tier3,Peptipedia,database_binary_label
PEILPDGDHD,Tier3,Peptipedia,database_binary_label
RPDFDLEPPY,Tier3,Peptipedia,database_binary_label
SLVNNDDRDS,Tier3,Peptipedia,database_binary_label
AWDPE,Tier3,Peptipedia,database_binary_label
VKVLLEHPVL,Tier3,Peptipedia,database_binary_label
VPKNYFHDIV,Tier3,Peptipedia,database_binary_label
YLAGKPQQEH,Tier3,Peptipedia,database_binary_label
AEERYP,Tier3,Peptipedia,database_binary_label
AGWNIP,Tier3,Peptipedia,database_binary_label
FHNMEK,Tier3,Peptipedia,database_binary_label
GALAAH,Tier3,Peptipedia,database_binary_label
GFGPEL,Tier3,Peptipedia,database_binary_label
GFGPGL,Tier3,Peptipedia,database_binary_label
GIISHR,Tier3,Peptipedia,database_binary_label
GPGGFI,Tier3,Peptipedia,database_binary_label
HMPVTK,Tier3,Peptipedia,database_binary_label
HQIYPV,Tier3,Peptipedia,database_binary_label
HVCYMF,Tier3,Peptipedia,database_binary_label
IDDVLK,Tier3,Peptipedia,database_binary_label
IEAEGE,Tier3,Peptipedia,database_binary_label
ISELGW,Tier3,Peptipedia,database_binary_label
LEDGLK,Tier3,Peptipedia,database_binary_label
LGFEYY,Tier3,Peptipedia,database_binary_label
LLCVAV,Tier3,Peptipedia,database_binary_label
LPHSGY,Tier3,Peptipedia,database_binary_label
LSGYGP,Tier3,Peptipedia,database_binary_label
LTEIIP,Tier3,Peptipedia,database_binary_label
LTTLDS,Tier3,Peptipedia,database_binary_label
MLLFPM,Tier3,Peptipedia,database_binary_label
MPDAHL,Tier3,Peptipedia,database_binary_label
MYPGLA,Tier3,Peptipedia,database_binary_label
NPYVPR,Tier3,Peptipedia,database_binary_label
PHCKRM,Tier3,Peptipedia,database_binary_label
PHHADS,Tier3,Peptipedia,database_binary_label
PKAVHE,Tier3,Peptipedia,database_binary_label
QYDQGV,Tier3,Peptipedia,database_binary_label
RDMPIQ,Tier3,Peptipedia,database_binary_label
VIPMGL,Tier3,Peptipedia,database_binary_label
VPNSYP,Tier3,Peptipedia,database_binary_label
VPVTST,Tier3,Peptipedia,database_binary_label
WAFAPA,Tier3,Peptipedia,database_binary_label
WCTSVS,Tier3,Peptipedia,database_binary_label
WDDMEK,Tier3,Peptipedia,database_binary_label
YFYPQL,Tier3,Peptipedia,database_binary_label
YGYTGA,Tier3,Peptipedia,database_binary_label
AGPSIVH,Tier3,Peptipedia,database_binary_label
CSQAPLA,Tier3,Peptipedia,database_binary_label
DAQEKLE,Tier3,Peptipedia,database_binary_label
FKGPACA,Tier3,Peptipedia,database_binary_label
HFGDPFH,Tier3,Peptipedia,database_binary_label
HGPLGPL,Tier3,Peptipedia,database_binary_label
LTTLDSE,Tier3,Peptipedia,database_binary_label
NGLEGLK,Tier3,Peptipedia,database_binary_label
QLGNLGV,Tier3,Peptipedia,database_binary_label
QVVPYPQ,Tier3,Peptipedia,database_binary_label
SHDAHPE,Tier3,Peptipedia,database_binary_label
SVLGTGC,Tier3,Peptipedia,database_binary_label
SVMPVVA,Tier3,Peptipedia,database_binary_label
TIASGEP,Tier3,Peptipedia,database_binary_label
VDHDHPE,Tier3,Peptipedia,database_binary_label
VGGDGDV,Tier3,Peptipedia,database_binary_label
VHHANEN,Tier3,Peptipedia,database_binary_label
VLSRYPS,Tier3,Peptipedia,database_binary_label
AGWNIPIGT,Tier3,Peptipedia,database_binary_label
AWIRGCRL,Tier3,Peptipedia,database_binary_label
DEDTQAMP,Tier3,Peptipedia,database_binary_label
DRVYIHPF,Tier3,Peptipedia,database_binary_label
EELDNALN,Tier3,Peptipedia,database_binary_label
FAPVPFDF,Tier3,Peptipedia,database_binary_label
LQAEQDDR,Tier3,Peptipedia,database_binary_label
LQPGQGQQ,Tier3,Peptipedia,database_binary_label
NAPVSIPQ,Tier3,Peptipedia,database_binary_label
PSHDAHPE,Tier3,Peptipedia,database_binary_label
PSKYEPFV,Tier3,Peptipedia,database_binary_label
QQRQQQGL,Tier3,Peptipedia,database_binary_label
SNLCRPCG,Tier3,Peptipedia,database_binary_label
VVGGDGDV,Tier3,Peptipedia,database_binary_label
WHNVSGSP,Tier3,Peptipedia,database_binary_label
YPKLAPNE,Tier3,Peptipedia,database_binary_label
YPQLLPNE,Tier3,Peptipedia,database_binary_label
YQEPVLGP,Tier3,Peptipedia,database_binary_label
YSEMPPGK,Tier3,Peptipedia,database_binary_label
YWVTSGPK,Tier3,Peptipedia,database_binary_label
DVFRELRVQ,Tier3,Peptipedia,database_binary_label
FDSGPAGVL,Tier3,Peptipedia,database_binary_label
GDRFQDQHQ,Tier3,Peptipedia,database_binary_label
ALSAF,Tier3,Peptipedia,database_binary_label
AGWNI,Tier3,Peptipedia,database_binary_label
DHTKE,Tier3,Peptipedia,database_binary_label
DSGVT,Tier3,Peptipedia,database_binary_label
DWDPK,Tier3,Peptipedia,database_binary_label
FDEQE,Tier3,Peptipedia,database_binary_label
FFGFN,Tier3,Peptipedia,database_binary_label
FGHPY,Tier3,Peptipedia,database_binary_label
FLLPH,Tier3,Peptipedia,database_binary_label
FMPLH,Tier3,Peptipedia,database_binary_label
FVAGK,Tier3,Peptipedia,database_binary_label
FWKVV,Tier3,Peptipedia,database_binary_label
GSGGL,Tier3,Peptipedia,database_binary_label
GVPLT,Tier3,Peptipedia,database_binary_label
GWNIP,Tier3,Peptipedia,database_binary_label
GYLEQ,Tier3,Peptipedia,database_binary_label
IRWWW,Tier3,Peptipedia,database_binary_label
KGLWE,Tier3,Peptipedia,database_binary_label
KLSDW,Tier3,Peptipedia,database_binary_label
LANAK,Tier3,Peptipedia,database_binary_label
LGFEY,Tier3,Peptipedia,database_binary_label
LYEGY,Tier3,Peptipedia,database_binary_label
MHIRL,Tier3,Peptipedia,database_binary_label
MILMR,Tier3,Peptipedia,database_binary_label
MQFHT,Tier3,Peptipedia,database_binary_label
MWKVW,Tier3,Peptipedia,database_binary_label
NFWWP,Tier3,Peptipedia,database_binary_label
NYKQM,Tier3,Peptipedia,database_binary_label
PYFNK,Tier3,Peptipedia,database_binary_label
PYSFK,Tier3,Peptipedia,database_binary_label
RLKKY,Tier3,Peptipedia,database_binary_label
SALAM,Tier3,Peptipedia,database_binary_label
SNAAC,Tier3,Peptipedia,database_binary_label
TEFTK,Tier3,Peptipedia,database_binary_label
TERGY,Tier3,Peptipedia,database_binary_label
TWKVV,Tier3,Peptipedia,database_binary_label
VGGRP,Tier3,Peptipedia,database_binary_label
VIAPW,Tier3,Peptipedia,database_binary_label
VLWEE,Tier3,Peptipedia,database_binary_label
VLYEE,Tier3,Peptipedia,database_binary_label
VPSGK,Tier3,Peptipedia,database_binary_label
WEGPK,Tier3,Peptipedia,database_binary_label
WLMSA,Tier3,Peptipedia,database_binary_label
WVWWW,Tier3,Peptipedia,database_binary_label
WYGPD,Tier3,Peptipedia,database_binary_label
YASVV,Tier3,Peptipedia,database_binary_label
YFLWP,Tier3,Peptipedia,database_binary_label
YLMSR,Tier3,Peptipedia,database_binary_label
YPELF,Tier3,Peptipedia,database_binary_label
YQKFP,Tier3,Peptipedia,database_binary_label
YVEEL,Tier3,Peptipedia,database_binary_label
HVRETALV,Tier3,Peptipedia,database_binary_label
YGIKVGYAIP,Tier3,Peptipedia,database_binary_label
EDELQDKIHPF,Tier3,Peptipedia,database_binary_label
HNLDTQTESDV,Tier3,Peptipedia,database_binary_label
IGINAENNQRN,Tier3,Peptipedia,database_binary_label
LAGNPHQQQQN,Tier3,Peptipedia,database_binary_label
LNLPTAVYMVT,Tier3,Peptipedia,database_binary_label
LPGPILSSFPQ,Tier3,Peptipedia,database_binary_label
VEGNLQVLRPR,Tier3,Peptipedia,database_binary_label
VNPESQQGSPR,Tier3,Peptipedia,database_binary_label
VPSIDDQEELM,Tier3,Peptipedia,database_binary_label
WSVWEQELEDR,Tier3,Peptipedia,database_binary_label
WYSLAMAASDI,Tier3,Peptipedia,database_binary_label
AADNANELFPPN,Tier3,Peptipedia,database_binary_label
AGNDGFEYVTLK,Tier3,Peptipedia,database_binary_label
EQEEEESTGRMK,Tier3,Peptipedia,database_binary_label
FLKKISQRYQKF,Tier3,Peptipedia,database_binary_label
FVDAQPQQKEEG,Tier3,Peptipedia,database_binary_label
GQFNDKRWIPFG,Tier3,Peptipedia,database_binary_label
IYIEQGNGITGM,Tier3,Peptipedia,database_binary_label
LEELEEELEGCE,Tier3,Peptipedia,database_binary_label
LTEQESGVPVMK,Tier3,Peptipedia,database_binary_label
NGPLQAGQPGER,Tier3,Peptipedia,database_binary_label
STMMEERRMKVY,Tier3,Peptipedia,database_binary_label
VIESPPEINTVQ,Tier3,Peptipedia,database_binary_label
AELQVVDHLGQTV,Tier3,Peptipedia,database_binary_label
IREADIDGDGQVN,Tier3,Peptipedia,database_binary_label
LKQELEDLLEKQE,Tier3,Peptipedia,database_binary_label
MRKPQQEEDDDDE,Tier3,Peptipedia,database_binary_label
NADFGLNGLEGLA,Tier3,Peptipedia,database_binary_label
ALPQYLKTVYQHQK,Tier3,Peptipedia,database_binary_label
AMRLTGNRPCIGAT,Tier3,Peptipedia,database_binary_label
AMRLTGNRPCLYAT,Tier3,Peptipedia,database_binary_label
AMRLTGNRPGLYAT,Tier3,Peptipedia,database_binary_label
AMRLTYNRPCIYAT,Tier3,Peptipedia,database_binary_label
AMRLTYNRPCLGAT,Tier3,Peptipedia,database_binary_label
AMRLTYNRPGLGAT,Tier3,Peptipedia,database_binary_label
AMRLTYNRPGLYAT,Tier3,Peptipedia,database_binary_label
EEEKNRLTKKTKLT,Tier3,Peptipedia,database_binary_label
FVNQPYLLYSVHMK,Tier3,Peptipedia,database_binary_label
GKHQQEEENEGGSI,Tier3,Peptipedia,database_binary_label
HEQKEEHEWHRKEE,Tier3,Peptipedia,database_binary_label
IEWEGIESGSVEQA,Tier3,Peptipedia,database_binary_label
LAGKPQQEHSGEHQ,Tier3,Peptipedia,database_binary_label
LVMFLDNQHRVIRH,Tier3,Peptipedia,database_binary_label
NALEPDHRVESEGG,Tier3,Peptipedia,database_binary_label
PSLVGRPPVGKLTL,Tier3,Peptipedia,database_binary_label
QGPIVLNPWDQVKR,Tier3,Peptipedia,database_binary_label
VKAGFAWTANQQLS,Tier3,Peptipedia,database_binary_label
AIEWEGIESGSVEQA,Tier3,Peptipedia,database_binary_label
KHQGLPQEVLNENLL,Tier3,Peptipedia,database_binary_label
LELHKLRSSHWFSRR,Tier3,Peptipedia,database_binary_label
NTVPAKSCQAQPTTM,Tier3,Peptipedia,database_binary_label
SDRDLLGPNNQYLPK,Tier3,Peptipedia,database_binary_label
VKRRGQDCIHGFCSD,Tier3,Peptipedia,database_binary_label
VLPVPQKKVLPVPQK,Tier3,Peptipedia,database_binary_label
ESTVPERTHPACPDFN,Tier3,Peptipedia,database_binary_label
IAAEVYEHTEGSTTSY,Tier3,Peptipedia,database_binary_label
APSFSDIPNPIGSENSE,Tier3,Peptipedia,database_binary_label
DKTEIPTINTIASGEPT,Tier3,Peptipedia,database_binary_label
LEQQVDDLEGSLEQEKK,Tier3,Peptipedia,database_binary_label
PIAAEVYEHTEGSTTSY,Tier3,Peptipedia,database_binary_label
EKDDTGTPITKIELVPSH,Tier3,Peptipedia,database_binary_label
HKEMPFPKYPVEPFTESQ,Tier3,Peptipedia,database_binary_label
IANNEADAISLDGGQVFEAG,Tier3,Peptipedia,database_binary_label
APIRMWYMYRKLTDMEPKPVA,Tier3,Peptipedia,database_binary_label
LNALEPDNTVQSEAGTIETWNPK,Tier3,Peptipedia,database_binary_label
AHK,Tier3,Peptipedia,database_binary_label
VHH,Tier3,Peptipedia,database_binary_label
DLGLGLPGAH,Tier3,Peptipedia,database_binary_label
IKK,Tier3,Peptipedia,database_binary_label
FKK,Tier3,Peptipedia,database_binary_label
FIKK,Tier3,Peptipedia,database_binary_label
YQEP,Tier3,Peptipedia,database_binary_label
YLYP,Tier3,Peptipedia,database_binary_label
PYPQ,Tier3,Peptipedia,database_binary_label
IYPF,Tier3,Peptipedia,database_binary_label
HDH,Tier3,Peptipedia,database_binary_label
HEH,Tier3,Peptipedia,database_binary_label
AHH,Tier3,Peptipedia,database_binary_label
FHH,Tier3,Peptipedia,database_binary_label
WHH,Tier3,Peptipedia,database_binary_label
HFH,Tier3,Peptipedia,database_binary_label
HWH,Tier3,Peptipedia,database_binary_label
HYH,Tier3,Peptipedia,database_binary_label
HHF,Tier3,Peptipedia,database_binary_label
HHW,Tier3,Peptipedia,database_binary_label
HHY,Tier3,Peptipedia,database_binary_label
GHH,Tier3,Peptipedia,database_binary_label
NHH,Tier3,Peptipedia,database_binary_label
QHH,Tier3,Peptipedia,database_binary_label
MHH,Tier3,Peptipedia,database_binary_label
SHH,Tier3,Peptipedia,database_binary_label
THH,Tier3,Peptipedia,database_binary_label
DYY,Tier3,Peptipedia,database_binary_label
YDY,Tier3,Peptipedia,database_binary_label
YYD,Tier3,Peptipedia,database_binary_label
EYY,Tier3,Peptipedia,database_binary_label
YYE,Tier3,Peptipedia,database_binary_label
HYY,Tier3,Peptipedia,database_binary_label
RYY,Tier3,Peptipedia,database_binary_label
YHY,Tier3,Peptipedia,database_binary_label
YRY,Tier3,Peptipedia,database_binary_label
YYH,Tier3,Peptipedia,database_binary_label
YYK,Tier3,Peptipedia,database_binary_label
YYR,Tier3,Peptipedia,database_binary_label
YYA,Tier3,Peptipedia,database_binary_label
YYI,Tier3,Peptipedia,database_binary_label
YYL,Tier3,Peptipedia,database_binary_label
YYV,Tier3,Peptipedia,database_binary_label
YYF,Tier3,Peptipedia,database_binary_label
YYW,Tier3,Peptipedia,database_binary_label
YYN,Tier3,Peptipedia,database_binary_label
YYQ,Tier3,Peptipedia,database_binary_label
YYM,Tier3,Peptipedia,database_binary_label
YYS,Tier3,Peptipedia,database_binary_label
YYT,Tier3,Peptipedia,database_binary_label
YYC,Tier3,Peptipedia,database_binary_label
AYY,Tier3,Peptipedia,database_binary_label
IYY,Tier3,Peptipedia,database_binary_label
YAY,Tier3,Peptipedia,database_binary_label
YIY,Tier3,Peptipedia,database_binary_label
YLY,Tier3,Peptipedia,database_binary_label
YVY,Tier3,Peptipedia,database_binary_label
FYY,Tier3,Peptipedia,database_binary_label
YFY,Tier3,Peptipedia,database_binary_label
YWY,Tier3,Peptipedia,database_binary_label
NYY,Tier3,Peptipedia,database_binary_label
QYY,Tier3,Peptipedia,database_binary_label
YNY,Tier3,Peptipedia,database_binary_label
YMY,Tier3,Peptipedia,database_binary_label
YSY,Tier3,Peptipedia,database_binary_label
YTY,Tier3,Peptipedia,database_binary_label
SYY,Tier3,Peptipedia,database_binary_label
TYY,Tier3,Peptipedia,database_binary_label
YCY,Tier3,Peptipedia,database_binary_label
CYY,Tier3,Peptipedia,database_binary_label
DHH,Tier3,Peptipedia,database_binary_label
EHH,Tier3,Peptipedia,database_binary_label
HHH,Tier3,Peptipedia,database_binary_label
HKH,Tier3,Peptipedia,database_binary_label
HRH,Tier3,Peptipedia,database_binary_label
HAH,Tier3,Peptipedia,database_binary_label
HIH,Tier3,Peptipedia,database_binary_label
HVH,Tier3,Peptipedia,database_binary_label
KHH,Tier3,Peptipedia,database_binary_label
RHH,Tier3,Peptipedia,database_binary_label
LHA,Tier3,Peptipedia,database_binary_label
LHD,Tier3,Peptipedia,database_binary_label
LHE,Tier3,Peptipedia,database_binary_label
LHF,Tier3,Peptipedia,database_binary_label
LHG,Tier3,Peptipedia,database_binary_label
LHI,Tier3,Peptipedia,database_binary_label
LHK,Tier3,Peptipedia,database_binary_label
LHL,Tier3,Peptipedia,database_binary_label
LHM,Tier3,Peptipedia,database_binary_label
LHN,Tier3,Peptipedia,database_binary_label
LHQ,Tier3,Peptipedia,database_binary_label
LHR,Tier3,Peptipedia,database_binary_label
LHS,Tier3,Peptipedia,database_binary_label
LHT,Tier3,Peptipedia,database_binary_label
LHV,Tier3,Peptipedia,database_binary_label
LHW,Tier3,Peptipedia,database_binary_label
LHY,Tier3,Peptipedia,database_binary_label
LWD,Tier3,Peptipedia,database_binary_label
LWF,Tier3,Peptipedia,database_binary_label
LWG,Tier3,Peptipedia,database_binary_label
LWH,Tier3,Peptipedia,database_binary_label
LWI,Tier3,Peptipedia,database_binary_label
LWK,Tier3,Peptipedia,database_binary_label
LWM,Tier3,Peptipedia,database_binary_label
LWN,Tier3,Peptipedia,database_binary_label
LWQ,Tier3,Peptipedia,database_binary_label
LWR,Tier3,Peptipedia,database_binary_label
LWS,Tier3,Peptipedia,database_binary_label
LWT,Tier3,Peptipedia,database_binary_label
LWV,Tier3,Peptipedia,database_binary_label
LWW,Tier3,Peptipedia,database_binary_label
LWY,Tier3,Peptipedia,database_binary_label
PHA,Tier3,Peptipedia,database_binary_label
PHD,Tier3,Peptipedia,database_binary_label
PHE,Tier3,Peptipedia,database_binary_label
PHF,Tier3,Peptipedia,database_binary_label
PHG,Tier3,Peptipedia,database_binary_label
PHI,Tier3,Peptipedia,database_binary_label
PHK,Tier3,Peptipedia,database_binary_label
PHL,Tier3,Peptipedia,database_binary_label
PHM,Tier3,Peptipedia,database_binary_label
PHN,Tier3,Peptipedia,database_binary_label
PHQ,Tier3,Peptipedia,database_binary_label
PHR,Tier3,Peptipedia,database_binary_label
PHS,Tier3,Peptipedia,database_binary_label
PHT,Tier3,Peptipedia,database_binary_label
PHV,Tier3,Peptipedia,database_binary_label
PHW,Tier3,Peptipedia,database_binary_label
PHY,Tier3,Peptipedia,database_binary_label
PWA,Tier3,Peptipedia,database_binary_label
PWD,Tier3,Peptipedia,database_binary_label
PWE,Tier3,Peptipedia,database_binary_label
PWG,Tier3,Peptipedia,database_binary_label
PWH,Tier3,Peptipedia,database_binary_label
PWI,Tier3,Peptipedia,database_binary_label
PWL,Tier3,Peptipedia,database_binary_label
PWN,Tier3,Peptipedia,database_binary_label
PWQ,Tier3,Peptipedia,database_binary_label
PWR,Tier3,Peptipedia,database_binary_label
PWS,Tier3,Peptipedia,database_binary_label
PWT,Tier3,Peptipedia,database_binary_label
PWV,Tier3,Peptipedia,database_binary_label
PWW,Tier3,Peptipedia,database_binary_label
PWY,Tier3,Peptipedia,database_binary_label
RHA,Tier3,Peptipedia,database_binary_label
RHD,Tier3,Peptipedia,database_binary_label
RHE,Tier3,Peptipedia,database_binary_label
RHF,Tier3,Peptipedia,database_binary_label
RHG,Tier3,Peptipedia,database_binary_label
RHI,Tier3,Peptipedia,database_binary_label
RHK,Tier3,Peptipedia,database_binary_label
RHL,Tier3,Peptipedia,database_binary_label
RHM,Tier3,Peptipedia,database_binary_label
RHN,Tier3,Peptipedia,database_binary_label
RHQ,Tier3,Peptipedia,database_binary_label
RHR,Tier3,Peptipedia,database_binary_label
RHS,Tier3,Peptipedia,database_binary_label
RHT,Tier3,Peptipedia,database_binary_label
RHV,Tier3,Peptipedia,database_binary_label
RHW,Tier3,Peptipedia,database_binary_label
RHY,Tier3,Peptipedia,database_binary_label
RWA,Tier3,Peptipedia,database_binary_label
RWE,Tier3,Peptipedia,database_binary_label
RWG,Tier3,Peptipedia,database_binary_label
RWH,Tier3,Peptipedia,database_binary_label
RWI,Tier3,Peptipedia,database_binary_label
RWL,Tier3,Peptipedia,database_binary_label
RWN,Tier3,Peptipedia,database_binary_label
RWT,Tier3,Peptipedia,database_binary_label
RWW,Tier3,Peptipedia,database_binary_label
RWQ,Tier3,Peptipedia,database_binary_label
RWY,Tier3,Peptipedia,database_binary_label
PAGY,Tier3,Peptipedia,database_binary_label
VDYP,Tier3,Peptipedia,database_binary_label
QGAR,Tier3,Peptipedia,database_binary_label
LQGM,Tier3,Peptipedia,database_binary_label
SALLRSIPA,Tier3,Peptipedia,database_binary_label
VKL,Tier3,Peptipedia,database_binary_label
VVKL,Tier3,Peptipedia,database_binary_label
VKV,Tier3,Peptipedia,database_binary_label
PKAV,Tier3,Peptipedia,database_binary_label
LGLNGDDVN,Tier3,Peptipedia,database_binary_label
LARL,Tier3,Peptipedia,database_binary_label
GGE,Tier3,Peptipedia,database_binary_label
GAH,Tier3,Peptipedia,database_binary_label
GAWA,Tier3,Peptipedia,database_binary_label
PHYL,Tier3,Peptipedia,database_binary_label
YGGFL,Tier3,Peptipedia,database_binary_label
KAI,Tier3,Peptipedia,database_binary_label
KVI,Tier3,Peptipedia,database_binary_label
PEL,Tier3,Peptipedia,database_binary_label
YPEL,Tier3,Peptipedia,database_binary_label
HNPI,Tier3,Peptipedia,database_binary_label
YEDCTDCGN,Tier3,Peptipedia,database_binary_label
TFE,Tier3,Peptipedia,database_binary_label
TSTA,Tier3,Peptipedia,database_binary_label
SWN,Tier3,Peptipedia,database_binary_label
MWC,Tier3,Peptipedia,database_binary_label
WNIP,Tier3,Peptipedia,database_binary_label
LSKAQSDFG,Tier3,Peptipedia,database_binary_label
LVEKGDVAFI,Tier3,Peptipedia,database_binary_label
GWNI,Tier3,Peptipedia,database_binary_label
NHAV,Tier3,Peptipedia,database_binary_label
TDY,Tier3,Peptipedia,database_binary_label
NHK,Tier3,Peptipedia,database_binary_label
LVSK,Tier3,Peptipedia,database_binary_label
MEMK,Tier3,Peptipedia,database_binary_label
VAMVPPFET,Tier3,Peptipedia,database_binary_label
YQLD,Tier3,Peptipedia,database_binary_label
YLKT,Tier3,Peptipedia,database_binary_label
TVYQ,Tier3,Peptipedia,database_binary_label
YGLN,Tier3,Peptipedia,database_binary_label
FYQL,Tier3,Peptipedia,database_binary_label
YVGD,Tier3,Peptipedia,database_binary_label
LGNTDYAVH,Tier3,Peptipedia,database_binary_label
DHG,Tier3,Peptipedia,database_binary_label
VGDI,Tier3,Peptipedia,database_binary_label
VCSV,Tier3,Peptipedia,database_binary_label
CAAP,Tier3,Peptipedia,database_binary_label
GGRP,Tier3,Peptipedia,database_binary_label
FIGP,Tier3,Peptipedia,database_binary_label
GIFE,Tier3,Peptipedia,database_binary_label
GFVG,Tier3,Peptipedia,database_binary_label
GAA,Tier3,Peptipedia,database_binary_label
ELLI,Tier3,Peptipedia,database_binary_label
KFPE,Tier3,Peptipedia,database_binary_label
WDR,Tier3,Peptipedia,database_binary_label
FLPE,Tier3,Peptipedia,database_binary_label
AWFS,Tier3,Peptipedia,database_binary_label
QYP,Tier3,Peptipedia,database_binary_label
VAWRNRCKGTD,Tier3,Peptipedia,database_binary_label
WRNRCKGTD,Tier3,Peptipedia,database_binary_label
WIRGCRL,Tier3,Peptipedia,database_binary_label
KCL,Tier3,Peptipedia,database_binary_label
CAQ,Tier3,Peptipedia,database_binary_label
LTC,Tier3,Peptipedia,database_binary_label
CGA,Tier3,Peptipedia,database_binary_label
GEC,Tier3,Peptipedia,database_binary_label
ECA,Tier3,Peptipedia,database_binary_label
WEN,Tier3,Peptipedia,database_binary_label
DLEE,Tier3,Peptipedia,database_binary_label
AWEEREQGSR,Tier3,Peptipedia,database_binary_label
TEVWDSNEQ,Tier3,Peptipedia,database_binary_label
HVIKPPSRA,Tier3,Peptipedia,database_binary_label
ADGF,Tier3,Peptipedia,database_binary_label
AGGF,Tier3,Peptipedia,database_binary_label
ETTL,Tier3,Peptipedia,database_binary_label
SGAF,Tier3,Peptipedia,database_binary_label
LFC,Tier3,Peptipedia,database_binary_label
FCM,Tier3,Peptipedia,database_binary_label
CME,Tier3,Peptipedia,database_binary_label
LAC,Tier3,Peptipedia,database_binary_label
ACQ,Tier3,Peptipedia,database_binary_label
CQC,Tier3,Peptipedia,database_binary_label
QCL,Tier3,Peptipedia,database_binary_label
CLV,Tier3,Peptipedia,database_binary_label
LPM,Tier3,Peptipedia,database_binary_label
VYV,Tier3,Peptipedia,database_binary_label
NEN,Tier3,Peptipedia,database_binary_label
DYK,Tier3,Peptipedia,database_binary_label
KYL,Tier3,Peptipedia,database_binary_label
MHI,Tier3,Peptipedia,database_binary_label
EQC,Tier3,Peptipedia,database_binary_label
CHI,Tier3,Peptipedia,database_binary_label
CERPTCCEHS,Tier3,Peptipedia,database_binary_label
ASDEQDSVRL,Tier3,Peptipedia,database_binary_label
APLEEPSSPH,Tier3,Peptipedia,database_binary_label
FIARNFLLGW,Tier3,Peptipedia,database_binary_label
RDKVYR,Tier3,Peptipedia,database_binary_label
SVL,Tier3,Peptipedia,database_binary_label
RDY,Tier3,Peptipedia,database_binary_label
EAVQ,Tier3,Peptipedia,database_binary_label
YLAGNQEQE,Tier3,Peptipedia,database_binary_label
VVPPFLQPE,Tier3,Peptipedia,database_binary_label
PFPEVFGKE,Tier3,Peptipedia,database_binary_label
IQPKTKVIPYVRYL,Tier3,Peptipedia,database_binary_label
FEQL,Tier3,Peptipedia,database_binary_label
VSYT,Tier3,Peptipedia,database_binary_label
YNI,Tier3,Peptipedia,database_binary_label
ACA,Tier3,Peptipedia,database_binary_label
TGC,Tier3,Peptipedia,database_binary_label
YPFVVN,Tier3,Peptipedia,database_binary_label
YLG,Tier3,Peptipedia,database_binary_label
FSEY,Tier3,Peptipedia,database_binary_label
FWG,Tier3,Peptipedia,database_binary_label
MFLG,Tier3,Peptipedia,database_binary_label
SDPPLVFVG,Tier3,Peptipedia,database_binary_label
YPFVE,Tier3,Peptipedia,database_binary_label
YPW,Tier3,Peptipedia,database_binary_label
YPWT,Tier3,Peptipedia,database_binary_label
QIESW,Tier3,Peptipedia,database_binary_label
SEGFEW,Tier3,Peptipedia,database_binary_label
IDLGTTY,Tier3,Peptipedia,database_binary_label
NLNQCQRYM,Tier3,Peptipedia,database_binary_label
GEGFFEM,Tier3,Peptipedia,database_binary_label
AYI,Tier3,Peptipedia,database_binary_label
WPP,Tier3,Peptipedia,database_binary_label
LGF,Tier3,Peptipedia,database_binary_label
LFV,Tier3,Peptipedia,database_binary_label
VFL,Tier3,Peptipedia,database_binary_label
EDVPSER,Tier3,Peptipedia,database_binary_label
NAVPITPTL,Tier3,Peptipedia,database_binary_label
CGN,Tier3,Peptipedia,database_binary_label
LAN,Tier3,Peptipedia,database_binary_label
CTN,Tier3,Peptipedia,database_binary_label
LAF,Tier3,Peptipedia,database_binary_label
CSGD,Tier3,Peptipedia,database_binary_label
MMGW,Tier3,Peptipedia,database_binary_label
QFAAD,Tier3,Peptipedia,database_binary_label
EYW,Tier3,Peptipedia,database_binary_label
FLQL,Tier3,Peptipedia,database_binary_label
QFAW,Tier3,Peptipedia,database_binary_label
IDLAY,Tier3,Peptipedia,database_binary_label
IPIGP,Tier3,Peptipedia,database_binary_label
AGWACLVG,Tier3,Peptipedia,database_binary_label
QAY,Tier3,Peptipedia,database_binary_label
YSQ,Tier3,Peptipedia,database_binary_label
PHC,Tier3,Peptipedia,database_binary_label
YPQ,Tier3,Peptipedia,database_binary_label
LKYPI,Tier3,Peptipedia,database_binary_label
GPVRGPFPII,Tier3,Peptipedia,database_binary_label
DKIHPF,Tier3,Peptipedia,database_binary_label
YIPIQY,Tier3,Peptipedia,database_binary_label
IAYKPAG,Tier3,Peptipedia,database_binary_label
FALPQYLK,Tier3,Peptipedia,database_binary_label
LVYPFPGPIPN,Tier3,Peptipedia,database_binary_label
HKEMPFPKYPVQPF,Tier3,Peptipedia,database_binary_label
QEPVLGPVRGPFPIIV,Tier3,Peptipedia,database_binary_label
QQPVLGPVRGPFPIIV,Tier3,Peptipedia,database_binary_label
YQEPVLGPVRGPFPIIV,Tier3,Peptipedia,database_binary_label
AYFYPE,Tier3,Peptipedia,database_binary_label
VAGTWY,Tier3,Peptipedia,database_binary_label
GPLGLLGFLGPLGLS,Tier3,Peptipedia,database_binary_label
FLKPLFNAALKLLP,Tier3,Peptipedia,database_binary_label
RYLG,Tier3,Peptipedia,database_binary_label
RYLGY,Tier3,Peptipedia,database_binary_label
AYFYPEL,Tier3,Peptipedia,database_binary_label
YAKPA,Tier3,Peptipedia,database_binary_label
GTQY,Tier3,Peptipedia,database_binary_label
ARHPHP,Tier3,Peptipedia,database_binary_label
RHPHP,Tier3,Peptipedia,database_binary_label
YFYPEL,Tier3,Peptipedia,database_binary_label
RYPS,Tier3,Peptipedia,database_binary_label
SRYPS,Tier3,Peptipedia,database_binary_label
AYPS,Tier3,Peptipedia,database_binary_label
YAKP,Tier3,Peptipedia,database_binary_label
RYQ,Tier3,Peptipedia,database_binary_label
RASDPLLSV,Tier3,Peptipedia,database_binary_label
RNDDLNYIQ,Tier3,Peptipedia,database_binary_label
LAPSLPGKPKPD,Tier3,Peptipedia,database_binary_label
VKP,Tier3,Peptipedia,database_binary_label
VKCFR,Tier3,Peptipedia,database_binary_label
HYVPV,Tier3,Peptipedia,database_binary_label
GLTSK,Tier3,Peptipedia,database_binary_label
MTEEY,Tier3,Peptipedia,database_binary_label
LSNGK,Tier3,Peptipedia,database_binary_label
GEGSGA,Tier3,Peptipedia,database_binary_label
MPACGS,Tier3,Peptipedia,database_binary_label
FYPEL,Tier3,Peptipedia,database_binary_label
IPAGV,Tier3,Peptipedia,database_binary_label
SVYT,Tier3,Peptipedia,database_binary_label
WVYY,Tier3,Peptipedia,database_binary_label
WYT,Tier3,Peptipedia,database_binary_label
EFIQ,Tier3,Peptipedia,database_binary_label
EFLQ,Tier3,Peptipedia,database_binary_label
EFQI,Tier3,Peptipedia,database_binary_label
EFQL,Tier3,Peptipedia,database_binary_label
FEQI,Tier3,Peptipedia,database_binary_label
IEEAF,Tier3,Peptipedia,database_binary_label
IPAGM,Tier3,Peptipedia,database_binary_label
LALPA,Tier3,Peptipedia,database_binary_label
LEEAF,Tier3,Peptipedia,database_binary_label
LPAGV,Tier3,Peptipedia,database_binary_label
LPL,Tier3,Peptipedia,database_binary_label
LQL,Tier3,Peptipedia,database_binary_label
PSIPA,Tier3,Peptipedia,database_binary_label
WSY,Tier3,Peptipedia,database_binary_label
YNL,Tier3,Peptipedia,database_binary_label
YLGYLE,Tier3,Peptipedia,database_binary_label
YPFVEP,Tier3,Peptipedia,database_binary_label
YGFL,Tier3,Peptipedia,database_binary_label
YLL,Tier3,Peptipedia,database_binary_label
LPYY,Tier3,Peptipedia,database_binary_label
KGAIG,Tier3,Peptipedia,database_binary_label
KGALG,Tier3,Peptipedia,database_binary_label
KGIFG,Tier3,Peptipedia,database_binary_label
KGLFG,Tier3,Peptipedia,database_binary_label
KGVITQ,Tier3,Peptipedia,database_binary_label
KHFLA,Tier3,Peptipedia,database_binary_label
KNILE,Tier3,Peptipedia,database_binary_label
KPKL,Tier3,Peptipedia,database_binary_label
LLAH,Tier3,Peptipedia,database_binary_label
NQLDQ,Tier3,Peptipedia,database_binary_label
NSGPLVNP,Tier3,Peptipedia,database_binary_label
NTGNLLG,Tier3,Peptipedia,database_binary_label
SQSKVLPVPQKAVPYPQ,Tier3,Peptipedia,database_binary_label
LGPVRGPFPI,Tier3,Peptipedia,database_binary_label
YQEPVLGPVRGPFPI,Tier3,Peptipedia,database_binary_label
LYY,Tier3,Peptipedia,database_binary_label
GIGKFLHSAKKFGKAFVGEIMNS,Tier3,Peptipedia,database_binary_label
ITSISLCTPGCKTGALMGCNMKTATCHCSIHVSK,Tier3,Peptipedia,database_binary_label
SSMKLSFRARAYGFRGPGPQL,Tier3,Peptipedia,database_binary_label
FIPGLRRLFATVVPTVVCAINKLPPG,Tier3,Peptipedia,database_binary_label
FFSLIPSLVGGLISAFK,Tier3,Peptipedia,database_binary_label
FLPMLAGLAANFLPKIICKITKKC,Tier3,Peptipedia,database_binary_label
GIGTKILGGVKTALKGALKELASTYAN,Tier3,Peptipedia,database_binary_label
VGALAVVVWLWLWLW,Tier3,Peptipedia,database_binary_label
FLSGILKLAFKIPSVLCAVLKNC,Tier3,Peptipedia,database_binary_label
RPSYT,Tier3,Peptipedia,database_binary_label
EPVLGPVRGPFP,Tier3,Peptipedia,database_binary_label
MYY,Tier3,Peptipedia,database_binary_label
AVPYPQR,Tier3,Peptipedia,database_binary_label
YPFPGPIP,Tier3,Peptipedia,database_binary_label
LKP,Tier3,Peptipedia,database_binary_label
YQY,Tier3,Peptipedia,database_binary_label
YPLDL,Tier3,Peptipedia,database_binary_label
YPLDLF,Tier3,Peptipedia,database_binary_label
WSVPQPK,Tier3,Peptipedia,database_binary_label
GPP,Tier3,Peptipedia,database_binary_label
LSW,Tier3,Peptipedia,database_binary_label
YGNWLYK,Tier3,Peptipedia,database_binary_label
SPYCYG,Tier3,Peptipedia,database_binary_label
LRENNKLMLLELK,Tier3,Peptipedia,database_binary_label
RWAEK,Tier3,Peptipedia,database_binary_label
VECYGPNRPQF,Tier3,Peptipedia,database_binary_label
LDY,Tier3,Peptipedia,database_binary_label
YQK,Tier3,Peptipedia,database_binary_label
FPQY,Tier3,Peptipedia,database_binary_label
LGY,Tier3,Peptipedia,database_binary_label
IQW,Tier3,Peptipedia,database_binary_label
YLGY,Tier3,Peptipedia,database_binary_label
RYL,Tier3,Peptipedia,database_binary_label
RGLSK,Tier3,Peptipedia,database_binary_label
NKGPR,Tier3,Peptipedia,database_binary_label
DNLLN,Tier3,Peptipedia,database_binary_label
TPCPPQ,Tier3,Peptipedia,database_binary_label
LLY,Tier3,Peptipedia,database_binary_label
FGF,Tier3,Peptipedia,database_binary_label
WLP,Tier3,Peptipedia,database_binary_label
HPHPHLSF,Tier3,Peptipedia,database_binary_label
FNQLAALNSAAYLQQQQLLPFSQLA,Tier3,Peptipedia,database_binary_label
QLADVSPAAFLTQQQLLPFYLHAM,Tier3,Peptipedia,database_binary_label
AYLQAQQLLPFNQLVRSPAA,Tier3,Peptipedia,database_binary_label
ANSLLN,Tier3,Peptipedia,database_binary_label
DFYNPKA,Tier3,Peptipedia,database_binary_label
RDPIYS,Tier3,Peptipedia,database_binary_label
RNPIYS,Tier3,Peptipedia,database_binary_label
VEGGLS,Tier3,Peptipedia,database_binary_label
YNLRQ,Tier3,Peptipedia,database_binary_label
LAFNPTQLEGQCHV,Tier3,Peptipedia,database_binary_label
NVPGEIVE,Tier3,Peptipedia,database_binary_label
YQQPVLGPVRGPFPIIV,Tier3,Peptipedia,database_binary_label
TVQVTSTAV,Tier3,Peptipedia,database_binary_label
CARLNCVPKGTSGNTETCPCYASLHSCRKYG,Tier3,Peptipedia,database_binary_label
FFRSKLLSDGAAAAKGALLPQYW,Tier3,Peptipedia,database_binary_label
RCMAFLLSDGAAAAQQLLPQYW,Tier3,Peptipedia,database_binary_label
DPAQPNYPWTAVLVFRH,Tier3,Peptipedia,database_binary_label
LSSLEMGSLGALFVCM,Tier3,Peptipedia,database_binary_label
KHNRGDEF,Tier3,Peptipedia,database_binary_label
LLGDFFRKSKEKIGKEFKRIVQRIKDFLRNLVPRTES,Tier3,Peptipedia,database_binary_label
DFKDWMKTAGEWLKKKGPGILKAAMAAAT,Tier3,Peptipedia,database_binary_label
RFIYMKGFGKPRFGKR,Tier3,Peptipedia,database_binary_label
FLTGLIGGLMKALGK,Tier3,Peptipedia,database_binary_label
CVHWMTNTARTACIAP,Tier3,Peptipedia,database_binary_label
GWLKKIGKKIERVGQHTRGLGIAQIAANVAATAR,Tier3,Peptipedia,database_binary_label
GWANTLKNVAGGLCKITGAA,Tier3,Peptipedia,database_binary_label
FLPGLIKVAVGVGSTILCKITKKC,Tier3,Peptipedia,database_binary_label
GFWDSVKEGLKNAAVTILNKIKCKISECPPA,Tier3,Peptipedia,database_binary_label
VKLFPVKLFP,Tier3,Peptipedia,database_binary_label
LRIPVA,Tier3,Peptipedia,database_binary_label
LTPTSN,Tier3,Peptipedia,database_binary_label
KVLPVPE,Tier3,Peptipedia,database_binary_label
KVLPVPQ,Tier3,Peptipedia,database_binary_label
YGFLP,Tier3,Peptipedia,database_binary_label
YGLF,Tier3,Peptipedia,database_binary_label
YPFPGPIPN,Tier3,Peptipedia,database_binary_label
GTW,Tier3,Peptipedia,database_binary_label
PPK,Tier3,Peptipedia,database_binary_label
YKY,Tier3,Peptipedia,database_binary_label
KYY,Tier3,Peptipedia,database_binary_label
YPFPGPI,Tier3,Peptipedia,database_binary_label
TIIPLPV,Tier3,Peptipedia,database_binary_label
PYVRYL,Tier3,Peptipedia,database_binary_label
IQY,Tier3,Peptipedia,database_binary_label
GSH,Tier3,Peptipedia,database_binary_label
LWA,Tier3,Peptipedia,database_binary_label
MRWRD,Tier3,Peptipedia,database_binary_label
ADVFNPR,Tier3,Peptipedia,database_binary_label
VVLY,Tier3,Peptipedia,database_binary_label
LPILR,Tier3,Peptipedia,database_binary_label
VIEPR,Tier3,Peptipedia,database_binary_label
IIAPPER,Tier3,Peptipedia,database_binary_label
LAPSTIK,Tier3,Peptipedia,database_binary_label
VAPEEHPV,Tier3,Peptipedia,database_binary_label
KVEGDLK,Tier3,Peptipedia,database_binary_label
NYVADGLG,Tier3,Peptipedia,database_binary_label
AAAPVAVAK,Tier3,Peptipedia,database_binary_label
YDDGSYKPH,Tier3,Peptipedia,database_binary_label
AGDDAPR,Tier3,Peptipedia,database_binary_label
GKDAVIV,Tier3,Peptipedia,database_binary_label
AIGVGAIER,Tier3,Peptipedia,database_binary_label
FDPFPK,Tier3,Peptipedia,database_binary_label
YETGNGIK,Tier3,Peptipedia,database_binary_label
IRW,Tier3,Peptipedia,database_binary_label
EEGGSV,Tier3,Peptipedia,database_binary_label
FLVPPQE,Tier3,Peptipedia,database_binary_label
FPFPRPPHQ,Tier3,Peptipedia,database_binary_label
GANSLLN,Tier3,Peptipedia,database_binary_label
GKGIFG,Tier3,Peptipedia,database_binary_label
GQVPP,Tier3,Peptipedia,database_binary_label
IPSEVLA,Tier3,Peptipedia,database_binary_label
IPSEVLS,Tier3,Peptipedia,database_binary_label
LAGNGRSVGVEYV,Tier3,Peptipedia,database_binary_label
ATQVPLVSSTSEGYTASQPLYQP,Tier3,Peptipedia,database_binary_label
NPADLPDAG,Tier3,Peptipedia,database_binary_label
TRHNIGFAAVDALARAWNISLA,Tier3,Peptipedia,database_binary_label
TTTAATS,Tier3,Peptipedia,database_binary_label
REGAAPGAA,Tier3,Peptipedia,database_binary_label
VLPVPQK,Tier3,Peptipedia,database_binary_label
IPIQY,Tier3,Peptipedia,database_binary_label
VAPFPGVFGK,Tier3,Peptipedia,database_binary_label
HLPLPL,Tier3,Peptipedia,database_binary_label
NQE,Tier3,Peptipedia,database_binary_label
AKYIPIQYVLSRYPSY,Tier3,Peptipedia,database_binary_label
IPIQYVL,Tier3,Peptipedia,database_binary_label
EAK,Tier3,Peptipedia,database_binary_label
SDYLNNNPLFPRYDIGNVELSTAYRSFANQKAPGRLNQNWALTADYTYR,Tier3,Peptipedia,database_binary_label
FLPGLIKAAVGVGSTILCKITKKC,Tier3,Peptipedia,database_binary_label
FLPGLIKAAVGIGSTIFCKISKKC,Tier3,Peptipedia,database_binary_label
ALWKDILKNAGKAALNEINQLVNQ,Tier3,Peptipedia,database_binary_label
NKGCATCSIGAACLVDGPIPDFEIAGATGLFGLWG,Tier3,Peptipedia,database_binary_label
FFGHLFKLATKIIPSLFQ,Tier3,Peptipedia,database_binary_label
GLWNTIKEAGKKFALNLLDKIRCGIAGGCKG,Tier3,Peptipedia,database_binary_label
