sequence,mw,gravy,aromaticity,instability,charge_ph7,aliphatic_index,ctd_hydro_C_hydrophobic,ctd_hydro_C_neutral,ctd_hydro_C_polar,ctd_hydro_T_hydrophobic_neutral,ctd_hydro_T_neutral_polar,ctd_hydro_T_hydrophobic_polar,ctd_charge_C_positive,ctd_charge_C_negative,label
VGIDVILPK,953.1763000000001,1.3111111111111111,0.0,32.82222222222223,-0.2658898501040039,194.4444444444444,0.6666666666666666,0.1111111111111111,0.2222222222222222,0.25,0.0,0.375,0.1111111111111111,0.1111111111111111,0
EEAQAEIEQ,1046.0431,-1.4333333333333333,0.0,136.73333333333335,-4.154740995382376,65.55555555555554,0.3333333333333333,0.2222222222222222,0.4444444444444444,0.25,0.125,0.5,0.0,0.4444444444444444,0
VNLDSEQAVK,1102.1956,-0.4699999999999999,0.0,63.9,-1.2630793881307936,107.0,0.4,0.3,0.3,0.3333333333333333,0.3333333333333333,0.2222222222222222,0.1,0.2,0
VLTYLTSIAR,1136.3410000000001,1.01,0.1,9.0,0.7329793890561502,156.0,0.5,0.4,0.1,0.4444444444444444,0.0,0.1111111111111111,0.1,0.0,0
IFTSDSANR,1010.0588,-0.5222222222222223,0.1111111111111111,30.28888888888889,-0.2387876247708538,54.44444444444444,0.3333333333333333,0.4444444444444444,0.2222222222222222,0.375,0.375,0.0,0.1111111111111111,0.1111111111111111,0
EGGLNTVK,816.8993,-0.55,0.0,9.9625,-0.1641713823010078,85.0,0.25,0.5,0.25,0.42857142857142855,0.14285714285714285,0.14285714285714285,0.125,0.125,0
TISDTAAVVGVK,1160.3178,0.8916666666666667,0.0,-12.833333333333332,-0.6016816456925282,121.66666666666666,0.5,0.3333333333333333,0.16666666666666666,0.45454545454545453,0.18181818181818182,0.09090909090909091,0.08333333333333333,0.08333333333333333,0
KGDPVYVYY,1103.2231,-0.5444444444444444,0.33333333333333337,17.811111111111114,-0.2427736288668565,64.44444444444444,0.3333333333333333,0.4444444444444444,0.2222222222222222,0.375,0.25,0.125,0.1111111111111111,0.1111111111111111,0
RILEFENPHVTSNN,1669.7924999999998,-0.9285714285714286,0.07142857142857144,14.921428571428573,-1.1471132735096912,76.42857142857142,0.35714285714285715,0.42857142857142855,0.21428571428571427,0.3076923076923077,0.07692307692307693,0.3076923076923077,0.07142857142857142,0.14285714285714285,0
LGAHQSIGFK,1057.2029,0.06999999999999995,0.1,20.929999999999993,0.8462768014448888,88.0,0.4,0.5,0.1,0.6666666666666666,0.0,0.1111111111111111,0.1,0.0,0
DEIEHNSPQ,1068.0519,-2.066666666666667,0.0,167.26666666666665,-3.1459825126698453,43.33333333333333,0.2222222222222222,0.4444444444444444,0.3333333333333333,0.25,0.125,0.25,0.0,0.3333333333333333,0
HYAYDCHR,1064.1342,-1.5875000000000001,0.25,163.625,-0.07633824035869186,12.5,0.125,0.5,0.375,0.2857142857142857,0.42857142857142855,0.0,0.125,0.125,0
TVSDWYEQHRKY,1611.7117,-1.9083333333333332,0.25,18.933333333333337,-0.5137049973627339,24.16666666666666,0.16666666666666666,0.5,0.3333333333333333,0.2727272727272727,0.45454545454545453,0.09090909090909091,0.16666666666666666,0.16666666666666666,0
KESSVTEFISR,1282.3995,-0.6363636363636364,0.09090909090909091,71.40909090909092,-0.2352864627632787,61.81818181818183,0.2727272727272727,0.36363636363636365,0.36363636363636365,0.3,0.3,0.1,0.18181818181818182,0.18181818181818182,0
TPYALEGKPR,1131.2816,-1.19,0.1,9.11,0.39899905444183537,49.0,0.4,0.3,0.3,0.3333333333333333,0.2222222222222222,0.3333333333333333,0.2,0.1,0
GEWHYKFA,1037.127,-1.075,0.375,65.0625,-0.15191173758090204,12.5,0.375,0.375,0.25,0.14285714285714285,0.2857142857142857,0.2857142857142857,0.125,0.125,0
FRPEDELEHLTK,1513.6500999999998,-1.4583333333333333,0.08333333333333334,49.466666666666676,-2.1441810515956363,64.99999999999999,0.3333333333333333,0.16666666666666666,0.5,0.18181818181818182,0.18181818181818182,0.45454545454545453,0.16666666666666666,0.3333333333333333,0
MKGLEEPEMD,1178.3331,-1.23,0.0,69.75,-3.4879112649908777,39.0,0.4,0.1,0.5,0.1111111111111111,0.1111111111111111,0.6666666666666666,0.1,0.4,0
NQIVFDN,848.8994999999999,-0.35714285714285715,0.14285714285714288,3.299999999999998,-1.2387776248708526,97.14285714285714,0.42857142857142855,0.42857142857142855,0.14285714285714285,0.16666666666666666,0.16666666666666666,0.16666666666666666,0.0,0.14285714285714285,0
LLLEHCR,883.0699999999999,0.3857142857142856,0.0,-2.2,-0.1598247255819112,167.14285714285714,0.42857142857142855,0.14285714285714285,0.42857142857142855,0.0,0.3333333333333333,0.16666666666666666,0.14285714285714285,0.14285714285714285,0
ILPTPETVPFR,1269.4884,0.09999999999999996,0.09090909090909091,94.92727272727274,-0.23709792373748817,97.27272727272728,0.6363636363636364,0.18181818181818182,0.18181818181818182,0.3,0.1,0.2,0.09090909090909091,0.09090909090909091,0
LSHYSDR,876.9131,-1.4714285714285715,0.14285714285714288,60.57142857142857,-0.15261243751526798,55.71428571428571,0.14285714285714285,0.5714285714285714,0.2857142857142857,0.16666666666666666,0.16666666666666666,0.0,0.14285714285714285,0.14285714285714285,0
CSVPEGPFPR,1088.2368999999999,-0.45,0.1,76.62,-0.24699891383649808,29.0,0.5,0.2,0.3,0.2222222222222222,0.2222222222222222,0.2222222222222222,0.1,0.1,0
GPRDPQLVPILIE,1446.6898999999999,0.046153846153846115,0.0,81.67692307692309,-1.2307398830301537,142.30769230769232,0.6153846153846154,0.15384615384615385,0.23076923076923078,0.25,0.0,0.25,0.07692307692307693,0.15384615384615385,0
QFSANDK,808.8358,-1.5142857142857142,0.14285714285714288,-14.328571428571431,-0.2397766258698535,14.285714285714285,0.2857142857142857,0.42857142857142855,0.2857142857142857,0.6666666666666666,0.16666666666666666,0.0,0.14285714285714285,0.14285714285714285,0
IADSWPQLQDHFSAVK,1842.0156000000002,-0.39375000000000004,0.125,52.275,-1.1514816766754221,79.375,0.5,0.3125,0.1875,0.4666666666666667,0.2,0.13333333333333333,0.0625,0.125,0
LVPTAVYQH,1027.1736,0.41111111111111115,0.1111111111111111,21.911111111111115,-0.1537231985551114,118.88888888888889,0.5555555555555556,0.4444444444444444,0.0,0.375,0.0,0.0,0.0,0.0,0
YHELITK,903.0332,-0.6142857142857144,0.14285714285714288,26.2,-0.15191173758090204,111.42857142857142,0.2857142857142857,0.42857142857142855,0.2857142857142857,0.16666666666666666,0.3333333333333333,0.16666666666666666,0.14285714285714285,0.14285714285714285,0
VGVIADPSSK,972.0935999999999,0.37,0.0,30.540000000000003,-0.2658898501040039,107.0,0.5,0.3,0.2,0.3333333333333333,0.1111111111111111,0.2222222222222222,0.1,0.1,0
GFLDSGFK,869.9601,0.04999999999999993,0.25,14.037500000000003,-0.2397766258698535,48.75,0.375,0.375,0.25,0.2857142857142857,0.14285714285714285,0.2857142857142857,0.125,0.125,0
QQSSLSR,804.8489,-1.4428571428571428,0.0,153.8857142857143,0.7600916142893016,55.71428571428571,0.14285714285714285,0.7142857142857143,0.14285714285714285,0.3333333333333333,0.16666666666666666,0.0,0.14285714285714285,0.0,0
NRMAGIFDVNTCY,1503.7012,0.02307692307692307,0.15384615384615385,15.153846153846152,-0.24968761586886457,60.0,0.38461538461538464,0.38461538461538464,0.23076923076923078,0.25,0.25,0.25,0.07692307692307693,0.07692307692307693,0
GYLHLPPEIVPSTLKR,1820.1393000000003,-0.18750000000000006,0.0625,84.88125000000002,0.8480782625190972,115.625,0.5,0.3125,0.1875,0.3333333333333333,0.0,0.2,0.125,0.0625,0
CSAVDHSSR,961.0114000000001,-0.5666666666666667,0.0,34.988888888888894,-0.1615144266152766,43.33333333333333,0.2222222222222222,0.4444444444444444,0.3333333333333333,0.125,0.375,0.125,0.1111111111111111,0.1111111111111111,0
VFGEMLLTK,1037.2728,0.8888888888888888,0.1111111111111111,0.5111111111111111,-0.26420014907063827,118.88888888888889,0.5555555555555556,0.2222222222222222,0.2222222222222222,0.25,0.25,0.125,0.1111111111111111,0.1111111111111111,0
EIQIVLEGK,1028.1999,0.24444444444444446,0.0,11.422222222222226,-1.1613609203277977,162.2222222222222,0.4444444444444444,0.2222222222222222,0.3333333333333333,0.25,0.25,0.25,0.1111111111111111,0.2222222222222222,0
KKDPGNEVKL,1127.2913,-1.6199999999999999,0.0,-10.86,0.7610358341053551,68.0,0.3,0.2,0.5,0.1111111111111111,0.1111111111111111,0.4444444444444444,0.3,0.2,0
YQLDLSNER,1137.1999,-1.4444444444444444,0.1111111111111111,8.88888888888889,-1.2369761637966445,86.66666666666666,0.2222222222222222,0.4444444444444444,0.3333333333333333,0.25,0.125,0.25,0.1111111111111111,0.2222222222222222,0
KLQEEKPSEDQIH,1580.6947,-2.0076923076923077,0.0,115.80769230769232,-2.1451700526946365,60.0,0.23076923076923078,0.3076923076923077,0.46153846153846156,0.3333333333333333,0.25,0.16666666666666666,0.15384615384615385,0.3076923076923077,0
QHRPPGAPPER,1241.3591999999999,-2.1999999999999997,0.0,87.20909090909092,0.850066264617098,9.090909090909092,0.45454545454545453,0.2727272727272727,0.2727272727272727,0.2,0.1,0.2,0.18181818181818182,0.09090909090909091,0
SQIPVDEVFFHR,1473.6306,-0.17500000000000004,0.16666666666666669,26.34166666666667,-1.4487581295147602,80.83333333333331,0.5,0.25,0.25,0.18181818181818182,0.09090909090909091,0.18181818181818182,0.08333333333333333,0.16666666666666666,0
GMRDPPMFIPTPVDRY,1892.2051000000001,-0.59375,0.125,3.4062500000000013,-0.23867586473001134,42.5,0.5625,0.1875,0.25,0.2,0.06666666666666667,0.2,0.125,0.125,0
FGVVANNNR,990.0737999999999,-0.26666666666666666,0.1111111111111111,8.88888888888889,0.7600916142893016,75.55555555555556,0.4444444444444444,0.4444444444444444,0.1111111111111111,0.375,0.125,0.0,0.1111111111111111,0.0,0
DQLDGSFDDPNTVVAK,1720.788,-0.725,0.0625,11.78125,-3.2364143430503196,66.875,0.375,0.3125,0.3125,0.26666666666666666,0.13333333333333333,0.26666666666666666,0.0625,0.25,0
LGSGDDISVYVIPLIHGNKL,2110.4088,0.5,0.05,8.625,-1.1524806776744232,146.0,0.45,0.4,0.15,0.3157894736842105,0.10526315789473684,0.10526315789473684,0.05,0.1,0
STQSAIPYALR,1206.3481,-0.11818181818181821,0.09090909090909091,78.6,0.459137458318597,89.09090909090911,0.45454545454545453,0.45454545454545453,0.09090909090909091,0.3,0.0,0.1,0.09090909090909091,0.0,0
IGVGAQPSETVTKL,1399.5888,0.21428571428571427,0.0,26.3,-0.23808692483648786,104.28571428571428,0.42857142857142855,0.42857142857142855,0.14285714285714285,0.6923076923076923,0.23076923076923078,0.07692307692307693,0.07142857142857142,0.07142857142857142,0
NQEPQWR,957.0010999999998,-3.0,0.14285714285714288,80.34285714285716,-0.23709792373748817,0.0,0.2857142857142857,0.42857142857142855,0.2857142857142857,0.3333333333333333,0.16666666666666666,0.3333333333333333,0.14285714285714285,0.14285714285714285,0
VCLLHEK,841.03,0.5285714285714286,0.0,36.08571428571429,-0.18692695091506129,152.85714285714283,0.42857142857142855,0.14285714285714285,0.42857142857142855,0.16666666666666666,0.16666666666666666,0.3333333333333333,0.14285714285714285,0.14285714285714285,0
AFPWSEEGVR,1177.2654,-0.64,0.2,77.24000000000001,-1.1985144880994938,39.0,0.5,0.2,0.3,0.2222222222222222,0.2222222222222222,0.1111111111111111,0.1,0.2,0
DGTVRLFT,908.0099,0.12499999999999999,0.125,-1.8625000000000003,-0.2387876247708538,85.0,0.375,0.375,0.25,0.2857142857142857,0.14285714285714285,0.2857142857142857,0.125,0.125,0
VMENGLLF,922.0992000000001,1.1375,0.125,-10.0375,-1.2632011480716374,133.75,0.625,0.25,0.125,0.14285714285714285,0.14285714285714285,0.14285714285714285,0.0,0.125,0
SLLVSANTVGGVAAK,1386.5931999999998,1.0066666666666666,0.0,6.239999999999999,0.45914745821859826,130.0,0.5333333333333333,0.4,0.06666666666666667,0.5,0.0,0.07142857142857142,0.06666666666666667,0.0,0
PDFVCQGGDITK,1279.4186,-0.2916666666666667,0.08333333333333334,0.5999999999999991,-1.0501296016399664,56.66666666666666,0.3333333333333333,0.3333333333333333,0.3333333333333333,0.09090909090909091,0.2727272727272727,0.36363636363636365,0.08333333333333333,0.16666666666666666,0
AQPHPKLLGTIY,1337.5656,-0.19166666666666674,0.08333333333333334,8.66666666666667,0.8810507741106719,105.83333333333331,0.5,0.4166666666666667,0.08333333333333333,0.6363636363636364,0.0,0.18181818181818182,0.08333333333333333,0.0,0
EIAEAYLGKK,1121.2834,-0.45999999999999996,0.1,19.770000000000003,-0.1633589223257994,98.0,0.4,0.2,0.4,0.3333333333333333,0.1111111111111111,0.3333333333333333,0.2,0.2,0
TGGAVFSK,765.8541,0.325,0.125,2.9499999999999993,0.39719759336762717,48.75,0.375,0.5,0.125,0.2857142857142857,0.14285714285714285,0.0,0.125,0.0,0
LQGKSAETR,989.0844999999999,-1.2999999999999998,0.0,35.67777777777778,0.7619030752635112,54.44444444444444,0.2222222222222222,0.4444444444444444,0.3333333333333333,0.25,0.5,0.125,0.2222222222222222,0.1111111111111111,0
GKVEIDQQQLTQQ,1514.6363999999999,-1.3076923076923077,0.0,49.63076923076924,-1.2369661638966432,82.3076923076923,0.23076923076923078,0.5384615384615384,0.23076923076923078,0.16666666666666666,0.16666666666666666,0.3333333333333333,0.07692307692307693,0.15384615384615385,0
GPISADSTTAPLEK,1386.5040999999999,-0.4,0.0,30.735714285714288,-1.2369661638966432,70.0,0.42857142857142855,0.35714285714285715,0.21428571428571427,0.3076923076923077,0.07692307692307693,0.15384615384615385,0.07142857142857142,0.14285714285714285,0
HLCGHSK,780.8952999999999,-0.7428571428571429,0.0,8.571428571428571,0.9235499996004659,55.71428571428571,0.14285714285714285,0.5714285714285714,0.2857142857142857,0.16666666666666666,0.3333333333333333,0.16666666666666666,0.14285714285714285,0.0,0
SPLPVGAQSQR,1139.2622,-0.6272727272727273,0.0,126.07272727272728,0.46013645931759795,70.90909090909092,0.45454545454545453,0.45454545454545453,0.09090909090909091,0.4,0.1,0.0,0.09090909090909091,0.0,0
GTAASEPTPITK,1172.2857,-0.48333333333333334,0.0,34.19166666666667,-0.23808692483648786,49.16666666666666,0.4166666666666667,0.4166666666666667,0.16666666666666666,0.45454545454545453,0.18181818181818182,0.09090909090909091,0.08333333333333333,0.08333333333333333,0
ASIAAIGDR,872.9659,0.5777777777777778,0.0,0.5111111111111111,-0.20301465110606953,119.99999999999999,0.5555555555555556,0.2222222222222222,0.2222222222222222,0.375,0.125,0.0,0.1111111111111111,0.1111111111111111,0
DRPSGVPDR,998.0515,-1.7999999999999998,0.0,47.95555555555557,-0.23767686373101027,32.22222222222222,0.3333333333333333,0.2222222222222222,0.4444444444444444,0.25,0.0,0.25,0.2222222222222222,0.2222222222222222,0
NEATEMPFR,1094.1984,-1.2000000000000002,0.1111111111111111,100.51111111111112,-1.234287461764278,11.11111111111111,0.4444444444444444,0.2222222222222222,0.3333333333333333,0.125,0.25,0.375,0.1111111111111111,0.2222222222222222,0
QTILPSCSYEDK,1383.5231999999999,-0.7333333333333334,0.08333333333333334,87.175,-1.2478661549946541,64.99999999999999,0.25,0.4166666666666667,0.3333333333333333,0.18181818181818182,0.2727272727272727,0.0,0.08333333333333333,0.16666666666666666,0
AGRKQFARHE,1199.3224,-1.7100000000000002,0.1,44.36,1.8900775170503714,20.0,0.3,0.3,0.4,0.2222222222222222,0.4444444444444444,0.1111111111111111,0.3,0.1,0
LEVGEVR,800.8999,0.04285714285714288,0.0,-14.328571428571431,-1.234287461764278,138.57142857142856,0.42857142857142855,0.14285714285714285,0.42857142857142855,0.16666666666666666,0.16666666666666666,0.6666666666666666,0.14285714285714285,0.2857142857142857,0
SQAVLVDR,886.9924000000001,0.21250000000000002,0.0,4.6125000000000025,-0.5387427797425575,133.75,0.5,0.25,0.25,0.14285714285714285,0.0,0.14285714285714285,0.125,0.125,0
NEEHGLINDIHK,1418.5109,-1.2833333333333334,0.0,51.425000000000004,-2.0598073254142593,97.49999999999999,0.25,0.4166666666666667,0.3333333333333333,0.2727272727272727,0.36363636363636365,0.09090909090909091,0.08333333333333333,0.25,0
NVHPLDHVGSNK,1316.4222,-0.9500000000000001,0.0,19.425,-0.0654282493606797,80.83333333333331,0.3333333333333333,0.5,0.16666666666666666,0.45454545454545453,0.18181818181818182,0.09090909090909091,0.08333333333333333,0.08333333333333333,0
LFPLHEK,883.0450999999999,-0.25714285714285723,0.14285714285714288,36.08571428571429,-0.15091273658190096,111.42857142857142,0.5714285714285714,0.14285714285714285,0.2857142857142857,0.16666666666666666,0.16666666666666666,0.0,0.14285714285714285,0.14285714285714285,0
KGEYWAEHPT,1217.2863,-1.72,0.2,-42.85,-1.149101275607692,10.0,0.3,0.4,0.3,0.3333333333333333,0.4444444444444444,0.1111111111111111,0.1,0.2,0
IIELEQVFK,1118.3224,0.6000000000000001,0.1111111111111111,54.03333333333334,-1.2352764628632777,162.2222222222222,0.5555555555555556,0.1111111111111111,0.3333333333333333,0.125,0.125,0.5,0.1111111111111111,0.2222222222222222,0
LDQFTIAR,963.0884000000001,0.08749999999999997,0.125,-0.675,-0.2387876247708538,110.0,0.5,0.25,0.25,0.42857142857142855,0.14285714285714285,0.2857142857142857,0.125,0.125,0
LAPLGLK,710.9047999999999,1.042857142857143,0.0,23.957142857142863,0.7591026131903019,181.42857142857142,0.7142857142857143,0.14285714285714285,0.14285714285714285,0.3333333333333333,0.0,0.16666666666666666,0.14285714285714285,0.0,0
KEAWGNPSSSY,1225.2636,-1.4272727272727272,0.18181818181818182,41.85454545454546,-0.23908592583548893,9.090909090909092,0.2727272727272727,0.5454545454545454,0.18181818181818182,0.3,0.0,0.1,0.09090909090909091,0.09090909090909091,0
AAATQLGLKE,1001.1349,0.09999999999999999,0.0,-7.030000000000001,-0.1970766714042138,108.0,0.5,0.3,0.2,0.4444444444444444,0.0,0.1111111111111111,0.1,0.1,0
CHVQHEGLPEPLTLR,1728.9690999999998,-0.5066666666666667,0.0,81.17333333333333,-1.0698400753541142,97.33333333333333,0.4,0.3333333333333333,0.26666666666666666,0.35714285714285715,0.21428571428571427,0.21428571428571427,0.06666666666666667,0.13333333333333333,0
SLNAESLLSR,1089.2002,-0.07000000000000006,0.0,47.52,-0.5370530787091918,127.0,0.4,0.4,0.2,0.5555555555555556,0.2222222222222222,0.1111111111111111,0.1,0.1,0
AASAPYFEVLEK,1324.4774,0.13333333333333333,0.16666666666666669,25.21666666666667,-1.2005024901974948,81.66666666666666,0.5833333333333334,0.16666666666666666,0.25,0.36363636363636365,0.0,0.2727272727272727,0.08333333333333333,0.16666666666666666,0
LLQLQPR,867.0473999999999,-0.24285714285714294,0.0,118.45714285714286,0.7600916142893016,167.14285714285714,0.5714285714285714,0.2857142857142857,0.14285714285714285,0.6666666666666666,0.0,0.16666666666666666,0.14285714285714285,0.0,0
ETGVYQLKK,1065.2201,-1.0222222222222221,0.1111111111111111,-18.35555555555556,0.8338306157009905,75.55555555555554,0.2222222222222222,0.4444444444444444,0.3333333333333333,0.375,0.125,0.125,0.2222222222222222,0.1111111111111111,0
CVSEPTFYR,1101.2323000000001,-0.32222222222222224,0.2222222222222222,74.45666666666668,-0.24799791483549916,32.22222222222222,0.3333333333333333,0.3333333333333333,0.3333333333333333,0.5,0.25,0.25,0.1111111111111111,0.1111111111111111,0
AEPEEFVVEK,1176.2725,-0.65,0.1,78.24000000000001,-3.193882565252073,68.0,0.5,0.0,0.5,0.0,0.0,0.5555555555555556,0.1,0.4,0
AFGAIPVADER,1145.2649999999999,0.3090909090909091,0.09090909090909091,8.545454545454545,-1.2002041891328592,89.0909090909091,0.6363636363636364,0.09090909090909091,0.2727272727272727,0.2,0.0,0.1,0.09090909090909091,0.18181818181818182,0
MALNHPYFN,1106.2535,-0.31111111111111117,0.2222222222222222,19.400000000000002,-0.41347012520306925,54.44444444444444,0.5555555555555556,0.4444444444444444,0.0,0.625,0.0,0.0,0.0,0.0,0
APDVTTLPR,969.0931,-0.3111111111111111,0.0,25.500000000000004,-0.20301465110606953,86.66666666666666,0.5555555555555556,0.2222222222222222,0.2222222222222222,0.25,0.0,0.375,0.1111111111111111,0.1111111111111111,0
FLEAAQQEFNLPIR,1675.8813999999998,-0.16428571428571434,0.14285714285714288,50.55714285714286,-1.234287461764278,97.85714285714286,0.5714285714285714,0.21428571428571427,0.21428571428571427,0.23076923076923078,0.07692307692307693,0.3076923076923077,0.07142857142857142,0.14285714285714285,0
ANELAIQK,886.0044,-0.3125,0.0,8.75,-0.2023139511717038,122.5,0.5,0.25,0.25,0.2857142857142857,0.2857142857142857,0.14285714285714285,0.125,0.125,0
LPQDAEHSNFDDLTNK,1843.9008,-1.40625,0.0625,44.49999999999999,-3.147550453762367,55.0,0.3125,0.375,0.3125,0.2,0.2,0.26666666666666666,0.0625,0.25,0
VATQAYAHIPEIK,1440.6423,0.06923076923076923,0.07692307692307693,68.35384615384616,-0.17802496181505245,105.38461538461539,0.5384615384615384,0.3076923076923077,0.15384615384615385,0.5,0.0,0.25,0.07692307692307693,0.07692307692307693,0
NGFWDTEER,1153.1579,-1.9666666666666666,0.2222222222222222,33.111111111111114,-2.2331667008244334,0.0,0.2222222222222222,0.3333333333333333,0.4444444444444444,0.125,0.25,0.125,0.1111111111111111,0.3333333333333333,0
NNGDFHR,858.858,-2.257142857142857,0.14285714285714288,-23.67142857142857,-0.1516134365162669,0.0,0.14285714285714285,0.5714285714285714,0.2857142857142857,0.16666666666666666,0.3333333333333333,0.16666666666666666,0.14285714285714285,0.14285714285714285,0
EAQTFSR,837.8770999999999,-1.2,0.14285714285714288,53.714285714285715,-0.1631823812020079,14.285714285714285,0.2857142857142857,0.42857142857142855,0.2857142857142857,0.5,0.16666666666666666,0.16666666666666666,0.14285714285714285,0.14285714285714285,0
WRGYGPDGHF,1191.2537,-1.34,0.30000000000000004,-34.379999999999995,-0.15261243751526798,0.0,0.3,0.5,0.2,0.2222222222222222,0.2222222222222222,0.2222222222222222,0.1,0.1,0
ALITTPLHK,993.2006000000001,0.4222222222222222,0.0,35.2,0.8820497751096729,141.1111111111111,0.5555555555555556,0.3333333333333333,0.1111111111111111,0.375,0.125,0.0,0.1111111111111111,0.0,0
LLDENANLPEK,1255.3741,-0.890909090909091,0.0,42.4,-2.234155701923433,115.45454545454544,0.45454545454545453,0.18181818181818182,0.36363636363636365,0.3,0.1,0.2,0.09090909090909091,0.2727272727272727,0
ALVLPAGR,795.9694999999999,1.1125,0.0,56.900000000000006,0.7958645879540859,158.75,0.75,0.125,0.125,0.14285714285714285,0.14285714285714285,0.0,0.125,0.0,0
ITGQLESLER,1145.2635,-0.4800000000000001,0.0,19.770000000000003,-1.234287461764278,117.0,0.3,0.4,0.3,0.3333333333333333,0.1111111111111111,0.2222222222222222,0.1,0.2,0
TDGVMGEYEPK,1225.3249,-1.1545454545454545,0.09090909090909091,12.890909090909092,-2.597059722745109,26.363636363636367,0.2727272727272727,0.36363636363636365,0.36363636363636365,0.2,0.5,0.2,0.09090909090909091,0.2727272727272727,0
SQRYEVAVK,1079.2069,-0.8111111111111111,0.1111111111111111,10.33333333333334,0.46094891929280646,75.55555555555556,0.3333333333333333,0.3333333333333333,0.3333333333333333,0.0,0.375,0.25,0.2222222222222222,0.1111111111111111,0
PFEDPEHMK,1129.2425,-1.788888888888889,0.1111111111111111,62.622222222222234,-1.9485542602797934,0.0,0.4444444444444444,0.1111111111111111,0.4444444444444444,0.125,0.125,0.5,0.1111111111111111,0.3333333333333333,0
TINAVVEFFQSNK,1496.6623,0.06923076923076923,0.15384615384615385,61.24615384615385,-0.5999919446591626,82.3076923076923,0.46153846153846156,0.38461538461538464,0.15384615384615385,0.3333333333333333,0.08333333333333333,0.16666666666666666,0.07692307692307693,0.07692307692307693,0
FWDLVSPER,1148.2672,-0.4444444444444444,0.2222222222222222,77.02222222222221,-1.2359771627976435,75.55555555555554,0.5555555555555556,0.1111111111111111,0.3333333333333333,0.25,0.0,0.375,0.1111111111111111,0.2222222222222222,0
DRISPPWALE,1183.3131,-0.6300000000000001,0.1,46.74999999999999,-1.2307398830301537,88.0,0.6,0.1,0.3,0.2222222222222222,0.0,0.2222222222222222,0.1,0.2,0
SDLTMHELK,1073.2207,-0.6777777777777778,0.0,63.1,-1.44974713061376,86.66666666666666,0.3333333333333333,0.3333333333333333,0.3333333333333333,0.375,0.25,0.375,0.1111111111111111,0.2222222222222222,0
EVHLVESGGGL,1096.191,0.34545454545454546,0.0,49.03636363636363,-2.07318773107421,123.63636363636365,0.36363636363636365,0.45454545454545453,0.18181818181818182,0.3,0.1,0.2,0.0,0.18181818181818182,0
CIYVAVGQK,980.1817000000001,0.8999999999999999,0.1111111111111111,-0.5444444444444447,0.748202622092291,118.88888888888889,0.4444444444444444,0.3333333333333333,0.2222222222222222,0.375,0.125,0.125,0.1111111111111111,0.0,0
SLEKLEIIPASQF,1474.6967,0.2769230769230769,0.07692307692307693,39.13076923076924,-1.5352316178349814,127.6923076923077,0.5384615384615384,0.23076923076923078,0.23076923076923078,0.25,0.0,0.3333333333333333,0.07692307692307693,0.15384615384615385,0
EHVTVQVVVVR,1264.4733999999999,0.890909090909091,0.0,-12.336363636363636,-0.076008192947421,158.18181818181816,0.5454545454545454,0.2727272727272727,0.18181818181818182,0.5,0.1,0.1,0.09090909090909091,0.09090909090909091,0
GLAITFVSD,922.0331000000001,1.2999999999999998,0.1111111111111111,22.6,-1.2355967232635496,130.0,0.5555555555555556,0.3333333333333333,0.1111111111111111,0.5,0.125,0.0,0.0,0.1111111111111111,0
YIELQFSVDHK,1378.528,-0.4,0.18181818181818182,79.68181818181816,-1.1507909766410573,97.27272727272728,0.36363636363636365,0.36363636363636365,0.2727272727272727,0.5,0.2,0.3,0.09090909090909091,0.18181818181818182,0
LTNLSSNSDV,1049.0899,-0.18000000000000002,0.0,13.230000000000002,-1.2387776248708526,107.0,0.3,0.6,0.1,0.3333333333333333,0.1111111111111111,0.1111111111111111,0.0,0.1,0
IAVGHGVTVR,1008.1752999999999,0.9700000000000001,0.0,-18.35,0.8472658025438885,136.0,0.5,0.4,0.1,0.4444444444444444,0.0,0.1111111111111111,0.1,0.0,0
LDSTDTNFDTWIK,1555.6403,-0.8153846153846154,0.15384615384615385,-30.8,-2.2375351039901643,60.0,0.3076923076923077,0.38461538461538464,0.3076923076923077,0.16666666666666666,0.3333333333333333,0.25,0.07692307692307693,0.23076923076923078,0
YFAYDCEASFPGISTGP,1824.9585000000002,0.017647058823529377,0.23529411764705885,24.682352941176468,-2.2478661549946546,34.705882352941174,0.4117647058823529,0.4117647058823529,0.17647058823529413,0.5,0.0625,0.0625,0.0,0.11764705882352941,0
QSADFMPR,951.0578,-0.925,0.125,89.13749999999999,-0.2387876247708538,12.5,0.5,0.25,0.25,0.14285714285714285,0.0,0.42857142857142855,0.125,0.125,0
YYWTNNDLYIR,1520.6422,-1.1090909090909091,0.36363636363636365,-16.44545454545454,-0.2417846277678568,70.90909090909092,0.2727272727272727,0.5454545454545454,0.18181818181818182,0.4,0.1,0.2,0.09090909090909091,0.09090909090909091,0
LLMASQEPQRM,1303.551,-0.3818181818181819,0.0,90.34545454545456,-0.23709792373748817,80.00000000000001,0.5454545454545454,0.2727272727272727,0.18181818181818182,0.2,0.2,0.2,0.09090909090909091,0.09090909090909091,0
SVKPESPGVR,1055.1856,-0.8699999999999999,0.0,79.16,0.46194792029180753,58.0,0.4,0.3,0.3,0.4444444444444444,0.1111111111111111,0.4444444444444444,0.2,0.1,0
EILAANRVENVE,1356.4812,-0.14166666666666664,0.0,41.26666666666667,-2.1523241774880972,129.99999999999997,0.5,0.16666666666666666,0.3333333333333333,0.18181818181818182,0.18181818181818182,0.36363636363636365,0.08333333333333333,0.25,0
CPPQCPGR,857.0129,-1.0250000000000001,0.0,95.625,0.7402896340912819,0.0,0.375,0.25,0.375,0.2857142857142857,0.2857142857142857,0.2857142857142857,0.125,0.0,0
HSSLGDHK,879.9170999999999,-1.5,0.0,62.425,-0.0654282493606797,48.75,0.125,0.625,0.25,0.2857142857142857,0.42857142857142855,0.0,0.125,0.125,0
YITDKELASGY,1259.361,-0.4818181818181818,0.18181818181818182,-6.345454545454546,-1.2389641658946453,80.00000000000001,0.2727272727272727,0.45454545454545453,0.2727272727272727,0.3,0.1,0.1,0.09090909090909091,0.18181818181818182,0
HTMLQECK,989.1705,-0.8250000000000001,0.0,119.075,-0.16081372668091087,48.75,0.25,0.375,0.375,0.2857142857142857,0.14285714285714285,0.0,0.125,0.125,0
VFGYQAVTLQETLTK,1697.9251,0.16,0.13333333333333333,32.586666666666666,-0.26519915006963934,97.33333333333333,0.4,0.4666666666666667,0.13333333333333333,0.5,0.21428571428571427,0.0,0.06666666666666667,0.06666666666666667,0
WADDPAVGGQQTQAALR,1783.8952,-0.6352941176470589,0.05882352941176471,27.394117647058827,-1.2376668638310093,63.52941176470588,0.47058823529411764,0.35294117647058826,0.17647058823529413,0.125,0.0,0.1875,0.058823529411764705,0.11764705882352941,0
GPQATLASPNHPAK,1388.5280999999998,-0.8285714285714285,0.0,66.12857142857143,0.8462768014448888,49.28571428571428,0.5,0.42857142857142855,0.07142857142857142,0.6923076923076923,0.0,0.07692307692307693,0.07142857142857142,0.0,0
LTINPENTIFDAK,1475.6417,-0.2692307692307692,0.07692307692307693,23.34615384615385,-1.2369661638966432,97.6923076923077,0.46153846153846156,0.3076923076923077,0.23076923076923078,0.4166666666666667,0.08333333333333333,0.3333333333333333,0.07692307692307693,0.15384615384615385,0
LWPVLETDEVVR,1455.6535999999999,0.16666666666666666,0.08333333333333334,44.95,-2.2331667008244334,137.5,0.5833333333333334,0.08333333333333333,0.3333333333333333,0.0,0.18181818181818182,0.2727272727272727,0.08333333333333333,0.25,0
LTRPLVMK,957.2346,0.375,0.0,32.825,1.759092613290301,133.75,0.625,0.125,0.25,0.14285714285714285,0.14285714285714285,0.2857142857142857,0.25,0.0,0
VLEESSSYPR,1166.2379,-0.8800000000000001,0.1,104.18,-1.2613996869974295,68.0,0.3,0.4,0.3,0.1111111111111111,0.1111111111111111,0.2222222222222222,0.1,0.2,0
SVSPWAYR,965.0628000000002,-0.4875,0.25,20.14999999999999,0.459137458318597,48.75,0.5,0.375,0.125,0.5714285714285714,0.14285714285714285,0.0,0.125,0.0,0
TLSDIAFK,894.0231000000001,0.5,0.125,-10.0375,-0.6016816456925282,110.0,0.5,0.25,0.25,0.2857142857142857,0.14285714285714285,0.2857142857142857,0.125,0.125,0
RENEIEPVNIRPHPYEF,2139.326,-1.3705882352941177,0.11764705882352942,100.29411764705884,-2.1425013504622723,62.94117647058823,0.4117647058823529,0.23529411764705882,0.35294117647058826,0.3125,0.1875,0.375,0.11764705882352941,0.23529411764705882,0
DAFITAIC,852.9943000000001,1.7125,0.125,8.75,-1.2486786149698625,122.5,0.625,0.125,0.25,0.2857142857142857,0.0,0.2857142857142857,0.0,0.125,0
ETLIDVAK,888.017,0.3375,0.0,8.75,-1.163050621361163,146.25,0.5,0.125,0.375,0.14285714285714285,0.14285714285714285,0.42857142857142855,0.125,0.25,0
RTVITPDPNLSIDQVGVP,1921.1554,-0.027777777777777773,0.0,7.050000000000001,-1.2376668638310093,113.33333333333331,0.5,0.3333333333333333,0.16666666666666666,0.5882352941176471,0.11764705882352941,0.17647058823529413,0.05555555555555555,0.1111111111111111,0
VVGVATEEQR,1087.1843,-0.16999999999999993,0.0,71.63000000000001,-1.2604006859984285,97.0,0.4,0.3,0.3,0.3333333333333333,0.3333333333333333,0.0,0.1,0.2,0
AAEYLIK,806.9458,0.4571428571428572,0.14285714285714288,-3.5571428571428574,-0.20331295217070489,140.0,0.5714285714285714,0.14285714285714285,0.2857142857142857,0.16666666666666666,0.16666666666666666,0.3333333333333333,0.14285714285714285,0.14285714285714285,0
IESDVQEPTEPEDDLD,1830.8079000000002,-1.48125,0.0,119.925,-8.220992592551175,66.875,0.3125,0.1875,0.5,0.13333333333333333,0.26666666666666666,0.4666666666666667,0.0,0.5,0
AVTAQLAIR,942.114,1.0222222222222221,0.0,-0.5444444444444447,0.7958645879540859,152.2222222222222,0.6666666666666666,0.2222222222222222,0.1111111111111111,0.5,0.0,0.125,0.1111111111111111,0.0,0
QGLEYYLNK,1127.2463,-1.088888888888889,0.2222222222222222,48.91111111111111,-0.2400849268344898,86.66666666666666,0.2222222222222222,0.5555555555555556,0.2222222222222222,0.375,0.25,0.125,0.1111111111111111,0.1111111111111111,0
TLPGSGAGIIEK,1142.3026,0.24166666666666667,0.0,47.68333333333334,-0.5999919446591626,105.83333333333331,0.4166666666666667,0.4166666666666667,0.16666666666666666,0.45454545454545453,0.0,0.09090909090909091,0.08333333333333333,0.08333333333333333,0
NSLSDPNIDR,1130.166,-1.34,0.0,45.4,-1.2376668638310093,78.0,0.3,0.4,0.3,0.4444444444444444,0.1111111111111111,0.2222222222222222,0.1,0.2,0
LVTTVAHR,896.0455999999999,0.6125,0.0,-12.475000000000001,0.8472658025438885,133.75,0.5,0.375,0.125,0.42857142857142855,0.14285714285714285,0.0,0.125,0.0,0
FVVVDVR,832.9861999999999,1.6571428571428573,0.14285714285714288,-12.899999999999999,-0.2387876247708538,165.7142857142857,0.7142857142857143,0.0,0.2857142857142857,0.0,0.0,0.5,0.14285714285714285,0.14285714285714285,0
TSPYILR,848.9857999999999,-0.08571428571428576,0.14285714285714288,126.37142857142858,0.3971875934676261,111.42857142857142,0.42857142857142855,0.42857142857142855,0.14285714285714285,0.5,0.0,0.16666666666666666,0.14285714285714285,0.0,0
KTFEINPK,976.127,-1.225,0.125,44.65,0.7609140741645111,48.75,0.375,0.25,0.375,0.42857142857142855,0.14285714285714285,0.42857142857142855,0.25,0.125,0
LFHTETLK,988.1377,-0.20000000000000007,0.125,12.787500000000003,-0.15091273658190096,97.5,0.375,0.375,0.25,0.2857142857142857,0.2857142857142857,0.14285714285714285,0.125,0.125,0
KDVMPEVN,931.0648000000001,-0.7124999999999999,0.0,85.39999999999999,-1.2369661638966432,72.5,0.5,0.125,0.375,0.14285714285714285,0.0,0.42857142857142855,0.125,0.25,0
DEYVASLHLPTF,1391.5235,0.14999999999999994,0.16666666666666669,35.5,-2.1497919756420565,97.49999999999997,0.5,0.3333333333333333,0.16666666666666666,0.6363636363636364,0.09090909090909091,0.0,0.0,0.16666666666666666,0
LRHEFDSER,1188.2501,-1.877777777777778,0.1111111111111111,108.20000000000002,-1.1460025124698472,43.33333333333333,0.2222222222222222,0.2222222222222222,0.5555555555555556,0.0,0.5,0.375,0.2222222222222222,0.3333333333333333,0
KHPSLIPLF,1051.2812000000001,0.4222222222222221,0.1111111111111111,23.888888888888893,0.8462768014448888,129.99999999999997,0.6666666666666666,0.2222222222222222,0.1111111111111111,0.375,0.125,0.0,0.1111111111111111,0.0,0
PHMTMEK,873.0519999999999,-1.3,0.0,4.457142857142857,0.047514516807151796,0.0,0.42857142857142855,0.2857142857142857,0.2857142857142857,0.6666666666666666,0.0,0.16666666666666666,0.14285714285714285,0.14285714285714285,0
VDVGKDQEFTVK,1364.4999,-0.6249999999999999,0.08333333333333334,-3.8583333333333303,-1.26295762818995,72.5,0.3333333333333333,0.25,0.4166666666666667,0.2727272727272727,0.2727272727272727,0.36363636363636365,0.16666666666666666,0.25,0
ILQNLNGGPNIIK,1393.6303999999998,0.06153846153846151,0.0,74.32307692307693,0.7591026131903019,150.0,0.46153846153846156,0.46153846153846156,0.07692307692307693,0.5,0.0,0.08333333333333333,0.07692307692307693,0.0,0
AHESWLAAR,1040.1328,-0.41111111111111115,0.1111111111111111,34.56666666666667,-0.11415076181811701,76.66666666666666,0.5555555555555556,0.2222222222222222,0.2222222222222222,0.25,0.25,0.125,0.1111111111111111,0.1111111111111111,0
NDKGDIIVTTK,1203.3426,-0.6272727272727272,0.0,-21.78181818181818,-0.23965486592901009,97.27272727272728,0.2727272727272727,0.36363636363636365,0.36363636363636365,0.1,0.4,0.1,0.18181818181818182,0.18181818181818182,0
FDSEEDAAQANK,1324.307,-1.4583333333333333,0.08333333333333334,114.50000000000001,-3.233034940983589,25.0,0.3333333333333333,0.25,0.4166666666666667,0.2727272727272727,0.2727272727272727,0.18181818181818182,0.08333333333333333,0.3333333333333333,0
NALLAVQK,856.0214000000001,0.5625,0.0,8.75,0.7591026131903019,158.75,0.625,0.25,0.125,0.2857142857142857,0.14285714285714285,0.0,0.125,0.0,0
EAGINPTDHLITAYR,1670.8204,-0.43333333333333335,0.06666666666666667,-9.52,-1.0758864330065774,91.33333333333333,0.4,0.4,0.2,0.6428571428571429,0.21428571428571427,0.07142857142857142,0.06666666666666667,0.13333333333333333,0
IFFESVY,904.016,1.2428571428571427,0.4285714285714286,25.314285714285717,-1.2380869248364883,97.14285714285714,0.5714285714285714,0.2857142857142857,0.14285714285714285,0.3333333333333333,0.16666666666666666,0.16666666666666666,0.0,0.14285714285714285,0
GEPNPVPNFIHCR,1479.6616999999999,-0.7230769230769231,0.07692307692307693,43.592307692307706,-0.1598247255819112,52.30769230769231,0.46153846153846156,0.3076923076923077,0.23076923076923078,0.4166666666666667,0.16666666666666666,0.08333333333333333,0.07692307692307693,0.07692307692307693,0
NLGTDLMK,891.0440000000001,-0.31250000000000006,0.0,-1.8625000000000003,-0.2397766258698535,97.5,0.375,0.375,0.25,0.2857142857142857,0.14285714285714285,0.2857142857142857,0.125,0.125,0
LFPSTAQDPLGK,1273.434,-0.3166666666666667,0.08333333333333334,50.24166666666667,-0.2397766258698535,73.33333333333331,0.5,0.3333333333333333,0.16666666666666666,0.36363636363636365,0.18181818181818182,0.09090909090909091,0.08333333333333333,0.08333333333333333,0
TGFVQPQATGF,1152.2558,0.07272727272727271,0.18181818181818182,28.672727272727272,-0.6018034056333719,35.45454545454546,0.45454545454545453,0.5454545454545454,0.0,0.7,0.0,0.0,0.0,0.0,0
TGIEEASGAFVYL,1356.4760999999999,0.6384615384615385,0.15384615384615385,42.71538461538462,-2.5971814826859525,97.6923076923077,0.46153846153846156,0.38461538461538464,0.15384615384615385,0.4166666666666667,0.0,0.16666666666666666,0.0,0.15384615384615385,0
MWVTGVVTQGA,1148.3317,0.881818181818182,0.09090909090909091,-36.35454545454545,-0.4996453124586552,88.18181818181817,0.5454545454545454,0.45454545454545453,0.0,0.4,0.0,0.0,0.0,0.0,0
CNDLETK,821.896,-1.2571428571428573,0.0,8.571428571428571,-1.246867153995653,55.71428571428571,0.14285714285714285,0.2857142857142857,0.5714285714285714,0.0,0.6666666666666666,0.3333333333333333,0.14285714285714285,0.2857142857142857,0
LTNTQEDHYK,1248.2987,-2.0,0.1,60.400000000000006,-1.1507909766410573,39.0,0.1,0.6,0.3,0.1111111111111111,0.3333333333333333,0.0,0.1,0.2,0
FEGGQTPLFR,1151.2711,-0.5200000000000001,0.2,21.34,-0.23709792373748817,39.0,0.4,0.4,0.2,0.1111111111111111,0.1111111111111111,0.2222222222222222,0.1,0.1,0
IIEFPILK,972.221,1.3875,0.125,101.21250000000002,-0.23808692483648786,195.0,0.75,0.0,0.25,0.0,0.0,0.42857142857142855,0.125,0.125,0
TSGREEVENNLSK,1462.5188999999998,-1.5846153846153848,0.0,34.307692307692314,-1.594381020612743,52.30769230769231,0.15384615384615385,0.46153846153846156,0.38461538461538464,0.16666666666666666,0.25,0.16666666666666666,0.15384615384615385,0.23076923076923078,0
TFEVCDLPV,1022.1721,0.911111111111111,0.1111111111111111,86.80000000000001,-2.6077731728193267,107.77777777777777,0.5555555555555556,0.1111111111111111,0.3333333333333333,0.125,0.0,0.5,0.0,0.2222222222222222,0
YWVPVEYE,1084.1768,-0.46249999999999997,0.375,23.900000000000006,-2.231038184094789,72.5,0.5,0.25,0.25,0.14285714285714285,0.2857142857142857,0.14285714285714285,0.0,0.25,0
EAGMQPQ,759.8281,-1.2571428571428573,0.0,52.828571428571436,-1.1631723813020067,14.285714285714285,0.42857142857142855,0.42857142857142855,0.14285714285714285,0.8333333333333334,0.0,0.16666666666666666,0.0,0.14285714285714285,0
GKVGGRLE,814.9297999999999,-0.6375,0.0,-7.662499999999999,0.7671403550310012,85.0,0.25,0.375,0.375,0.14285714285714285,0.2857142857142857,0.42857142857142855,0.25,0.125,0
IQVHSLAVSGVPQSGKSEE,1952.1264,-0.21052631578947367,0.0,71.73157894736843,-1.1428649948412006,92.10526315789473,0.3684210526315789,0.47368421052631576,0.15789473684210525,0.3888888888888889,0.16666666666666666,0.0,0.05263157894736842,0.10526315789473684,0
RLLVADK,813.9848,0.24285714285714285,0.0,-15.685714285714287,0.7602133742301456,167.1428571428571,0.5714285714285714,0.0,0.42857142857142855,0.0,0.0,0.3333333333333333,0.2857142857142857,0.14285714285714285,0
QCLNESR,848.9245999999999,-1.3571428571428572,0.0,80.34285714285716,-0.24699891383649808,55.71428571428571,0.14285714285714285,0.42857142857142855,0.42857142857142855,0.16666666666666666,0.6666666666666666,0.16666666666666666,0.14285714285714285,0.14285714285714285,0
MGNQQVEVK,1032.1719,-0.8888888888888888,0.0,0.9000000000000006,-0.4978338514844458,64.44444444444444,0.3333333333333333,0.4444444444444444,0.2222222222222222,0.25,0.0,0.375,0.1111111111111111,0.1111111111111111,0
AAVDFPSGSLR,1119.2277,0.2545454545454545,0.09090909090909091,41.10000000000001,-0.20301465110606953,80.0,0.5454545454545454,0.2727272727272727,0.18181818181818182,0.2,0.0,0.3,0.09090909090909091,0.09090909090909091,0
GALALEEKR,986.1236000000001,-0.5111111111111112,0.0,71.9,-0.2352864627632787,108.88888888888889,0.4444444444444444,0.1111111111111111,0.4444444444444444,0.125,0.0,0.125,0.2222222222222222,0.2222222222222222,0
AAAAAAAAGGEER,1115.1547999999998,0.16153846153846158,0.0,38.00000000000001,-1.1985144880994938,61.53846153846154,0.6153846153846154,0.15384615384615385,0.23076923076923078,0.08333333333333333,0.08333333333333333,0.0,0.07692307692307693,0.15384615384615385,0
DTGLLCSTTQGK,1223.3538999999998,-0.375,0.0,-23.791666666666664,-0.24967761596886318,64.99999999999999,0.16666666666666666,0.5833333333333334,0.25,0.09090909090909091,0.2727272727272727,0.09090909090909091,0.08333333333333333,0.08333333333333333,0
RLHWVEF,986.1265999999999,-0.18571428571428575,0.28571428571428575,-7.671428571428572,-0.14992373548290128,97.14285714285714,0.5714285714285714,0.14285714285714285,0.2857142857142857,0.3333333333333333,0.0,0.5,0.14285714285714285,0.14285714285714285,0
LRYAAVRTLNK,1304.5407,-0.2727272727272727,0.09090909090909091,62.80000000000001,2.758083612391299,115.45454545454547,0.45454545454545453,0.2727272727272727,0.2727272727272727,0.3,0.3,0.2,0.2727272727272727,0.0,0
TPTTPVTPK,941.0798,-0.8111111111111111,0.0,20.85555555555556,0.39719759336762717,32.22222222222222,0.4444444444444444,0.4444444444444444,0.1111111111111111,0.625,0.0,0.125,0.1111111111111111,0.0,0
NTHIILNR,980.1222,-0.32500000000000007,0.0,77.13749999999999,0.8472658025438885,146.25,0.375,0.5,0.125,0.2857142857142857,0.14285714285714285,0.0,0.125,0.0,0
QNNLSTTEPVR,1258.3383,-1.3,0.0,61.61818181818182,-0.23709792373748817,61.81818181818183,0.2727272727272727,0.5454545454545454,0.18181818181818182,0.2,0.1,0.2,0.09090909090909091,0.09090909090909091,0
IADRPEISEQLLR,1539.7321,-0.5384615384615384,0.0,84.34615384615387,-1.2331767007244343,127.6923076923077,0.46153846153846156,0.15384615384615385,0.38461538461538464,0.16666666666666666,0.16666666666666666,0.4166666666666667,0.15384615384615385,0.23076923076923078,0
STADIEAASK,992.0388,-0.32999999999999996,0.0,44.449999999999996,-1.5369213188683468,69.0,0.4,0.3,0.3,0.2222222222222222,0.1111111111111111,0.4444444444444444,0.1,0.2,0
AGGGGWLPCPGK,1099.2628,-0.15833333333333335,0.08333333333333334,79.32500000000002,0.7849745967560762,40.83333333333333,0.4166666666666667,0.4166666666666667,0.16666666666666666,0.2727272727272727,0.09090909090909091,0.18181818181818182,0.08333333333333333,0.0,0
NDVDPPRK,940.0121000000001,-2.2375,0.0,4.6125000000000025,-0.23866586483000995,36.25,0.375,0.125,0.5,0.0,0.14285714285714285,0.5714285714285714,0.25,0.25,0
INTASSTNDFR,1225.2653,-0.8090909090909091,0.09090909090909091,-1.636363636363633,-0.2387876247708538,44.545454545454554,0.2727272727272727,0.5454545454545454,0.18181818181818182,0.3,0.1,0.2,0.09090909090909091,0.09090909090909091,0
SLSFSTNLQK,1124.2442,-0.36000000000000004,0.1,26.57,0.45914745821859826,78.0,0.3,0.6,0.1,0.6666666666666666,0.1111111111111111,0.0,0.1,0.0,0
HVMYHDW,987.0913999999999,-0.8571428571428571,0.28571428571428575,60.028571428571425,-1.06542824936068,41.42857142857142,0.42857142857142855,0.42857142857142855,0.14285714285714285,0.3333333333333333,0.16666666666666666,0.16666666666666666,0.0,0.14285714285714285,0
IEEQETINPVQAQKF,1773.9368,-0.86,0.06666666666666667,96.96,-2.232466000890067,78.0,0.4,0.3333333333333333,0.26666666666666666,0.42857142857142855,0.2857142857142857,0.14285714285714285,0.06666666666666667,0.2,0
AQLEGIIAPK,1039.2259,0.35,0.0,19.770000000000003,-0.2023139511717038,137.0,0.6,0.2,0.2,0.3333333333333333,0.1111111111111111,0.2222222222222222,0.1,0.1,0
NELPHGTIR,1036.1425,-1.011111111111111,0.0,9.333333333333336,-0.14992373548290128,86.66666666666666,0.3333333333333333,0.4444444444444444,0.2222222222222222,0.25,0.125,0.25,0.1111111111111111,0.1111111111111111,0
DIIVLQR,856.0214,0.7857142857142857,0.0,43.01428571428571,-0.2387876247708538,208.57142857142856,0.5714285714285714,0.14285714285714285,0.2857142857142857,0.16666666666666666,0.16666666666666666,0.16666666666666666,0.14285714285714285,0.14285714285714285,0
RALETLTGALFQ,1319.5057,0.37499999999999994,0.08333333333333334,-4.983333333333334,-0.23709792373748817,114.16666666666666,0.5,0.3333333333333333,0.16666666666666666,0.36363636363636365,0.09090909090909091,0.18181818181818182,0.08333333333333333,0.08333333333333333,0
ENLEFGK,835.9009,-1.1714285714285715,0.14285714285714288,-3.5571428571428574,-1.1613609203277977,55.71428571428571,0.2857142857142857,0.2857142857142857,0.42857142857142855,0.3333333333333333,0.3333333333333333,0.3333333333333333,0.14285714285714285,0.2857142857142857,0
EKIPDPHKLK,1204.4185,-1.6800000000000002,0.0,-3.210000000000001,0.9221255648954227,78.0,0.4,0.1,0.5,0.1111111111111111,0.1111111111111111,0.5555555555555556,0.3,0.2,0
GILTSTALLHR,1181.385,0.6727272727272727,0.0,18.881818181818183,0.8472658025438885,150.9090909090909,0.45454545454545453,0.45454545454545453,0.09090909090909091,0.4,0.1,0.0,0.09090909090909091,0.0,0
LCDQKFPK,978.1659999999999,-0.9125000000000001,0.125,56.900000000000006,0.7493233830321357,48.75,0.375,0.125,0.5,0.0,0.2857142857142857,0.42857142857142855,0.25,0.125,0
ATEDFNK,823.8471999999999,-1.5,0.14285714285714288,86.65714285714286,-1.201193190231859,14.285714285714285,0.2857142857142857,0.2857142857142857,0.42857142857142855,0.3333333333333333,0.3333333333333333,0.16666666666666666,0.14285714285714285,0.2857142857142857,0
NQDDHSQVSLNGYTK,1705.7368999999999,-1.6066666666666667,0.06666666666666667,3.620000000000002,-1.1524806776744232,45.33333333333333,0.13333333333333333,0.6666666666666666,0.2,0.2857142857142857,0.21428571428571427,0.0,0.06666666666666667,0.13333333333333333,0
YVMPSCESDAR,1257.3932,-0.509090909090909,0.09090909090909091,113.6909090909091,-1.2468771538956545,35.45454545454546,0.36363636363636365,0.2727272727272727,0.36363636363636365,0.2,0.3,0.2,0.09090909090909091,0.18181818181818182,0
TLIEQVSR,945.0716,-0.0625,0.0,102.4,-0.5990029435601627,133.75,0.375,0.375,0.25,0.42857142857142855,0.2857142857142857,0.14285714285714285,0.125,0.125,0
VSMDNRLME,1094.2629,-0.4444444444444444,0.0,8.88888888888889,-1.256853107264304,75.55555555555554,0.4444444444444444,0.2222222222222222,0.3333333333333333,0.25,0.25,0.375,0.1111111111111111,0.2222222222222222,0
SLTDAIAAPILH,1221.4025,1.0166666666666666,0.0,41.26666666666667,-1.4515585915879696,154.99999999999997,0.6666666666666666,0.25,0.08333333333333333,0.2727272727272727,0.09090909090909091,0.09090909090909091,0.0,0.08333333333333333,0
AVEVELEYQR,1235.3428999999999,-0.58,0.1,9.0,-2.1967030271252845,107.0,0.4,0.2,0.4,0.0,0.2222222222222222,0.5555555555555556,0.1,0.3,0
LENNIDPEWLEVDVAK,1884.0474,-0.5375,0.0625,36.625,-4.230224479010379,115.625,0.5,0.125,0.375,0.06666666666666667,0.06666666666666667,0.6666666666666666,0.0625,0.3125,0
GQEYGYQSK,1059.0863,-2.066666666666667,0.2222222222222222,60.24444444444445,-0.2400849268344898,0.0,0.0,0.7777777777777778,0.2222222222222222,0.0,0.375,0.0,0.1111111111111111,0.1111111111111111,0
YVTTVTSWCR,1215.378,0.13000000000000003,0.2,-7.98,0.7491916231912907,58.0,0.3,0.5,0.2,0.5555555555555556,0.0,0.1111111111111111,0.1,0.0,0
DNVGLLVEPSPPHTVN,1687.8475,-0.23125,0.0,62.93125,-2.1487929746430554,103.125,0.5,0.375,0.125,0.5333333333333333,0.06666666666666667,0.13333333333333333,0.0,0.125,0
NFNIEDHIDK,1244.3099,-1.28,0.1,136.56,-2.148671214702212,78.0,0.3,0.3,0.4,0.4444444444444444,0.1111111111111111,0.2222222222222222,0.1,0.3,0
RLFLLPH,895.1021,0.6999999999999998,0.14285714285714288,36.08571428571429,0.8472658025438885,167.14285714285714,0.7142857142857143,0.14285714285714285,0.14285714285714285,0.16666666666666666,0.0,0.16666666666666666,0.14285714285714285,0.0,0
AIQPNTTGKQL,1170.316,-0.7000000000000001,0.0,24.936363636363637,0.794875586855086,80.00000000000001,0.36363636363636365,0.5454545454545454,0.09090909090909091,0.4,0.2,0.0,0.09090909090909091,0.0,0
PTNLQGK,756.8474,-1.4000000000000001,0.0,21.542857142857144,0.9575298665793545,55.71428571428571,0.2857142857142857,0.5714285714285714,0.14285714285714285,0.5,0.16666666666666666,0.0,0.14285714285714285,0.0,0
ETFNPESYELDK,1471.5206,-1.5999999999999999,0.16666666666666669,34.225,-3.1584286984137435,32.49999999999999,0.25,0.3333333333333333,0.4166666666666667,0.2727272727272727,0.2727272727272727,0.2727272727272727,0.08333333333333333,0.3333333333333333,0
SNAILPVR,869.0201999999999,0.4875,0.0,80.975,0.46013645931759795,146.25,0.625,0.25,0.125,0.14285714285714285,0.0,0.14285714285714285,0.125,0.0,0
WGNDFTEYGVVAAR,1584.6861999999999,-0.2785714285714286,0.2142857142857143,-1.8785714285714266,-1.2369761637966445,55.71428571428571,0.42857142857142855,0.35714285714285715,0.21428571428571427,0.23076923076923078,0.23076923076923078,0.15384615384615385,0.07142857142857142,0.14285714285714285,0
YVDDTQFVRF,1289.3917,-0.3,0.30000000000000004,-36.14,-1.2386658648300104,58.0,0.4,0.3,0.3,0.2222222222222222,0.1111111111111111,0.3333333333333333,0.1,0.2,0
GSPLNAAPYGIES,1275.3636999999999,-0.15384615384615388,0.07692307692307693,93.4,-1.2380869248364883,75.38461538461539,0.46153846153846156,0.46153846153846156,0.07692307692307693,0.4166666666666667,0.08333333333333333,0.08333333333333333,0.0,0.07692307692307693,0
LKDQQPGTF,1033.1352,-1.1666666666666667,0.1111111111111111,46.53333333333333,-0.2397766258698535,43.33333333333333,0.3333333333333333,0.4444444444444444,0.2222222222222222,0.375,0.125,0.125,0.1111111111111111,0.1111111111111111,0
YLVLEENVDNDPCK,1650.8040999999998,-0.6642857142857144,0.07142857142857144,16.450000000000003,-3.2439349320815998,97.14285714285714,0.35714285714285715,0.21428571428571427,0.42857142857142855,0.15384615384615385,0.23076923076923078,0.3076923076923077,0.07142857142857142,0.2857142857142857,0
VHLEAGVNHIKR,1372.5748999999998,-0.30833333333333335,0.0,65.875,0.9101382275385346,121.66666666666664,0.4166666666666667,0.3333333333333333,0.25,0.5454545454545454,0.0,0.2727272727272727,0.16666666666666666,0.08333333333333333,0
KSGNENGEFYL,1257.3053,-1.290909090909091,0.18181818181818182,10.491818181818182,-1.2362754638622788,35.45454545454546,0.18181818181818182,0.5454545454545454,0.2727272727272727,0.2,0.4,0.1,0.09090909090909091,0.18181818181818182,0
GSQLSPQPQK,1069.1691,-1.58,0.0,129.98000000000002,0.7591026131903019,39.0,0.3,0.6,0.1,0.6666666666666666,0.1111111111111111,0.0,0.1,0.0,0
LNPASAEIMLLRK,1455.7646,0.2769230769230769,0.0,51.46153846153847,0.7619030752635112,135.3846153846154,0.6153846153846154,0.15384615384615385,0.23076923076923078,0.3333333333333333,0.0,0.25,0.15384615384615385,0.07692307692307693,0
TLDDSATICR,1094.1969,-0.11000000000000001,0.0,28.26,-1.6094728737526938,88.0,0.3,0.3,0.4,0.4444444444444444,0.1111111111111111,0.2222222222222222,0.1,0.2,0
DLTHTFFNPDR,1362.4459,-1.0727272727272728,0.18181818181818182,-2.8727272727272712,-1.1504926755764224,35.45454545454546,0.36363636363636365,0.36363636363636365,0.2727272727272727,0.4,0.0,0.2,0.09090909090909091,0.18181818181818182,0
LVASGQNLSGVEK,1301.4457,0.07692307692307693,0.0,9.230769230769232,-0.23808692483648786,112.3076923076923,0.38461538461538464,0.46153846153846156,0.15384615384615385,0.3333333333333333,0.0,0.08333333333333333,0.07692307692307693,0.07692307692307693,0
EGWWIGVK,974.1126000000002,-0.16249999999999998,0.25,20.575000000000003,-0.1641713823010078,85.0,0.5,0.25,0.25,0.42857142857142855,0.14285714285714285,0.14285714285714285,0.125,0.125,0
PINTSLYLCDNK,1380.5655,-0.35000000000000003,0.08333333333333334,37.87500000000001,-0.052249363578811714,97.49999999999999,0.3333333333333333,0.4166666666666667,0.25,0.36363636363636365,0.18181818181818182,0.09090909090909091,0.08333333333333333,0.08333333333333333,0
LLREPVHVEVR,1346.5774,-0.05454545454545456,0.0,61.61818181818182,-0.1471232734096919,150.0,0.5454545454545454,0.09090909090909091,0.36363636363636365,0.2,0.0,0.5,0.18181818181818182,0.18181818181818182,0
HSVGICGSDVHY,1273.3742,0.15,0.08333333333333334,31.63333333333333,-1.0753292394596896,80.83333333333331,0.25,0.5833333333333334,0.16666666666666666,0.36363636363636365,0.18181818181818182,0.18181818181818182,0.0,0.08333333333333333,0
FYDAVGALR,1011.1311000000001,0.5222222222222223,0.2222222222222222,73.95666666666666,-0.23978662576985488,97.77777777777777,0.5555555555555556,0.2222222222222222,0.2222222222222222,0.375,0.125,0.25,0.1111111111111111,0.1111111111111111,0
TEVELYNEFPEPIKLDK,2064.291,-0.8764705882352941,0.11764705882352942,38.64117647058825,-3.592437799797689,85.88235294117646,0.4117647058823529,0.17647058823529413,0.4117647058823529,0.0625,0.125,0.5625,0.11764705882352941,0.29411764705882354,0
EWPQTHQASI,1196.2688,-1.1400000000000001,0.1,13.230000000000002,-1.07599819304742,49.0,0.4,0.5,0.1,0.4444444444444444,0.0,0.1111111111111111,0.0,0.1,0
VRPEGTCEEASLPLER,1785.9726,-0.75,0.0,59.38125,-2.2646907520510187,73.125,0.375,0.1875,0.4375,0.13333333333333333,0.13333333333333333,0.3333333333333333,0.125,0.25,0
LVKQPPDVTENPYRE,1784.9627999999998,-1.3666666666666667,0.06666666666666667,37.81333333333334,-1.2299274230549453,64.66666666666666,0.4,0.26666666666666666,0.3333333333333333,0.2857142857142857,0.2857142857142857,0.21428571428571427,0.13333333333333333,0.2,0
LLEEQNR,900.976,-1.5571428571428572,0.0,82.65714285714286,-1.234287461764278,111.42857142857142,0.2857142857142857,0.2857142857142857,0.42857142857142855,0.0,0.3333333333333333,0.16666666666666666,0.14285714285714285,0.2857142857142857,0
IFSGSSHQDLSQK,1433.5221999999999,-0.776923076923077,0.07692307692307693,53.67692307692308,-0.1526024376152666,60.0,0.23076923076923078,0.6153846153846154,0.15384615384615385,0.16666666666666666,0.16666666666666666,0.08333333333333333,0.07692307692307693,0.07692307692307693,0
GFDYKGEVEK,1171.2558999999999,-1.34,0.2,5.31,-1.2361537039214352,29.0,0.2,0.3,0.5,0.1111111111111111,0.4444444444444444,0.3333333333333333,0.2,0.3,0
AAIEAFNR,890.9827,0.15,0.125,63.675,-0.2013249500727039,86.25,0.625,0.125,0.25,0.14285714285714285,0.14285714285714285,0.2857142857142857,0.125,0.125,0
VTIDTVVIDGYDK,1437.5902999999998,0.31538461538461543,0.07692307692307693,-3.707692307692307,-2.264647329223316,126.92307692307692,0.38461538461538464,0.3076923076923077,0.3076923076923077,0.25,0.25,0.16666666666666666,0.07692307692307693,0.23076923076923078,0
SYEEAIAEQR,1195.2361,-1.25,0.1,53.32000000000001,-2.5324311557617722,59.0,0.3,0.3,0.4,0.0,0.3333333333333333,0.2222222222222222,0.1,0.3,0
DSYIEVLLPLGSEPELREK,2187.4452,-0.4473684210526316,0.052631578947368425,92.43157894736842,-3.2295437788760144,117.89473684210525,0.42105263157894735,0.21052631578947367,0.3684210526315789,0.1111111111111111,0.1111111111111111,0.3333333333333333,0.10526315789473684,0.2631578947368421,0
NHLTQFSPHF,1227.3273,-0.7100000000000002,0.2,27.490000000000002,-0.06555000930152344,39.0,0.4,0.6,0.0,0.7777777777777778,0.0,0.0,0.0,0.0,0
VVHAVDGTAENGIHPL,1628.7836,0.28125,0.0,-14.112499999999999,-2.0877320106226187,115.625,0.5,0.375,0.125,0.4,0.13333333333333333,0.13333333333333333,0.0,0.125,0
DLSPVIHR,936.0663999999999,-0.13750000000000004,0.0,103.17500000000001,-0.1516134365162669,133.75,0.5,0.25,0.25,0.42857142857142855,0.14285714285714285,0.14285714285714285,0.125,0.125,0
FASDIEAIYNK,1270.3869,-0.1,0.18181818181818182,70.56363636363636,-1.2379651648956442,89.09090909090911,0.45454545454545453,0.2727272727272727,0.2727272727272727,0.2,0.2,0.3,0.09090909090909091,0.18181818181818182,0
NNMGPIPKDDLNERPAK,1909.1282,-1.5588235294117647,0.0,30.376470588235296,-0.23685440385580092,51.764705882352935,0.4117647058823529,0.23529411764705882,0.35294117647058826,0.25,0.0625,0.25,0.17647058823529413,0.17647058823529413,0
WESLGPESR,1060.1176,-1.3555555555555556,0.1111111111111111,92.40000000000002,-1.234287461764278,43.33333333333333,0.3333333333333333,0.3333333333333333,0.3333333333333333,0.375,0.375,0.25,0.1111111111111111,0.2222222222222222,0
DSDHHPSEIAESHRF,1763.7781,-1.5333333333333334,0.06666666666666667,71.61333333333334,-2.970523375120828,32.666666666666664,0.26666666666666666,0.4,0.3333333333333333,0.14285714285714285,0.42857142857142855,0.21428571428571427,0.06666666666666667,0.26666666666666666,0
QLLTHNDPKELLSE,1636.8009,-0.8928571428571429,0.0,39.957142857142856,-2.141744233901356,111.42857142857142,0.35714285714285715,0.35714285714285715,0.2857142857142857,0.23076923076923078,0.15384615384615385,0.23076923076923078,0.07142857142857142,0.21428571428571427,0
RGLSVTAEQVTPHGAGAR,1806.9767000000002,-0.36666666666666664,0.0,-13.388888888888891,0.850066264617098,70.55555555555554,0.3888888888888889,0.4444444444444444,0.16666666666666666,0.7058823529411765,0.11764705882352941,0.11764705882352941,0.1111111111111111,0.05555555555555555,0
DVILGLGYSK,1064.2319,0.6,0.1,19.770000000000003,-0.24077562686885456,146.0,0.4,0.4,0.2,0.3333333333333333,0.1111111111111111,0.1111111111111111,0.1,0.1,0
GVQTLVIG,785.9282000000001,1.4625,0.0,8.75,-0.23989838581069733,170.0,0.5,0.5,0.0,0.5714285714285714,0.0,0.0,0.0,0.0,0
KQGSNPSLQTSESTGGEIY,1983.0511000000001,-1.1473684210526316,0.052631578947368425,76.16315789473684,-1.2362754638622788,41.05263157894736,0.15789473684210525,0.6842105263157895,0.15789473684210525,0.2777777777777778,0.2222222222222222,0.05555555555555555,0.05263157894736842,0.10526315789473684,0
TVGTSIPAWR,1087.229,0.09000000000000001,0.1,8.400000000000002,0.3981865944666271,78.0,0.5,0.4,0.1,0.3333333333333333,0.0,0.1111111111111111,0.1,0.0,0
IDILSPNFVR,1173.3611,0.59,0.1,57.17,-0.2387876247708538,146.0,0.6,0.2,0.2,0.4444444444444444,0.0,0.3333333333333333,0.1,0.1,0
IFIEDIK,877.0355999999999,0.7714285714285715,0.14285714285714288,86.72857142857143,-1.2369661638966432,167.14285714285714,0.5714285714285714,0.0,0.42857142857142855,0.0,0.0,0.5,0.14285714285714285,0.2857142857142857,0
VADNAQQQYVR,1291.3696,-1.0272727272727271,0.09090909090909091,29.53636363636364,-0.2658998500040053,70.90909090909092,0.36363636363636365,0.45454545454545453,0.18181818181818182,0.3,0.1,0.2,0.09090909090909091,0.09090909090909091,0
MIPYTHFDVQFLEK,1768.0395999999998,-0.08571428571428576,0.2142857142857143,-2.814285714285713,-1.4105379032890153,76.42857142857142,0.5,0.2857142857142857,0.21428571428571427,0.3076923076923077,0.0,0.23076923076923078,0.07142857142857142,0.14285714285714285,0
IFEPPPPKK,1052.2661,-1.1555555555555557,0.1111111111111111,94.4888888888889,0.7609140741645111,43.33333333333333,0.6666666666666666,0.0,0.3333333333333333,0.0,0.0,0.375,0.2222222222222222,0.1111111111111111,0
NTPFIPANPNMSPLESIK,1970.2492000000002,-0.4055555555555556,0.05555555555555555,77.73333333333333,-0.23808692483648786,70.55555555555554,0.5555555555555556,0.3333333333333333,0.1111111111111111,0.47058823529411764,0.058823529411764705,0.11764705882352941,0.05555555555555555,0.05555555555555555,0
HYWFVESQK,1223.3353,-1.1222222222222222,0.3333333333333333,88.9888888888889,-0.15191173758090204,32.22222222222222,0.3333333333333333,0.4444444444444444,0.2222222222222222,0.125,0.25,0.125,0.1111111111111111,0.1111111111111111,0
CEESFVKIPGEK,1365.551,-0.5916666666666667,0.08333333333333334,34.224999999999994,-1.2433659919880782,56.66666666666666,0.3333333333333333,0.16666666666666666,0.5,0.18181818181818182,0.18181818181818182,0.18181818181818182,0.16666666666666666,0.25,0
YQVVPSALQMWSTSLR,1866.1446,0.08124999999999999,0.125,61.15000000000001,0.7590926132903006,91.25,0.5,0.4375,0.0625,0.4666666666666667,0.0,0.06666666666666667,0.0625,0.0,0
LILESAICHR,1154.3828,0.8899999999999999,0.0,80.12,-0.1598247255819112,166.0,0.5,0.2,0.3,0.1111111111111111,0.3333333333333333,0.2222222222222222,0.1,0.1,0
ESLVSFAMQHVR,1403.6054,0.19999999999999996,0.08333333333333334,18.933333333333337,-0.076008192947421,89.16666666666666,0.5,0.3333333333333333,0.16666666666666666,0.45454545454545453,0.09090909090909091,0.09090909090909091,0.08333333333333333,0.08333333333333333,0
ETVAAPGR,799.8722,-0.3625,0.0,32.825,-0.1631823812020079,61.25,0.5,0.25,0.25,0.2857142857142857,0.2857142857142857,0.0,0.125,0.125,0
PDIKAQYQQ,1090.1865,-1.6111111111111112,0.1111111111111111,4.100000000000001,-0.042348373479802026,54.44444444444444,0.3333333333333333,0.4444444444444444,0.2222222222222222,0.125,0.0,0.5,0.1111111111111111,0.1111111111111111,0
THTCPPCP,854.9938,-0.55,0.0,62.125,-0.5344311975768047,0.0,0.375,0.375,0.25,0.0,0.14285714285714285,0.42857142857142855,0.0,0.0,0
ITFSPPLPR,1027.2168,0.033333333333333263,0.1111111111111111,105.84444444444445,0.7600916142893016,86.66666666666666,0.6666666666666666,0.2222222222222222,0.1111111111111111,0.5,0.0,0.125,0.1111111111111111,0.0,0
YSFDHPDSR,1123.1319,-1.8222222222222224,0.2222222222222222,53.82222222222223,-1.1514916765754235,0.0,0.2222222222222222,0.4444444444444444,0.3333333333333333,0.25,0.375,0.25,0.1111111111111111,0.2222222222222222,0
VNVGHSFQVK,1114.2540999999999,0.01000000000000002,0.1,-9.91,0.8201635772107384,87.0,0.4,0.5,0.1,0.6666666666666666,0.0,0.1111111111111111,0.1,0.0,0
VTLADITVVC,1033.2395,2.0300000000000002,0.0,-7.98,-1.2747918392040127,175.0,0.6,0.2,0.2,0.4444444444444444,0.0,0.3333333333333333,0.0,0.1,0
DNQIFQEGR,1106.1461,-1.6777777777777778,0.1111111111111111,21.911111111111115,-1.2359771627976435,43.33333333333333,0.2222222222222222,0.4444444444444444,0.3333333333333333,0.25,0.5,0.0,0.1111111111111111,0.2222222222222222,0
TLVSPDNTSENTHAAQK,1812.8886000000002,-1.076470588235294,0.0,32.16470588235294,-1.511696995464731,51.764705882352935,0.29411764705882354,0.5294117647058824,0.17647058823529413,0.3125,0.25,0.0625,0.058823529411764705,0.11764705882352941,0
NIDASQLLD,988.0499,-0.10000000000000003,0.0,79.11111111111111,-2.234475962323705,141.1111111111111,0.4444444444444444,0.3333333333333333,0.2222222222222222,0.375,0.0,0.375,0.0,0.2222222222222222,0
TFFSETGAGKHVPR,1533.686,-0.5785714285714285,0.14285714285714288,22.03571428571429,0.48717224369542356,27.857142857142854,0.35714285714285715,0.42857142857142855,0.21428571428571427,0.38461538461538464,0.3076923076923077,0.07692307692307693,0.14285714285714285,0.07142857142857142,0
EQTMWACLAAMAVANR,1766.0736,0.41875,0.0625,59.23125,-0.1730833713010178,73.75,0.625,0.1875,0.1875,0.13333333333333333,0.13333333333333333,0.13333333333333333,0.0625,0.0625,0
TLLLQQSNV,1015.1613,0.39999999999999997,0.0,115.33333333333333,-0.6018034056333719,162.2222222222222,0.4444444444444444,0.5555555555555556,0.0,0.375,0.0,0.0,0.0,0.0,0
YSSNGSVK,840.8776,-0.9125,0.125,10.437500000000002,0.758103612191301,36.25,0.125,0.75,0.125,0.14285714285714285,0.0,0.14285714285714285,0.125,0.0,0
FLVVNMK,850.0795999999999,1.3571428571428572,0.14285714285714288,8.571428571428571,0.7591026131903019,138.57142857142856,0.7142857142857143,0.14285714285714285,0.14285714285714285,0.3333333333333333,0.0,0.16666666666666666,0.14285714285714285,0.0,0
FFLHGVTLVPIEE,1500.7353999999998,1.0153846153846153,0.15384615384615385,68.41538461538461,-2.1418659938421998,134.6153846153846,0.6153846153846154,0.23076923076923078,0.15384615384615385,0.3333333333333333,0.0,0.08333333333333333,0.0,0.15384615384615385,0
ALESPRPALV,1052.2247,0.33999999999999997,0.0,103.18,-0.2013249500727039,127.0,0.7,0.1,0.2,0.1111111111111111,0.1111111111111111,0.3333333333333333,0.1,0.1,0
PGQTRDWNEELQTTR,1830.9088000000002,-2.08,0.06666666666666667,61.02666666666666,-1.0347494473353818,26.0,0.2,0.4666666666666667,0.3333333333333333,0.21428571428571427,0.21428571428571427,0.14285714285714285,0.13333333333333333,0.2,0
KVGTFFSEVK,1141.316,0.08000000000000002,0.2,12.250000000000004,0.7609140741645111,58.0,0.4,0.3,0.3,0.3333333333333333,0.1111111111111111,0.3333333333333333,0.2,0.1,0
VDESGEIR,903.9336000000001,-0.9375,0.0,28.687500000000004,-2.2592799250585838,85.0,0.25,0.25,0.5,0.0,0.2857142857142857,0.42857142857142855,0.125,0.375,0
ISETGGSHDK,1030.047,-1.27,0.0,23.619999999999997,-1.1497919756420563,39.0,0.1,0.6,0.3,0.1111111111111111,0.3333333333333333,0.0,0.1,0.2,0
DCLMYQPR,1025.2025,-0.775,0.125,77.075,-0.24968761586886457,48.75,0.375,0.25,0.375,0.2857142857142857,0.0,0.2857142857142857,0.125,0.125,0
AQREEAAAAHAQEVR,1636.7248,-0.98,0.0,38.24666666666667,-1.1085398377716973,59.33333333333333,0.4666666666666667,0.2,0.3333333333333333,0.2857142857142857,0.14285714285714285,0.21428571428571427,0.13333333333333333,0.2,0
NPVLPCPVGSLYK,1386.6577,0.29230769230769227,0.07692307692307693,53.946153846153855,0.748202622092291,104.61538461538461,0.5384615384615384,0.3076923076923077,0.15384615384615385,0.3333333333333333,0.08333333333333333,0.16666666666666666,0.07692307692307693,0.0,0
AVVSEEPIYIVTEY,1611.7862,0.5142857142857143,0.14285714285714288,61.71428571428573,-3.197692028224284,124.99999999999999,0.5,0.2857142857142857,0.21428571428571427,0.3076923076923077,0.23076923076923078,0.07692307692307693,0.0,0.21428571428571427,0
GGYTVHDKPNPRGE,1526.609,-1.7357142857142858,0.07142857142857144,-24.37142857142857,-0.14556369677356829,20.71428571428571,0.21428571428571427,0.5,0.2857142857142857,0.3076923076923077,0.23076923076923078,0.15384615384615385,0.14285714285714285,0.14285714285714285,0
RAFQPYGLHGGEPGAR,1712.8652,-0.9437500000000001,0.125,19.356250000000003,0.8490672636180969,36.875,0.375,0.4375,0.1875,0.4666666666666667,0.06666666666666667,0.2,0.125,0.0625,0
GIEELFSEK,1051.1472,-0.5,0.1111111111111111,105.9,-2.232466000890067,86.66666666666666,0.3333333333333333,0.2222222222222222,0.4444444444444444,0.25,0.125,0.25,0.1111111111111111,0.3333333333333333,0
LTEIILPFTFA,1264.5082,1.5909090909090908,0.18181818181818182,107.85454545454546,-1.2370879238374872,150.90909090909093,0.7272727272727273,0.18181818181818182,0.09090909090909091,0.3,0.1,0.1,0.0,0.09090909090909091,0
EVIFPEVINPSVVPTLK,1881.2156,0.6882352941176471,0.05882352941176471,46.93529411764706,-1.1613609203277977,137.05882352941177,0.6470588235294118,0.17647058823529413,0.17647058823529413,0.375,0.0,0.25,0.058823529411764705,0.11764705882352941,0
AKPILKTDEPICPEGK,1739.0420000000001,-0.6875,0.0,41.025,-0.21028172035565973,79.375,0.4375,0.125,0.4375,0.0,0.26666666666666666,0.4666666666666667,0.1875,0.1875,0
HVIPMNPNTNDLFNA,1696.8806,-0.37333333333333335,0.06666666666666667,-15.213333333333333,-1.151603436616266,78.0,0.5333333333333333,0.4,0.06666666666666667,0.42857142857142855,0.07142857142857142,0.07142857142857142,0.0,0.06666666666666667,0
LDELADQLR,1072.1697,-0.588888888888889,0.0,20.85555555555556,-2.234856401857799,141.1111111111111,0.4444444444444444,0.1111111111111111,0.4444444444444444,0.125,0.125,0.5,0.1111111111111111,0.3333333333333333,0
QSAEEQAQARAQAQAAAE,1857.8894999999998,-1.0499999999999998,0.0,62.66666666666667,-2.2262397200235777,44.44444444444444,0.4444444444444444,0.3333333333333333,0.2222222222222222,0.47058823529411764,0.058823529411764705,0.23529411764705882,0.05555555555555555,0.16666666666666666,0
EQGGTADGLR,1003.0248999999999,-1.1300000000000001,0.0,42.879999999999995,-1.1620616202621632,49.0,0.2,0.5,0.3,0.2222222222222222,0.2222222222222222,0.2222222222222222,0.1,0.2,0
PQTVSHR,823.8969,-1.4428571428571428,0.0,36.08571428571429,1.0456930559329414,41.42857142857142,0.2857142857142857,0.5714285714285714,0.14285714285714285,0.5,0.16666666666666666,0.0,0.14285714285714285,0.0,0
WGNHTPIFR,1127.2546,-0.8333333333333334,0.2222222222222222,-20.444444444444443,0.8472658025438885,43.33333333333333,0.4444444444444444,0.4444444444444444,0.1111111111111111,0.25,0.0,0.125,0.1111111111111111,0.0,0
EQIASDTCHLQR,1400.5173,-0.8833333333333333,0.0,67.025,-1.0847884221065862,73.33333333333331,0.25,0.4166666666666667,0.3333333333333333,0.36363636363636365,0.5454545454545454,0.0,0.08333333333333333,0.16666666666666666,0
KLQHTYLCEEK,1391.5916,-1.2181818181818183,0.09090909090909091,53.79090909090909,-0.1600012667057027,70.90909090909092,0.18181818181818182,0.36363636363636365,0.45454545454545453,0.2,0.0,0.2,0.18181818181818182,0.18181818181818182,0
VKPIQLK,825.0504999999999,-0.05714285714285713,0.0,-18.442857142857143,1.731990387957151,152.85714285714283,0.5714285714285714,0.14285714285714285,0.2857142857142857,0.3333333333333333,0.0,0.5,0.2857142857142857,0.0,0
FVNSVENPVSK,1219.3434,-0.19999999999999998,0.09090909090909091,23.981818181818184,-0.23808692483648786,79.09090909090908,0.45454545454545453,0.36363636363636365,0.18181818181818182,0.4,0.2,0.1,0.09090909090909091,0.09090909090909091,0
MLTVDGK,762.9147999999999,0.19999999999999998,0.0,-25.02857142857143,-0.49952355251781144,97.14285714285714,0.42857142857142855,0.2857142857142857,0.2857142857142857,0.3333333333333333,0.3333333333333333,0.16666666666666666,0.14285714285714285,0.14285714285714285,0
DITQSAQHAL,1083.1526,-0.33,0.0,45.4,-1.151603436616266,98.0,0.4,0.5,0.1,0.4444444444444444,0.0,0.1111111111111111,0.0,0.1,0
TALPTIYHCK,1146.3591,0.11999999999999997,0.1,40.6,0.4734717905242032,88.0,0.4,0.4,0.2,0.4444444444444444,0.1111111111111111,0.0,0.1,0.0,0
FNFLDAPAVRVT,1349.5330999999999,0.6333333333333333,0.16666666666666669,21.666666666666668,-0.2387876247708538,97.49999999999997,0.6666666666666666,0.16666666666666666,0.16666666666666666,0.2727272727272727,0.0,0.36363636363636365,0.08333333333333333,0.08333333333333333,0
MIAPTGVSTFSEALR,1579.8157,0.52,0.06666666666666667,50.42,-0.4968448503854459,84.66666666666666,0.5333333333333333,0.3333333333333333,0.13333333333333333,0.35714285714285715,0.07142857142857142,0.14285714285714285,0.06666666666666667,0.06666666666666667,0
SSYFKEKPLPCEPE,1653.8496,-1.2071428571428573,0.14285714285714288,41.464285714285715,-1.5390828681912931,27.857142857142854,0.35714285714285715,0.21428571428571427,0.42857142857142855,0.07692307692307693,0.0,0.38461538461538464,0.14285714285714285,0.21428571428571427,0
GPAHPGTPVR,988.1013,-0.8,0.0,27.660000000000004,0.8472658025438885,39.0,0.5,0.4,0.1,0.5555555555555556,0.0,0.1111111111111111,0.1,0.0,0
LDEATAAR,845.8976,-0.375,0.0,8.75,-1.2359771627976435,86.25,0.5,0.125,0.375,0.2857142857142857,0.0,0.42857142857142855,0.125,0.25,0
IEYVTVTPEGFR,1410.5699,-0.04166666666666666,0.16666666666666669,46.11666666666666,-1.2352864627632791,80.83333333333331,0.4166666666666667,0.3333333333333333,0.25,0.5454545454545454,0.18181818181818182,0.2727272727272727,0.08333333333333333,0.16666666666666666,0
VDVEFFK,882.9986,0.4428571428571429,0.28571428571428575,-34.371428571428574,-1.2630793881307936,82.85714285714285,0.5714285714285714,0.0,0.42857142857142855,0.0,0.0,0.8333333333333334,0.14285714285714285,0.2857142857142857,0
TPEEVQSVREHL,1423.5275,-1.05,0.0,81.15,-2.506207831359155,80.83333333333331,0.3333333333333333,0.3333333333333333,0.3333333333333333,0.36363636363636365,0.09090909090909091,0.2727272727272727,0.08333333333333333,0.25,0
NLLPVLAQHVAGPS,1415.6359999999997,0.6285714285714284,0.0,50.55714285714286,-0.15272419755611044,139.28571428571428,0.6428571428571429,0.35714285714285715,0.0,0.46153846153846156,0.0,0.0,0.0,0.0,0
LAFPSPFGHLSEG,1358.4968999999999,0.2076923076923076,0.15384615384615385,102.29230769230772,-1.1499137355829,67.6923076923077,0.5384615384615384,0.38461538461538464,0.07692307692307693,0.4166666666666667,0.16666666666666666,0.0,0.0,0.07692307692307693,0
IALACTEK,848.0193999999999,0.7875,0.0,128.5,-0.24798791493549777,122.5,0.5,0.125,0.375,0.0,0.2857142857142857,0.14285714285714285,0.125,0.125,0
EYSLYIGR,1000.1052,-0.43750000000000006,0.25,8.75,-0.16518038320000983,97.5,0.25,0.5,0.25,0.5714285714285714,0.2857142857142857,0.0,0.125,0.125,0
LDKPDVVNW,1085.2097,-0.5222222222222223,0.1111111111111111,-28.82222222222222,-1.238655864930009,107.77777777777777,0.5555555555555556,0.1111111111111111,0.3333333333333333,0.25,0.0,0.5,0.1111111111111111,0.2222222222222222,0
DFLEQSEQLFGAK,1511.6307,-0.5846153846153846,0.15384615384615385,75.14615384615387,-2.234155701923433,67.6923076923077,0.38461538461538464,0.3076923076923077,0.3076923076923077,0.25,0.25,0.25,0.07692307692307693,0.23076923076923078,0
GQLSSSGPGEYDHAK,1532.5672,-1.2333333333333334,0.06666666666666667,45.773333333333326,-1.1507909766410573,32.666666666666664,0.2,0.6,0.2,0.35714285714285715,0.2857142857142857,0.07142857142857142,0.06666666666666667,0.13333333333333333,0
DVIEKIRYV,1134.3251,0.07777777777777782,0.1111111111111111,39.9,-0.23797516479564518,151.1111111111111,0.4444444444444444,0.1111111111111111,0.4444444444444444,0.125,0.125,0.5,0.2222222222222222,0.2222222222222222,0
LVLYSGEDDELLQR,1649.7962,-0.3642857142857143,0.07142857142857144,40.94285714285715,-3.23304494088359,132.14285714285714,0.35714285714285715,0.2857142857142857,0.35714285714285715,0.15384615384615385,0.15384615384615385,0.07692307692307693,0.07142857142857142,0.2857142857142857,0
VSNALHSVEVELQK,1552.7274,-0.049999999999999996,0.0,32.57142857142858,-1.1742154988428413,124.99999999999999,0.42857142857142855,0.35714285714285715,0.21428571428571427,0.38461538461538464,0.07692307692307693,0.3076923076923077,0.07142857142857142,0.14285714285714285,0
KLIAQDY,849.9705,-0.3,0.14285714285714288,23.957142857142863,-0.24077562686885456,125.7142857142857,0.42857142857142855,0.2857142857142857,0.2857142857142857,0.16666666666666666,0.3333333333333333,0.16666666666666666,0.14285714285714285,0.14285714285714285,0
TGAAGDR,646.6506999999999,-0.8428571428571429,0.0,-26.457142857142856,-0.6006926445935283,28.57142857142857,0.2857142857142857,0.42857142857142855,0.2857142857142857,0.3333333333333333,0.16666666666666666,0.0,0.14285714285714285,0.14285714285714285,0
VVLLSPVPELRDSSK,1638.9027999999998,0.2,0.0,114.41333333333331,-0.2630893880307945,136.0,0.5333333333333333,0.2,0.26666666666666666,0.14285714285714285,0.14285714285714285,0.21428571428571427,0.13333333333333333,0.13333333333333333,0
GLEEELQFS,1051.1041,-0.5333333333333334,0.1111111111111111,109.17777777777779,-3.2314669998910666,86.66666666666666,0.3333333333333333,0.3333333333333333,0.3333333333333333,0.5,0.0,0.25,0.0,0.3333333333333333,0
IPEDQHSLLIK,1292.4804,-0.30909090909090914,0.0,32.06363636363636,-1.1497919756420563,141.81818181818184,0.45454545454545453,0.2727272727272727,0.2727272727272727,0.1,0.1,0.2,0.09090909090909091,0.18181818181818182,0
NRHEIAVM,969.1194,-0.2875,0.0,56.900000000000006,-0.14992373548290128,97.5,0.5,0.25,0.25,0.0,0.42857142857142855,0.14285714285714285,0.125,0.125,0
IVEVFAGAFK,1080.2758999999999,1.4300000000000002,0.2,-23.009999999999998,-0.23808692483648786,117.0,0.7,0.1,0.2,0.2222222222222222,0.0,0.3333333333333333,0.1,0.1,0
LQLQQQQQEQHQQQLQQQQLR,2686.8934999999997,-2.142857142857143,0.0,166.15238095238092,-0.14992373548290128,74.28571428571428,0.19047619047619047,0.7142857142857143,0.09523809523809523,0.3,0.1,0.05,0.047619047619047616,0.047619047619047616,0
TADGAHFELR,1116.1841,-0.56,0.1,-7.579999999999995,-1.510707994365731,59.0,0.4,0.3,0.3,0.4444444444444444,0.1111111111111111,0.4444444444444444,0.1,0.2,0
AENQTVVKY,1051.1504,-0.6888888888888888,0.1111111111111111,-2.688888888888889,-0.20331295217070489,75.55555555555556,0.3333333333333333,0.4444444444444444,0.2222222222222222,0.125,0.25,0.25,0.1111111111111111,0.1111111111111111,0
DAIPGKWTSQ,1102.1973,-0.9,0.1,1.860000000000003,-0.2397766258698535,49.0,0.4,0.4,0.2,0.2222222222222222,0.1111111111111111,0.2222222222222222,0.1,0.1,0
ACWVPDEK,947.0659,-0.6124999999999999,0.125,97.3125,-1.211094180330869,48.75,0.5,0.0,0.5,0.0,0.0,0.42857142857142855,0.125,0.25,0
ILNQQLREQQK,1397.5795,-1.5727272727272728,0.0,89.7818181818182,0.7619030752635112,106.36363636363636,0.2727272727272727,0.45454545454545453,0.2727272727272727,0.2,0.2,0.1,0.18181818181818182,0.09090909090909091,0
IAAWPISEFFLVR,1548.8246,1.146153846153846,0.23076923076923078,24.04615384615385,-0.23709792373748817,127.6923076923077,0.7692307692307693,0.07692307692307693,0.15384615384615385,0.08333333333333333,0.08333333333333333,0.16666666666666666,0.07692307692307693,0.07692307692307693,0
DITLYDHNNYK,1395.4723999999999,-1.4636363636363638,0.18181818181818182,52.14545454545454,-1.1534796786734243,70.90909090909092,0.18181818181818182,0.5454545454545454,0.2727272727272727,0.3,0.3,0.1,0.09090909090909091,0.18181818181818182,0
ILKEQER,915.0457,-1.5142857142857142,0.0,78.9857142857143,-0.2352864627632787,111.42857142857142,0.2857142857142857,0.14285714285714285,0.5714285714285714,0.0,0.3333333333333333,0.16666666666666666,0.2857142857142857,0.2857142857142857,0
TAEQHLGLAR,1095.2096999999999,-0.4600000000000001,0.0,28.26,-0.5118287553055758,98.0,0.4,0.4,0.2,0.4444444444444444,0.1111111111111111,0.2222222222222222,0.1,0.1,0
DIERIAPLA,997.1461999999999,0.36666666666666664,0.0,79.11111111111111,-1.2359771627976435,152.2222222222222,0.6666666666666666,0.0,0.3333333333333333,0.0,0.0,0.375,0.1111111111111111,0.2222222222222222,0
LLKPVFPGSVPSIR,1509.8334,0.5785714285714285,0.07142857142857144,52.86428571428572,1.759092613290301,125.0,0.6428571428571429,0.21428571428571427,0.14285714285714285,0.3076923076923077,0.0,0.23076923076923078,0.14285714285714285,0.0,0
VTEIGKDVIGL,1143.3302999999999,0.8,0.0,28.672727272727272,-1.2630793881307936,159.0909090909091,0.45454545454545453,0.2727272727272727,0.2727272727272727,0.4,0.2,0.2,0.09090909090909091,0.18181818181818182,0
EEVQAVVK,901.0157000000002,8.326672684688674e-17,0.0,45.9,-1.1613609203277977,121.25,0.5,0.125,0.375,0.2857142857142857,0.0,0.2857142857142857,0.125,0.25,0
QCSFDASGTLTPER,1511.6127,-0.65,0.07142857142857144,19.064285714285713,-1.2458781528966534,35.0,0.2857142857142857,0.42857142857142855,0.2857142857142857,0.38461538461538464,0.15384615384615385,0.23076923076923078,0.07142857142857142,0.14285714285714285,0
EPLTAYNYKK,1226.3775,-1.41,0.2,28.26,0.8328316147019896,49.0,0.3,0.4,0.3,0.3333333333333333,0.1111111111111111,0.1111111111111111,0.2,0.1,0
PHTGLLLLSVQK,1305.5652,0.4416666666666666,0.0,-4.191666666666668,1.0447040548339417,154.16666666666663,0.5,0.4166666666666667,0.08333333333333333,0.45454545454545453,0.09090909090909091,0.0,0.08333333333333333,0.0,0
AKTQEHTR,970.0415,-2.275,0.0,4.550000000000004,0.8848502371828824,12.5,0.125,0.5,0.375,0.0,0.5714285714285714,0.14285714285714285,0.25,0.125,0
QYLEEVHISHVGQPM,1766.9705,-0.39333333333333337,0.06666666666666667,57.486666666666665,-2.060928086354104,90.66666666666666,0.4,0.4666666666666667,0.13333333333333333,0.5,0.0,0.14285714285714285,0.0,0.13333333333333333,0
PGLDFGVDLK,1060.2002,0.12999999999999995,0.1,-22.060000000000002,-1.0402286115409565,107.0,0.5,0.2,0.3,0.4444444444444444,0.0,0.5555555555555556,0.1,0.2,0
VKPTVGVPQVF,1170.4002,0.7181818181818183,0.09090909090909091,20.063636363636366,0.7329893889561515,105.45454545454547,0.6363636363636364,0.2727272727272727,0.09090909090909091,0.6,0.0,0.2,0.09090909090909091,0.0,0
KEAKVAAADE,1031.1179,-0.69,0.0,-7.98,-1.2299174231549443,69.0,0.5,0.0,0.5,0.0,0.0,0.4444444444444444,0.2,0.3,0
AFLNTEDK,937.0047999999999,-0.8375,0.125,35.675,-1.201193190231859,61.25,0.375,0.25,0.375,0.14285714285714285,0.14285714285714285,0.0,0.125,0.25,0
GHFPEEPER,1097.1378,-2.111111111111111,0.1111111111111111,115.01111111111112,-2.1443028115364804,0.0,0.3333333333333333,0.2222222222222222,0.4444444444444444,0.125,0.0,0.375,0.1111111111111111,0.3333333333333333,0
SAFAALVLCPTELVK,1561.8831999999998,1.3333333333333333,0.06666666666666667,33.093333333333334,-0.5479430699072014,136.66666666666666,0.6666666666666666,0.13333333333333333,0.2,0.14285714285714285,0.07142857142857142,0.2857142857142857,0.06666666666666667,0.06666666666666667,0
LPEGTLGHIK,1064.2354,-0.16000000000000006,0.0,72.60000000000001,-0.15091273658190096,117.0,0.4,0.4,0.2,0.3333333333333333,0.1111111111111111,0.2222222222222222,0.1,0.1,0
NDWDDMLAQAQCK,1537.673,-1.0769230769230769,0.07692307692307693,3.430769230769231,-2.247436094089174,45.38461538461539,0.38461538461538464,0.23076923076923078,0.38461538461538464,0.25,0.16666666666666666,0.25,0.07692307692307693,0.23076923076923078,0
SHVHFDEKL,1111.2073,-0.8111111111111112,0.1111111111111111,1.644444444444445,-1.362572942359173,75.55555555555554,0.3333333333333333,0.3333333333333333,0.3333333333333333,0.375,0.0,0.25,0.1111111111111111,0.2222222222222222,0
DKYEVDKK,1024.1252000000002,-2.4125,0.125,-40.68750000000001,-0.23884240595380168,36.25,0.125,0.125,0.75,0.0,0.2857142857142857,0.2857142857142857,0.375,0.375,0
QHPLPPPAQN,1098.2119,-1.45,0.0,83.16000000000001,-0.15272419755611044,49.0,0.6,0.4,0.0,0.2222222222222222,0.0,0.0,0.0,0.0,0
SQPFQVAEVFTGHAGK,1702.8637,-0.24375000000000002,0.125,30.162499999999998,-0.4508678915536046,48.75,0.4375,0.4375,0.125,0.4,0.06666666666666667,0.13333333333333333,0.0625,0.0625,0
TIEIDFLQK,1106.2687,0.05555555555555553,0.1111111111111111,106.95555555555556,-1.598871183719318,129.99999999999997,0.4444444444444444,0.2222222222222222,0.3333333333333333,0.25,0.125,0.5,0.1111111111111111,0.2222222222222222,0
GDPIGGHINNY,1156.2047,-0.8,0.09090909090909091,60.25454545454545,-1.152602437615267,70.90909090909092,0.2727272727272727,0.6363636363636364,0.09090909090909091,0.3,0.1,0.1,0.0,0.09090909090909091,0
VSDNLRPFHDR,1355.4583,-1.3,0.09090909090909091,54.763636363636365,-0.17661589971057357,61.81818181818183,0.36363636363636365,0.2727272727272727,0.36363636363636365,0.3,0.3,0.2,0.18181818181818182,0.18181818181818182,0
NLPWVEK,885.0178999999999,-0.7714285714285715,0.14285714285714288,19.842857142857145,-0.23808692483648786,97.14285714285714,0.5714285714285714,0.14285714285714285,0.2857142857142857,0.16666666666666666,0.0,0.16666666666666666,0.14285714285714285,0.14285714285714285,0
IAMGAFDK,852.0094999999999,0.625,0.125,2.9499999999999993,-0.2397766258698535,73.75,0.625,0.125,0.25,0.2857142857142857,0.0,0.14285714285714285,0.125,0.125,0
VNVTVPV,726.861,1.5714285714285714,0.0,51.471428571428575,-0.26601161004484764,165.7142857142857,0.7142857142857143,0.2857142857142857,0.0,0.6666666666666666,0.0,0.0,0.0,0.0,0
TVDTIFVPNTGK,1291.4492,0.058333333333333355,0.08333333333333334,-21.05833333333333,-0.6016816456925282,80.83333333333331,0.4166666666666667,0.4166666666666667,0.16666666666666666,0.2727272727272727,0.18181818181818182,0.09090909090909091,0.08333333333333333,0.08333333333333333,0
YSIPQNDTK,1065.134,-1.588888888888889,0.1111111111111111,10.388888888888893,-0.24077562686885456,43.33333333333333,0.2222222222222222,0.5555555555555556,0.2222222222222222,0.25,0.375,0.0,0.1111111111111111,0.1111111111111111,0
VQDKTEVLNY,1208.3174999999999,-0.7699999999999999,0.1,39.03,-1.2640783891297946,97.0,0.3,0.4,0.3,0.2222222222222222,0.3333333333333333,0.1111111111111111,0.1,0.2,0
YQLHKPLAE,1098.2516,-0.8444444444444446,0.1111111111111111,26.822222222222223,-0.14667445781341204,97.77777777777777,0.4444444444444444,0.3333333333333333,0.2222222222222222,0.25,0.125,0.25,0.1111111111111111,0.1111111111111111,0
FHGGALPAYVVSN,1331.4747,0.5692307692307692,0.15384615384615385,33.84615384615385,-0.1537231985551114,90.0,0.5384615384615384,0.46153846153846156,0.0,0.4166666666666667,0.0,0.0,0.0,0.0,0
ADEAVWDGR,1018.0378000000001,-0.9444444444444444,0.1111111111111111,-0.5444444444444447,-2.199083428193015,54.44444444444444,0.4444444444444444,0.1111111111111111,0.4444444444444444,0.0,0.25,0.375,0.1111111111111111,0.3333333333333333,0
RQETVECLR,1133.2793,-1.0777777777777777,0.0,143.31111111111113,-0.24419845176328892,75.55555555555554,0.2222222222222222,0.2222222222222222,0.5555555555555556,0.125,0.375,0.375,0.2222222222222222,0.2222222222222222,0
TEQWSTLPPETK,1416.5317,-1.4666666666666668,0.08333333333333334,87.85000000000001,-1.5971814826859525,32.49999999999999,0.3333333333333333,0.4166666666666667,0.25,0.2727272727272727,0.36363636363636365,0.09090909090909091,0.08333333333333333,0.16666666666666666,0
KGDFFPPE,936.0183,-1.1125,0.25,58.587500000000006,-1.2317288841291534,0.0,0.5,0.125,0.375,0.0,0.2857142857142857,0.2857142857142857,0.125,0.25,0
VTFNLNK,834.9590999999999,-0.1142857142857143,0.14285714285714288,47.900000000000006,0.7329893889561515,97.14285714285714,0.42857142857142855,0.42857142857142855,0.14285714285714285,0.8333333333333334,0.16666666666666666,0.0,0.14285714285714285,0.0,0
YYIYELQK,1119.2656,-0.8125,0.375,55.50000000000001,-0.24108392783349086,97.5,0.25,0.5,0.25,0.42857142857142855,0.2857142857142857,0.14285714285714285,0.125,0.125,0
LIENLIIK,955.1922,1.275,0.0,53.06249999999999,-0.23808692483648786,243.75,0.625,0.125,0.25,0.14285714285714285,0.14285714285714285,0.2857142857142857,0.125,0.125,0
VDEFPLCGHM,1147.3238,0.29999999999999993,0.1,13.230000000000002,-2.1848071889762157,68.0,0.5,0.2,0.3,0.1111111111111111,0.1111111111111111,0.3333333333333333,0.0,0.2,0
GGDPHSCK,799.8523,-1.4125,0.0,64.925,-0.16250342771427628,0.0,0.125,0.5,0.375,0.14285714285714285,0.2857142857142857,0.14285714285714285,0.125,0.125,0
SLYNLRGN,936.0232000000001,-0.8,0.125,11.600000000000003,0.459137458318597,97.5,0.25,0.625,0.125,0.42857142857142855,0.14285714285714285,0.14285714285714285,0.125,0.0,0
VVAHGVEVAVR,1135.3164,1.1818181818181819,0.0,-8.054545454545453,-0.1760369597170517,150.0,0.6363636363636364,0.18181818181818182,0.18181818181818182,0.2,0.0,0.3,0.09090909090909091,0.09090909090909091,0
DEVVQAVLDSTTFFPEDEQL,2282.4119,-0.21000000000000002,0.1,62.88,-6.228104717071533,87.5,0.45,0.25,0.3,0.21052631578947367,0.10526315789473684,0.15789473684210525,0.0,0.3,0
DAFAEELERQGYG,1484.5226,-1.0692307692307692,0.15384615384615385,36.06153846153846,-3.231355239850224,45.38461538461539,0.3076923076923077,0.3076923076923077,0.38461538461538464,0.0,0.08333333333333333,0.3333333333333333,0.07692307692307693,0.3076923076923077,0
RAECLNPSQPS,1201.3102,-1.0636363636363637,0.0,133.96363636363637,-0.24699891383649808,44.545454545454554,0.36363636363636365,0.36363636363636365,0.2727272727272727,0.5,0.0,0.3,0.09090909090909091,0.09090909090909091,0
IPDAPHDPTGK,1147.238,-1.2454545454545456,0.0,1.6909090909090936,-1.1514816766754221,44.545454545454554,0.45454545454545453,0.2727272727272727,0.2727272727272727,0.2,0.2,0.3,0.09090909090909091,0.18181818181818182,0
LVYPFPGPIPN,1213.4232,0.3363636363636363,0.18181818181818182,45.85454545454546,-0.2408973868096983,97.27272727272728,0.7272727272727273,0.2727272727272727,0.0,0.5,0.0,0.0,0.0,0.0,0
AMADPEVQQIMSDPA,1602.7844999999998,-0.24000000000000002,0.0,78.46,-3.1990734282930138,65.33333333333333,0.6,0.2,0.2,0.21428571428571427,0.07142857142857142,0.35714285714285715,0.0,0.2,0
EFGTNIKL,921.0484000000001,-0.11250000000000003,0.125,13.049999999999999,-0.1641713823010078,97.5,0.375,0.375,0.25,0.2857142857142857,0.0,0.42857142857142855,0.125,0.125,0
NHVLETFYPISPI,1529.7335999999998,0.2769230769230769,0.15384615384615385,87.09307692307694,-1.1509127365819012,112.3076923076923,0.5384615384615384,0.38461538461538464,0.07692307692307693,0.5,0.08333333333333333,0.08333333333333333,0.0,0.07692307692307693,0
AVLITNSNVR,1086.2425,0.55,0.0,-6.029999999999999,0.7958645879540859,146.0,0.5,0.4,0.1,0.2222222222222222,0.0,0.1111111111111111,0.1,0.0,0
ISPAKVAEVTK,1142.3457,0.19090909090909094,0.0,51.10909090909091,0.7609140741645111,106.36363636363637,0.5454545454545454,0.18181818181818182,0.2727272727272727,0.3,0.1,0.4,0.18181818181818182,0.09090909090909091,0
ALYNVLAKVK,1118.3687,0.7,0.1,-2.37,1.7928775848570844,156.0,0.6,0.2,0.2,0.2222222222222222,0.0,0.3333333333333333,0.2,0.0,0
HGEAGILNPIMER,1436.6354,-0.31538461538461543,0.0,1.5230769230769254,-1.1471132735096912,97.6923076923077,0.46153846153846156,0.3076923076923077,0.23076923076923078,0.3333333333333333,0.08333333333333333,0.16666666666666666,0.07692307692307693,0.15384615384615385,0
EEPLFAAR,932.0314000000001,-0.36250000000000004,0.125,73.575,-1.1603719192287978,73.75,0.625,0.0,0.375,0.0,0.0,0.2857142857142857,0.125,0.25,0
TLVAEQIAELK,1214.4083,0.43636363636363634,0.0,18.881818181818183,-1.5971814826859525,150.9090909090909,0.5454545454545454,0.18181818181818182,0.2727272727272727,0.2,0.1,0.4,0.09090909090909091,0.18181818181818182,0
TIINADK,773.8746,-0.11428571428571425,0.0,-15.685714285714287,-0.6016816456925282,125.7142857142857,0.42857142857142855,0.2857142857142857,0.2857142857142857,0.5,0.0,0.16666666666666666,0.14285714285714285,0.14285714285714285,0
KDDYFAK,885.9596,-1.6428571428571428,0.28571428571428575,8.571428571428571,-0.24065386692801116,14.285714285714285,0.2857142857142857,0.14285714285714285,0.5714285714285714,0.16666666666666666,0.16666666666666666,0.16666666666666666,0.2857142857142857,0.2857142857142857,0
TIFMQEDTNPLEK,1565.7428,-0.8769230769230769,0.07692307692307693,7.723076923076926,-2.596060721746108,60.0,0.38461538461538464,0.3076923076923077,0.3076923076923077,0.25,0.16666666666666666,0.08333333333333333,0.07692307692307693,0.23076923076923078,0
HSANTSMHAR,1111.1924999999999,-1.12,0.0,57.79,0.9344399907984754,20.0,0.3,0.6,0.1,0.5555555555555556,0.0,0.1111111111111111,0.1,0.0,0
GIPLWYHSQSPR,1440.6041,-0.8583333333333334,0.16666666666666669,112.70833333333334,0.8462668015448875,64.99999999999999,0.4166666666666667,0.5,0.08333333333333333,0.2727272727272727,0.0,0.09090909090909091,0.08333333333333333,0.0,0
CTAASQGQK,892.9772,-0.7444444444444445,0.0,66.51111111111112,0.7492016230912921,22.22222222222222,0.2222222222222222,0.5555555555555556,0.2222222222222222,0.25,0.25,0.0,0.1111111111111111,0.0,0
PGTHPPFITFNSEVK,1670.8617,-0.48000000000000004,0.13333333333333333,46.58000000000001,0.047514516807151796,45.33333333333333,0.4666666666666667,0.4,0.13333333333333333,0.35714285714285715,0.07142857142857142,0.14285714285714285,0.06666666666666667,0.06666666666666667,0
IDETLER,874.9354999999999,-1.0571428571428572,0.0,8.571428571428571,-2.2331667008244334,111.42857142857142,0.2857142857142857,0.14285714285714285,0.5714285714285714,0.16666666666666666,0.16666666666666666,0.3333333333333333,0.14285714285714285,0.42857142857142855,0
SGVITLSNHR,1083.1989,-0.14000000000000004,0.0,9.0,0.5473106475721848,107.0,0.3,0.6,0.1,0.4444444444444444,0.1111111111111111,0.0,0.1,0.0,0
HPPLVWERPTK,1359.5746,-1.2272727272727273,0.09090909090909091,41.49090909090909,0.8490772635180983,61.81818181818183,0.5454545454545454,0.18181818181818182,0.2727272727272727,0.2,0.1,0.2,0.18181818181818182,0.09090909090909091,0
RELQNTVANLHV,1393.5476999999998,-0.3833333333333333,0.0,29.258333333333333,-0.14992373548290128,121.66666666666664,0.4166666666666667,0.4166666666666667,0.16666666666666666,0.5454545454545454,0.0,0.09090909090909091,0.08333333333333333,0.08333333333333333,0
VLEYLNQEKAE,1335.4587,-0.8272727272727273,0.09090909090909091,19.745454545454546,-2.254340946355729,106.36363636363637,0.36363636363636365,0.2727272727272727,0.36363636363636365,0.2,0.2,0.3,0.09090909090909091,0.2727272727272727,0
VCRPEAGPTNRPM,1427.6518999999998,-0.8846153846153846,0.0,34.869230769230775,0.7268778620293506,30.0,0.46153846153846156,0.23076923076923078,0.3076923076923077,0.25,0.08333333333333333,0.4166666666666667,0.15384615384615385,0.07692307692307693,0
LEEAINALEDGQVL,1513.6449999999998,0.16428571428571428,0.0,40.94285714285714,-4.230346238951221,146.42857142857142,0.5,0.21428571428571427,0.2857142857142857,0.23076923076923078,0.07692307692307693,0.23076923076923078,0.0,0.2857142857142857,0
TTTNNVEEQEPLQK,1630.7087,-1.7214285714285715,0.0,86.39285714285715,-2.594371020712742,48.57142857142857,0.21428571428571427,0.5,0.2857142857142857,0.15384615384615385,0.23076923076923078,0.15384615384615385,0.07142857142857142,0.21428571428571427,0
AERLPDRTE,1086.1567,-1.7999999999999998,0.0,34.93333333333334,-1.1921664472921605,54.44444444444444,0.3333333333333333,0.1111111111111111,0.5555555555555556,0.0,0.25,0.375,0.2222222222222222,0.3333333333333333,0
NQDDLYQALASGK,1422.4961999999998,-0.976923076923077,0.07692307692307693,11.715384615384618,-1.23965486592901,75.38461538461539,0.3076923076923077,0.46153846153846156,0.23076923076923078,0.25,0.16666666666666666,0.08333333333333333,0.07692307692307693,0.15384615384615385,0
PYNPSLSKPDAWGMTK,1792.0199000000002,-1.0625,0.125,1.906250000000003,0.9566526255211969,30.625,0.4375,0.375,0.1875,0.5333333333333333,0.13333333333333333,0.2,0.125,0.0625,0
IHFPLATY,961.1138000000001,0.7625,0.25,35.28750000000001,-0.1537231985551114,110.0,0.625,0.375,0.0,0.42857142857142855,0.0,0.0,0.0,0.0,0
FVNADTTFNEEK,1414.4724999999999,-0.9333333333333332,0.16666666666666669,27.01666666666667,-2.234155701923433,32.49999999999999,0.3333333333333333,0.3333333333333333,0.3333333333333333,0.36363636363636365,0.18181818181818182,0.09090909090909091,0.08333333333333333,0.25,0
VSYFPTVPGVYI,1341.549,1.0166666666666666,0.25,34.98333333333334,-0.2680096120428497,105.0,0.5833333333333334,0.4166666666666667,0.0,0.7272727272727273,0.0,0.0,0.0,0.0,0
IGESVQHR,925.0007,-0.9,0.0,23.400000000000002,-0.14992373548290128,85.0,0.25,0.5,0.25,0.42857142857142855,0.42857142857142855,0.0,0.125,0.125,0
ASAEELR,774.8196999999999,-0.7000000000000001,0.0,82.65714285714286,-1.1985144880994938,84.28571428571428,0.42857142857142855,0.14285714285714285,0.42857142857142855,0.3333333333333333,0.0,0.5,0.14285714285714285,0.2857142857142857,0
TSPVINTSLDTKNIAF,1720.9172,0.11875,0.0625,61.6375,-0.6016816456925282,97.5,0.4375,0.4375,0.125,0.26666666666666666,0.2,0.06666666666666667,0.0625,0.0625,0
HQLEPATHLPR,1298.4502,-1.1272727272727272,0.0,54.763636363636365,-0.06274954722831438,80.00000000000001,0.45454545454545453,0.36363636363636365,0.18181818181818182,0.3,0.0,0.3,0.09090909090909091,0.09090909090909091,0
KLHEENK,896.9874,-2.5285714285714285,0.0,76.84285714285714,-0.1491012756076917,55.71428571428571,0.14285714285714285,0.2857142857142857,0.5714285714285714,0.16666666666666666,0.5,0.16666666666666666,0.2857142857142857,0.2857142857142857,0
GDYFTIK,842.9348,-0.35714285714285715,0.28571428571428575,-3.5571428571428574,-0.24077562686885456,55.71428571428571,0.2857142857142857,0.42857142857142855,0.2857142857142857,0.5,0.3333333333333333,0.16666666666666666,0.14285714285714285,0.14285714285714285,0
ALQIEGDDETFK,1365.4416999999999,-0.7999999999999999,0.08333333333333334,70.70833333333333,-3.1972619673188047,73.33333333333331,0.3333333333333333,0.25,0.4166666666666667,0.2727272727272727,0.2727272727272727,0.18181818181818182,0.08333333333333333,0.3333333333333333,0
KILFYDSEQDK,1385.5174,-1.1636363636363638,0.18181818181818182,132.36454545454544,-1.237843404954801,70.90909090909092,0.2727272727272727,0.2727272727272727,0.45454545454545453,0.1,0.5,0.1,0.18181818181818182,0.2727272727272727,0
TEAPGNLR,856.9234999999999,-1.075,0.0,70.36250000000001,-0.5990029435601627,61.25,0.375,0.375,0.25,0.2857142857142857,0.14285714285714285,0.2857142857142857,0.125,0.125,0
APGIIPRISVREPMQTGIK,2063.4669,-0.05789473684210527,0.0,-1.5473684210526293,1.7976660490282943,102.63157894736841,0.5263157894736842,0.2631578947368421,0.21052631578947367,0.3333333333333333,0.0,0.2777777777777778,0.15789473684210525,0.05263157894736842,0
CSVPFTPIEF,1139.32,0.86,0.2,91.46000000000001,-1.2469889139364971,68.0,0.6,0.2,0.2,0.3333333333333333,0.1111111111111111,0.2222222222222222,0.0,0.1,0
AGKIDAPLVLDQLR,1508.761,0.19999999999999998,0.0,24.671428571428578,-0.2028928911652259,146.42857142857142,0.5714285714285714,0.14285714285714285,0.2857142857142857,0.15384615384615385,0.15384615384615385,0.38461538461538464,0.14285714285714285,0.14285714285714285,0
TVGLGQTRM,962.1252,-0.03333333333333334,0.0,-0.5444444444444447,0.3981865944666271,75.55555555555554,0.3333333333333333,0.5555555555555556,0.1111111111111111,0.5,0.125,0.125,0.1111111111111111,0.0,0
KLDQVIVER,1099.2811,-0.2444444444444444,0.0,-18.35555555555556,-0.2369761637966441,151.1111111111111,0.4444444444444444,0.1111111111111111,0.4444444444444444,0.125,0.125,0.375,0.2222222222222222,0.2222222222222222,0
ALLESIPR,898.0581999999999,0.43749999999999994,0.0,19.800000000000004,-0.2013249500727039,158.75,0.625,0.125,0.25,0.14285714285714285,0.14285714285714285,0.2857142857142857,0.125,0.125,0
WLLTAAHCR,1070.268,0.4888888888888888,0.1111111111111111,13.166666666666666,0.8373648124448787,108.88888888888889,0.5555555555555556,0.2222222222222222,0.2222222222222222,0.375,0.125,0.0,0.1111111111111111,0.0,0
PDQAQAILSR,1098.2103,-0.55,0.0,39.980000000000004,-0.04036037138180126,98.0,0.5,0.3,0.2,0.4444444444444444,0.2222222222222222,0.1111111111111111,0.1,0.1,0
LSSNHYK,847.9149,-1.385714285714286,0.14285714285714288,98.85714285714286,0.8452778004458879,55.71428571428571,0.14285714285714285,0.7142857142857143,0.14285714285714285,0.16666666666666666,0.16666666666666666,0.0,0.14285714285714285,0.0,0
SIEYLEEDAQK,1324.3898,-1.2181818181818183,0.09090909090909091,96.18181818181817,-3.5322993959209272,80.00000000000001,0.2727272727272727,0.2727272727272727,0.45454545454545453,0.3,0.2,0.3,0.09090909090909091,0.36363636363636365,0
LAQGYRNFE,1097.1806,-0.9222222222222223,0.2222222222222222,-22.32222222222222,-0.23285964496899925,54.44444444444444,0.3333333333333333,0.4444444444444444,0.2222222222222222,0.25,0.25,0.125,0.1111111111111111,0.1111111111111111,0
AEGLGGLER,900.9759999999999,-0.3666666666666667,0.0,22.6,-1.1985144880994938,97.77777777777777,0.3333333333333333,0.3333333333333333,0.3333333333333333,0.375,0.125,0.25,0.1111111111111111,0.2222222222222222,0
SEELLLYLK,1107.2965000000002,0.24444444444444435,0.1111111111111111,57.077777777777776,-1.5362306188339825,173.33333333333331,0.4444444444444444,0.2222222222222222,0.3333333333333333,0.25,0.125,0.25,0.1111111111111111,0.2222222222222222,0
VYSYLNK,886.0024999999999,-0.39999999999999997,0.28571428571428575,31.62857142857143,0.7309913869581495,97.14285714285714,0.2857142857142857,0.5714285714285714,0.14285714285714285,0.5,0.16666666666666666,0.0,0.14285714285714285,0.0,0
LFSVGQGPAKTME,1364.5661,-0.0230769230769231,0.07692307692307693,17.51538461538462,-0.23284964506899786,60.0,0.46153846153846156,0.38461538461538464,0.15384615384615385,0.4166666666666667,0.08333333333333333,0.16666666666666666,0.07692307692307693,0.07692307692307693,0
GLVSNAPGVQIR,1210.3829999999998,0.31666666666666665,0.0,25.21666666666667,0.7600916142893016,121.66666666666664,0.5,0.4166666666666667,0.08333333333333333,0.6363636363636364,0.0,0.09090909090909091,0.08333333333333333,0.0,0
QEQPAAVGQSGVR,1326.4154999999998,-0.7461538461538461,0.0,95.76153846153848,-0.23709792373748817,60.0,0.38461538461538464,0.46153846153846156,0.15384615384615385,0.25,0.16666666666666666,0.08333333333333333,0.07692307692307693,0.07692307692307693,0
TVMDVLEEELNK,1419.5966999999998,-0.35000000000000003,0.0,83.23333333333333,-3.5932502597728972,113.33333333333331,0.4166666666666667,0.16666666666666666,0.4166666666666667,0.18181818181818182,0.09090909090909091,0.36363636363636365,0.08333333333333333,0.3333333333333333,0
DAIMVNPWDSVGVAK,1601.8211000000001,0.3,0.06666666666666667,12.673333333333332,-1.238655864930009,97.33333333333333,0.6,0.2,0.2,0.35714285714285715,0.07142857142857142,0.21428571428571427,0.06666666666666667,0.13333333333333333,0
GLLCLTNQR,1017.2037,0.14444444444444438,0.0,5.211111111111114,0.7501906241902918,129.99999999999997,0.3333333333333333,0.4444444444444444,0.2222222222222222,0.25,0.125,0.25,0.1111111111111111,0.0,0
CLCPQGHR,913.0794000000001,-0.55,0.0,80.975,0.8274638223458688,48.75,0.25,0.375,0.375,0.14285714285714285,0.14285714285714285,0.42857142857142855,0.125,0.0,0
NAVQYYVQGR,1197.2996,-0.78,0.2,13.8,0.7580936122912996,68.0,0.3,0.6,0.1,0.4444444444444444,0.1111111111111111,0.0,0.1,0.0,0
LAQQVQQVADDYGK,1562.6790999999998,-0.7714285714285714,0.07142857142857144,7.835714285714286,-1.23965486592901,83.57142857142856,0.35714285714285715,0.42857142857142855,0.21428571428571427,0.3076923076923077,0.15384615384615385,0.07692307692307693,0.07142857142857142,0.14285714285714285,0
GRDLTDYLMKI,1324.5453,-0.34545454545454546,0.09090909090909091,1.3727272727272726,-0.23966486582901103,106.36363636363636,0.36363636363636365,0.2727272727272727,0.36363636363636365,0.2,0.3,0.3,0.18181818181818182,0.18181818181818182,0
IKVTDLQGDLTK,1330.5267999999999,-0.31666666666666665,0.0,15.108333333333336,-0.23965486592901009,121.66666666666664,0.3333333333333333,0.3333333333333333,0.3333333333333333,0.2727272727272727,0.2727272727272727,0.36363636363636365,0.16666666666666666,0.16666666666666666,0
EGDTGGPAVWK,1116.1807999999999,-0.8454545454545456,0.09090909090909091,16.436363636363637,-1.163050621361163,35.45454545454546,0.36363636363636365,0.36363636363636365,0.2727272727272727,0.1,0.3,0.1,0.09090909090909091,0.18181818181818182,0
VMEPPLEEE,1072.1863,-0.8111111111111112,0.0,124.13333333333334,-4.249532482384517,75.55555555555554,0.5555555555555556,0.0,0.4444444444444444,0.0,0.0,0.375,0.0,0.4444444444444444,0
AHMTVEEIYK,1220.3945,-0.37,0.1,49.49,-1.1133283019429079,78.0,0.4,0.3,0.3,0.5555555555555556,0.1111111111111111,0.2222222222222222,0.1,0.2,0
VIVLGHHLGKE,1201.4176,0.5363636363636363,0.0,-6.345454545454546,-0.08461449279397448,159.0909090909091,0.45454545454545453,0.36363636363636365,0.18181818181818182,0.3,0.1,0.0,0.09090909090909091,0.09090909090909091,0
LRYADQR,921.0119999999998,-1.6714285714285713,0.14285714285714288,47.01428571428572,0.7602033743301442,70.0,0.2857142857142857,0.2857142857142857,0.42857142857142855,0.16666666666666666,0.5,0.3333333333333333,0.2857142857142857,0.14285714285714285,0
ADGFGDNPFYHC,1342.3914,-0.6250000000000001,0.25,53.1925,-2.125609693109648,8.333333333333332,0.3333333333333333,0.4166666666666667,0.25,0.36363636363636365,0.36363636363636365,0.09090909090909091,0.0,0.16666666666666666,0
YQHELEEKK,1203.3012,-2.5,0.1111111111111111,45.111111111111114,-1.1472898146334822,43.33333333333333,0.1111111111111111,0.3333333333333333,0.5555555555555556,0.0,0.125,0.25,0.2222222222222222,0.3333333333333333,0
YINDKSTGSIVGQQPF,1753.9055,-0.49375,0.125,24.262500000000003,-0.24077562686885456,66.875,0.3125,0.5625,0.125,0.3333333333333333,0.13333333333333333,0.0,0.0625,0.0625,0
VHPNSNIGQIK,1206.3513,-0.6545454545454545,0.0,38.699999999999996,0.8201635772107384,97.27272727272728,0.36363636363636365,0.5454545454545454,0.09090909090909091,0.6,0.0,0.1,0.09090909090909091,0.0,0
QANCVVK,760.9021999999999,0.25714285714285723,0.0,-10.428571428571429,0.7492016230912921,97.14285714285714,0.42857142857142855,0.2857142857142857,0.2857142857142857,0.3333333333333333,0.16666666666666666,0.3333333333333333,0.14285714285714285,0.0,0
ITDRGGGSQHY,1190.2228,-1.290909090909091,0.09090909090909091,74.4090909090909,-0.15261243751526798,35.45454545454546,0.09090909090909091,0.7272727272727273,0.18181818181818182,0.1,0.2,0.0,0.09090909090909091,0.09090909090909091,0
YQQHPGTAPK,1126.222,-1.7899999999999998,0.1,36.150000000000006,0.8452778004458879,10.0,0.3,0.6,0.1,0.3333333333333333,0.0,0.1111111111111111,0.1,0.0,0
IFTLPEDDFK,1224.3583,-0.2800000000000001,0.2,42.330000000000005,-2.235845402956799,78.0,0.5,0.1,0.4,0.2222222222222222,0.0,0.3333333333333333,0.1,0.3,0
NTLCAPEVISLIN,1386.6130999999998,0.8846153846153846,0.0,30.884615384615387,-1.2469889139364971,150.0,0.5384615384615384,0.3076923076923077,0.15384615384615385,0.3333333333333333,0.0,0.3333333333333333,0.0,0.07692307692307693,0
VYGTVFH,821.9187999999999,0.7999999999999999,0.28571428571428575,-26.457142857142863,-0.1798364227892617,82.85714285714285,0.42857142857142855,0.5714285714285714,0.0,0.5,0.0,0.0,0.0,0.0,0
ERQPDEAVGK,1128.1933,-1.8399999999999999,0.0,23.0,-1.160250159287954,39.0,0.3,0.2,0.5,0.2222222222222222,0.2222222222222222,0.2222222222222222,0.2,0.3,0
KIFSGVFVK,1024.2557,1.0555555555555556,0.2222222222222222,-3.744444444444445,1.758103612191301,107.77777777777777,0.5555555555555556,0.2222222222222222,0.2222222222222222,0.25,0.0,0.25,0.2222222222222222,0.0,0
EVEDSIFKK,1094.215,-0.8444444444444444,0.1111111111111111,34.988888888888894,-1.1612391603869536,75.55555555555554,0.3333333333333333,0.1111111111111111,0.5555555555555556,0.125,0.125,0.375,0.2222222222222222,0.3333333333333333,0
MYSHPLHND,1113.2032,-1.2666666666666666,0.1111111111111111,58.31111111111112,-1.3219942744013347,43.33333333333333,0.3333333333333333,0.5555555555555556,0.1111111111111111,0.375,0.125,0.0,0.0,0.1111111111111111,0
QLESELETLK,1189.3128,-0.8,0.0,39.03,-2.232466000890067,117.0,0.3,0.3,0.4,0.2222222222222222,0.3333333333333333,0.4444444444444444,0.1,0.3,0
FEHDTLEELVHK,1496.6195,-0.8666666666666667,0.08333333333333334,37.25833333333333,-3.0569968634410487,89.16666666666664,0.3333333333333333,0.25,0.4166666666666667,0.18181818181818182,0.36363636363636365,0.2727272727272727,0.08333333333333333,0.3333333333333333,0
RYLGLPGSL,975.1421,0.2666666666666666,0.1111111111111111,21.911111111111115,0.7590926132903006,129.99999999999997,0.4444444444444444,0.4444444444444444,0.1111111111111111,0.625,0.125,0.0,0.1111111111111111,0.0,0
LVHIENNEFDQLPNK,1809.9721,-0.9400000000000001,0.06666666666666667,104.77333333333333,-2.1469815136688464,97.33333333333333,0.4,0.3333333333333333,0.26666666666666666,0.2857142857142857,0.2857142857142857,0.21428571428571427,0.06666666666666667,0.2,0
DFIIFEAAPQETRGIPSK,2019.257,-0.2666666666666667,0.1111111111111111,37.022222222222226,-1.234165701823434,76.1111111111111,0.5,0.2222222222222222,0.2777777777777778,0.17647058823529413,0.29411764705882354,0.17647058823529413,0.1111111111111111,0.16666666666666666,0
KVLEIPLEPK,1165.4221,-0.17,0.0,36.150000000000006,-0.23627546386227882,146.0,0.6,0.0,0.4,0.0,0.0,0.6666666666666666,0.2,0.2,0
RLEEIMR,946.1258999999999,-0.8285714285714286,0.0,71.88571428571429,-0.234297461664279,111.42857142857142,0.42857142857142855,0.0,0.5714285714285714,0.0,0.0,0.6666666666666666,0.2857142857142857,0.2857142857142857,0
DFVYVSQDPKDQLLLGPTYATPK,2595.8954,-0.4739130434782609,0.13043478260869565,30.05217391304348,-1.2405321069871675,80.43478260869564,0.43478260869565216,0.34782608695652173,0.21739130434782608,0.45454545454545453,0.09090909090909091,0.18181818181818182,0.08695652173913043,0.13043478260869565,0
AEYASVDR,909.9397000000001,-0.725,0.125,10.1375,-1.2012031901318603,61.25,0.375,0.25,0.375,0.42857142857142855,0.14285714285714285,0.2857142857142857,0.125,0.25,0
VIFLGNNNQTMK,1378.5957999999998,-0.15000000000000002,0.08333333333333334,-4.191666666666668,0.7329893889561515,89.16666666666664,0.4166666666666667,0.5,0.08333333333333333,0.18181818181818182,0.0,0.09090909090909091,0.08333333333333333,0.0,0
EYFEGVSIK,1071.1798000000001,-0.2111111111111111,0.2222222222222222,-0.5444444444444447,-1.1623599213267988,75.55555555555554,0.3333333333333333,0.3333333333333333,0.3333333333333333,0.5,0.25,0.25,0.1111111111111111,0.2222222222222222,0
NPNLPPETVDSL,1295.3949,-0.7083333333333334,0.0,56.875,-2.2359671628976425,89.16666666666664,0.5,0.3333333333333333,0.16666666666666666,0.45454545454545453,0.18181818181818182,0.18181818181818182,0.0,0.16666666666666666,0
APEIPSGVEVLKDTPAPR,1876.1150000000002,-0.38333333333333336,0.0,53.744444444444454,-1.19839272815865,86.66666666666666,0.5555555555555556,0.16666666666666666,0.2777777777777778,0.17647058823529413,0.058823529411764705,0.35294117647058826,0.1111111111111111,0.16666666666666666,0
YSQMPAGSFITAATNGPPVLVK,2249.5839,0.2727272727272727,0.09090909090909091,49.56363636363637,0.758103612191301,75.45454545454547,0.5454545454545454,0.4090909090909091,0.045454545454545456,0.3333333333333333,0.0,0.047619047619047616,0.045454545454545456,0.0,0
EFEEQFFK,1103.1802,-1.1875,0.375,45.3625,-2.158550458354587,0.0,0.375,0.125,0.5,0.14285714285714285,0.14285714285714285,0.42857142857142855,0.125,0.375,0
ACGKFEISAIR,1194.4035999999999,0.43636363636363634,0.09090909090909091,58.82727272727272,0.7877750588292853,89.09090909090911,0.45454545454545453,0.18181818181818182,0.36363636363636365,0.2,0.2,0.5,0.18181818181818182,0.09090909090909091,0
VEIEPGVR,898.0151000000001,-0.07499999999999997,0.0,111.82500000000002,-1.2604006859984285,121.25,0.5,0.125,0.375,0.2857142857142857,0.0,0.7142857142857143,0.125,0.25,0
GFETVTYLLSGEMEHR,1869.0592000000001,-0.37500000000000006,0.125,-5.35625,-2.1453018125354815,66.875,0.3125,0.4375,0.25,0.3333333333333333,0.26666666666666666,0.2,0.0625,0.1875,0
SLEDPQTHANR,1267.3054,-1.7454545454545454,0.0,44.10909090909091,-1.4487581295147602,44.545454545454554,0.2727272727272727,0.45454545454545453,0.2727272727272727,0.4,0.1,0.2,0.09090909090909091,0.18181818181818182,0
VESPGTYQQD,1123.127,-1.46,0.1,102.23,-2.2598984865234906,29.0,0.2,0.6,0.2,0.2222222222222222,0.2222222222222222,0.1111111111111111,0.0,0.2,0
LVSTSIIIR,1001.2209,1.6333333333333333,0.0,8.88888888888889,0.7600916142893016,205.55555555555554,0.5555555555555556,0.3333333333333333,0.1111111111111111,0.25,0.0,0.125,0.1111111111111111,0.0,0
KGQHVPGSPF,1053.1712,-0.8400000000000001,0.1,82.97,0.8462768014448888,29.0,0.4,0.5,0.1,0.3333333333333333,0.1111111111111111,0.0,0.1,0.0,0
MIEKIAAH,912.1079,0.4875,0.0,42.44999999999999,-0.4106596632298589,122.5,0.625,0.125,0.25,0.14285714285714285,0.0,0.2857142857142857,0.125,0.125,0
LYHSQKDDPPLAR,1539.6906,-1.3846153846153846,0.07692307692307693,48.353846153846156,-0.15249067757442392,67.6923076923077,0.38461538461538464,0.3076923076923077,0.3076923076923077,0.08333333333333333,0.08333333333333333,0.16666666666666666,0.15384615384615385,0.15384615384615385,0
NTSDFQK,838.8618,-1.8714285714285714,0.14285714285714288,-14.328571428571431,-0.2397766258698535,0.0,0.14285714285714285,0.5714285714285714,0.2857142857142857,0.16666666666666666,0.3333333333333333,0.16666666666666666,0.14285714285714285,0.14285714285714285,0
GRVPYPGMVNR,1245.4534999999998,-0.6818181818181818,0.09090909090909091,37.81818181818182,1.7590826133902997,52.727272727272734,0.45454545454545453,0.36363636363636365,0.18181818181818182,0.5,0.2,0.1,0.18181818181818182,0.0,0
ELYGSGSDIPGWFEEVR,1941.0572000000002,-0.5764705882352942,0.17647058823529413,29.158823529411766,-3.157439697314744,62.94117647058823,0.35294117647058826,0.35294117647058826,0.29411764705882354,0.1875,0.0625,0.3125,0.058823529411764705,0.23529411764705882,0
RMVMVFD,897.1161999999999,1.0,0.14285714285714288,26.2,-0.23560672316355058,82.85714285714285,0.7142857142857143,0.0,0.2857142857142857,0.0,0.0,0.3333333333333333,0.14285714285714285,0.14285714285714285,0
QIEYRNLFK,1210.3813,-1.011111111111111,0.2222222222222222,35.93333333333333,0.7609040742645101,86.66666666666666,0.3333333333333333,0.3333333333333333,0.3333333333333333,0.25,0.375,0.25,0.2222222222222222,0.1111111111111111,0
QQEIILW,929.0704,0.19999999999999998,0.14285714285714288,152.45714285714286,-1.2370879238374872,167.14285714285714,0.5714285714285714,0.2857142857142857,0.14285714285714285,0.0,0.16666666666666666,0.16666666666666666,0.0,0.14285714285714285,0
THLMELQASPEPPEHEK,1973.1673,-1.3411764705882354,0.0,93.10588235294118,-3.417212182230358,51.764705882352935,0.4117647058823529,0.29411764705882354,0.29411764705882354,0.3125,0.125,0.3125,0.058823529411764705,0.23529411764705882,0
LHSFLGDDVF,1149.2518,0.5999999999999999,0.2,9.0,-2.1504826756764213,107.0,0.5,0.3,0.2,0.3333333333333333,0.1111111111111111,0.1111111111111111,0.0,0.2,0
KVHSPQQVDFR,1340.4867,-1.2090909090909092,0.09090909090909091,48.963636363636354,0.8473875624847327,52.727272727272734,0.36363636363636365,0.36363636363636365,0.2727272727272727,0.4,0.0,0.4,0.18181818181818182,0.09090909090909091,0
AMDQTMAANSQK,1295.4429,-0.85,0.0,35.5,-0.20400365220506944,25.0,0.4166666666666667,0.4166666666666667,0.16666666666666666,0.18181818181818182,0.18181818181818182,0.09090909090909091,0.08333333333333333,0.08333333333333333,0
KVEEAFNC,939.0438000000001,-0.38749999999999996,0.125,35.2875,-1.2451774529622877,48.75,0.375,0.125,0.5,0.14285714285714285,0.14285714285714285,0.42857142857142855,0.125,0.25,0
HVWTTLKG,941.0845000000002,-0.225,0.125,-31.262499999999996,0.8462768014448888,85.0,0.375,0.5,0.125,0.42857142857142855,0.14285714285714285,0.14285714285714285,0.125,0.0,0
NLWFGYDVK,1141.2744,-0.30000000000000004,0.3333333333333333,48.87777777777777,-0.24077562686885456,75.55555555555554,0.4444444444444444,0.3333333333333333,0.2222222222222222,0.25,0.125,0.25,0.1111111111111111,0.1111111111111111,0
CYMNESGR,959.0582999999999,-1.2,0.125,87.75,-0.24799791483549916,0.0,0.125,0.5,0.375,0.2857142857142857,0.5714285714285714,0.0,0.125,0.125,0
AGRPVDIPIYDYK,1506.7003,-0.5076923076923077,0.15384615384615385,43.300000000000004,-0.20489089316322806,90.0,0.46153846153846156,0.23076923076923078,0.3076923076923077,0.16666666666666666,0.3333333333333333,0.25,0.15384615384615385,0.15384615384615385,0
DPTPDLCVQRPR,1396.5717,-1.2083333333333333,0.0,6.366666666666668,-0.24757785383002018,56.66666666666666,0.4166666666666667,0.16666666666666666,0.4166666666666667,0.2727272727272727,0.09090909090909091,0.6363636363636364,0.16666666666666666,0.16666666666666666,0
HLVLIAQEEGAR,1335.5084,0.10833333333333332,0.0,45.30833333333333,-1.1471132735096912,138.33333333333331,0.5,0.25,0.25,0.2727272727272727,0.18181818181818182,0.09090909090909091,0.08333333333333333,0.16666666666666666,0
GLFGTPLLTSLPEK,1472.7239,0.31428571428571417,0.07142857142857144,29.392857142857146,-0.23808692483648786,111.42857142857142,0.5,0.35714285714285715,0.14285714285714285,0.38461538461538464,0.0,0.07692307692307693,0.07142857142857142,0.07142857142857142,0
RAECLNPSQPSR,1357.4959,-1.3499999999999999,0.0,139.68333333333334,0.752991086263501,40.83333333333333,0.3333333333333333,0.3333333333333333,0.3333333333333333,0.45454545454545453,0.09090909090909091,0.2727272727272727,0.16666666666666666,0.08333333333333333,0
LAASFGIK,805.961,1.2,0.125,-12.475000000000001,0.7591026131903019,122.5,0.625,0.25,0.125,0.5714285714285714,0.0,0.14285714285714285,0.125,0.0,0
TYQAYIHPK,1120.2571,-1.0222222222222221,0.2222222222222222,19.400000000000002,0.482373779624212,54.44444444444444,0.3333333333333333,0.5555555555555556,0.1111111111111111,0.625,0.0,0.125,0.1111111111111111,0.0,0
LSPEQEGQLMPR,1384.5575999999999,-1.1166666666666667,0.0,122.70000000000002,-1.234287461764278,64.99999999999999,0.4166666666666667,0.3333333333333333,0.25,0.2727272727272727,0.2727272727272727,0.18181818181818182,0.08333333333333333,0.16666666666666666,0
TGAIVDVPVGEE,1185.2809,0.4416666666666667,0.0,21.325000000000003,-3.589824440979617,113.33333333333331,0.5,0.25,0.25,0.18181818181818182,0.09090909090909091,0.18181818181818182,0.0,0.25,0
FEDHIDDAK,1089.1124,-1.3333333333333333,0.1111111111111111,79.11111111111111,-3.147550453762367,54.44444444444444,0.3333333333333333,0.1111111111111111,0.5555555555555556,0.125,0.125,0.5,0.1111111111111111,0.4444444444444444,0
ITMSEPIDVR,1160.341,0.05,0.0,91.46000000000001,-1.2359771627976435,107.0,0.5,0.2,0.3,0.3333333333333333,0.1111111111111111,0.4444444444444444,0.1,0.2,0
DGSPLAEPVENGK,1312.3824,-0.9923076923076923,0.0,54.569230769230785,-2.234155701923433,60.0,0.38461538461538464,0.3076923076923077,0.3076923076923077,0.08333333333333333,0.25,0.25,0.07692307692307693,0.23076923076923078,0
VVEVKSDKLPEEM,1502.7284,-0.4538461538461538,0.0,47.21538461538462,-2.2584574651833735,96.92307692307692,0.46153846153846156,0.07692307692307693,0.46153846153846156,0.0,0.16666666666666666,0.5,0.15384615384615385,0.3076923076923077,0
SNSVEMD,780.8009,-0.8571428571428571,0.0,8.571428571428571,-2.532741416262043,41.42857142857142,0.2857142857142857,0.42857142857142855,0.2857142857142857,0.16666666666666666,0.0,0.5,0.0,0.2857142857142857,0
FTCDEGHGIF,1125.2105999999999,0.08999999999999994,0.2,9.400000000000002,-2.1586939647420653,39.0,0.3,0.4,0.3,0.2222222222222222,0.2222222222222222,0.0,0.0,0.2,0
DEAALKEPI,985.0892000000001,-0.4555555555555555,0.0,20.85555555555556,-2.234155701923433,108.88888888888889,0.5555555555555556,0.0,0.4444444444444444,0.0,0.0,0.375,0.1111111111111111,0.3333333333333333,0
DLRTIIPWDVDTICK,1788.0727000000002,0.08000000000000002,0.06666666666666667,-1.7066666666666634,-1.2474460939891752,123.33333333333333,0.4666666666666667,0.13333333333333333,0.4,0.14285714285714285,0.14285714285714285,0.42857142857142855,0.13333333333333333,0.2,0
SKQPKVIPDDL,1239.4178,-0.890909090909091,0.0,30.900000000000002,-0.5396100209007137,97.27272727272728,0.45454545454545453,0.18181818181818182,0.36363636363636365,0.1,0.2,0.4,0.18181818181818182,0.18181818181818182,0
NTQSNEDLK,1048.0622,-2.1222222222222222,0.0,51.86666666666667,-1.2369661638966432,43.33333333333333,0.1111111111111111,0.5555555555555556,0.3333333333333333,0.0,0.125,0.25,0.1111111111111111,0.2222222222222222,0
YGKAGSPETK,1037.124,-1.47,0.1,53.33999999999999,0.75991507316551,10.0,0.2,0.5,0.3,0.2222222222222222,0.3333333333333333,0.2222222222222222,0.2,0.1,0
HPTYCYEM,1043.173,-0.9,0.25,-4.275,-1.1618127276799122,0.0,0.25,0.5,0.25,0.2857142857142857,0.42857142857142855,0.14285714285714285,0.0,0.125,0
LLGIDATELVK,1171.3835,0.9,0.0,16.263636363636365,-1.2369661638966432,177.27272727272728,0.5454545454545454,0.18181818181818182,0.2727272727272727,0.3,0.1,0.4,0.09090909090909091,0.18181818181818182,0
PLADTNVCER,1117.2335,-0.5,0.0,-29.549999999999997,-1.0474508995076008,78.0,0.4,0.2,0.4,0.1111111111111111,0.1111111111111111,0.2222222222222222,0.1,0.2,0
LMAAEPYETIAFK,1483.7266,0.29999999999999993,0.15384615384615385,16.176923076923078,-1.2362754638622788,83.07692307692308,0.6153846153846154,0.15384615384615385,0.23076923076923078,0.16666666666666666,0.16666666666666666,0.25,0.07692307692307693,0.15384615384615385,0
PAIMTML,776.0195,1.657142857142857,0.0,31.971428571428575,-0.041471132421644796,125.7142857142857,0.8571428571428571,0.14285714285714285,0.0,0.3333333333333333,0.0,0.0,0.0,0.0,0
GDPYYLEVGK,1140.2418,-0.79,0.2,4.359999999999999,-1.2389641658946453,68.0,0.3,0.4,0.3,0.3333333333333333,0.2222222222222222,0.3333333333333333,0.1,0.2,0
VYQLGGTR,892.9984999999999,-0.35,0.125,4.137500000000001,0.7329793890561502,85.0,0.25,0.625,0.125,0.42857142857142855,0.14285714285714285,0.0,0.125,0.0,0
ETLVYLTHL,1088.2534,0.6888888888888888,0.1111111111111111,0.5111111111111111,-1.0769971940464211,162.2222222222222,0.4444444444444444,0.4444444444444444,0.1111111111111111,0.625,0.125,0.0,0.0,0.1111111111111111,0
ALAEGPGAEGPRLA,1308.4400999999998,-0.07857142857142861,0.0,-2.1642857142857146,-1.1985144880994938,84.28571428571428,0.5714285714285714,0.21428571428571427,0.21428571428571427,0.3076923076923077,0.15384615384615385,0.3076923076923077,0.07142857142857142,0.14285714285714285,0
HDWDYCEH,1104.1087,-2.075,0.25,-0.675,-3.0713980165466355,0.0,0.125,0.375,0.5,0.0,0.5714285714285714,0.2857142857142857,0.0,0.375,0
PSLYESDKDRPK,1434.5502,-2.091666666666667,0.08333333333333334,37.67500000000001,-0.03942615146574946,32.49999999999999,0.25,0.25,0.5,0.2727272727272727,0.2727272727272727,0.18181818181818182,0.25,0.25,0
ISHICTDNVK,1129.2872,0.010000000000000009,0.0,82.66,-0.16250342771427628,107.0,0.3,0.4,0.3,0.3333333333333333,0.3333333333333333,0.2222222222222222,0.1,0.1,0
QELQAAGSRK,1087.1877,-1.27,0.0,80.12,0.7619030752635112,59.0,0.3,0.4,0.3,0.3333333333333333,0.2222222222222222,0.1111111111111111,0.2,0.1,0
TLQPVISR,913.0728000000001,0.175,0.0,121.72500000000001,0.3981865944666271,133.75,0.5,0.375,0.125,0.5714285714285714,0.14285714285714285,0.0,0.125,0.0,0
AADSSAPEDSEK,1206.1712,-1.375,0.0,112.87500000000001,-3.1972619673188047,25.0,0.3333333333333333,0.25,0.4166666666666667,0.09090909090909091,0.2727272727272727,0.18181818181818182,0.08333333333333333,0.3333333333333333,0
EKHPYYSSISK,1338.4643,-1.5090909090909093,0.18181818181818182,35.199999999999996,0.9200058029565767,35.45454545454546,0.18181818181818182,0.5454545454545454,0.2727272727272727,0.4,0.2,0.0,0.18181818181818182,0.09090909090909091,0
PIEDNDKHDTIK,1424.5122999999999,-1.8166666666666667,0.0,35.15833333333333,-1.9501222013723156,64.99999999999999,0.25,0.25,0.5,0.09090909090909091,0.45454545454545453,0.18181818181818182,0.16666666666666666,0.3333333333333333,0
VCDAAEK,734.8186999999999,-0.08571428571428566,0.0,36.08571428571429,-1.2729803782298035,70.0,0.42857142857142855,0.0,0.5714285714285714,0.0,0.0,0.5,0.14285714285714285,0.2857142857142857,0
AHGFTFT,779.8392,0.3428571428571428,0.28571428571428575,-0.7428571428571422,-0.11695122389132617,14.285714285714285,0.42857142857142855,0.5714285714285714,0.0,0.8333333333333334,0.0,0.0,0.0,0.0,0
LYDQLLQSYQQK,1526.6883,-1.1166666666666667,0.16666666666666669,108.73333333333333,-0.24177462786785542,97.5,0.25,0.5833333333333334,0.16666666666666666,0.2727272727272727,0.2727272727272727,0.0,0.08333333333333333,0.08333333333333333,0
KFLESYATDNEK,1444.5416,-1.3499999999999999,0.16666666666666669,44.95,-1.2361537039214352,40.83333333333333,0.25,0.3333333333333333,0.4166666666666667,0.18181818181818182,0.36363636363636365,0.18181818181818182,0.16666666666666666,0.25,0
NASPQDIHSDGTK,1369.394,-1.4692307692307693,0.0,75.62307692307694,-1.1514816766754221,37.69230769230769,0.23076923076923078,0.5384615384615384,0.23076923076923078,0.4166666666666667,0.3333333333333333,0.08333333333333333,0.07692307692307693,0.15384615384615385,0
FLQIVDELK,1104.2958,0.5222222222222221,0.1111111111111111,9.544444444444443,-1.2369661638966432,162.2222222222222,0.5555555555555556,0.1111111111111111,0.3333333333333333,0.25,0.0,0.375,0.1111111111111111,0.2222222222222222,0
KEVIPVNVPEAQEEM,1711.9303,-0.48666666666666664,0.0,79.25333333333333,-3.229655538916857,90.66666666666667,0.5333333333333333,0.13333333333333333,0.3333333333333333,0.21428571428571427,0.07142857142857142,0.2857142857142857,0.06666666666666667,0.26666666666666666,0
KEVEETDEMDQVEL,1693.7811,-1.3214285714285714,0.0,27.185714285714287,-6.224603555063958,69.28571428571428,0.2857142857142857,0.14285714285714285,0.5714285714285714,0.07692307692307693,0.23076923076923078,0.46153846153846156,0.07142857142857142,0.5,0
LKPSETAAVVGGNVLTSQR,1927.1633000000002,-0.0263157894736842,0.0,29.005263157894735,0.7619030752635112,97.36842105263156,0.42105263157894735,0.42105263157894735,0.15789473684210525,0.2777777777777778,0.16666666666666666,0.1111111111111111,0.10526315789473684,0.05263157894736842,0
KFRQQLGSDSGDVE,1565.6400999999998,-1.25,0.07142857142857144,50.55714285714286,-1.2306181230893096,48.57142857142857,0.21428571428571427,0.42857142857142855,0.35714285714285715,0.15384615384615385,0.3076923076923077,0.3076923076923077,0.14285714285714285,0.21428571428571427,0
HEQNIDCG,914.9395999999999,-1.325,0.0,87.75,-2.1586939647420653,48.75,0.125,0.5,0.375,0.14285714285714285,0.42857142857142855,0.14285714285714285,0.0,0.25,0
TVSAVQGAHPVLR,1334.5236,0.4076923076923077,0.0,23.58461538461539,0.48536078272121397,112.3076923076923,0.5384615384615384,0.38461538461538464,0.07692307692307693,0.5833333333333334,0.0,0.08333333333333333,0.07692307692307693,0.0,0
GPDAVAAPPGGTER,1294.3704999999998,-0.6142857142857142,0.0,47.92142857142858,-1.2359771627976435,42.14285714285714,0.5,0.2857142857142857,0.21428571428571427,0.15384615384615385,0.07692307692307693,0.15384615384615385,0.07142857142857142,0.14285714285714285,0
DYEERVLPSIVN,1433.5619,-0.4583333333333333,0.08333333333333334,55.07500000000002,-2.2341657018234344,113.33333333333331,0.4166666666666667,0.25,0.3333333333333333,0.2727272727272727,0.18181818181818182,0.09090909090909091,0.08333333333333333,0.25,0
IPFYLQPHASSGAKTLK,1858.1442000000002,-0.18823529411764708,0.11764705882352942,70.07117647058824,1.844278799446887,80.58823529411764,0.47058823529411764,0.4117647058823529,0.11764705882352941,0.5625,0.0625,0.125,0.11764705882352941,0.0,0
SLGPLHAAAAAAAPR,1373.5598,0.5399999999999999,0.0,17.14666666666667,0.5473106475721848,98.66666666666666,0.7333333333333333,0.2,0.06666666666666667,0.35714285714285715,0.0,0.07142857142857142,0.06666666666666667,0.0,0
LEDAGEVQLTAK,1273.3894,-0.3,0.0,18.933333333333337,-2.234155701923433,105.83333333333331,0.4166666666666667,0.25,0.3333333333333333,0.45454545454545453,0.09090909090909091,0.36363636363636365,0.08333333333333333,0.25,0
DLMSPPESAK,1074.2055,-0.8200000000000001,0.0,152.78,-1.2369661638966432,49.0,0.5,0.2,0.3,0.3333333333333333,0.1111111111111111,0.3333333333333333,0.1,0.2,0
FEEHGFR,920.9671999999999,-1.3571428571428572,0.28571428571428575,29.557142857142864,-1.1471132735096912,0.0,0.2857142857142857,0.2857142857142857,0.42857142857142855,0.16666666666666666,0.16666666666666666,0.3333333333333333,0.14285714285714285,0.2857142857142857,0
PGAGSQHLEVR,1150.2450999999999,-0.7363636363636363,0.0,18.881818181818183,0.04850351790615148,70.90909090909092,0.36363636363636365,0.45454545454545453,0.18181818181818182,0.4,0.0,0.3,0.09090909090909091,0.09090909090909091,0
DAFQPHKQTRLY,1503.6599999999999,-1.4416666666666667,0.16666666666666669,64.65,0.8463885614857316,40.83333333333333,0.3333333333333333,0.4166666666666667,0.25,0.36363636363636365,0.2727272727272727,0.18181818181818182,0.16666666666666666,0.08333333333333333,0
VEQVKGVTYSLE,1351.5011,-0.09999999999999998,0.08333333333333334,2.383333333333336,-1.257151408328939,105.0,0.3333333333333333,0.4166666666666667,0.25,0.36363636363636365,0.18181818181818182,0.2727272727272727,0.08333333333333333,0.16666666666666666,0
SSHSGAAVQAAGVTK,1370.4681,0.07333333333333335,0.0,10.853333333333333,0.5463216464731852,65.33333333333333,0.4,0.5333333333333333,0.06666666666666667,0.42857142857142855,0.07142857142857142,0.0,0.06666666666666667,0.0,0
SSGTFIVLIR,1092.2884,1.26,0.1,23.619999999999997,0.46013645931759795,146.0,0.5,0.4,0.1,0.1111111111111111,0.0,0.1111111111111111,0.1,0.0,0
RPCGHPGD,837.9035999999999,-1.5875000000000001,0.0,19.800000000000004,-0.1583335250079736,0.0,0.25,0.375,0.375,0.2857142857142857,0.2857142857142857,0.2857142857142857,0.125,0.125,0
LLLLEPER,982.1746,0.2624999999999999,0.0,54.55,-1.234287461764278,195.0,0.625,0.0,0.375,0.0,0.0,0.42857142857142855,0.125,0.25,0
DINLASFIEQVAVS,1505.6674999999998,0.8571428571428571,0.07142857142857144,49.042857142857144,-2.2359671628976425,139.28571428571428,0.5714285714285714,0.2857142857142857,0.14285714285714285,0.46153846153846156,0.07692307692307693,0.15384615384615385,0.0,0.14285714285714285,0
KYWHFVK,1007.1871,-0.8857142857142858,0.4285714285714286,8.657142857142862,1.844278799446887,41.42857142857142,0.42857142857142855,0.2857142857142857,0.2857142857142857,0.5,0.16666666666666666,0.16666666666666666,0.2857142857142857,0.0,0
LLLTKQRLVE,1212.4818,0.32999999999999996,0.0,32.64,0.7671403550310012,185.0,0.5,0.2,0.3,0.1111111111111111,0.3333333333333333,0.2222222222222222,0.2,0.1,0
RTNTCGELR,1049.1629,-1.2777777777777777,0.0,-4.22222222222222,0.752991086263501,43.33333333333333,0.1111111111111111,0.4444444444444444,0.4444444444444444,0.0,0.5,0.25,0.2222222222222222,0.1111111111111111,0
NATSEETSNNCPVK,1493.5528,-1.25,0.0,69.72857142857143,-1.2451774529622877,27.857142857142854,0.21428571428571427,0.5,0.2857142857142857,0.15384615384615385,0.23076923076923078,0.15384615384615385,0.07142857142857142,0.14285714285714285,0
TNYTPSLK,923.0213000000001,-1.0875,0.125,-7.187499999999998,0.3961985923686262,48.75,0.25,0.625,0.125,0.42857142857142855,0.0,0.14285714285714285,0.125,0.0,0
DEVTADDRK,1048.0623,-1.9000000000000001,0.0,-18.355555555555554,-2.234734641916955,43.33333333333333,0.2222222222222222,0.1111111111111111,0.6666666666666666,0.25,0.0,0.25,0.2222222222222222,0.4444444444444444,0
PAQGQLSVDQSK,1257.3501999999999,-0.975,0.0,49.30833333333334,-0.04134937248080095,64.99999999999999,0.3333333333333333,0.5,0.16666666666666666,0.36363636363636365,0.18181818181818182,0.09090909090909091,0.08333333333333333,0.08333333333333333,0
YWSVKPASSSFGSEAK,1730.8706000000002,-0.55625,0.1875,44.53125000000001,0.75991507316551,30.625,0.375,0.4375,0.1875,0.4,0.06666666666666667,0.26666666666666666,0.125,0.0625,0
SCYQLPCNAR,1154.3198,-0.4600000000000001,0.1,53.32,0.43933547812057716,49.0,0.3,0.4,0.3,0.2222222222222222,0.3333333333333333,0.2222222222222222,0.1,0.0,0
HLTHCQSR,981.0905,-1.2000000000000002,0.0,78.32499999999999,0.9245390006994656,48.75,0.125,0.625,0.25,0.2857142857142857,0.42857142857142855,0.0,0.125,0.0,0
GQPFEVLI,902.0450000000001,0.7875,0.125,56.900000000000006,-1.2370879238374872,133.75,0.625,0.25,0.125,0.14285714285714285,0.0,0.2857142857142857,0.0,0.125,0
PEVDMTIK,932.0927000000001,-0.32499999999999996,0.0,-2.5250000000000004,-1.0385389105075906,85.0,0.5,0.125,0.375,0.2857142857142857,0.0,0.7142857142857143,0.125,0.25,0
AETILDQLMHSEK,1514.6994,-0.5230769230769231,0.0,82.92307692307693,-2.1112085400040623,97.6923076923077,0.38461538461538464,0.3076923076923077,0.3076923076923077,0.25,0.25,0.16666666666666666,0.07692307692307693,0.23076923076923078,0
SNVEGDNAVPM,1132.2015999999999,-0.4272727272727273,0.0,19.745454545454546,-2.535922317869346,61.81818181818183,0.45454545454545453,0.36363636363636365,0.18181818181818182,0.2,0.3,0.1,0.0,0.18181818181818182,0
DQIVTQIR,972.0969,-0.3125,0.0,-21.9,-0.2387876247708538,133.75,0.375,0.375,0.25,0.42857142857142855,0.14285714285714285,0.14285714285714285,0.125,0.125,0
FNEPQTALL,1032.1471,-0.06666666666666672,0.1111111111111111,51.6888888888889,-1.2370879238374872,97.77777777777777,0.5555555555555556,0.3333333333333333,0.1111111111111111,0.375,0.125,0.125,0.0,0.1111111111111111,0
DLVAWVTAGF,1078.2169999999999,1.31,0.2,-7.98,-1.2387776248708526,117.0,0.7,0.2,0.1,0.4444444444444444,0.0,0.1111111111111111,0.0,0.1,0
GPDAKGETEH,1040.0419,-1.89,0.0,-2.8499999999999988,-2.1469815136688464,10.0,0.2,0.4,0.4,0.1111111111111111,0.5555555555555556,0.3333333333333333,0.1,0.3,0
DNIVALSEEGK,1174.2583,-0.43636363636363634,0.0,80.74545454545455,-2.234155701923433,106.36363636363637,0.36363636363636365,0.2727272727272727,0.36363636363636365,0.2,0.4,0.0,0.09090909090909091,0.2727272727272727,0
LGQQYNSPQEVIGK,1560.7062999999998,-0.9571428571428572,0.07142857142857144,70.49285714285715,-0.23908592583548893,76.42857142857142,0.2857142857142857,0.5714285714285714,0.14285714285714285,0.3076923076923077,0.15384615384615385,0.07692307692307693,0.07142857142857142,0.07142857142857142,0
GLPHISDVVLDK,1292.4803,0.3,0.0,54.75833333333334,-1.1514816766754221,145.83333333333331,0.5,0.25,0.25,0.36363636363636365,0.09090909090909091,0.18181818181818182,0.08333333333333333,0.16666666666666666,0
GFVSFKDPSDYVR,1516.6519999999998,-0.4846153846153846,0.23076923076923078,12.484615384615388,-0.23966486582901103,44.61538461538461,0.38461538461538464,0.3076923076923077,0.3076923076923077,0.4166666666666667,0.16666666666666666,0.25,0.15384615384615385,0.15384615384615385,0
ETVVLPLDERAFEK,1645.8507,-0.2928571428571428,0.07142857142857144,23.042857142857148,-2.1574396973147434,104.28571428571428,0.5,0.07142857142857142,0.42857142857142855,0.07692307692307693,0.07692307692307693,0.23076923076923078,0.14285714285714285,0.2857142857142857,0
TDFAYSSTVR,1146.2067,-0.35,0.2,20.720000000000002,-0.6016916455925294,39.0,0.3,0.5,0.2,0.2222222222222222,0.1111111111111111,0.2222222222222222,0.1,0.1,0
DPQLVSERVATL,1327.4831,-0.025000000000000005,0.0,41.26666666666667,-1.2359771627976435,121.66666666666664,0.5,0.25,0.25,0.45454545454545453,0.09090909090909091,0.18181818181818182,0.08333333333333333,0.16666666666666666,0
KRLAAQFIPK,1171.4348,-0.27,0.1,31.180000000000003,2.7580936122913,98.0,0.6,0.1,0.3,0.2222222222222222,0.0,0.2222222222222222,0.3,0.0,0
IRVGEPGHGGDPGLVSA,1617.761,-0.12941176470588237,0.0,12.47058823529412,-1.1488029745430566,85.88235294117646,0.4117647058823529,0.4117647058823529,0.17647058823529413,0.375,0.125,0.25,0.058823529411764705,0.11764705882352941,0
HQLSFVYNIIK,1361.5868,0.3272727272727272,0.18181818181818182,34.46363636363636,0.8452778004458879,132.72727272727272,0.45454545454545453,0.45454545454545453,0.09090909090909091,0.5,0.0,0.1,0.09090909090909091,0.0,0
NLVDHQR,880.9481,-1.457142857142857,0.0,-12.899999999999999,-0.1516134365162669,97.14285714285714,0.2857142857142857,0.42857142857142855,0.2857142857142857,0.16666666666666666,0.3333333333333333,0.16666666666666666,0.14285714285714285,0.14285714285714285,0
LATYLILMKNPSPADLA,1831.1801,0.5941176470588235,0.05882352941176471,62.558823529411775,-0.24077562686885456,132.35294117647058,0.6470588235294118,0.23529411764705882,0.11764705882352941,0.3125,0.0625,0.1875,0.058823529411764705,0.058823529411764705,0
KGTDTVAGL,860.9519,0.02222222222222224,0.0,-26.677777777777777,-0.2397766258698535,86.66666666666666,0.3333333333333333,0.4444444444444444,0.2222222222222222,0.375,0.375,0.0,0.1111111111111111,0.1111111111111111,0
QINLACLQCPR,1258.5137,0.20909090909090908,0.0,99.98181818181818,0.7402896340912819,115.45454545454545,0.45454545454545453,0.2727272727272727,0.2727272727272727,0.4,0.1,0.4,0.09090909090909091,0.0,0
NVVMEAIQK,1031.2269,0.24444444444444446,0.0,8.88888888888889,-0.23808692483648786,118.88888888888889,0.5555555555555556,0.2222222222222222,0.2222222222222222,0.25,0.125,0.25,0.1111111111111111,0.1111111111111111,0
LMPGGAVAQQVPVQAIQVHQAPQQASPSR,2994.3873999999996,-0.1724137931034483,0.0,89.21724137931034,0.8472658025438885,84.13793103448276,0.5517241379310345,0.41379310344827586,0.034482758620689655,0.5357142857142857,0.03571428571428571,0.0,0.034482758620689655,0.0,0
EADPQAIPK,968.0620000000001,-1.0555555555555556,0.0,17.655555555555562,-1.163050621361163,65.55555555555554,0.5555555555555556,0.1111111111111111,0.3333333333333333,0.25,0.0,0.5,0.1111111111111111,0.2222222222222222,0
VFVVGVGMT,908.1156000000001,2.2222222222222223,0.1111111111111111,-13.177777777777777,-0.26601161004484764,128.88888888888889,0.6666666666666666,0.3333333333333333,0.0,0.625,0.0,0.0,0.0,0.0,0
LLEFQNDRGGR,1304.4115,-1.2181818181818183,0.09090909090909091,5.736363636363635,-0.23598716269764441,70.90909090909092,0.2727272727272727,0.36363636363636365,0.36363636363636365,0.1,0.3,0.2,0.18181818181818182,0.18181818181818182,0
KAVSTIAVHE,1054.1975,0.44000000000000006,0.0,9.0,-0.14567545681441096,117.0,0.5,0.3,0.2,0.3333333333333333,0.1111111111111111,0.1111111111111111,0.1,0.1,0
AMLDDIK,804.9515,0.1571428571428571,0.0,-3.5571428571428574,-1.202882891265225,125.7142857142857,0.5714285714285714,0.0,0.42857142857142855,0.0,0.0,0.5,0.14285714285714285,0.2857142857142857,0
AFGFNVL,766.8833,1.6428571428571428,0.28571428571428575,8.571428571428571,-0.20412541214591307,111.42857142857142,0.7142857142857143,0.2857142857142857,0.0,0.6666666666666666,0.0,0.0,0.0,0.0,0
DWLIEHKEAS,1227.3226,-0.9200000000000002,0.1,81.42,-2.1469815136688464,88.0,0.4,0.2,0.4,0.1111111111111111,0.2222222222222222,0.3333333333333333,0.1,0.3,0
TILQQLTHH,1090.2329,-0.30000000000000004,0.0,87.91111111111113,-0.4274550291241981,129.99999999999997,0.3333333333333333,0.6666666666666666,0.0,0.5,0.0,0.0,0.0,0.0,0
LKPPFPADVGVFGCPTTVAN,2030.3456999999999,0.43,0.1,41.145,-0.24967761596886318,73.0,0.6,0.25,0.15,0.3157894736842105,0.05263157894736842,0.2631578947368421,0.05,0.05,0
PLNEPWEEEWTLLGK,1841.0244000000002,-1.0733333333333335,0.13333333333333333,38.02,-3.0312282855278045,78.0,0.4666666666666667,0.2,0.3333333333333333,0.2857142857142857,0.14285714285714285,0.21428571428571427,0.06666666666666667,0.26666666666666666,0
LAQANGWGVMV,1145.331,0.8181818181818182,0.09090909090909091,-2.7818181818181804,-0.23989838581069733,106.36363636363637,0.6363636363636364,0.36363636363636365,0.0,0.6,0.0,0.0,0.0,0.0,0
LLQIHEHIH,1139.3068,-9.868649107779169e-17,0.0,112.97777777777779,-0.9755653590737263,173.33333333333331,0.4444444444444444,0.4444444444444444,0.1111111111111111,0.625,0.25,0.0,0.0,0.1111111111111111,0
VLGNWHDSNLAK,1353.4821,-0.5083333333333334,0.08333333333333334,29.233333333333334,-0.178715661849417,97.49999999999997,0.4166666666666667,0.4166666666666667,0.16666666666666666,0.36363636363636365,0.18181818181818182,0.09090909090909091,0.08333333333333333,0.08333333333333333,0
NAFFSTFK,961.0707,0.16249999999999995,0.375,5.387500000000001,0.7591026131903019,12.5,0.5,0.375,0.125,0.42857142857142855,0.0,0.14285714285714285,0.125,0.0,0
SENLGEVMR,1034.1448,-0.7,0.0,13.533333333333337,-1.5342426167359817,75.55555555555554,0.3333333333333333,0.3333333333333333,0.3333333333333333,0.25,0.375,0.25,0.1111111111111111,0.2222222222222222,0
VLLSLEH,809.9497,1.157142857142857,0.0,-2.2,-1.1760269598170505,208.57142857142856,0.5714285714285714,0.2857142857142857,0.14285714285714285,0.3333333333333333,0.16666666666666666,0.16666666666666666,0.0,0.14285714285714285,0
SEEVPAFGVAS,1092.156,0.38181818181818183,0.09090909090909091,91.25454545454546,-2.534232616835981,70.90909090909092,0.5454545454545454,0.2727272727272727,0.18181818181818182,0.3,0.1,0.1,0.0,0.18181818181818182,0
NWEIRER,1002.0848,-2.2714285714285714,0.14285714285714288,21.271428571428576,-0.234297461664279,55.71428571428571,0.2857142857142857,0.14285714285714285,0.5714285714285714,0.16666666666666666,0.0,0.5,0.2857142857142857,0.2857142857142857,0
EVTHQGLSSPVTK,1382.5185999999999,-0.5307692307692308,0.0,59.60000000000001,-0.07699719404642091,74.61538461538461,0.3076923076923077,0.5384615384615384,0.15384615384615385,0.4166666666666667,0.08333333333333333,0.08333333333333333,0.07692307692307693,0.07692307692307693,0
VVDQILEGEIH,1251.3853,0.32727272727272727,0.0,34.80909090909091,-3.1720957369039957,159.0909090909091,0.45454545454545453,0.2727272727272727,0.2727272727272727,0.2,0.3,0.3,0.0,0.2727272727272727,0
DVPEGMQNLAPNDLPLLAMEYCQGGDLR,3060.4372000000003,-0.3642857142857143,0.03571428571428572,42.385714285714286,-4.241825170042755,87.14285714285714,0.4642857142857143,0.2857142857142857,0.25,0.14814814814814814,0.2222222222222222,0.2222222222222222,0.03571428571428571,0.17857142857142858,0
VTVLGVATAPQQVLS,1482.7203,1.12,0.0,37.16666666666667,-0.26601161004484764,142.66666666666666,0.6,0.4,0.0,0.6428571428571429,0.0,0.0,0.0,0.0,0
NICIPGK,743.9147999999999,0.3,0.0,55.099999999999994,0.7492016230912921,111.42857142857142,0.42857142857142855,0.2857142857142857,0.2857142857142857,0.3333333333333333,0.16666666666666666,0.3333333333333333,0.14285714285714285,0.0,0
THNDPKELLSE,1282.3564999999999,-1.5090909090909093,0.0,48.127272727272725,-2.5036492537240314,70.90909090909092,0.2727272727272727,0.36363636363636365,0.36363636363636365,0.1,0.2,0.3,0.09090909090909091,0.2727272727272727,0
VMVPEASK,860.03,0.28750000000000003,0.0,54.55,-0.26420014907063827,85.0,0.625,0.125,0.25,0.14285714285714285,0.14285714285714285,0.2857142857142857,0.125,0.125,0
LIMLVNEFYYGR,1517.7889,0.5416666666666666,0.25,39.542500000000004,-0.2390959257354901,121.66666666666664,0.5,0.3333333333333333,0.16666666666666666,0.18181818181818182,0.18181818181818182,0.09090909090909091,0.08333333333333333,0.08333333333333333,0
LYPIAKGDNQSPIE,1544.7036999999998,-0.6428571428571429,0.07142857142857144,100.80714285714285,-1.2327278851281545,90.71428571428571,0.42857142857142855,0.35714285714285715,0.21428571428571427,0.23076923076923078,0.23076923076923078,0.15384615384615385,0.07142857142857142,0.14285714285714285,0
SVTWIICK,949.1677999999999,1.175,0.125,-20.65,0.44924646811958846,133.75,0.5,0.25,0.25,0.42857142857142855,0.0,0.14285714285714285,0.125,0.0,0
DPASDQMQHW,1214.2640999999999,-1.6800000000000002,0.1,17.840000000000003,-2.1504826756764213,10.0,0.4,0.4,0.2,0.4444444444444444,0.2222222222222222,0.1111111111111111,0.0,0.2,0
CAGYKPDEGK,1067.1731,-1.42,0.1,-23.060000000000002,-0.24886515599365522,10.0,0.2,0.3,0.5,0.1111111111111111,0.3333333333333333,0.3333333333333333,0.2,0.2,0
TWTEPPVRPAGY,1373.5117,-0.9,0.16666666666666669,73.34166666666668,-0.6000019445591638,32.49999999999999,0.5,0.3333333333333333,0.16666666666666666,0.2727272727272727,0.09090909090909091,0.2727272727272727,0.08333333333333333,0.08333333333333333,0
ENPDPSDGF,976.9395,-1.7333333333333334,0.1111111111111111,18.711111111111116,-3.1609308594223178,0.0,0.3333333333333333,0.3333333333333333,0.3333333333333333,0.375,0.375,0.25,0.0,0.3333333333333333,0
GHLTHALKQGEY,1353.4822,-0.8916666666666667,0.08333333333333334,15.508333333333333,-0.06473754932631515,73.33333333333331,0.25,0.5833333333333334,0.16666666666666666,0.2727272727272727,0.2727272727272727,0.09090909090909091,0.08333333333333333,0.08333333333333333,0
LQQVDTSTRTH,1285.3636999999999,-1.190909090909091,0.0,22.05454545454545,-0.1516134365162669,61.81818181818183,0.18181818181818182,0.6363636363636364,0.18181818181818182,0.2,0.3,0.1,0.09090909090909091,0.09090909090909091,0
IFELGISSQSDR,1351.4614,-0.18333333333333338,0.08333333333333334,64.52499999999999,-1.2359771627976435,97.49999999999999,0.3333333333333333,0.4166666666666667,0.25,0.2727272727272727,0.09090909090909091,0.18181818181818182,0.08333333333333333,0.16666666666666666,0
YPVVSDGKR,1020.1397,-0.8444444444444444,0.1111111111111111,70.78888888888889,0.7592143732311445,64.44444444444444,0.3333333333333333,0.3333333333333333,0.3333333333333333,0.25,0.375,0.0,0.2222222222222222,0.1111111111111111,0
DEERLEEEEQNEEEEVDN,2264.1388,-2.7222222222222223,0.0,138.57222222222222,-11.209562244098906,37.77777777777777,0.1111111111111111,0.16666666666666666,0.7222222222222222,0.0,0.17647058823529413,0.23529411764705882,0.05555555555555555,0.6666666666666666,0
QSPQTLK,800.9,-1.457142857142857,0.0,149.5,0.7591026131903019,55.71428571428571,0.2857142857142857,0.5714285714285714,0.14285714285714285,0.5,0.0,0.16666666666666666,0.14285714285714285,0.0,0
CTDVAAR,734.822,0.22857142857142862,0.0,55.142857142857146,-0.2486886148698635,70.0,0.42857142857142855,0.14285714285714285,0.42857142857142855,0.0,0.3333333333333333,0.3333333333333333,0.14285714285714285,0.14285714285714285,0
LVMANVDPTIGYK,1420.6723,0.4230769230769231,0.07692307692307693,0.630769230769231,-0.24077562686885456,112.3076923076923,0.5384615384615384,0.3076923076923077,0.15384615384615385,0.4166666666666667,0.08333333333333333,0.16666666666666666,0.07692307692307693,0.07692307692307693,0
GFEVPGVSSEENGHSF,1678.7098,-0.525,0.125,56.46875,-3.1442928116364794,36.25,0.3125,0.5,0.1875,0.3333333333333333,0.13333333333333333,0.13333333333333333,0.0,0.1875,0
SASTLQSGVPSR,1189.2763,-0.34166666666666673,0.0,121.1,0.46013645931759795,64.99999999999999,0.3333333333333333,0.5833333333333334,0.08333333333333333,0.5454545454545454,0.09090909090909091,0.0,0.08333333333333333,0.0,0
SVLKDQKENGAPR,1441.5891,-1.4846153846153847,0.0,-6.376923076923074,0.46206968023265116,60.0,0.3076923076923077,0.3076923076923077,0.38461538461538464,0.16666666666666666,0.25,0.16666666666666666,0.23076923076923078,0.15384615384615385,0
AYFEKTQEQLTPLVK,1795.0403999999999,-0.6466666666666666,0.13333333333333333,28.066666666666666,-0.2015014911964954,78.0,0.4,0.3333333333333333,0.26666666666666666,0.35714285714285715,0.21428571428571427,0.14285714285714285,0.13333333333333333,0.13333333333333333,0
SIAEFDQALTGAK,1350.4733999999999,0.015384615384615373,0.07692307692307693,5.661538461538462,-1.5369213188683468,83.07692307692308,0.46153846153846156,0.3076923076923077,0.23076923076923078,0.3333333333333333,0.08333333333333333,0.3333333333333333,0.07692307692307693,0.15384615384615385,0
KQVSGPERTIPITREE,1840.0432,-1.21875,0.0,48.875,-0.2272487209225793,66.875,0.3125,0.3125,0.375,0.3333333333333333,0.2,0.06666666666666667,0.1875,0.1875,0
YGFRGPGPQLR,1247.4048,-1.0545454545454547,0.18181818181818182,28.672727272727276,1.7590826133902997,35.45454545454546,0.36363636363636365,0.45454545454545453,0.18181818181818182,0.6,0.1,0.2,0.18181818181818182,0.0,0
ESIQNSLAK,989.0811000000001,-0.6555555555555556,0.0,30.28888888888889,-0.1641713823010078,97.77777777777777,0.3333333333333333,0.4444444444444444,0.2222222222222222,0.375,0.125,0.125,0.1111111111111111,0.1111111111111111,0
EGVQCSDR,892.9341,-1.1875,0.0,-10.1,-1.171962610361173,36.25,0.125,0.375,0.5,0.2857142857142857,0.5714285714285714,0.0,0.125,0.25,0
KTTDLEIR,975.0977,-1.0625,0.0,32.825,-0.2369761637966441,97.5,0.25,0.25,0.5,0.0,0.2857142857142857,0.5714285714285714,0.25,0.25,0
LPWDPQYLVESL,1459.6405,-0.09166666666666672,0.16666666666666669,48.63333333333333,-2.2369661638966436,121.66666666666666,0.5833333333333334,0.25,0.16666666666666666,0.2727272727272727,0.09090909090909091,0.2727272727272727,0.0,0.16666666666666666,0
LSLYELHR,1030.1776,-0.2375000000000001,0.125,-0.675,-0.15092273648190235,146.25,0.375,0.375,0.25,0.5714285714285714,0.2857142857142857,0.14285714285714285,0.125,0.125,0
EDENSLLVR,1074.1425,-0.8333333333333334,0.0,30.28888888888889,-2.159251158288953,118.88888888888889,0.3333333333333333,0.2222222222222222,0.4444444444444444,0.125,0.125,0.125,0.1111111111111111,0.3333333333333333,0
GSVMPSVIR,945.1377,0.7444444444444445,0.0,79.11111111111111,0.7600916142893016,107.77777777777777,0.5555555555555556,0.3333333333333333,0.1111111111111111,0.375,0.0,0.125,0.1111111111111111,0.0,0
VNIGAEDLKE,1087.181,-0.4,0.0,55.21999999999999,-2.2550316463900937,117.0,0.4,0.2,0.4,0.4444444444444444,0.0,0.3333333333333333,0.1,0.3,0
GLVGLAVSQNPHER,1476.6363,-0.2571428571428572,0.0,14.921428571428574,-0.14992373548290128,104.28571428571428,0.42857142857142855,0.42857142857142855,0.14285714285714285,0.46153846153846156,0.07692307692307693,0.0,0.07142857142857142,0.07142857142857142,0
LNRLPAASLGDMVM,1487.7864,0.6214285714285713,0.0,36.800000000000004,-0.2387876247708538,118.57142857142857,0.6428571428571429,0.21428571428571427,0.14285714285714285,0.3076923076923077,0.15384615384615385,0.15384615384615385,0.07142857142857142,0.07142857142857142,0
EAVVVTNTIPQEDKM,1673.8822999999998,-0.23999999999999996,0.0,40.66666666666667,-2.160240159387953,90.66666666666667,0.4666666666666667,0.26666666666666666,0.26666666666666666,0.21428571428571427,0.07142857142857142,0.14285714285714285,0.06666666666666667,0.2,0
VYGSGEKVAGR,1122.2315999999998,-0.45454545454545453,0.09090909090909091,-20.054545454545455,0.7347908500303597,61.81818181818183,0.2727272727272727,0.45454545454545453,0.2727272727272727,0.2,0.2,0.1,0.18181818181818182,0.09090909090909091,0
SQFEGSALGK,1023.0972999999999,-0.49000000000000005,0.1,12.230000000000002,-0.5380420798081915,49.0,0.3,0.5,0.2,0.3333333333333333,0.2222222222222222,0.1111111111111111,0.1,0.1,0
AYVWNNDIYVK,1384.5339999999999,-0.2909090909090909,0.2727272727272727,17.69090909090909,-0.20600165420307137,97.27272727272728,0.45454545454545453,0.36363636363636365,0.18181818181818182,0.5,0.1,0.2,0.09090909090909091,0.09090909090909091,0
AVFGQPAAVSR,1102.2435,0.5272727272727272,0.09090909090909091,61.61818181818182,0.7958645879540859,80.0,0.6363636363636364,0.2727272727272727,0.09090909090909091,0.3,0.1,0.0,0.09090909090909091,0.0,0
DWEESKDDQK,1279.2665,-3.05,0.1,60.86,-3.232913181042745,0.0,0.1,0.2,0.7,0.0,0.4444444444444444,0.2222222222222222,0.2,0.5,0
YSASLPAPVK,1032.1902,0.15999999999999998,0.1,83.16000000000001,0.758103612191301,88.0,0.6,0.3,0.1,0.3333333333333333,0.0,0.1111111111111111,0.1,0.0,0
LDFLRPYSVPNK,1448.6642,-0.5083333333333334,0.16666666666666669,70.76666666666668,0.7592143732311445,89.16666666666664,0.5,0.25,0.25,0.2727272727272727,0.09090909090909091,0.36363636363636365,0.16666666666666666,0.08333333333333333,0
AAEPKEVPAHSTE,1365.4451999999999,-0.9769230769230769,0.0,61.96153846153846,-2.1042815592032067,45.38461538461539,0.46153846153846156,0.23076923076923078,0.3076923076923077,0.08333333333333333,0.08333333333333333,0.3333333333333333,0.07692307692307693,0.23076923076923078,0
LFDSTSLEHQK,1304.405,-0.8636363636363636,0.09090909090909091,30.963636363636365,-1.1497919756420563,70.90909090909092,0.2727272727272727,0.45454545454545453,0.2727272727272727,0.1,0.3,0.2,0.09090909090909091,0.18181818181818182,0
KNPPVLSHEF,1167.3136,-0.7300000000000001,0.1,44.64,-0.15091273658190096,68.0,0.5,0.3,0.2,0.2222222222222222,0.2222222222222222,0.1111111111111111,0.1,0.1,0
KLLLEGVEN,1014.1732999999999,0.08888888888888885,0.0,-0.5444444444444447,-1.2352764628632777,162.2222222222222,0.4444444444444444,0.2222222222222222,0.3333333333333333,0.125,0.25,0.375,0.1111111111111111,0.2222222222222222,0
HTFAVHDGRK,1167.2772,-1.06,0.1,13.8,0.9345617507393194,39.0,0.3,0.4,0.3,0.2222222222222222,0.3333333333333333,0.0,0.2,0.1,0
QGEGAEVQLTGK,1216.2983,-0.8333333333333334,0.0,-18.34166666666667,-1.2352764628632777,64.99999999999999,0.25,0.5,0.25,0.36363636363636365,0.2727272727272727,0.18181818181818182,0.08333333333333333,0.16666666666666666,0
VLHCQGTEEEKIL,1498.6999999999998,-0.26153846153846155,0.0,70.15384615384617,-2.181306026968641,112.3076923076923,0.3076923076923077,0.3076923076923077,0.38461538461538464,0.08333333333333333,0.25,0.08333333333333333,0.07692307692307693,0.23076923076923078,0
ITLPAPNPDHVGGYK,1578.7662999999998,-0.49333333333333335,0.06666666666666667,37.813333333333325,-0.15360143861426767,78.0,0.4666666666666667,0.4,0.13333333333333333,0.42857142857142855,0.14285714285714285,0.07142857142857142,0.06666666666666667,0.06666666666666667,0
RAFQLEEGEETEPD,1649.6672999999998,-1.6642857142857144,0.07142857142857144,72.60000000000001,-5.221554413297499,35.0,0.2857142857142857,0.21428571428571427,0.5,0.15384615384615385,0.3076923076923077,0.3076923076923077,0.07142857142857142,0.42857142857142855,0
TELNDPMR,975.0777,-1.45,0.0,13.975000000000005,-1.597882182620318,48.75,0.375,0.25,0.375,0.14285714285714285,0.2857142857142857,0.42857142857142855,0.125,0.25,0
TCGSVLR,734.8649999999999,0.5857142857142856,0.0,36.08571428571429,0.3882856043676173,97.14285714285714,0.2857142857142857,0.42857142857142855,0.2857142857142857,0.16666666666666666,0.3333333333333333,0.16666666666666666,0.14285714285714285,0.0,0
SPAYGEIDGYGPSIK,1553.6673999999998,-0.5800000000000001,0.13333333333333333,49.480000000000004,-1.538919320866349,58.666666666666664,0.3333333333333333,0.4666666666666667,0.2,0.35714285714285715,0.14285714285714285,0.21428571428571427,0.06666666666666667,0.13333333333333333,0
TLYSHLPVIHEL,1421.6389,0.4833333333333332,0.08333333333333334,51.550000000000004,-1.4256435681499888,154.16666666666663,0.5,0.4166666666666667,0.08333333333333333,0.36363636363636365,0.09090909090909091,0.09090909090909091,0.0,0.08333333333333333,0
QGASDPPTVASR,1185.2446,-0.7999999999999999,0.0,34.19166666666667,-0.2387876247708538,40.83333333333333,0.4166666666666667,0.4166666666666667,0.16666666666666666,0.45454545454545453,0.18181818181818182,0.09090909090909091,0.08333333333333333,0.08333333333333333,0
SVPPDKVDEEYR,1433.519,-1.6083333333333334,0.08333333333333334,21.383333333333333,-2.5339990968542945,48.33333333333332,0.3333333333333333,0.16666666666666666,0.5,0.09090909090909091,0.18181818181818182,0.2727272727272727,0.16666666666666666,0.3333333333333333,0
LADGPGHCKG,954.0618,-0.53,0.0,-7.98,-0.16250342771427628,49.0,0.3,0.4,0.3,0.2222222222222222,0.3333333333333333,0.1111111111111111,0.1,0.1,0
TLSGSGTQEPEK,1233.2826,-1.3333333333333333,0.0,42.39166666666667,-1.5971814826859525,32.49999999999999,0.16666666666666666,0.5833333333333334,0.25,0.18181818181818182,0.09090909090909091,0.18181818181818182,0.08333333333333333,0.16666666666666666,0
GALESLIEEETGQK,1503.6073,-0.7000000000000001,0.0,88.87142857142858,-3.229655538916857,90.71428571428571,0.2857142857142857,0.35714285714285715,0.35714285714285715,0.15384615384615385,0.23076923076923078,0.15384615384615385,0.07142857142857142,0.2857142857142857,0
QEIQQAGERL,1171.261,-1.23,0.0,59.24,-1.234287461764278,88.0,0.3,0.4,0.3,0.3333333333333333,0.2222222222222222,0.2222222222222222,0.1,0.2,0
LWEHIIQLK,1179.4104,0.17777777777777773,0.1111111111111111,66.21111111111111,-0.15091273658190096,173.33333333333331,0.5555555555555556,0.2222222222222222,0.2222222222222222,0.375,0.125,0.25,0.1111111111111111,0.1111111111111111,0
PIISDRHGGY,1114.2112,-0.67,0.1,14.200000000000005,0.045814815873784775,78.0,0.3,0.5,0.2,0.1111111111111111,0.2222222222222222,0.0,0.1,0.1,0
LDGSLNVTAK,1017.1342,0.07999999999999999,0.0,0.5099999999999998,-0.2397766258698535,117.0,0.4,0.4,0.2,0.5555555555555556,0.1111111111111111,0.2222222222222222,0.1,0.1,0
DPETCAGYVEAIGAK,1523.6630999999998,-0.14666666666666664,0.06666666666666667,9.6,-2.2450556930214436,65.33333333333333,0.4,0.26666666666666666,0.3333333333333333,0.2857142857142857,0.14285714285714285,0.42857142857142855,0.06666666666666667,0.2,0
MFGPDALAAVK,1119.3336,0.7909090909090909,0.09090909090909091,-0.3818181818181817,-0.49952355251781144,89.0909090909091,0.7272727272727273,0.09090909090909091,0.18181818181818182,0.2,0.0,0.3,0.09090909090909091,0.09090909090909091,0
EKVVVITKHN,1166.3703,-0.15999999999999995,0.0,24.189999999999998,0.9220038049545787,126.0,0.4,0.3,0.3,0.1111111111111111,0.2222222222222222,0.1111111111111111,0.2,0.1,0
VWGLYMAASR,1153.3531,0.5599999999999999,0.2,74.17,0.7329793890561502,88.0,0.6,0.3,0.1,0.5555555555555556,0.1111111111111111,0.0,0.1,0.0,0
YAHQHGIPDE,1166.1997,-1.3900000000000001,0.1,-5.090000000000002,-2.05738050761998,49.0,0.3,0.5,0.2,0.3333333333333333,0.0,0.1111111111111111,0.0,0.2,0
HIMCDDEDIK,1218.3572,-0.77,0.0,82.97000000000001,-3.157451443861377,78.0,0.3,0.1,0.6,0.1111111111111111,0.0,0.3333333333333333,0.1,0.4,0
EGEFVFAR,954.0368000000001,-0.03750000000000002,0.25,-0.675,-1.1603719192287978,48.75,0.5,0.125,0.375,0.0,0.2857142857142857,0.2857142857142857,0.125,0.25,0
EVEDEEAVEAKDEEKK,1876.9228000000003,-1.95,0.0,62.16250000000001,-6.1470650905800595,48.75,0.25,0.0,0.75,0.0,0.0,0.4,0.1875,0.5625,0
EGLTERFEL,1093.1872,-0.6333333333333333,0.1111111111111111,30.28888888888889,-2.1575614572555875,86.66666666666666,0.3333333333333333,0.2222222222222222,0.4444444444444444,0.25,0.25,0.375,0.1111111111111111,0.3333333333333333,0
LLGSLEEAR,987.1083000000001,0.0555555555555555,0.0,45.111111111111114,-1.234287461764278,141.1111111111111,0.4444444444444444,0.2222222222222222,0.3333333333333333,0.25,0.0,0.375,0.1111111111111111,0.2222222222222222,0
ADSQPPVFK,988.0946000000001,-0.6777777777777777,0.1111111111111111,89.75555555555557,-0.20400365220506944,43.33333333333333,0.5555555555555556,0.2222222222222222,0.2222222222222222,0.125,0.125,0.25,0.1111111111111111,0.1111111111111111,0
AIEMYRR,938.1054,-0.7999999999999999,0.14285714285714288,162.84285714285716,0.7976660490282939,70.0,0.42857142857142855,0.14285714285714285,0.42857142857142855,0.16666666666666666,0.16666666666666666,0.3333333333333333,0.2857142857142857,0.14285714285714285,0
EIPVESIEEVSK,1358.4905999999999,-0.3083333333333333,0.0,118.7,-3.155739996381377,113.33333333333331,0.4166666666666667,0.16666666666666666,0.4166666666666667,0.18181818181818182,0.18181818181818182,0.36363636363636365,0.08333333333333333,0.3333333333333333,0
MESDMALVK,1023.2248,0.2111111111111111,0.0,40.8,-1.496713090544601,86.66666666666666,0.5555555555555556,0.1111111111111111,0.3333333333333333,0.0,0.25,0.375,0.1111111111111111,0.2222222222222222,0
LEDITELELYLK,1478.6821,-0.01666666666666672,0.08333333333333334,34.19166666666667,-3.2323442409492236,162.49999999999997,0.4166666666666667,0.16666666666666666,0.4166666666666667,0.2727272727272727,0.09090909090909091,0.5454545454545454,0.08333333333333333,0.3333333333333333,0
YQSANSFTVSK,1231.3111,-0.5909090909090909,0.18181818181818182,49.03636363636363,0.758103612191301,35.45454545454546,0.2727272727272727,0.6363636363636364,0.09090909090909091,0.6,0.1,0.0,0.09090909090909091,0.0,0
DISSITM,765.8724,0.7285714285714285,0.0,36.08571428571429,-1.2387776248708526,111.42857142857142,0.42857142857142855,0.42857142857142855,0.14285714285714285,0.6666666666666666,0.0,0.16666666666666666,0.0,0.14285714285714285,0
FARTQFEDLVPSPTSE,1823.9524999999999,-0.58125,0.125,75.5625,-2.2279294210569436,48.75,0.4375,0.3125,0.25,0.26666666666666666,0.13333333333333333,0.2,0.0625,0.1875,0
DLFDPIIEDRH,1369.4783,-0.7000000000000001,0.09090909090909091,88.41818181818182,-3.1465614526633674,106.36363636363636,0.45454545454545453,0.09090909090909091,0.45454545454545453,0.0,0.1,0.4,0.09090909090909091,0.36363636363636365,0
EVAPDGPLQESSTR,1485.5522999999998,-1.042857142857143,0.0,82.21428571428574,-2.159251158288953,55.71428571428571,0.35714285714285715,0.35714285714285715,0.2857142857142857,0.15384615384615385,0.3076923076923077,0.15384615384615385,0.07142857142857142,0.21428571428571427,0
GKKPENELR,1070.2003,-2.3333333333333335,0.0,31.78888888888889,0.7637145362377202,43.33333333333333,0.2222222222222222,0.2222222222222222,0.5555555555555556,0.0,0.375,0.5,0.3333333333333333,0.2222222222222222,0
NKAVGVMK,846.0497,0.05000000000000006,0.0,27.737499999999997,1.758103612191301,85.0,0.5,0.25,0.25,0.2857142857142857,0.14285714285714285,0.2857142857142857,0.25,0.0,0
NQRGGTESDLTVSC,1466.5306999999998,-0.8428571428571429,0.0,51.385714285714286,-1.2458781528966534,48.57142857142857,0.14285714285714285,0.5714285714285714,0.2857142857142857,0.23076923076923078,0.46153846153846156,0.07692307692307693,0.07142857142857142,0.14285714285714285,0
PIVNHPHYEDAGLR,1617.7625999999998,-0.8571428571428571,0.07142857142857144,54.67857142857144,-0.8642005338984182,83.57142857142856,0.42857142857142855,0.35714285714285715,0.21428571428571427,0.38461538461538464,0.07692307692307693,0.15384615384615385,0.07142857142857142,0.14285714285714285,0
NFEDMQEITQ,1254.323,-1.25,0.1,36.67000000000001,-3.2331567009244324,39.0,0.3,0.4,0.3,0.3333333333333333,0.1111111111111111,0.3333333333333333,0.0,0.3,0
QWHPDNFQNEEEKK,1828.8911,-2.7642857142857147,0.14285714285714288,54.59285714285715,-2.1451700526946365,0.0,0.21428571428571427,0.35714285714285715,0.42857142857142855,0.38461538461538464,0.15384615384615385,0.07692307692307693,0.14285714285714285,0.2857142857142857,0
YFNDSQR,928.9445,-2.042857142857143,0.28571428571428575,63.60000000000001,-0.23978662576985488,0.0,0.14285714285714285,0.5714285714285714,0.2857142857142857,0.3333333333333333,0.5,0.0,0.14285714285714285,0.14285714285714285,0
SEQAALNAAK,1002.0799,-0.42000000000000004,0.0,47.52,-0.5380420798081915,79.0,0.5,0.3,0.2,0.3333333333333333,0.2222222222222222,0.1111111111111111,0.1,0.1,0
DAFYGLPLWK,1209.3915,0.05999999999999994,0.30000000000000004,76.05099999999999,-0.24077562686885456,88.0,0.6,0.2,0.2,0.2222222222222222,0.0,0.2222222222222222,0.1,0.1,0
LAMEPEETK,1047.1802,-1.0222222222222221,0.0,85.82222222222224,-2.232466000890067,54.44444444444444,0.4444444444444444,0.1111111111111111,0.4444444444444444,0.0,0.25,0.375,0.1111111111111111,0.3333333333333333,0
GPPSEPVETR,1068.1381,-1.4,0.0,105.30000000000001,-1.234287461764278,29.0,0.4,0.3,0.3,0.2222222222222222,0.3333333333333333,0.2222222222222222,0.1,0.2,0
TSEDYLALNK,1153.2391,-0.78,0.1,71.2,-1.599870184718319,88.0,0.3,0.4,0.3,0.2222222222222222,0.3333333333333333,0.0,0.1,0.2,0
HWGSTNEHGSEH,1377.3347999999999,-2.0083333333333333,0.08333333333333334,-19.55833333333333,-1.9727548971005162,0.0,0.08333333333333333,0.75,0.16666666666666666,0.18181818181818182,0.36363636363636365,0.0,0.0,0.16666666666666666,0
EDYVQSMDVAAFN,1488.5739999999998,-0.22307692307692306,0.15384615384615385,57.846153846153854,-3.161929860421319,60.0,0.46153846153846156,0.3076923076923077,0.23076923076923078,0.3333333333333333,0.08333333333333333,0.16666666666666666,0.0,0.23076923076923078,0
GKKMDAHPPR,1136.3279,-1.89,0.0,33.46,1.8463885614857316,10.0,0.4,0.2,0.4,0.2222222222222222,0.1111111111111111,0.4444444444444444,0.3,0.1,0
IFAPNHV,796.9127,0.7142857142857143,0.14285714285714288,36.08571428571429,-0.15272419755611044,111.42857142857142,0.7142857142857143,0.2857142857142857,0.0,0.3333333333333333,0.0,0.0,0.0,0.0,0
GQFDDAED,895.8236999999999,-1.6625,0.125,38.825,-4.23054473941065,12.5,0.25,0.25,0.5,0.14285714285714285,0.0,0.42857142857142855,0.0,0.5,0
GSVLHSRHTELK,1363.5219,-0.7666666666666667,0.0,43.95833333333334,0.936251451772685,89.16666666666664,0.25,0.5,0.25,0.18181818181818182,0.2727272727272727,0.18181818181818182,0.16666666666666666,0.08333333333333333,0
ISTEFSK,810.8915,-0.3428571428571429,0.14285714285714288,36.08571428571429,-0.23808692483648786,55.71428571428571,0.2857142857142857,0.42857142857142855,0.2857142857142857,0.3333333333333333,0.3333333333333333,0.16666666666666666,0.14285714285714285,0.14285714285714285,0
GLPINDFSR,1018.1238000000001,-0.3555555555555556,0.1111111111111111,43.31111111111112,-0.2387876247708538,86.66666666666666,0.4444444444444444,0.3333333333333333,0.2222222222222222,0.375,0.25,0.125,0.1111111111111111,0.1111111111111111,0
YEQLPFSIR,1152.2989,-0.4555555555555556,0.2222222222222222,64.71111111111112,-0.23809692473648925,86.66666666666666,0.4444444444444444,0.3333333333333333,0.2222222222222222,0.375,0.25,0.125,0.1111111111111111,0.1111111111111111,0
CSGESEQLR,1008.0645999999999,-1.188888888888889,0.0,86.11111111111113,-1.244188451863288,43.33333333333333,0.1111111111111111,0.4444444444444444,0.4444444444444444,0.125,0.625,0.125,0.1111111111111111,0.2222222222222222,0
LQAPLNYTEF,1195.3203,-0.19000000000000006,0.2,71.63,-1.2380869248364883,88.0,0.5,0.4,0.1,0.3333333333333333,0.1111111111111111,0.1111111111111111,0.0,0.1,0
ILGVGGEDDDGEVHRSK,1782.8625000000002,-0.8705882352941177,0.0,51.31176470588235,-3.144749991689158,80.0,0.23529411764705882,0.35294117647058826,0.4117647058823529,0.25,0.375,0.0625,0.11764705882352941,0.29411764705882354,0
MSSILEAVPQVK,1301.5517,0.525,0.0,101.30000000000001,-0.4978338514844458,121.66666666666664,0.5833333333333334,0.25,0.16666666666666666,0.36363636363636365,0.0,0.2727272727272727,0.08333333333333333,0.08333333333333333,0
IDGNVMAINPSEETK,1617.7759999999998,-0.5333333333333333,0.0,57.39333333333333,-2.234155701923433,78.0,0.4,0.3333333333333333,0.26666666666666666,0.2857142857142857,0.2857142857142857,0.07142857142857142,0.06666666666666667,0.2,0
HFIFSHHPQ,1149.2601,-0.6000000000000001,0.2222222222222222,15.56666666666667,0.021624178953063455,43.33333333333333,0.4444444444444444,0.5555555555555556,0.0,0.5,0.0,0.0,0.0,0.0,0
KEGKPTIVEED,1244.3482999999999,-1.4363636363636363,0.0,33.945454545454545,-2.2291633393419206,61.81818181818183,0.2727272727272727,0.18181818181818182,0.5454545454545454,0.2,0.2,0.2,0.18181818181818182,0.36363636363636365,0
TDFVKQCLV,1052.2444,0.6555555555555556,0.1111111111111111,36.6,-0.6115826357915379,107.77777777777777,0.4444444444444444,0.2222222222222222,0.3333333333333333,0.0,0.375,0.375,0.1111111111111111,0.1111111111111111,0
GYNPSISIVGTLEAEK,1677.8494,-0.1,0.0625,-1.6125,-1.2362754638622788,97.5,0.375,0.4375,0.1875,0.4666666666666667,0.0,0.2,0.0625,0.125,0
STTSQTIK,864.9407000000001,-0.825,0.0,22.212500000000006,0.45914745821859826,48.75,0.125,0.75,0.125,0.14285714285714285,0.0,0.14285714285714285,0.125,0.0,0
KGLAMVPL,828.0742,1.2,0.0,22.212500000000006,0.7591026131903019,146.25,0.75,0.125,0.125,0.14285714285714285,0.14285714285714285,0.0,0.125,0.0,0
TLGLSSPCDNR,1162.2740999999999,-0.5181818181818182,0.0,77.2,-0.610593634692538,70.90909090909092,0.2727272727272727,0.45454545454545453,0.2727272727272727,0.5,0.2,0.1,0.09090909090909091,0.09090909090909091,0
ASPAARNPVLR,1151.3192999999999,-0.2818181818181818,0.0,110.16363636363639,1.7958545880540848,89.0909090909091,0.6363636363636364,0.18181818181818182,0.18181818181818182,0.3,0.1,0.2,0.18181818181818182,0.0,0
EIELLTAGK,973.1215,0.2111111111111111,0.0,69.67777777777778,-1.1613609203277977,141.1111111111111,0.4444444444444444,0.2222222222222222,0.3333333333333333,0.375,0.125,0.375,0.1111111111111111,0.2222222222222222,0
MQASAHVTR,1000.1334999999999,-0.3333333333333333,0.0,-18.35555555555556,0.5875188758959308,54.44444444444444,0.4444444444444444,0.4444444444444444,0.1111111111111111,0.875,0.125,0.0,0.1111111111111111,0.0,0
NAPTVCGH,797.8794,-0.1125,0.0,32.825,-0.16262518765512024,48.75,0.375,0.5,0.125,0.42857142857142855,0.14285714285714285,0.14285714285714285,0.0,0.0,0
QVLTLYNPYEFALK,1698.9543999999999,0.06428571428571425,0.2142857142857143,-9.607142857142858,-0.2400849268344898,111.42857142857142,0.5,0.35714285714285715,0.14285714285714285,0.46153846153846156,0.07692307692307693,0.15384615384615385,0.07142857142857142,0.07142857142857142,0
VQQEALK,814.9264999999999,-0.6571428571428571,0.0,51.471428571428575,-0.26420014907063827,111.42857142857142,0.42857142857142855,0.2857142857142857,0.2857142857142857,0.16666666666666666,0.16666666666666666,0.3333333333333333,0.14285714285714285,0.14285714285714285,0
KKAVDVFFPPEAQNDFPVAMQISE,2708.0483,-0.2125,0.125,44.40416666666667,-2.2287966622150996,65.0,0.5833333333333334,0.16666666666666666,0.25,0.17391304347826086,0.08695652173913043,0.2608695652173913,0.08333333333333333,0.16666666666666666,0
FSLLQTLSVK,1135.3529,0.8699999999999999,0.1,38.72,0.7591026131903019,146.0,0.5,0.4,0.1,0.6666666666666666,0.0,0.1111111111111111,0.1,0.0,0
SDEHVDVR,955.9684,-1.325,0.0,-19.4625,-2.4476373685749158,72.5,0.25,0.25,0.5,0.14285714285714285,0.2857142857142857,0.42857142857142855,0.125,0.375,0
KVGSAKPGL,856.0215000000001,-0.13333333333333333,0.0,-18.355555555555554,1.758103612191301,86.66666666666666,0.4444444444444444,0.3333333333333333,0.2222222222222222,0.5,0.0,0.375,0.2222222222222222,0.0,0
VQHAVAER,909.0013000000001,-0.33749999999999997,0.0,8.75,-0.1760369597170517,97.5,0.5,0.25,0.25,0.2857142857142857,0.0,0.14285714285714285,0.125,0.125,0
LGEHNIDVLEGNEQ,1566.6247999999998,-0.8714285714285716,0.0,54.50714285714286,-4.143172050696635,104.28571428571428,0.2857142857142857,0.42857142857142855,0.2857142857142857,0.15384615384615385,0.38461538461538464,0.23076923076923078,0.0,0.2857142857142857,0
HLEQRDEPQEPTNK,1720.7948999999999,-2.585714285714286,0.0,84.25000000000001,-2.1441810515956363,27.857142857142854,0.21428571428571427,0.35714285714285715,0.42857142857142855,0.23076923076923078,0.3076923076923077,0.23076923076923078,0.14285714285714285,0.2857142857142857,0
DYSVELQKG,1038.1086,-0.9888888888888889,0.1111111111111111,35.67777777777778,-1.2379651648956442,75.55555555555554,0.2222222222222222,0.4444444444444444,0.3333333333333333,0.25,0.375,0.25,0.1111111111111111,0.2222222222222222,0
AITYQAMVVR,1151.3787,0.8400000000000001,0.1,9.0,0.7948655869550849,117.0,0.6,0.3,0.1,0.2222222222222222,0.0,0.1111111111111111,0.1,0.0,0
ENIVQLHEK,1109.2329,-0.9555555555555555,0.0,48.27777777777778,-1.0741867320732108,118.88888888888889,0.3333333333333333,0.3333333333333333,0.3333333333333333,0.5,0.25,0.0,0.1111111111111111,0.2222222222222222,0
GGS,219.1952,-0.5333333333333333,0.0,47.800000000000004,-0.23989838581069733,0.0,0.0,1.0,0.0,0.0,0.0,0.0,0.0,0.0,0
SKPMTQILER,1202.4241,-0.8300000000000001,0.0,2.7600000000000016,0.46194792029180753,78.0,0.4,0.3,0.3,0.2222222222222222,0.1111111111111111,0.2222222222222222,0.2,0.1,0
RLEWEMM,994.1884999999999,-0.6857142857142858,0.14285714285714288,-17.014285714285716,-1.234287461764278,55.71428571428571,0.5714285714285714,0.0,0.42857142857142855,0.0,0.0,0.8333333333333334,0.14285714285714285,0.2857142857142857,0
VTEACTYRPSA,1197.3182,-0.2545454545454545,0.09090909090909091,108.10909090909092,-0.27411113906964957,44.54545454545455,0.36363636363636365,0.36363636363636365,0.2727272727272727,0.3,0.3,0.3,0.09090909090909091,0.09090909090909091,0
LNYVPLEKQEEERQ,1774.9249,-1.7142857142857142,0.07142857142857144,114.01428571428572,-2.230664539815859,76.42857142857142,0.2857142857142857,0.2857142857142857,0.42857142857142855,0.15384615384615385,0.23076923076923078,0.07692307692307693,0.14285714285714285,0.2857142857142857,0
SFTINLK,821.9603999999999,0.3142857142857142,0.14285714285714288,-3.5571428571428574,0.45914745821859826,111.42857142857142,0.42857142857142855,0.42857142857142855,0.14285714285714285,0.8333333333333334,0.0,0.16666666666666666,0.14285714285714285,0.0,0
LIHDPQDFAEK,1312.427,-0.890909090909091,0.09090909090909091,48.47272727272727,-2.148671214702212,80.00000000000001,0.45454545454545453,0.18181818181818182,0.36363636363636365,0.2,0.2,0.3,0.09090909090909091,0.2727272727272727,0
VVSPGIDLSGLTLQ,1398.6006,0.9,0.0,57.89285714285714,-1.264890849105003,152.85714285714283,0.5,0.42857142857142855,0.07142857142857142,0.6923076923076923,0.0,0.15384615384615385,0.0,0.07142857142857142,0
NAESILEYER,1223.2892,-1.05,0.1,39.980000000000004,-2.2324760007900686,88.0,0.3,0.3,0.4,0.2222222222222222,0.3333333333333333,0.2222222222222222,0.1,0.3,0
SLSGTAFGGFLM,1187.3644,1.1166666666666665,0.16666666666666669,12.375,-0.539853540782401,73.33333333333331,0.5,0.5,0.0,0.45454545454545453,0.0,0.0,0.0,0.0,0
EVIAGPLLR,967.1632,0.8999999999999999,0.0,30.28888888888889,-0.1631823812020079,173.33333333333331,0.6666666666666666,0.1111111111111111,0.2222222222222222,0.25,0.0,0.25,0.1111111111111111,0.1111111111111111,0
WKPPMIDNPSYQGI,1645.8753,-0.8357142857142857,0.14285714285714288,17.90714285714286,-0.24077562686885456,55.71428571428571,0.5,0.35714285714285715,0.14285714285714285,0.23076923076923078,0.07692307692307693,0.23076923076923078,0.07142857142857142,0.07142857142857142,0
AESPAEK,730.7638999999999,-1.3857142857142857,0.0,126.37142857142858,-1.1995034891984937,28.57142857142857,0.42857142857142855,0.14285714285714285,0.42857142857142855,0.16666666666666666,0.16666666666666666,0.3333333333333333,0.14285714285714285,0.2857142857142857,0
VTPEQPTHAV,1078.1759,-0.45999999999999996,0.0,56.41,-1.1760269598170505,68.0,0.5,0.4,0.1,0.5555555555555556,0.1111111111111111,0.1111111111111111,0.0,0.1,0
VFGTHTNMR,1062.2028,-0.4555555555555556,0.1111111111111111,-34.0,0.8211525783097381,32.22222222222222,0.3333333333333333,0.5555555555555556,0.1111111111111111,0.25,0.0,0.125,0.1111111111111111,0.0,0
KLHHQNQQQIQQQQQQLQ,2283.4628,-2.2333333333333334,0.0,93.55000000000001,0.9334509896994757,64.99999999999999,0.16666666666666666,0.7777777777777778,0.05555555555555555,0.29411764705882354,0.0,0.058823529411764705,0.05555555555555555,0.0,0
CAAALMASR,893.0863999999999,1.1222222222222222,0.0,44.0,0.7501906241902918,87.77777777777777,0.6666666666666666,0.1111111111111111,0.2222222222222222,0.125,0.125,0.125,0.1111111111111111,0.0,0
VVYNGGIK,848.9856,0.42500000000000004,0.125,-25.262500000000003,0.7319903879571505,121.25,0.375,0.5,0.125,0.2857142857142857,0.0,0.14285714285714285,0.125,0.0,0
KQFGAQAN,862.9295,-1.05,0.125,18.262500000000003,0.7591026131903019,25.0,0.375,0.5,0.125,0.8571428571428571,0.14285714285714285,0.0,0.125,0.0,0
TLQVSPLDNGDLIR,1540.7167,-0.13571428571428573,0.0,47.83571428571429,-1.5995718836536839,132.14285714285714,0.42857142857142855,0.35714285714285715,0.21428571428571427,0.38461538461538464,0.15384615384615385,0.23076923076923078,0.07142857142857142,0.14285714285714285,0
RQAEEEK,888.9223999999999,-2.942857142857143,0.0,129.22857142857146,-1.2324760007900681,14.285714285714285,0.14285714285714285,0.14285714285714285,0.7142857142857143,0.16666666666666666,0.16666666666666666,0.16666666666666666,0.2857142857142857,0.42857142857142855,0
VNTIESAPNVSSAK,1416.5331999999999,-0.1857142857142857,0.0,75.87857142857143,-0.26420014907063827,83.57142857142856,0.42857142857142855,0.42857142857142855,0.14285714285714285,0.5384615384615384,0.07692307692307693,0.15384615384615385,0.07142857142857142,0.07142857142857142,0
HADHVDTLQK,1163.2405999999999,-1.17,0.0,3.0500000000000043,-1.0643074884208352,78.0,0.3,0.4,0.3,0.4444444444444444,0.3333333333333333,0.2222222222222222,0.1,0.2,0
PGPTPPGSK,836.9322,-1.4,0.0,30.28888888888889,0.9575298665793545,0.0,0.4444444444444444,0.4444444444444444,0.1111111111111111,0.625,0.125,0.0,0.1111111111111111,0.0,0
MEELVDEGLVKAI,1445.677,0.4538461538461539,0.0,20.530769230769234,-3.4910921665981807,142.30769230769232,0.5384615384615384,0.07692307692307693,0.38461538461538464,0.08333333333333333,0.08333333333333333,0.4166666666666667,0.07692307692307693,0.3076923076923077,0
CVNTDGSYR,1014.0706,-0.8888888888888888,0.1111111111111111,-27.711111111111112,-0.24968761586886457,32.22222222222222,0.1111111111111111,0.5555555555555556,0.3333333333333333,0.125,0.375,0.125,0.1111111111111111,0.1111111111111111,0
AGGQDRY,765.7713,-1.6857142857142857,0.14285714285714288,32.17142857142858,-0.2040136521050706,14.285714285714285,0.14285714285714285,0.5714285714285714,0.2857142857142857,0.16666666666666666,0.3333333333333333,0.0,0.14285714285714285,0.14285714285714285,0
LLDKLVGEF,1033.2179,0.7888888888888889,0.1111111111111111,-27.788888888888888,-1.2369661638966432,162.2222222222222,0.5555555555555556,0.1111111111111111,0.3333333333333333,0.125,0.125,0.375,0.1111111111111111,0.2222222222222222,0
LNAQYHQDEDPK,1457.5005999999998,-2.1166666666666667,0.08333333333333334,45.26666666666667,-2.149670215701213,40.83333333333333,0.25,0.4166666666666667,0.3333333333333333,0.2727272727272727,0.09090909090909091,0.18181818181818182,0.08333333333333333,0.25,0
TLVLLDNPNIR,1267.4741,0.2545454545454545,0.0,46.418181818181814,-0.6006926445935283,168.1818181818182,0.5454545454545454,0.2727272727272727,0.18181818181818182,0.4,0.1,0.2,0.09090909090909091,0.09090909090909091,0
VVTDTDETE,1007.9918,-0.8555555555555555,0.0,4.155555555555558,-4.252911884451248,64.44444444444444,0.2222222222222222,0.3333333333333333,0.4444444444444444,0.125,0.625,0.0,0.0,0.4444444444444444,0
ANGIYADPTNKSK,1378.4868,-1.1538461538461537,0.07692307692307693,9.476923076923077,0.7939983457969289,45.38461538461539,0.3076923076923077,0.46153846153846156,0.23076923076923078,0.4166666666666667,0.25,0.16666666666666666,0.15384615384615385,0.07692307692307693,0
LQALTGNEG,901.9607000000001,-0.288888888888889,0.0,26.244444444444444,-1.2370879238374872,97.77777777777777,0.3333333333333333,0.5555555555555556,0.1111111111111111,0.375,0.25,0.0,0.0,0.1111111111111111,0
LEEQGEIVISR,1272.4046,-0.24545454545454548,0.0,76.68181818181819,-2.2314769997910675,132.72727272727272,0.36363636363636365,0.2727272727272727,0.36363636363636365,0.1,0.3,0.2,0.09090909090909091,0.2727272727272727,0
KEAGTPPLW,998.1326000000001,-0.7777777777777778,0.1111111111111111,47.16666666666667,-0.23808692483648786,54.44444444444444,0.5555555555555556,0.2222222222222222,0.2222222222222222,0.25,0.0,0.125,0.1111111111111111,0.1111111111111111,0
RAASLLSK,844.9989,0.14999999999999997,0.0,8.75,1.759092613290301,122.5,0.5,0.25,0.25,0.42857142857142855,0.14285714285714285,0.14285714285714285,0.25,0.0,0
VEIPSPTQKE,1127.2450000000001,-1.04,0.0,81.03999999999999,-1.256152407329938,68.0,0.4,0.3,0.3,0.3333333333333333,0.1111111111111111,0.2222222222222222,0.1,0.2,0
NNSFYGPELK,1168.2552,-1.19,0.2,42.001,-0.23908592583548893,39.0,0.3,0.5,0.2,0.3333333333333333,0.0,0.3333333333333333,0.1,0.1,0
ANHSFTPN,886.9078999999999,-1.0875000000000001,0.125,8.75,-0.11695122389132617,12.5,0.375,0.625,0.0,0.7142857142857143,0.0,0.0,0.0,0.0,0
EFWLGNEK,1022.1108000000002,-1.1375,0.25,13.5625,-1.1613609203277977,48.75,0.375,0.25,0.375,0.14285714285714285,0.14285714285714285,0.14285714285714285,0.125,0.25,0
VPDHWYPQDLQAR,1624.7534999999998,-1.330769230769231,0.15384615384615385,80.23076923076924,-1.177604900809574,60.0,0.46153846153846156,0.3076923076923077,0.23076923076923078,0.5,0.16666666666666666,0.25,0.07692307692307693,0.15384615384615385,0
EGPEQVIPI,981.1004,-0.1,0.0,38.022222222222226,-2.1603619193287966,118.88888888888889,0.5555555555555556,0.2222222222222222,0.2222222222222222,0.25,0.25,0.125,0.0,0.2222222222222222,0
SVNCSTMVAQPK,1264.4719,-0.016666666666666646,0.0,22.81666666666667,0.44924646811958846,56.66666666666666,0.4166666666666667,0.4166666666666667,0.16666666666666666,0.45454545454545453,0.18181818181818182,0.09090909090909091,0.08333333333333333,0.0,0
AGFGPQHNR,983.0416,-1.3888888888888888,0.1111111111111111,56.6,0.8830387762086728,11.11111111111111,0.3333333333333333,0.5555555555555556,0.1111111111111111,0.625,0.125,0.0,0.1111111111111111,0.0,0
NYTHIFESNNLIK,1592.7496999999998,-0.6384615384615385,0.15384615384615385,44.78461538461538,-0.15191173758090204,90.0,0.3076923076923077,0.5384615384615384,0.15384615384615385,0.16666666666666666,0.08333333333333333,0.16666666666666666,0.07692307692307693,0.07692307692307693,0
VKAGELVEQQK,1228.3951,-0.7454545454545454,0.0,34.63636363636364,-0.2623886880964288,97.27272727272728,0.36363636363636365,0.2727272727272727,0.36363636363636365,0.1,0.3,0.4,0.18181818181818182,0.18181818181818182,0
KAYKTVIKK,1078.3481,-0.7888888888888889,0.1111111111111111,-0.5444444444444447,3.7551066091942986,86.66666666666666,0.3333333333333333,0.2222222222222222,0.4444444444444444,0.25,0.25,0.25,0.4444444444444444,0.0,0
NIVKDHIF,985.1369,0.2375,0.125,104.38749999999999,-0.1526024376152666,133.75,0.5,0.25,0.25,0.2857142857142857,0.14285714285714285,0.14285714285714285,0.125,0.125,0
ISSQNMVTVGEK,1292.4587999999999,-0.19166666666666665,0.0,20.833333333333336,-0.23808692483648786,80.83333333333331,0.3333333333333333,0.5,0.16666666666666666,0.45454545454545453,0.09090909090909091,0.0,0.08333333333333333,0.08333333333333333,0
YKNIIPNME,1121.3064,-0.7111111111111111,0.1111111111111111,54.511111111111106,-0.23384864606799893,86.66666666666666,0.4444444444444444,0.3333333333333333,0.2222222222222222,0.375,0.25,0.125,0.1111111111111111,0.1111111111111111,0
EELEEELDEAVER,1589.6105,-1.4538461538461538,0.0,84.46153846153848,-7.145198848422901,90.0,0.3076923076923077,0.0,0.6923076923076923,0.0,0.0,0.5,0.07692307692307693,0.6153846153846154,0
GSEEAAPGDA,902.8595,-0.8300000000000001,0.0,80.12,-3.2331567009244324,30.0,0.4,0.3,0.3,0.1111111111111111,0.2222222222222222,0.2222222222222222,0.0,0.3,0
QQGAGAVDAK,944.0007,-0.5599999999999999,0.0,-3.7499999999999982,-0.2397766258698535,59.0,0.4,0.4,0.2,0.3333333333333333,0.0,0.3333333333333333,0.1,0.1,0
GMQVFQEVNNVR,1420.5927,-0.425,0.08333333333333334,12.650000000000002,-0.23709792373748817,72.5,0.4166666666666667,0.4166666666666667,0.16666666666666666,0.5454545454545454,0.09090909090909091,0.18181818181818182,0.08333333333333333,0.08333333333333333,0
LTTGAALFLER,1191.3765,0.7272727272727272,0.09090909090909091,-6.345454545454546,-0.23709792373748817,124.54545454545453,0.5454545454545454,0.2727272727272727,0.18181818181818182,0.2,0.0,0.1,0.09090909090909091,0.09090909090909091,0
ALVHYTDGVK,1102.2402,0.1,0.1,41.56999999999999,-0.11782846494948362,107.0,0.4,0.4,0.2,0.2222222222222222,0.2222222222222222,0.1111111111111111,0.1,0.1,0
DSVELSEIGPR,1201.2837,-0.5545454545454546,0.0,54.763636363636365,-2.2331667008244334,97.27272727272728,0.36363636363636365,0.2727272727272727,0.36363636363636365,0.4,0.2,0.4,0.09090909090909091,0.2727272727272727,0
IFSIPGSTGAVK,1176.3618,0.7666666666666666,0.08333333333333334,-9.783333333333333,0.7591026131903019,97.49999999999997,0.5,0.4166666666666667,0.08333333333333333,0.36363636363636365,0.0,0.09090909090909091,0.08333333333333333,0.0,0
RGEPHVTRR,1107.2271,-2.0777777777777775,0.0,66.6888888888889,1.8500562647170966,32.22222222222222,0.2222222222222222,0.3333333333333333,0.4444444444444444,0.375,0.375,0.125,0.3333333333333333,0.1111111111111111,0
PGAWTEACEQK,1219.3238,-1.0818181818181818,0.09090909090909091,62.67272727272727,-1.0467501995732351,18.181818181818183,0.36363636363636365,0.2727272727272727,0.36363636363636365,0.3,0.3,0.2,0.09090909090909091,0.18181818181818182,0
LAQIEGVVPFGANNAF,1646.84,0.70625,0.125,55.60625000000001,-1.2370879238374872,103.75,0.625,0.3125,0.0625,0.4666666666666667,0.06666666666666667,0.06666666666666667,0.0,0.0625,0
FDVVEGEKGAE,1179.2332999999999,-0.5181818181818181,0.09090909090909091,-1.9818181818181815,-3.226107960182733,61.81818181818183,0.36363636363636365,0.18181818181818182,0.45454545454545453,0.1,0.3,0.4,0.09090909090909091,0.36363636363636365,0
FNWNHCGEMAPAC,1479.6616,-0.2538461538461539,0.15384615384615385,77.86923076923078,-1.16971571578092,15.384615384615385,0.46153846153846156,0.3076923076923077,0.23076923076923078,0.25,0.25,0.16666666666666666,0.0,0.07692307692307693,0
DLEVTVADHIQK,1367.5039,-0.27499999999999997,0.0,31.63333333333333,-2.148671214702212,121.66666666666664,0.4166666666666667,0.25,0.3333333333333333,0.36363636363636365,0.18181818181818182,0.36363636363636365,0.08333333333333333,0.25,0
QLEGLDPATEAR,1299.387,-0.8333333333333334,0.0,41.26666666666667,-2.2331667008244334,81.66666666666666,0.4166666666666667,0.25,0.3333333333333333,0.2727272727272727,0.18181818181818182,0.45454545454545453,0.08333333333333333,0.25,0
MEETQNVQLN,1205.2954,-1.1800000000000002,0.0,34.06,-2.494024388512235,68.0,0.3,0.5,0.2,0.4444444444444444,0.1111111111111111,0.1111111111111111,0.0,0.2,0
WEFFQVDVNK,1311.4403,-0.48,0.30000000000000004,10.11,-1.2369661638966432,58.0,0.5,0.2,0.3,0.3333333333333333,0.1111111111111111,0.4444444444444444,0.1,0.2,0
AAYDAFLEDLQK,1383.5014999999999,-0.2833333333333334,0.16666666666666669,72.11666666666666,-2.201071430291016,89.99999999999999,0.5,0.16666666666666666,0.3333333333333333,0.18181818181818182,0.18181818181818182,0.2727272727272727,0.08333333333333333,0.25,0
AEQFLSGVDAWCK,1453.6178,0.030769230769230764,0.15384615384615385,6.6846153846153875,-1.211094180330869,67.6923076923077,0.46153846153846156,0.23076923076923078,0.3076923076923077,0.25,0.08333333333333333,0.3333333333333333,0.07692307692307693,0.15384615384615385,0
TYMLAFDVNDEKN,1559.695,-0.6846153846153846,0.15384615384615385,52.52307692307693,-2.5987494237784747,60.0,0.38461538461538464,0.3076923076923077,0.3076923076923077,0.16666666666666666,0.16666666666666666,0.16666666666666666,0.07692307692307693,0.23076923076923078,0
ELLGDFTQPLYPRPR,1802.0379000000003,-0.8333333333333335,0.13333333333333333,23.13333333333334,-0.16307062116116544,78.0,0.4666666666666667,0.26666666666666666,0.26666666666666666,0.35714285714285715,0.07142857142857142,0.35714285714285715,0.13333333333333333,0.13333333333333333,0
KDLDPGPVTTE,1171.2545,-1.0363636363636364,0.0,36.39090909090909,-2.2306081231893087,61.81818181818183,0.36363636363636365,0.2727272727272727,0.36363636363636365,0.3,0.1,0.3,0.09090909090909091,0.2727272727272727,0
VMVDANETSIQK,1334.4955,-0.2333333333333333,0.0,-3.358333333333333,-1.2630793881307936,89.16666666666666,0.4166666666666667,0.3333333333333333,0.25,0.2727272727272727,0.2727272727272727,0.18181818181818182,0.08333333333333333,0.16666666666666666,0
TYLYPSTR,1000.1053000000002,-0.8875000000000001,0.25,48.25,0.39618859246862503,48.75,0.25,0.625,0.125,0.5714285714285714,0.14285714285714285,0.0,0.125,0.0,0
GQAVGVY,692.7601999999999,0.6571428571428573,0.14285714285714288,-14.328571428571431,-0.2408973868096983,97.14285714285714,0.42857142857142855,0.5714285714285714,0.0,0.6666666666666666,0.0,0.0,0.0,0.0,0
DTAVWLPR,957.0839000000001,-0.175,0.125,20.0375,-0.2387876247708538,97.5,0.625,0.125,0.25,0.14285714285714285,0.14285714285714285,0.14285714285714285,0.125,0.125,0
LAYNEEQIHK,1244.353,-1.23,0.1,96.88,-1.149101275607692,88.0,0.3,0.4,0.3,0.3333333333333333,0.3333333333333333,0.0,0.1,0.2,0
EFPGPAFPRPEPQQGGISGPSSPQPAHPLGEFE,3442.7015,-0.9303030303030304,0.09090909090909091,91.46666666666664,-3.0623395272603,29.696969696969695,0.48484848484848486,0.36363636363636365,0.15151515151515152,0.40625,0.03125,0.21875,0.030303030303030304,0.12121212121212122,0
GHVFEES,803.8159999999999,-0.6285714285714287,0.14285714285714288,82.65714285714286,-2.14710327360969,41.42857142857142,0.2857142857142857,0.42857142857142855,0.2857142857142857,0.16666666666666666,0.16666666666666666,0.16666666666666666,0.0,0.2857142857142857,0
SMPGFKGEGPDVDVTLPK,1874.1188000000002,-0.49444444444444446,0.05555555555555555,10.044444444444444,-1.5367995589275036,53.888888888888886,0.4444444444444444,0.2777777777777778,0.2777777777777778,0.35294117647058826,0.17647058823529413,0.35294117647058826,0.1111111111111111,0.16666666666666666,0
KPGPNCGFGK,1004.1634999999999,-1.04,0.1,-9.91,1.748202622092291,0.0,0.3,0.4,0.3,0.5555555555555556,0.3333333333333333,0.1111111111111111,0.2,0.0,0
TIVIHAGEDDLGK,1367.5039,-0.02307692307692308,0.0,14.676923076923076,-2.510576234524887,120.0,0.38461538461538464,0.3076923076923077,0.3076923076923077,0.4166666666666667,0.16666666666666666,0.08333333333333333,0.07692307692307693,0.23076923076923078,0
SYNDELQFLDK,1371.4477,-1.1909090909090911,0.18181818181818182,24.154545454545453,-2.5367995589275036,70.90909090909092,0.2727272727272727,0.36363636363636365,0.36363636363636365,0.2,0.1,0.2,0.09090909090909091,0.2727272727272727,0
TLLFVVETTR,1178.3777,0.8699999999999999,0.1,9.0,-0.5990029435601627,136.0,0.5,0.3,0.2,0.1111111111111111,0.2222222222222222,0.1111111111111111,0.1,0.1,0
HADFAGVER,1001.0536,-0.5,0.1111111111111111,-8.922222222222224,-1.1488029745430566,54.44444444444444,0.4444444444444444,0.2222222222222222,0.3333333333333333,0.375,0.0,0.375,0.1111111111111111,0.2222222222222222,0
GTFASQVMLEGDK,1382.5383,-0.16923076923076924,0.07692307692307693,14.676923076923076,-1.2369661638966432,60.0,0.38461538461538464,0.38461538461538464,0.23076923076923078,0.25,0.16666666666666666,0.08333333333333333,0.07692307692307693,0.15384615384615385,0
VESVPQLVEVK,1226.4189,0.3454545454545455,0.0,59.0,-1.2613896870974282,140.90909090909093,0.5454545454545454,0.18181818181818182,0.2727272727272727,0.3,0.1,0.4,0.09090909090909091,0.18181818181818182,0
RRIVVPPHLGYGEEGR,1835.0744,-0.7937500000000001,0.0625,68.99375,0.8518677256913056,85.0,0.375,0.3125,0.3125,0.2,0.2,0.06666666666666667,0.1875,0.125,0
MKRTINKAWVE,1375.6385,-0.7727272727272727,0.09090909090909091,52.53636363636363,1.5063944273840424,70.90909090909092,0.45454545454545453,0.18181818181818182,0.36363636363636365,0.2,0.2,0.3,0.2727272727272727,0.09090909090909091,0
EVHTNQDPLDVSAS,1511.5464,-0.7571428571428571,0.0,1.5357142857142874,-3.073756671167731,76.42857142857142,0.35714285714285715,0.42857142857142855,0.21428571428571427,0.3076923076923077,0.07692307692307693,0.3076923076923077,0.0,0.21428571428571427,0
IGFIGGMK,822.0264999999999,1.075,0.125,24.175,0.7591026131903019,97.5,0.5,0.375,0.125,0.5714285714285714,0.0,0.14285714285714285,0.125,0.0,0
KTQVTQMQEQVPGF,1620.8245,-0.8357142857142856,0.07142857142857144,17.56428571428572,-0.23808692483648786,41.42857142857142,0.35714285714285715,0.5,0.14285714285714285,0.5384615384615384,0.23076923076923078,0.0,0.07142857142857142,0.07142857142857142,0
EGLYQYK,899.9861,-1.4428571428571428,0.28571428571428575,-2.2,-0.16616938429900974,55.71428571428571,0.14285714285714285,0.5714285714285714,0.2857142857142857,0.3333333333333333,0.3333333333333333,0.0,0.14285714285714285,0.14285714285714285,0
NKEVFIPQDGK,1274.422,-1.1181818181818182,0.09090909090909091,55.300000000000004,-0.23796516489564423,61.81818181818183,0.36363636363636365,0.2727272727272727,0.36363636363636365,0.1,0.4,0.1,0.18181818181818182,0.18181818181818182,0
QQDAEIEDNTNGSPASEDTPEEEEEEEEEEEPASPPERK,4401.2674,-2.2487179487179487,0.0,171.69230769230768,-16.19538817429201,17.69230769230769,0.23076923076923078,0.2564102564102564,0.5128205128205128,0.13157894736842105,0.10526315789473684,0.18421052631578946,0.05128205128205128,0.46153846153846156,0
YPHPPVSK,924.0540000000001,-1.225,0.125,68.72500000000001,0.8452778004458879,36.25,0.5,0.375,0.125,0.5714285714285714,0.14285714285714285,0.0,0.125,0.0,0
TDDNDNAPQFR,1292.2684,-2.109090909090909,0.09090909090909091,37.25454545454546,-2.598451122713839,9.090909090909092,0.2727272727272727,0.36363636363636365,0.36363636363636365,0.3,0.4,0.1,0.09090909090909091,0.2727272727272727,0
ETVEEQASTTER,1379.3841,-1.575,0.0,68.43333333333334,-3.1547509952823773,32.49999999999999,0.16666666666666666,0.4166666666666667,0.4166666666666667,0.2727272727272727,0.2727272727272727,0.09090909090909091,0.08333333333333333,0.3333333333333333,0
EVEVSIPAK,971.1056000000001,0.15555555555555559,0.0,27.088888888888892,-1.1613609203277977,118.88888888888889,0.5555555555555556,0.1111111111111111,0.3333333333333333,0.25,0.0,0.5,0.1111111111111111,0.2222222222222222,0
SSFPTCAHHGQER,1456.5423999999998,-1.1615384615384616,0.07692307692307693,39.16923076923077,-0.37260569229902796,7.6923076923076925,0.23076923076923078,0.5384615384615384,0.23076923076923078,0.25,0.16666666666666666,0.08333333333333333,0.07692307692307693,0.07692307692307693,0
ITEEFLG,807.8874999999999,0.4285714285714285,0.14285714285714288,82.65714285714286,-2.234277461864277,111.42857142857142,0.42857142857142855,0.2857142857142857,0.2857142857142857,0.3333333333333333,0.16666666666666666,0.16666666666666666,0.0,0.2857142857142857,0
TTIPEEEEEE,1205.1799,-1.95,0.0,186.5,-6.579703354026621,39.0,0.2,0.2,0.6,0.1111111111111111,0.0,0.1111111111111111,0.0,0.6,0
FYENFDDLEQSR,1562.5912999999998,-1.5166666666666666,0.25,96.52583333333334,-3.23304494088359,32.49999999999999,0.25,0.3333333333333333,0.4166666666666667,0.18181818181818182,0.36363636363636365,0.2727272727272727,0.08333333333333333,0.3333333333333333,0
STAGDPTVPGSLF,1248.3383999999999,0.16153846153846152,0.07692307692307693,24.04615384615385,-1.5387327798425563,60.0,0.46153846153846156,0.46153846153846156,0.07692307692307693,0.5,0.08333333333333333,0.08333333333333333,0.0,0.07692307692307693,0
VPSQISDPAQR,1197.2983,-0.8454545454545456,0.0,79.12727272727273,-0.2649008490050042,70.90909090909092,0.45454545454545453,0.36363636363636365,0.18181818181818182,0.4,0.2,0.1,0.09090909090909091,0.09090909090909091,0
LLAALEEESWR,1316.4587999999999,-0.1545454545454546,0.09090909090909091,85.87272727272727,-2.2314769997910675,124.54545454545453,0.5454545454545454,0.09090909090909091,0.36363636363636365,0.1,0.1,0.2,0.09090909090909091,0.2727272727272727,0
GAQGIPLIPGAGEIINADNIIK,2174.4959,0.45454545454545453,0.0,12.931818181818183,-1.2369661638966432,137.72727272727272,0.5454545454545454,0.3181818181818182,0.13636363636363635,0.42857142857142855,0.09523809523809523,0.14285714285714285,0.045454545454545456,0.09090909090909091,0
GQIPEIK,783.9124999999999,-0.5571428571428572,0.0,44.67142857142858,-0.23808692483648786,111.42857142857142,0.42857142857142855,0.2857142857142857,0.2857142857142857,0.16666666666666666,0.0,0.5,0.14285714285714285,0.14285714285714285,0
AQPCEVSTYAK,1196.3301,-0.45454545454545453,0.09090909090909091,41.27272727272727,-0.2132139422697148,44.54545454545455,0.36363636363636365,0.36363636363636365,0.2727272727272727,0.4,0.0,0.3,0.09090909090909091,0.09090909090909091,0
VSGDELMTLAHK,1300.4809,-0.04166666666666669,0.0,19.425,-1.1759051998762067,97.49999999999997,0.4166666666666667,0.3333333333333333,0.25,0.36363636363636365,0.18181818181818182,0.09090909090909091,0.08333333333333333,0.16666666666666666,0
DGQILPVPNVV,1150.3244,0.6181818181818182,0.0,79.12727272727273,-1.2387776248708526,150.0,0.6363636363636364,0.2727272727272727,0.09090909090909091,0.3,0.1,0.0,0.0,0.09090909090909091,0
AIVTLGNPSTR,1128.2793,0.19090909090909092,0.0,0.8272727272727306,0.7958645879540859,106.36363636363637,0.45454545454545453,0.45454545454545453,0.09090909090909091,0.5,0.1,0.0,0.09090909090909091,0.0,0
DLEPSEIFYEK,1369.4717,-0.9545454545454546,0.18181818181818182,101.91,-3.2323442409492236,70.90909090909092,0.36363636363636365,0.18181818181818182,0.45454545454545453,0.2,0.2,0.4,0.09090909090909091,0.36363636363636365,0
AVDSQILAR,972.0969,0.4222222222222222,0.0,56.38888888888889,-0.20301465110606953,141.1111111111111,0.5555555555555556,0.2222222222222222,0.2222222222222222,0.125,0.125,0.25,0.1111111111111111,0.1111111111111111,0
GLADAFHELNK,1214.327,-0.3636363636363637,0.09090909090909091,22.9,-1.1497919756420563,89.09090909090911,0.45454545454545453,0.2727272727272727,0.2727272727272727,0.3,0.2,0.3,0.09090909090909091,0.18181818181818182,0
YFYHQEESVR,1357.426,-1.46,0.30000000000000004,125.06100000000002,-1.1491112755076933,29.0,0.2,0.5,0.3,0.3333333333333333,0.2222222222222222,0.1111111111111111,0.1,0.2,0
KALQICQE,932.096,-0.225,0.0,64.15,-0.24275063516800754,110.0,0.375,0.25,0.375,0.2857142857142857,0.2857142857142857,0.2857142857142857,0.125,0.125,0
DRLHLQGQTMQD,1441.5691,-1.4000000000000001,0.0,39.81666666666667,-1.147311773969119,64.99999999999999,0.25,0.5,0.25,0.45454545454545453,0.09090909090909091,0.09090909090909091,0.08333333333333333,0.16666666666666666,0
TEPNPEYYGVAK,1367.4591,-1.2750000000000001,0.16666666666666669,56.55833333333334,-1.5991794846839547,32.49999999999999,0.3333333333333333,0.4166666666666667,0.25,0.2727272727272727,0.18181818181818182,0.2727272727272727,0.08333333333333333,0.16666666666666666,0
NGQPITSGGR,986.0407,-1.1300000000000001,0.0,25.57,0.7600916142893016,39.0,0.2,0.7,0.1,0.2222222222222222,0.1111111111111111,0.0,0.1,0.0,0
LIQQQLEKE,1128.276,-1.0333333333333334,0.0,51.6888888888889,-1.2300391830957875,129.99999999999997,0.3333333333333333,0.3333333333333333,0.3333333333333333,0.25,0.0,0.125,0.1111111111111111,0.2222222222222222,0
ASYDQTGK,868.8878,-1.5375,0.125,17.124999999999996,-0.20500265320407052,12.5,0.125,0.625,0.25,0.14285714285714285,0.42857142857142855,0.0,0.125,0.125,0
GTEAVMTTIR,1078.2405,0.19000000000000003,0.0,16.89,-0.23709792373748817,78.0,0.4,0.4,0.2,0.2222222222222222,0.1111111111111111,0.2222222222222222,0.1,0.1,0
VPVWSGMNVAGVSLK,1543.828,0.8,0.06666666666666667,29.35333333333333,0.7329893889561515,110.0,0.6,0.3333333333333333,0.06666666666666667,0.5714285714285714,0.0,0.07142857142857142,0.06666666666666667,0.0,0
WSVGPIPVGDTWGKE,1627.7939000000001,-0.38,0.13333333333333333,-23.679999999999996,-1.2317288841291534,64.66666666666666,0.4666666666666667,0.3333333333333333,0.2,0.5,0.21428571428571427,0.0,0.06666666666666667,0.13333333333333333,0
LEGSAPTDVLD,1116.1759,-0.03636363636363638,0.0,26.6,-3.231665500350495,106.36363636363637,0.45454545454545453,0.2727272727272727,0.2727272727272727,0.2,0.2,0.3,0.0,0.2727272727272727,0
IQFVEGPVEPGK,1299.4712,-0.225,0.08333333333333334,27.908333333333335,-1.2352764628632777,80.83333333333331,0.5,0.25,0.25,0.36363636363636365,0.18181818181818182,0.2727272727272727,0.08333333333333333,0.16666666666666666,0
IAMTAAHW,900.0557000000001,0.875,0.125,-9.0625,-0.15272419755611044,86.25,0.75,0.25,0.0,0.5714285714285714,0.0,0.0,0.0,0.0,0
CPGGEGMFR,953.0968,-0.4000000000000001,0.1111111111111111,35.62222222222223,-0.24699891383649808,0.0,0.3333333333333333,0.3333333333333333,0.3333333333333333,0.25,0.25,0.25,0.1111111111111111,0.1111111111111111,0
ECSQTTPTAVK,1164.2868,-0.6272727272727272,0.0,63.92727272727273,-0.17407237240001772,35.45454545454546,0.2727272727272727,0.45454545454545453,0.2727272727272727,0.3,0.1,0.1,0.09090909090909091,0.09090909090909091,0
VSEPVAALDPAEK,1325.464,-0.06153846153846153,0.0,68.4923076923077,-2.2602689261575835,97.6923076923077,0.6153846153846154,0.07692307692307693,0.3076923076923077,0.08333333333333333,0.08333333333333333,0.3333333333333333,0.07692307692307693,0.23076923076923078,0
VIKDILEK,957.1650999999999,0.275,0.0,22.212500000000006,-0.2640783891297942,182.5,0.5,0.0,0.5,0.0,0.0,0.42857142857142855,0.25,0.25,0
VKDIEAMDPSIL,1330.5466,0.325,0.0,75.48333333333333,-2.2619586271909493,129.99999999999997,0.5833333333333334,0.08333333333333333,0.3333333333333333,0.18181818181818182,0.0,0.5454545454545454,0.08333333333333333,0.25,0
SQAINPGFLDSGTIR,1575.721,-0.15333333333333338,0.06666666666666667,27.43333333333333,-0.5387427797425575,84.66666666666667,0.4,0.4666666666666667,0.13333333333333333,0.42857142857142855,0.07142857142857142,0.14285714285714285,0.06666666666666667,0.06666666666666667,0
ERWGSNELPAEEGK,1601.6724,-1.7428571428571427,0.07142857142857144,87.52857142857144,-2.155749996281378,35.0,0.2857142857142857,0.2857142857142857,0.42857142857142855,0.07692307692307693,0.23076923076923078,0.23076923076923078,0.14285714285714285,0.2857142857142857,0
EAVLLTDAAPSQK,1342.4945,-0.02307692307692308,0.0,53.67692307692308,-1.163050621361163,105.38461538461539,0.5384615384615384,0.23076923076923078,0.23076923076923078,0.16666666666666666,0.16666666666666666,0.16666666666666666,0.07692307692307693,0.15384615384615385,0
FVEDTAAFINK,1254.3875,0.2545454545454545,0.18181818181818182,34.46363636363637,-1.2369661638966432,80.0,0.5454545454545454,0.18181818181818182,0.2727272727272727,0.2,0.2,0.1,0.09090909090909091,0.18181818181818182,0
KPVVLVLTK,996.2872,1.1222222222222222,0.0,21.911111111111115,1.758103612191301,183.33333333333331,0.6666666666666666,0.1111111111111111,0.2222222222222222,0.125,0.125,0.125,0.2222222222222222,0.0,0
LQESEVHSVYTLN,1518.6233,-0.3692307692307693,0.07692307692307693,66.42307692307693,-2.148102274608691,104.61538461538461,0.3076923076923077,0.5384615384615384,0.15384615384615385,0.5,0.25,0.08333333333333333,0.0,0.15384615384615385,0
SGAYLIPL,832.983,1.2249999999999999,0.125,-5.4625,-0.540852541781402,158.75,0.625,0.375,0.0,0.42857142857142855,0.0,0.0,0.0,0.0,0
AIGGLVSDVFYK,1268.4569999999999,0.9166666666666666,0.16666666666666669,46.61750000000001,-0.20500265320407052,121.66666666666664,0.5,0.3333333333333333,0.16666666666666666,0.36363636363636365,0.18181818181818182,0.09090909090909091,0.08333333333333333,0.08333333333333333,0
YSPAATTAENGGGK,1323.3653,-0.8428571428571429,0.07142857142857144,55.25714285714287,-0.23908592583548893,21.428571428571427,0.2857142857142857,0.5714285714285714,0.14285714285714285,0.23076923076923078,0.15384615384615385,0.07692307692307693,0.07142857142857142,0.07142857142857142,0
YLNQLIDR,1034.1662000000001,-0.525,0.125,-10.1,-0.23978662576985488,146.25,0.375,0.375,0.25,0.42857142857142855,0.0,0.14285714285714285,0.125,0.125,0
VDAEALELH,996.0719999999999,0.18888888888888886,0.0,-7.811111111111111,-3.1720957369039957,141.1111111111111,0.5555555555555556,0.1111111111111111,0.3333333333333333,0.125,0.0,0.75,0.0,0.3333333333333333,0
FEHVNNTDFK,1250.316,-1.2,0.2,-29.6,-1.1497919756420563,29.0,0.3,0.4,0.3,0.2222222222222222,0.2222222222222222,0.3333333333333333,0.1,0.2,0
LYCEKENDPK,1238.3668,-1.8399999999999999,0.1,9.0,-1.2460546940204447,39.0,0.2,0.2,0.6,0.1111111111111111,0.3333333333333333,0.2222222222222222,0.2,0.3,0
DELGLNK,787.8580999999999,-1.0285714285714287,0.0,42.4,-1.2369661638966432,111.42857142857142,0.2857142857142857,0.2857142857142857,0.42857142857142855,0.5,0.16666666666666666,0.16666666666666666,0.14285714285714285,0.2857142857142857,0
TFPNIASATKF,1196.3515,0.22727272727272727,0.18181818181818182,77.76363636363635,0.39719759336762717,53.63636363636364,0.5454545454545454,0.36363636363636365,0.09090909090909091,0.6,0.1,0.1,0.09090909090909091,0.0,0
VVLVGAGYR,933.1052999999999,1.2888888888888888,0.1111111111111111,-38.199999999999996,0.7329793890561502,151.1111111111111,0.5555555555555556,0.3333333333333333,0.1111111111111111,0.375,0.125,0.0,0.1111111111111111,0.0,0
SELEQTWSK,1107.1708,-1.5333333333333334,0.1111111111111111,34.988888888888894,-1.5352316178349814,43.33333333333333,0.2222222222222222,0.4444444444444444,0.3333333333333333,0.25,0.375,0.25,0.1111111111111111,0.2222222222222222,0
RLNHDQLAAVQ,1264.3907,-0.5727272727272728,0.0,9.09090909090909,-0.1516134365162669,115.45454545454547,0.45454545454545453,0.36363636363636365,0.18181818181818182,0.3,0.2,0.1,0.09090909090909091,0.09090909090909091,0
PVPQKAVPYPQRD,1494.693,-1.2615384615384615,0.07692307692307693,92.80000000000001,0.9608225282275002,52.30769230769231,0.5384615384615384,0.23076923076923078,0.23076923076923078,0.3333333333333333,0.16666666666666666,0.08333333333333333,0.15384615384615385,0.07692307692307693,0
VIFDGYR,868.9753,0.2571428571428571,0.28571428571428575,-10.085714285714287,-0.2658998500040053,97.14285714285714,0.42857142857142855,0.2857142857142857,0.2857142857142857,0.0,0.3333333333333333,0.16666666666666666,0.14285714285714285,0.14285714285714285,0
NWTPAQPLAPGR,1307.4569,-0.9083333333333333,0.08333333333333334,36.15000000000001,0.7600916142893016,49.16666666666666,0.5833333333333334,0.3333333333333333,0.08333333333333333,0.5454545454545454,0.09090909090909091,0.0,0.08333333333333333,0.0,0
EEVAQALK,886.9892,-0.35,0.0,38.8875,-1.1613609203277977,110.0,0.5,0.125,0.375,0.2857142857142857,0.0,0.2857142857142857,0.125,0.25,0
ASDLDSVEWR,1177.2208,-0.77,0.1,13.230000000000002,-2.199083428193015,78.0,0.4,0.2,0.4,0.2222222222222222,0.2222222222222222,0.5555555555555556,0.1,0.3,0
NHYPICYNTA,1195.3037,-0.6300000000000001,0.2,56.79,-0.16462318965312217,49.0,0.3,0.6,0.1,0.2222222222222222,0.1111111111111111,0.1111111111111111,0.0,0.0,0
HLMEQDFPGMR,1360.5608,-0.890909090909091,0.09090909090909091,47.909090909090914,-1.1488029745430566,35.45454545454546,0.45454545454545453,0.2727272727272727,0.2727272727272727,0.3,0.2,0.3,0.09090909090909091,0.18181818181818182,0
KDTHPLATVK,1109.2761,-0.77,0.0,-11.79,0.8463985613857326,78.0,0.4,0.3,0.3,0.3333333333333333,0.1111111111111111,0.1111111111111111,0.2,0.1,0
LGTVDKHSVEVTN,1398.5178999999998,-0.29230769230769227,0.0,-33.48461538461539,-1.1497919756420563,96.92307692307692,0.3076923076923077,0.46153846153846156,0.23076923076923078,0.3333333333333333,0.08333333333333333,0.25,0.07692307692307693,0.15384615384615385,0
LSEAEQATR,1004.0527999999999,-1.011111111111111,0.0,51.6888888888889,-1.234287461764278,65.55555555555554,0.3333333333333333,0.3333333333333333,0.3333333333333333,0.375,0.375,0.25,0.1111111111111111,0.2222222222222222,0
IGPSKPNEIPQQPPPPSSAT,2042.2491999999997,-1.09,0.0,100.58999999999999,-0.23808692483648786,44.0,0.5,0.4,0.1,0.47368421052631576,0.10526315789473684,0.10526315789473684,0.05,0.05,0
VIATGYNGTPR,1148.2689,-0.23636363636363633,0.09090909090909091,-34.58181818181818,0.7329793890561502,70.90909090909092,0.36363636363636365,0.5454545454545454,0.09090909090909091,0.2,0.0,0.1,0.09090909090909091,0.0,0
SHLGRYLAAD,1102.2005,-0.25000000000000006,0.1,-7.03,-0.4493866908796684,98.0,0.4,0.4,0.2,0.3333333333333333,0.2222222222222222,0.1111111111111111,0.1,0.1,0
QHDTFSDK,976.9859000000001,-2.0375,0.125,-5.225,-1.1514816766754221,0.0,0.125,0.5,0.375,0.2857142857142857,0.42857142857142855,0.0,0.125,0.25,0
VKTTSLTEKK,1134.3238000000001,-1.01,0.0,25.380000000000003,1.73380184893136,68.0,0.2,0.4,0.4,0.2222222222222222,0.2222222222222222,0.1111111111111111,0.3,0.1,0
SVNDLTSQ,862.8815999999999,-0.6,0.0,32.825,-1.5387327798425563,85.0,0.25,0.625,0.125,0.42857142857142855,0.14285714285714285,0.14285714285714285,0.0,0.125,0
STWNPDRR,1031.083,-2.5,0.125,54.5375,0.4612472203574416,0.0,0.25,0.375,0.375,0.42857142857142855,0.0,0.14285714285714285,0.25,0.125,0
LLESVDMR,962.1219000000001,0.17499999999999996,0.0,4.6125000000000025,-1.2359771627976435,133.75,0.5,0.125,0.375,0.14285714285714285,0.14285714285714285,0.5714285714285714,0.125,0.25,0
GGFTAEQITKYSGE,1487.5663,-0.7142857142857143,0.14285714285714288,26.471428571428575,-1.2310381840947886,35.0,0.21428571428571427,0.5714285714285714,0.21428571428571427,0.38461538461538464,0.3076923076923077,0.07692307692307693,0.07142857142857142,0.14285714285714285,0
IIYKDESPFGHDK,1548.694,-1.0615384615384615,0.15384615384615385,66.13076923076925,-1.150669216700214,60.0,0.3076923076923077,0.3076923076923077,0.38461538461538464,0.25,0.25,0.0,0.15384615384615385,0.23076923076923078,0
LINAPHLE,906.0371,0.26249999999999996,0.0,32.825,-1.1446764558154103,158.75,0.625,0.25,0.125,0.5714285714285714,0.0,0.14285714285714285,0.0,0.125,0
HLKPMQSK,968.1745000000001,-1.4000000000000001,0.0,24.787499999999998,1.845277800445888,48.75,0.375,0.375,0.25,0.2857142857142857,0.14285714285714285,0.2857142857142857,0.25,0.0,0
DEHEELQR,1055.0565,-2.675,0.0,80.82499999999999,-3.1431820505966357,48.75,0.125,0.25,0.625,0.14285714285714285,0.42857142857142855,0.14285714285714285,0.125,0.5,0
EGVIYDNINNNNMK,1637.7686999999999,-1.0714285714285714,0.07142857142857144,57.58571428571429,-1.1640496223601642,76.42857142857142,0.2857142857142857,0.5,0.21428571428571427,0.38461538461538464,0.23076923076923078,0.07692307692307693,0.07142857142857142,0.14285714285714285,0
QTPELTLHEIVCPK,1607.869,-0.24285714285714288,0.0,43.15,-1.1580032647077008,104.28571428571428,0.42857142857142855,0.2857142857142857,0.2857142857142857,0.3076923076923077,0.07692307692307693,0.46153846153846156,0.07142857142857142,0.14285714285714285,0
QKEALVNWDPVDQTVL,1855.0525000000002,-0.38125,0.0625,5.5375000000000005,-2.235845402956799,109.375,0.5,0.25,0.25,0.2,0.13333333333333333,0.26666666666666666,0.0625,0.1875,0
MLPPEQR,870.0282,-1.2857142857142858,0.0,115.94285714285716,-0.4968448503854459,55.71428571428571,0.5714285714285714,0.14285714285714285,0.2857142857142857,0.0,0.3333333333333333,0.16666666666666666,0.14285714285714285,0.14285714285714285,0
FGLPSPDHVLGLPVGNYV,1881.1342,0.4722222222222222,0.1111111111111111,63.033333333333346,-1.152602437615267,113.33333333333331,0.5555555555555556,0.3888888888888889,0.05555555555555555,0.5294117647058824,0.058823529411764705,0.058823529411764705,0.0,0.05555555555555555,0
AGIQTEEHPNPGKR,1533.6447999999998,-1.7142857142857142,0.0,47.985714285714295,-0.11233930084390753,35.0,0.2857142857142857,0.42857142857142855,0.2857142857142857,0.5384615384615384,0.23076923076923078,0.0,0.14285714285714285,0.14285714285714285,0
HPVSTMVK,898.0813,0.012500000000000011,0.0,25.625000000000004,0.8462768014448888,72.5,0.5,0.375,0.125,0.42857142857142855,0.0,0.14285714285714285,0.125,0.0,0
TELLNSLAK,988.1360999999999,0.08888888888888885,0.0,30.28888888888889,-0.5999919446591626,141.1111111111111,0.4444444444444444,0.3333333333333333,0.2222222222222222,0.25,0.125,0.25,0.1111111111111111,0.1111111111111111,0
PFGTLVYTIK,1138.3551,0.67,0.2,-4.75,0.9565308655803535,107.0,0.5,0.4,0.1,0.4444444444444444,0.0,0.1111111111111111,0.1,0.0,0
IEPFYKGGK,1038.1963,-0.8555555555555556,0.2222222222222222,131.5788888888889,0.75991507316551,43.33333333333333,0.3333333333333333,0.3333333333333333,0.3333333333333333,0.125,0.375,0.25,0.2222222222222222,0.1111111111111111,0
VCSQYAA,740.8247,0.6714285714285715,0.14285714285714288,59.14285714285715,-0.2769116011428585,70.0,0.42857142857142855,0.42857142857142855,0.14285714285714285,0.16666666666666666,0.16666666666666666,0.16666666666666666,0.0,0.0,0
AEAFELLK,920.0604000000001,0.38749999999999996,0.125,-1.8625000000000003,-1.1995034891984937,122.5,0.625,0.0,0.375,0.0,0.0,0.7142857142857143,0.125,0.25,0
YVLDFLR,925.0815999999999,0.7571428571428571,0.28571428571428575,25.314285714285717,-0.23978662576985488,152.85714285714283,0.5714285714285714,0.14285714285714285,0.2857142857142857,0.16666666666666666,0.0,0.5,0.14285714285714285,0.14285714285714285,0
RPNDVDIQLLANSR,1610.7701,-0.7714285714285715,0.0,26.06428571428572,-0.23767686373101027,111.42857142857142,0.42857142857142855,0.2857142857142857,0.2857142857142857,0.3076923076923077,0.15384615384615385,0.3076923076923077,0.14285714285714285,0.14285714285714285,0
LLYDLAD,821.914,0.7,0.14285714285714288,30.27142857142857,-2.235474963322706,181.42857142857142,0.5714285714285714,0.14285714285714285,0.2857142857142857,0.16666666666666666,0.16666666666666666,0.3333333333333333,0.0,0.2857142857142857,0
EDPAWQR,900.9345999999999,-2.242857142857143,0.14285714285714288,63.60000000000001,-1.1620616202621632,14.285714285714285,0.42857142857142855,0.14285714285714285,0.42857142857142855,0.16666666666666666,0.16666666666666666,0.16666666666666666,0.14285714285714285,0.2857142857142857,0
IPYQIVVGDK,1131.3211,0.32,0.1,-19.35,-0.24077562686885456,136.0,0.5,0.3,0.2,0.3333333333333333,0.1111111111111111,0.0,0.1,0.1,0
GEFINSLDNVEK,1364.4568,-0.6083333333333333,0.08333333333333334,2.8833333333333333,-2.234155701923433,89.16666666666664,0.3333333333333333,0.3333333333333333,0.3333333333333333,0.2727272727272727,0.18181818181818182,0.2727272727272727,0.08333333333333333,0.25,0
SVIDYQTH,962.0142000000001,-0.5375,0.125,8.75,-1.4525575925869707,85.0,0.25,0.625,0.125,0.14285714285714285,0.14285714285714285,0.14285714285714285,0.0,0.125,0
IEIAEPIR,940.0949,0.275,0.0,111.82500000000002,-1.234287461764278,158.75,0.625,0.0,0.375,0.0,0.0,0.7142857142857143,0.125,0.25,0
AVASSTVPSK,946.0563999999999,0.34,0.0,66.78,0.794875586855086,78.0,0.5,0.4,0.1,0.3333333333333333,0.1111111111111111,0.0,0.1,0.0,0
YIIVTQVGPGPQILDD,1727.951,0.35625,0.0625,8.106250000000003,-2.235474963322706,133.75,0.5,0.375,0.125,0.6,0.0,0.06666666666666667,0.0,0.125,0
VSILESL,759.8877,1.5999999999999999,0.0,63.60000000000001,-1.2632011480716374,208.57142857142856,0.5714285714285714,0.2857142857142857,0.14285714285714285,0.5,0.16666666666666666,0.16666666666666666,0.0,0.14285714285714285,0
AWEHPADR,981.0226,-1.7,0.125,-0.23749999999999827,-1.1130300008782723,25.0,0.5,0.125,0.375,0.14285714285714285,0.14285714285714285,0.2857142857142857,0.125,0.25,0
NKADKPLSIHPQGI,1517.7280999999998,-0.8071428571428572,0.0,23.135714285714283,0.8463985613857326,90.71428571428571,0.42857142857142855,0.35714285714285715,0.21428571428571427,0.46153846153846156,0.07692307692307693,0.23076923076923078,0.14285714285714285,0.07142857142857142,0
ALHYSCR,848.9691999999999,-0.2428571428571429,0.14285714285714288,117.91428571428571,0.8721387851106619,70.0,0.2857142857142857,0.42857142857142855,0.2857142857142857,0.16666666666666666,0.16666666666666666,0.0,0.14285714285714285,0.0,0
PSPFHAVAECR,1213.3654999999999,-0.19090909090909094,0.09090909090909091,124.0,0.03860252780714157,44.54545454545455,0.5454545454545454,0.18181818181818182,0.2727272727272727,0.4,0.0,0.1,0.09090909090909091,0.09090909090909091,0
DGEIHPVSVK,1080.1917,-0.4,0.0,46.56,-1.1497919756420563,97.0,0.4,0.3,0.3,0.4444444444444444,0.2222222222222222,0.2222222222222222,0.1,0.2,0
THIEAYK,860.9535,-0.9,0.14285714285714288,134.1142857142857,-0.5138167574035768,70.0,0.2857142857142857,0.42857142857142855,0.2857142857142857,0.3333333333333333,0.16666666666666666,0.3333333333333333,0.14285714285714285,0.14285714285714285,0
SIPMTVDFIR,1178.4008,0.6799999999999999,0.1,-26.869999999999997,-0.5387427797425575,107.0,0.6,0.2,0.2,0.3333333333333333,0.0,0.3333333333333333,0.1,0.1,0
FTHTHDVEQTGK,1399.4646,-1.3583333333333334,0.08333333333333334,4.783333333333335,-1.0626177873874694,24.16666666666666,0.16666666666666666,0.5833333333333334,0.25,0.09090909090909091,0.2727272727272727,0.18181818181818182,0.08333333333333333,0.16666666666666666,0
LFVVEEEHK,1129.2623,-0.2888888888888889,0.1111111111111111,99.26666666666668,-2.14529181263548,107.77777777777777,0.4444444444444444,0.1111111111111111,0.4444444444444444,0.0,0.25,0.125,0.1111111111111111,0.3333333333333333,0
AEQQAQEDEEPEW,1588.5412,-2.338461538461538,0.07692307692307693,110.1923076923077,-6.188952341340017,15.384615384615385,0.3076923076923077,0.23076923076923078,0.46153846153846156,0.16666666666666666,0.16666666666666666,0.3333333333333333,0.0,0.46153846153846156,0
PMINLYTDKDTGK,1495.696,-0.9846153846153847,0.07692307692307693,-34.25384615384616,-0.042226613538958624,60.0,0.3076923076923077,0.38461538461538464,0.3076923076923077,0.25,0.25,0.0,0.15384615384615385,0.15384615384615385,0
LSEVPQCVWR,1216.4091,-0.009999999999999998,0.1,51.7,-0.24699891383649808,97.0,0.5,0.2,0.3,0.2222222222222222,0.2222222222222222,0.3333333333333333,0.1,0.1,0
MSQELPEDWDK,1377.4756,-1.7272727272727273,0.09090909090909091,127.15454545454546,-3.492781867631547,35.45454545454546,0.36363636363636365,0.18181818181818182,0.45454545454545453,0.1,0.1,0.4,0.09090909090909091,0.36363636363636365,0
HLINKPSEETVK,1394.5724,-1.0083333333333333,0.0,79.48333333333336,-0.1491012756076917,89.16666666666664,0.3333333333333333,0.3333333333333333,0.3333333333333333,0.36363636363636365,0.2727272727272727,0.18181818181818182,0.16666666666666666,0.16666666666666666,0
ATNVEGPVR,942.0279,-0.4444444444444444,0.0,13.588888888888892,-0.2013249500727039,75.55555555555556,0.4444444444444444,0.3333333333333333,0.2222222222222222,0.375,0.125,0.25,0.1111111111111111,0.1111111111111111,0
EQYYSEK,945.9685000000001,-2.542857142857143,0.28571428571428575,70.45714285714287,-1.1633589223257998,0.0,0.0,0.5714285714285714,0.42857142857142855,0.0,0.3333333333333333,0.0,0.14285714285714285,0.2857142857142857,0
RAASAAFQENVG,1220.2918,-0.16666666666666666,0.08333333333333334,18.14166666666667,-0.23709792373748817,57.499999999999986,0.5,0.3333333333333333,0.16666666666666666,0.45454545454545453,0.18181818181818182,0.09090909090909091,0.08333333333333333,0.08333333333333333,0
ITGAEPIFIDAN,1260.3921,0.5583333333333333,0.08333333333333334,11.066666666666668,-2.2359671628976425,114.16666666666666,0.5833333333333334,0.25,0.16666666666666666,0.2727272727272727,0.0,0.36363636363636365,0.0,0.16666666666666666,0
RDVFEAK,863.9573999999999,-0.9428571428571428,0.14285714285714288,8.571428571428571,-0.2369761637966441,55.71428571428571,0.42857142857142855,0.0,0.5714285714285714,0.0,0.0,0.6666666666666666,0.2857142857142857,0.2857142857142857,0
VENFVTHAK,1044.1611,-0.19999999999999998,0.1111111111111111,-17.244444444444444,-0.17702596081605138,75.55555555555556,0.4444444444444444,0.3333333333333333,0.2222222222222222,0.375,0.125,0.25,0.1111111111111111,0.1111111111111111,0
ESVLIAYKK,1050.2485,0.10000000000000002,0.1111111111111111,30.28888888888889,0.8338306157009905,130.0,0.4444444444444444,0.2222222222222222,0.3333333333333333,0.25,0.25,0.0,0.2222222222222222,0.1111111111111111,0
AVLVRYTQK,1077.2771,0.011111111111111146,0.1111111111111111,-17.3,1.793866585956084,118.88888888888889,0.4444444444444444,0.3333333333333333,0.2222222222222222,0.0,0.25,0.125,0.2222222222222222,0.0,0
VTSAVEALL,902.0435,1.6222222222222222,0.0,-0.5444444444444447,-1.2632011480716374,173.33333333333331,0.6666666666666666,0.2222222222222222,0.1111111111111111,0.25,0.0,0.25,0.0,0.1111111111111111,0
DGAAGVK,616.6644,-0.0571428571428571,0.0,-7.671428571428572,-0.2397766258698535,70.0,0.42857142857142855,0.2857142857142857,0.2857142857142857,0.5,0.16666666666666666,0.16666666666666666,0.14285714285714285,0.14285714285714285,0
LEIELLEK,986.1600000000001,0.18749999999999994,0.0,87.75,-2.232466000890067,195.0,0.5,0.0,0.5,0.0,0.0,0.7142857142857143,0.125,0.375,0
QLVEEELDRAQER,1614.7125999999998,-1.5307692307692307,0.0,68.4,-3.2275557767780136,90.0,0.3076923076923077,0.15384615384615385,0.5384615384615384,0.16666666666666666,0.08333333333333333,0.3333333333333333,0.15384615384615385,0.38461538461538464,0
AMVVDLVKR,1030.2852,0.9111111111111112,0.0,25.211111111111112,0.7959863478949296,151.1111111111111,0.6666666666666666,0.0,0.3333333333333333,0.0,0.0,0.375,0.2222222222222222,0.1111111111111111,0
YLQQQAGQQ,1063.1213,-1.511111111111111,0.1111111111111111,109.31111111111113,-0.2408973868096983,54.44444444444444,0.2222222222222222,0.7777777777777778,0.0,0.5,0.0,0.0,0.0,0.0,0
TLWEKGVEAK,1160.3195,-0.7,0.1,24.189999999999998,-0.5981804836849531,78.0,0.4,0.2,0.4,0.2222222222222222,0.1111111111111111,0.4444444444444444,0.2,0.2,0
MAHMEKELQK,1244.4839,-1.21,0.0,45.45,-0.40884820225564944,49.0,0.4,0.2,0.4,0.3333333333333333,0.1111111111111111,0.2222222222222222,0.2,0.2,0
ICDFSNASKPK,1209.3718999999999,-0.5818181818181819,0.09090909090909091,12.890909090909094,0.7493233830321357,44.545454545454554,0.36363636363636365,0.2727272727272727,0.36363636363636365,0.3,0.1,0.4,0.18181818181818182,0.09090909090909091,0
GFGSEEGS,768.7256,-0.875,0.125,73.575,-2.234277461864277,0.0,0.125,0.625,0.25,0.2857142857142857,0.2857142857142857,0.0,0.0,0.25,0
PVVAASVEPLYCK,1375.6317999999999,0.7538461538461539,0.07692307692307693,38.861538461538466,-0.050559662545446304,112.3076923076923,0.6153846153846154,0.15384615384615385,0.23076923076923078,0.25,0.08333333333333333,0.16666666666666666,0.07692307692307693,0.07692307692307693,0
HDKYEEYLSAGK,1439.5251,-1.6416666666666666,0.16666666666666669,15.899999999999999,-1.1499785166658492,40.83333333333333,0.16666666666666666,0.4166666666666667,0.4166666666666667,0.36363636363636365,0.45454545454545453,0.0,0.16666666666666666,0.25,0
SQYEVIAEK,1066.1618,-0.6666666666666666,0.1111111111111111,13.533333333333337,-1.5362306188339825,86.66666666666666,0.3333333333333333,0.3333333333333333,0.3333333333333333,0.0,0.125,0.25,0.1111111111111111,0.2222222222222222,0
VQSINYNPFDQKL,1565.7242999999999,-0.7538461538461539,0.15384615384615385,58.5923076923077,-0.266888851103005,82.3076923076923,0.38461538461538464,0.46153846153846156,0.15384615384615385,0.3333333333333333,0.16666666666666666,0.16666666666666666,0.07692307692307693,0.07692307692307693,0
LTMLDVASNR,1119.2923,0.25,0.0,9.0,-0.2387876247708538,117.0,0.5,0.3,0.2,0.3333333333333333,0.1111111111111111,0.2222222222222222,0.1,0.1,0
SDALLAR,744.8367,0.3428571428571428,0.0,8.571428571428571,-0.5387427797425575,140.0,0.5714285714285714,0.14285714285714285,0.2857142857142857,0.0,0.16666666666666666,0.3333333333333333,0.14285714285714285,0.14285714285714285,0
VLTIMDIK,932.1787000000002,1.35,0.0,-1.8625000000000003,-0.2658898501040039,182.5,0.625,0.125,0.25,0.2857142857142857,0.0,0.42857142857142855,0.125,0.125,0
AILTDYFASKN,1242.3768,0.09090909090909088,0.18181818181818182,26.6,-0.20500265320407052,89.09090909090911,0.45454545454545453,0.36363636363636365,0.18181818181818182,0.3,0.4,0.0,0.09090909090909091,0.09090909090909091,0
IVGPGPYR,857.9957999999999,-0.1375,0.125,-33.6125,0.7590926132903006,85.0,0.5,0.375,0.125,0.7142857142857143,0.14285714285714285,0.0,0.125,0.0,0
TGKVTGTLETK,1134.2807,-0.6272727272727272,0.0,-37.21818181818182,0.39900905434183676,61.81818181818183,0.18181818181818182,0.5454545454545454,0.2727272727272727,0.2,0.3,0.2,0.18181818181818182,0.09090909090909091,0
YSFECIGNVK,1159.3113,0.06,0.2,41.56999999999999,-0.24898691593449884,68.0,0.3,0.4,0.3,0.3333333333333333,0.0,0.3333333333333333,0.1,0.1,0
TLYYTNNPQQPVK,1565.7243999999998,-1.3153846153846156,0.15384615384615385,55.46153846153848,0.3951995913696251,52.30769230769231,0.3076923076923077,0.6153846153846154,0.07692307692307693,0.4166666666666667,0.0,0.08333333333333333,0.07692307692307693,0.0,0
GGHWLYG,788.8492,-0.4000000000000001,0.28571428571428575,27.58571428571429,-0.1537231985551114,55.71428571428571,0.2857142857142857,0.7142857142857143,0.0,0.3333333333333333,0.0,0.0,0.0,0.0,0
HWNDSVK,884.9350999999999,-1.657142857142857,0.14285714285714288,45.48571428571429,-0.1526024376152666,41.42857142857142,0.2857142857142857,0.42857142857142855,0.2857142857142857,0.5,0.3333333333333333,0.16666666666666666,0.14285714285714285,0.14285714285714285,0
EVLESTTQTK,1135.2224,-0.93,0.0,20.720000000000002,-1.1613609203277977,68.0,0.2,0.5,0.3,0.0,0.2222222222222222,0.2222222222222222,0.1,0.2,0
APADPGK,654.7125,-1.0571428571428572,0.0,39.34285714285714,-0.20400365220506944,28.57142857142857,0.5714285714285714,0.14285714285714285,0.2857142857142857,0.16666666666666666,0.16666666666666666,0.3333333333333333,0.14285714285714285,0.14285714285714285,0
SIEDNSIEENNR,1419.408,-1.8,0.0,125.61666666666667,-3.5303113938229265,64.99999999999999,0.16666666666666666,0.4166666666666667,0.4166666666666667,0.18181818181818182,0.2727272727272727,0.18181818181818182,0.08333333333333333,0.3333333333333333,0
YLMVPAFQGALTMK,1569.9281999999998,0.7571428571428571,0.14285714285714288,30.735714285714288,0.758103612191301,90.71428571428571,0.6428571428571429,0.2857142857142857,0.07142857142857142,0.38461538461538464,0.0,0.07692307692307693,0.07142857142857142,0.0,0
GKYEDVK,837.9168,-1.757142857142857,0.14285714285714288,9.071428571428573,-0.2389641658946453,41.42857142857142,0.14285714285714285,0.2857142857142857,0.5714285714285714,0.0,0.5,0.3333333333333333,0.2857142857142857,0.2857142857142857,0
DAEQESLILQPRK,1526.6903,-1.1076923076923078,0.0,102.5846153846154,-1.234165701823434,97.6923076923077,0.38461538461538464,0.23076923076923078,0.38461538461538464,0.25,0.25,0.25,0.15384615384615385,0.23076923076923078,0
MYVLADNR,981.1267,-0.1375,0.125,27.737499999999997,-0.4995335524178126,97.5,0.5,0.25,0.25,0.2857142857142857,0.2857142857142857,0.14285714285714285,0.125,0.125,0
GMIDEEFTVAR,1267.4079,-0.08181818181818182,0.09090909090909091,38.72727272727273,-2.2331667008244334,70.90909090909092,0.45454545454545453,0.18181818181818182,0.36363636363636365,0.3,0.0,0.3,0.09090909090909091,0.2727272727272727,0
SISEGKNPLR,1100.2262,-1.07,0.0,36.150000000000006,0.46194792029180753,78.0,0.3,0.4,0.3,0.3333333333333333,0.4444444444444444,0.1111111111111111,0.2,0.1,0
QALLEEIER,1100.2229,-0.5111111111111112,0.0,115.33333333333333,-2.2314769997910675,141.1111111111111,0.4444444444444444,0.1111111111111111,0.4444444444444444,0.125,0.0,0.375,0.1111111111111111,0.3333333333333333,0
LKIRPDNE,984.1077,-1.525,0.0,2.1750000000000016,-0.23173888402915432,97.5,0.375,0.125,0.5,0.0,0.2857142857142857,0.7142857142857143,0.25,0.25,0
HTQTTPLIEYY,1365.4863,-0.7454545454545456,0.18181818181818182,46.54545454545455,-1.1519117375809023,70.90909090909092,0.2727272727272727,0.6363636363636364,0.09090909090909091,0.1,0.1,0.1,0.0,0.09090909090909091,0
AVVGYHPFGGFK,1278.4567,0.3833333333333333,0.25,16.708333333333332,0.8810507741106719,56.66666666666666,0.5,0.4166666666666667,0.08333333333333333,0.36363636363636365,0.0,0.09090909090909091,0.08333333333333333,0.0,0
FIQSPEDLEK,1205.3137,-0.9200000000000002,0.1,133.51999999999998,-2.234155701923433,78.0,0.4,0.2,0.4,0.2222222222222222,0.0,0.3333333333333333,0.1,0.3,0
AILASPNPDEK,1154.2703,-0.5909090909090909,0.0,57.07272727272728,-1.201193190231859,89.09090909090911,0.5454545454545454,0.18181818181818182,0.2727272727272727,0.4,0.0,0.1,0.09090909090909091,0.18181818181818182,0
PVDVGGDEPEEK,1270.2993999999999,-1.4166666666666667,0.0,73.6,-4.031797225621326,48.33333333333332,0.3333333333333333,0.16666666666666666,0.5,0.09090909090909091,0.09090909090909091,0.36363636363636365,0.08333333333333333,0.4166666666666667,0
NFANELRK,991.1018000000001,-1.3125,0.125,14.037500000000003,0.7619030752635112,61.25,0.375,0.25,0.375,0.2857142857142857,0.14285714285714285,0.2857142857142857,0.25,0.125,0
DGADFAK,722.7433,-0.7000000000000001,0.14285714285714288,-26.457142857142856,-1.238655864930009,28.57142857142857,0.42857142857142855,0.14285714285714285,0.42857142857142855,0.16666666666666666,0.16666666666666666,0.5,0.14285714285714285,0.2857142857142857,0
SAETLWNIQK,1189.3176,-0.67,0.1,88.96,-0.5380420798081915,88.0,0.4,0.4,0.2,0.5555555555555556,0.2222222222222222,0.1111111111111111,0.1,0.1,0
VEQLSNMIVR,1188.3972999999999,0.27999999999999997,0.0,19.770000000000003,-0.2632111479716386,136.0,0.5,0.3,0.2,0.3333333333333333,0.1111111111111111,0.2222222222222222,0.1,0.1,0
WEEVEDCYER,1357.4014,-1.75,0.2,53.32,-4.238445767976024,29.0,0.2,0.1,0.7,0.0,0.2222222222222222,0.3333333333333333,0.1,0.5,0
KYETEFHPGTT,1309.3801,-1.518181818181818,0.18181818181818182,9.409090909090912,-1.149101275607692,0.0,0.18181818181818182,0.5454545454545454,0.2727272727272727,0.3,0.4,0.1,0.09090909090909091,0.18181818181818182,0
HEDVRLY,931.0034999999999,-1.1428571428571428,0.14285714285714288,36.08571428571429,-1.1498019755420577,97.14285714285714,0.2857142857142857,0.2857142857142857,0.42857142857142855,0.16666666666666666,0.16666666666666666,0.5,0.14285714285714285,0.2857142857142857,0
FGVQTDRQDK,1193.2665,-1.65,0.1,31.490000000000002,-0.23866586483000995,29.0,0.2,0.4,0.4,0.3333333333333333,0.3333333333333333,0.0,0.2,0.2,0
VYDVKPGAEE,1106.1826,-0.75,0.1,38.830000000000005,-2.2560306473890948,68.0,0.4,0.2,0.4,0.3333333333333333,0.1111111111111111,0.4444444444444444,0.1,0.3,0
KAPQSTGPPPAPSPGLPQPAFPPGQTAPVVFSTPQATQMNTPSQP,4506.0135,-0.6666666666666666,0.044444444444444446,105.17777777777775,0.7591026131903019,32.666666666666664,0.5555555555555556,0.4222222222222222,0.022222222222222223,0.45454545454545453,0.0,0.022727272727272728,0.022222222222222223,0.0,0
KQLQAIEFN,1090.2295,-0.5555555555555556,0.1111111111111111,120.20000000000002,-0.23808692483648786,97.77777777777777,0.4444444444444444,0.3333333333333333,0.2222222222222222,0.5,0.125,0.25,0.1111111111111111,0.1111111111111111,0
SVVHGDPSALAAGR,1336.4533999999999,0.17142857142857143,0.0,15.635714285714286,-0.45156859148797057,90.7142857142857,0.5,0.35714285714285715,0.14285714285714285,0.38461538461538464,0.15384615384615385,0.07692307692307693,0.07142857142857142,0.07142857142857142,0
TTIHEMF,878.0038,0.15714285714285708,0.14285714285714288,26.2,-1.5118187554055749,55.71428571428571,0.42857142857142855,0.42857142857142855,0.14285714285714285,0.3333333333333333,0.16666666666666666,0.16666666666666666,0.0,0.14285714285714285,0
ETGWPSK,803.8592,-1.6857142857142857,0.14285714285714288,41.58571428571429,-0.1641713823010078,0.0,0.2857142857142857,0.42857142857142855,0.2857142857142857,0.3333333333333333,0.3333333333333333,0.0,0.14285714285714285,0.14285714285714285,0
EFAQLLK,847.9977,0.18571428571428567,0.14285714285714288,-3.5571428571428574,-0.1641713823010078,125.7142857142857,0.5714285714285714,0.14285714285714285,0.2857142857142857,0.3333333333333333,0.0,0.3333333333333333,0.14285714285714285,0.14285714285714285,0
KNASELFPAVV,1174.3459,0.4818181818181818,0.09090909090909091,61.61818181818182,-0.23808692483648786,106.36363636363637,0.6363636363636364,0.18181818181818182,0.18181818181818182,0.2,0.2,0.1,0.09090909090909091,0.09090909090909091,0
YDIQVASK,923.0212000000001,-0.3125,0.125,28.925,-0.24077562686885456,97.5,0.375,0.375,0.25,0.42857142857142855,0.2857142857142857,0.14285714285714285,0.125,0.125,0
ARELLTLDEK,1187.3433,-0.64,0.0,9.0,-1.19839272815865,127.0,0.4,0.1,0.5,0.2222222222222222,0.0,0.3333333333333333,0.2,0.3,0
PLYQLQSGHGDK,1342.4561999999999,-1.2083333333333333,0.08333333333333334,57.23333333333333,0.04482581477478509,64.99999999999999,0.25,0.5833333333333334,0.16666666666666666,0.2727272727272727,0.09090909090909091,0.0,0.08333333333333333,0.08333333333333333,0
TQVQTIDTSR,1148.2244,-0.9199999999999999,0.0,-1.8499999999999979,-0.6006926445935283,68.0,0.2,0.6,0.2,0.3333333333333333,0.2222222222222222,0.1111111111111111,0.1,0.1,0
LANWMCLAK,1049.31,0.8111111111111111,0.1111111111111111,45.07777777777779,0.7492016230912921,108.88888888888889,0.6666666666666666,0.1111111111111111,0.2222222222222222,0.25,0.0,0.375,0.1111111111111111,0.0,0
AFIAEVSSSK,1038.1517000000001,0.53,0.1,47.52,-0.2023139511717038,88.0,0.5,0.3,0.2,0.1111111111111111,0.1111111111111111,0.2222222222222222,0.1,0.1,0
FSELPTQMFPEGATPAEI,1965.1831000000002,-0.11111111111111116,0.1111111111111111,63.69444444444446,-3.2314669998910666,54.44444444444444,0.5555555555555556,0.2777777777777778,0.16666666666666666,0.35294117647058826,0.11764705882352941,0.23529411764705882,0.0,0.16666666666666666,0
KGDHEFTDY,1111.1179,-1.911111111111111,0.2222222222222222,-0.5444444444444447,-2.149670215701213,0.0,0.1111111111111111,0.4444444444444444,0.4444444444444444,0.125,0.75,0.125,0.1111111111111111,0.3333333333333333,0
IRFDHVITNM,1245.4502,0.25,0.1,6.3100000000000005,-0.1516134365162669,107.0,0.5,0.3,0.2,0.3333333333333333,0.1111111111111111,0.3333333333333333,0.1,0.1,0
GDNASLEATFVK,1251.3423,-0.15833333333333333,0.08333333333333334,17.05,-1.2369661638966432,73.33333333333331,0.4166666666666667,0.3333333333333333,0.25,0.45454545454545453,0.18181818181818182,0.2727272727272727,0.08333333333333333,0.16666666666666666,0
EIITIPGVK,969.1758,0.8444444444444446,0.0,23.888888888888893,-0.1641713823010078,162.2222222222222,0.5555555555555556,0.2222222222222222,0.2222222222222222,0.5,0.0,0.25,0.1111111111111111,0.1111111111111111,0
TSNQDTCPLTTR,1336.4288,-1.1583333333333334,0.0,22.458333333333336,-0.610593634692538,32.49999999999999,0.16666666666666666,0.5833333333333334,0.25,0.09090909090909091,0.36363636363636365,0.09090909090909091,0.08333333333333333,0.08333333333333333,0
GEGATQLAPQR,1127.2085,-0.9727272727272727,0.0,22.681818181818183,-0.23709792373748817,53.63636363636364,0.36363636363636365,0.45454545454545453,0.18181818181818182,0.4,0.3,0.0,0.09090909090909091,0.09090909090909091,0
HLASDAIINENY,1359.4403,-0.2416666666666667,0.08333333333333334,9.166666666666668,-2.1497919756420565,114.16666666666666,0.4166666666666667,0.4166666666666667,0.16666666666666666,0.2727272727272727,0.2727272727272727,0.09090909090909091,0.0,0.16666666666666666,0
LEGCTSSK,823.9119000000001,-0.47500000000000003,0.0,73.575,-0.24798791493549777,48.75,0.125,0.5,0.375,0.0,0.5714285714285714,0.14285714285714285,0.125,0.125,0
IIYSSLNYEKEK,1486.6643,-0.8083333333333332,0.16666666666666669,18.933333333333337,-0.23827346586028098,97.49999999999999,0.25,0.4166666666666667,0.3333333333333333,0.2727272727272727,0.09090909090909091,0.0,0.16666666666666666,0.16666666666666666,0
SVVDVLKR,915.0886,0.4625,0.0,20.1,0.4602582192584419,157.5,0.5,0.125,0.375,0.14285714285714285,0.0,0.42857142857142855,0.25,0.125,0
AVTGHQSQQQQEEQTQSR,2070.0953,-2.033333333333333,0.0,137.65555555555557,-1.111340299844907,21.666666666666664,0.1111111111111111,0.7222222222222222,0.16666666666666666,0.058823529411764705,0.17647058823529413,0.0,0.05555555555555555,0.1111111111111111,0
FADKYKEVIK,1240.4471,-0.6699999999999999,0.2,-16.47,0.7600368331063541,78.0,0.4,0.1,0.5,0.0,0.2222222222222222,0.3333333333333333,0.3,0.2,0
VDQPTVYHPELYQK,1716.887,-1.1,0.14285714285714288,26.092857142857145,-1.1779032018742088,69.28571428571428,0.35714285714285715,0.42857142857142855,0.21428571428571427,0.46153846153846156,0.15384615384615385,0.23076923076923078,0.07142857142857142,0.14285714285714285,0
TLAASGSQSSNGPEPGGQQLK,2014.1115,-0.9000000000000001,0.0,70.08571428571427,-0.5999919446591626,46.666666666666664,0.2857142857142857,0.6190476190476191,0.09523809523809523,0.25,0.0,0.15,0.047619047619047616,0.047619047619047616,0
KEEKVEPPQAMNALMK,1843.1727999999998,-1.0625,0.0,60.556250000000006,-0.2344640028880689,55.0,0.5,0.125,0.375,0.26666666666666666,0.0,0.26666666666666666,0.1875,0.1875,0
LLVFGLQGEVAEQQR,1686.9056999999998,0.10666666666666665,0.06666666666666667,51.720000000000006,-1.234287461764278,123.33333333333333,0.4666666666666667,0.3333333333333333,0.2,0.21428571428571427,0.21428571428571427,0.14285714285714285,0.06666666666666667,0.13333333333333333,0
FVVTTQTLDR,1179.3227,0.14,0.1,-14.57,-0.2387876247708538,97.0,0.4,0.4,0.2,0.2222222222222222,0.0,0.1111111111111111,0.1,0.1,0
GELFATQNMPDITK,1564.7579999999998,-0.4642857142857143,0.07142857142857144,24.514285714285716,-1.2369661638966432,62.85714285714285,0.42857142857142855,0.35714285714285715,0.21428571428571427,0.23076923076923078,0.15384615384615385,0.23076923076923078,0.07142857142857142,0.14285714285714285,0
SNLTGYEISK,1111.2024,-0.66,0.1,3.740000000000002,-0.5390410808071926,78.0,0.2,0.6,0.2,0.3333333333333333,0.2222222222222222,0.1111111111111111,0.1,0.1,0
AVVSIDGSDDLNK,1332.4134,-0.10769230769230768,0.0,27.446153846153848,-2.2017621303253803,112.3076923076923,0.38461538461538464,0.3076923076923077,0.3076923076923077,0.25,0.25,0.16666666666666666,0.07692307692307693,0.23076923076923078,0
KLAESAQGK,931.0451,-0.9555555555555555,0.0,11.422222222222226,0.7609140741645111,65.55555555555554,0.3333333333333333,0.3333333333333333,0.3333333333333333,0.25,0.25,0.25,0.2222222222222222,0.1111111111111111,0
GIENETVSNDENK,1448.4459,-1.6615384615384616,0.0,54.715384615384615,-3.2313452399502225,52.30769230769231,0.15384615384615385,0.46153846153846156,0.38461538461538464,0.25,0.5,0.08333333333333333,0.07692307692307693,0.3076923076923077,0
YPLAEHLTPTK,1269.4454,-0.6454545454545455,0.09090909090909091,13.454545454545455,-0.15191173758090204,80.00000000000001,0.45454545454545453,0.36363636363636365,0.18181818181818182,0.5,0.2,0.1,0.09090909090909091,0.09090909090909091,0
SSILDIIDNVK,1216.381,0.5,0.0,41.49090909090909,-1.5386110199017127,168.1818181818182,0.45454545454545453,0.2727272727272727,0.2727272727272727,0.2,0.1,0.4,0.09090909090909091,0.18181818181818182,0
ALDAEEEACLHSC,1390.4959999999999,-3.416070845000482e-17,0.0,133.0769230769231,-4.12720105722987,83.07692307692308,0.38461538461538464,0.15384615384615385,0.46153846153846156,0.08333333333333333,0.08333333333333333,0.5,0.0,0.3076923076923077,0
PASIWLMR,973.1925000000001,0.5249999999999999,0.125,38.825,0.9585188676783541,110.0,0.75,0.125,0.125,0.2857142857142857,0.0,0.14285714285714285,0.125,0.0,0
TYGEDYYEAAMTSVEK,1856.9558000000002,-0.91875,0.1875,12.593750000000002,-3.5962472627699005,30.625,0.25,0.4375,0.3125,0.13333333333333333,0.2,0.13333333333333333,0.0625,0.25,0
NSETYPGTSER,1240.2337,-1.9363636363636365,0.09090909090909091,47.60909090909091,-1.2352864627632791,0.0,0.09090909090909091,0.6363636363636364,0.2727272727272727,0.2,0.3,0.0,0.09090909090909091,0.18181818181818182,0
FTGTNIAPDEHVQPQ,1653.7468,-0.8266666666666667,0.06666666666666667,45.75333333333334,-2.1487929746430554,52.0,0.4,0.4666666666666667,0.13333333333333333,0.42857142857142855,0.07142857142857142,0.07142857142857142,0.0,0.13333333333333333,0
GSAEEGKR,832.8590999999999,-1.9,0.0,79.6375,-0.2352864627632787,12.5,0.125,0.375,0.5,0.14285714285714285,0.2857142857142857,0.14285714285714285,0.25,0.25,0
PPIVFVQDK,1042.228,0.17777777777777778,0.1111111111111111,32.82222222222222,-0.04134937248080095,107.77777777777777,0.6666666666666666,0.1111111111111111,0.2222222222222222,0.125,0.125,0.0,0.1111111111111111,0.1111111111111111,0
FANDQGK,778.8097999999999,-1.457142857142857,0.14285714285714288,-3.5571428571428574,-0.2397766258698535,14.285714285714285,0.2857142857142857,0.42857142857142855,0.2857142857142857,0.16666666666666666,0.5,0.0,0.14285714285714285,0.14285714285714285,0
EFTHVEAECPFLTFE,1798.9644000000003,0.03333333333333329,0.2,72.53333333333333,-4.0722305174593085,52.0,0.4666666666666667,0.2,0.3333333333333333,0.2857142857142857,0.0,0.42857142857142855,0.0,0.26666666666666666,0
TIGSSAMEILR,1177.3715,0.5272727272727272,0.0,79.12727272727273,-0.5990029435601627,115.45454545454545,0.45454545454545453,0.36363636363636365,0.18181818181818182,0.3,0.0,0.3,0.09090909090909091,0.09090909090909091,0
ASNLRAENY,1037.0841,-1.0777777777777777,0.1111111111111111,30.28888888888889,-0.20232395107170498,65.55555555555554,0.3333333333333333,0.4444444444444444,0.2222222222222222,0.25,0.125,0.375,0.1111111111111111,0.1111111111111111,0
IAENLPK,783.9124999999999,-0.3428571428571429,0.0,36.08571428571429,-0.23808692483648786,125.7142857142857,0.5714285714285714,0.14285714285714285,0.2857142857142857,0.16666666666666666,0.16666666666666666,0.3333333333333333,0.14285714285714285,0.14285714285714285,0
HLTEPGLASR,1080.1951,-0.53,0.0,66.78,-0.14992373548290128,88.0,0.4,0.4,0.2,0.5555555555555556,0.2222222222222222,0.1111111111111111,0.1,0.1,0
VHPAGDTAKE,1024.0855,-0.9,0.0,10.350000000000003,-1.170667920108717,49.0,0.4,0.3,0.3,0.4444444444444444,0.2222222222222222,0.1111111111111111,0.1,0.2,0
VQQYLEETQNK,1379.4714999999999,-1.718181818181818,0.09090909090909091,64.05454545454546,-1.2623886880964292,61.81818181818183,0.18181818181818182,0.5454545454545454,0.2727272727272727,0.2,0.2,0.1,0.09090909090909091,0.18181818181818182,0
CDYPESYR,1032.0842,-1.75,0.25,72.91250000000002,-1.2478761548946555,0.0,0.125,0.375,0.5,0.14285714285714285,0.42857142857142855,0.14285714285714285,0.125,0.25,0
KTLNPSFSE,1022.1093000000001,-0.9111111111111112,0.1111111111111111,48.488888888888894,-0.23284964506899786,43.33333333333333,0.3333333333333333,0.4444444444444444,0.2222222222222222,0.75,0.25,0.0,0.1111111111111111,0.1111111111111111,0
GSDHLESQDPR,1240.2369999999999,-1.9545454545454546,0.0,54.763636363636365,-2.147682213603212,35.45454545454546,0.18181818181818182,0.45454545454545453,0.36363636363636365,0.1,0.4,0.3,0.09090909090909091,0.2727272727272727,0
LVQQGLLTADMLK,1429.7239,0.5846153846153845,0.0,10.984615384615388,-0.2397766258698535,150.0,0.5384615384615384,0.3076923076923077,0.15384615384615385,0.3333333333333333,0.0,0.25,0.07692307692307693,0.07692307692307693,0
APDFLHR,854.9522,-0.6285714285714287,0.14285714285714288,14.542857142857148,-0.11584046285148264,70.0,0.5714285714285714,0.14285714285714285,0.2857142857142857,0.16666666666666666,0.16666666666666666,0.3333333333333333,0.14285714285714285,0.14285714285714285,0
RTLGPSDMFPAEVAW,1676.8894,-0.08000000000000003,0.13333333333333333,47.85333333333333,-1.2359771627976435,58.666666666666664,0.6,0.2,0.2,0.2857142857142857,0.14285714285714285,0.21428571428571427,0.06666666666666667,0.13333333333333333,0
GREEPTGEVLPITDK,1640.7896999999998,-1.02,0.0,40.4,-2.2313552398502234,71.33333333333333,0.3333333333333333,0.26666666666666666,0.4,0.14285714285714285,0.21428571428571427,0.14285714285714285,0.13333333333333333,0.26666666666666666,0
DFEGNHQFAK,1192.2368999999999,-1.41,0.2,-14.57,-1.1497919756420563,10.0,0.3,0.4,0.3,0.1111111111111111,0.1111111111111111,0.3333333333333333,0.1,0.2,0
AHMLIDMH,967.1664000000001,0.4999999999999999,0.0,69.7375,-1.0286562746968946,110.0,0.625,0.25,0.125,0.42857142857142855,0.0,0.2857142857142857,0.0,0.125,0
FGDFVWR,926.0281999999999,0.0714285714285714,0.4285714285714286,-2.2,-0.2387876247708538,41.42857142857142,0.5714285714285714,0.14285714285714285,0.2857142857142857,0.16666666666666666,0.16666666666666666,0.3333333333333333,0.14285714285714285,0.14285714285714285,0
KGLLSAEVAR,1043.2178999999999,0.22999999999999998,0.0,0.5099999999999998,0.7619030752635112,127.0,0.5,0.2,0.3,0.3333333333333333,0.1111111111111111,0.3333333333333333,0.2,0.1,0
SIPSDPEER,1029.059,-1.7000000000000002,0.0,82.62222222222223,-2.533121855796137,43.33333333333333,0.3333333333333333,0.2222222222222222,0.4444444444444444,0.25,0.125,0.25,0.1111111111111111,0.3333333333333333,0
RHQLTHFK,1066.2164,-1.55,0.125,1.0750000000000037,1.9334409897994749,48.75,0.25,0.5,0.25,0.42857142857142855,0.14285714285714285,0.14285714285714285,0.25,0.0,0
GLPPTIANGDFISTNRENF,2063.2266,-0.42105263157894735,0.10526315789473685,2.047368421052633,-1.2359771627976435,66.84210526315788,0.42105263157894735,0.42105263157894735,0.15789473684210525,0.3333333333333333,0.16666666666666666,0.05555555555555555,0.05263157894736842,0.10526315789473684,0
QLQTVVGTYHGSP,1386.5086999999999,-0.30000000000000004,0.07692307692307693,56.56153846153847,-0.1537231985551114,74.61538461538461,0.3076923076923077,0.6923076923076923,0.0,0.4166666666666667,0.0,0.0,0.0,0.0,0
YMNKVELQAK,1223.4414,-0.79,0.1,100.72999999999999,0.75991507316551,78.0,0.4,0.3,0.3,0.4444444444444444,0.1111111111111111,0.4444444444444444,0.2,0.1,0
HGLNDWIVGQK,1266.4048,-0.6181818181818182,0.09090909090909091,-15.772727272727273,-0.1526024376152666,97.27272727272728,0.36363636363636365,0.45454545454545453,0.18181818181818182,0.3,0.2,0.1,0.09090909090909091,0.09090909090909091,0
GAAEDGDK,761.7348,-1.45,0.0,11.600000000000003,-2.235845402956799,25.0,0.25,0.25,0.5,0.14285714285714285,0.2857142857142857,0.14285714285714285,0.125,0.375,0
NTVRQIIEQDKH,1480.6251,-1.3833333333333335,0.0,79.78333333333335,-0.149801975542057,89.16666666666664,0.25,0.4166666666666667,0.3333333333333333,0.18181818181818182,0.36363636363636365,0.18181818181818182,0.16666666666666666,0.16666666666666666,0
NEGFTVTAEGK,1152.2113,-0.7090909090909091,0.09090909090909091,-6.345454545454546,-1.2352764628632777,35.45454545454546,0.2727272727272727,0.45454545454545453,0.2727272727272727,0.5,0.4,0.1,0.09090909090909091,0.18181818181818182,0
GVMEHLEQQAQGFPEEF,1976.1261,-0.7529411764705882,0.11764705882352942,68.36470588235294,-4.14148234966327,45.882352941176464,0.4117647058823529,0.35294117647058826,0.23529411764705882,0.3125,0.125,0.25,0.0,0.23529411764705882,0
ALEQTEEYVNGQLK,1621.7431,-0.9785714285714285,0.07142857142857144,43.285714285714285,-2.197692028224284,83.57142857142856,0.2857142857142857,0.42857142857142855,0.2857142857142857,0.23076923076923078,0.23076923076923078,0.15384615384615385,0.07142857142857142,0.21428571428571427,0
HQAEEWFK,1074.1457,-1.7375,0.25,11.925,-1.1481022746086909,12.5,0.375,0.25,0.375,0.14285714285714285,0.0,0.42857142857142855,0.125,0.25,0
AAPAAGGAGAPAAAAGGEAAAEEQK,2065.1584,0.012000000000000016,0.0,61.224000000000004,-2.196693027225283,52.0,0.6,0.24,0.16,0.20833333333333334,0.125,0.08333333333333333,0.04,0.12,0
LFRPDLIGEE,1188.3295,-0.21000000000000005,0.1,45.78,-2.2279294210569436,117.0,0.5,0.1,0.4,0.1111111111111111,0.1111111111111111,0.4444444444444444,0.1,0.3,0
SILEERILGA,1100.2659,0.57,0.0,71.63000000000001,-1.5342426167359817,166.0,0.5,0.2,0.3,0.3333333333333333,0.0,0.2222222222222222,0.1,0.2,0
PVTGNLRPEEALQ,1423.5704999999998,-0.7076923076923077,0.0,97.6076923076923,-1.0358602083752255,90.0,0.46153846153846156,0.3076923076923077,0.23076923076923078,0.25,0.0,0.3333333333333333,0.07692307692307693,0.15384615384615385,0
ATDGEGYKPCDPQ,1380.4365,-1.5076923076923079,0.07692307692307693,14.930769230769235,-2.210972420390026,7.6923076923076925,0.23076923076923078,0.38461538461538464,0.38461538461538464,0.16666666666666666,0.4166666666666667,0.25,0.07692307692307693,0.23076923076923078,0
GHFWITK,888.0233999999999,-0.2571428571428572,0.28571428571428575,-6.242857142857142,0.8462768014448888,55.71428571428571,0.42857142857142855,0.42857142857142855,0.14285714285714285,0.3333333333333333,0.16666666666666666,0.0,0.14285714285714285,0.0,0
PPQTEHIEL,1063.1613,-1.0333333333333334,0.0,162.35555555555555,-1.9486760202206375,86.66666666666666,0.4444444444444444,0.3333333333333333,0.2222222222222222,0.25,0.25,0.25,0.0,0.2222222222222222,0
TLPQLPNEEK,1168.2969,-1.4200000000000002,0.0,99.38,-1.5971814826859525,78.0,0.4,0.3,0.3,0.4444444444444444,0.1111111111111111,0.0,0.1,0.2,0
AGENFHHGDK,1111.1245,-1.7,0.1,-32.43,-1.0268448137226853,10.0,0.2,0.5,0.3,0.3333333333333333,0.3333333333333333,0.0,0.1,0.2,0
DGTVAGLHTG,926.9702,0.04999999999999999,0.0,-15.520000000000001,-1.151603436616266,78.0,0.3,0.6,0.1,0.4444444444444444,0.1111111111111111,0.0,0.0,0.1,0
YEGAYHVLHK,1216.3444,-0.7,0.2,28.99,-0.065736550325316,78.0,0.3,0.5,0.2,0.4444444444444444,0.3333333333333333,0.0,0.1,0.1,0
TSPDPYAALPK,1159.2884,-0.6909090909090909,0.09090909090909091,81.21818181818182,-0.6026806466915293,53.63636363636364,0.5454545454545454,0.2727272727272727,0.18181818181818182,0.3,0.0,0.3,0.09090909090909091,0.09090909090909091,0
ACDDMMQVGR,1125.3001,-0.31,0.0,45.75000000000001,-1.211794880265235,39.0,0.4,0.2,0.4,0.3333333333333333,0.1111111111111111,0.2222222222222222,0.1,0.2,0
KLPDVYGVF,1037.2081,0.47777777777777775,0.2222222222222222,-5.333333333333332,-0.24077562686885456,107.77777777777777,0.5555555555555556,0.2222222222222222,0.2222222222222222,0.25,0.0,0.375,0.1111111111111111,0.1111111111111111,0
VLHEKTPVSDR,1280.43,-0.8636363636363636,0.0,19.745454545454546,-0.1759151997762074,88.18181818181819,0.36363636363636365,0.2727272727272727,0.36363636363636365,0.3,0.3,0.0,0.18181818181818182,0.18181818181818182,0
SIEDSAQSDLK,1192.2306,-0.9272727272727272,0.0,116.28181818181818,-2.5358005579285026,80.00000000000001,0.2727272727272727,0.36363636363636365,0.36363636363636365,0.3,0.2,0.3,0.09090909090909091,0.2727272727272727,0
DLTFTDEQK,1096.1448,-1.411111111111111,0.1111111111111111,44.0,-2.235845402956799,43.33333333333333,0.2222222222222222,0.3333333333333333,0.4444444444444444,0.375,0.375,0.125,0.1111111111111111,0.3333333333333333,0
FAMEPEEFD,1114.1814,-0.7000000000000001,0.2222222222222222,99.53333333333335,-4.227165337343918,11.11111111111111,0.5555555555555556,0.0,0.4444444444444444,0.0,0.0,0.625,0.0,0.4444444444444444,0
WYQHYTK,1025.1163000000001,-2.1142857142857143,0.4285714285714286,59.21428571428571,0.8442787994468868,0.0,0.14285714285714285,0.7142857142857143,0.14285714285714285,0.16666666666666666,0.16666666666666666,0.0,0.14285714285714285,0.0,0
MAPAAYSDLSK,1153.3053,-0.07272727272727275,0.09090909090909091,55.32727272727273,-0.5005225535168125,62.727272727272734,0.5454545454545454,0.2727272727272727,0.18181818181818182,0.2,0.2,0.1,0.09090909090909091,0.09090909090909091,0
FLVADDIMDSSL,1325.4836,0.8916666666666666,0.08333333333333334,34.19166666666667,-3.2365361029911637,129.99999999999997,0.5833333333333334,0.16666666666666666,0.25,0.09090909090909091,0.09090909090909091,0.2727272727272727,0.0,0.25,0
PCPDVEVVFAR,1231.4204,0.45454545454545453,0.09090909090909091,12.890909090909094,-1.0474508995076008,88.18181818181817,0.6363636363636364,0.0,0.36363636363636365,0.0,0.0,0.7,0.09090909090909091,0.18181818181818182,0
AVNANGVGK,828.9132,0.03333333333333339,0.0,-26.677777777777777,0.794875586855086,86.66666666666666,0.4444444444444444,0.4444444444444444,0.1111111111111111,0.625,0.125,0.0,0.1111111111111111,0.0,0
CLEVEGKM,908.0944,0.1375,0.0,62.962500000000006,-1.2451774529622877,85.0,0.375,0.125,0.5,0.0,0.2857142857142857,0.7142857142857143,0.125,0.25,0
FGSPADSWWRPEPT,1632.7293,-1.157142857142857,0.2142857142857143,102.05000000000001,-1.2359771627976435,7.142857142857142,0.5,0.2857142857142857,0.21428571428571427,0.3076923076923077,0.07692307692307693,0.38461538461538464,0.07142857142857142,0.14285714285714285,0
DQKLSELD,946.9981,-1.3875,0.0,22.212500000000006,-2.2326645013494955,97.5,0.25,0.25,0.5,0.14285714285714285,0.42857142857142855,0.42857142857142855,0.125,0.375,0
KVTSIQDWVQ,1203.3441,-0.38999999999999996,0.1,2.790000000000001,-0.2397766258698535,97.0,0.4,0.4,0.2,0.4444444444444444,0.1111111111111111,0.2222222222222222,0.1,0.1,0
LEVHSNDPDMSVMK,1601.7996999999998,-0.5928571428571429,0.0,35.285714285714285,-2.148671214702212,69.28571428571428,0.42857142857142855,0.2857142857142857,0.2857142857142857,0.23076923076923078,0.07692307692307693,0.46153846153846156,0.07142857142857142,0.21428571428571427,0
VAGSSDAAQK,932.9748,-0.32999999999999996,0.0,28.26,-0.2658898501040039,59.0,0.4,0.4,0.2,0.2222222222222222,0.2222222222222222,0.1111111111111111,0.1,0.1,0
LTDPEAAKY,1007.0947000000001,-0.7888888888888889,0.1111111111111111,28.2,-1.2379651648956442,65.55555555555554,0.4444444444444444,0.2222222222222222,0.3333333333333333,0.125,0.25,0.5,0.1111111111111111,0.2222222222222222,0
LIQITEK,844.0074999999999,0.17142857142857143,0.0,36.08571428571429,-0.23808692483648786,167.14285714285714,0.42857142857142855,0.2857142857142857,0.2857142857142857,0.5,0.16666666666666666,0.0,0.14285714285714285,0.14285714285714285,0
DGEAHTDLNEVAK,1398.4318999999998,-1.0846153846153845,0.0,-8.9,-3.1458607527290017,67.6923076923077,0.3076923076923077,0.3076923076923077,0.38461538461538464,0.16666666666666666,0.3333333333333333,0.3333333333333333,0.07692307692307693,0.3076923076923077,0
LIAVFQK,818.0147,1.3857142857142857,0.14285714285714288,8.571428571428571,0.7591026131903019,167.1428571428571,0.7142857142857143,0.14285714285714285,0.14285714285714285,0.16666666666666666,0.16666666666666666,0.0,0.14285714285714285,0.0,0
LTDTTEVDFTEK,1398.4684,-0.8250000000000001,0.08333333333333334,9.933333333333339,-3.233034940983589,56.66666666666666,0.25,0.3333333333333333,0.4166666666666667,0.18181818181818182,0.36363636363636365,0.2727272727272727,0.08333333333333333,0.3333333333333333,0
KPEQEEVLKK,1227.4072,-1.9300000000000002,0.0,81.47000000000001,-0.2344640028880689,68.0,0.3,0.1,0.6,0.0,0.2222222222222222,0.4444444444444444,0.3,0.3,0
PVQVQLDVPVVK,1320.5764,0.6000000000000001,0.0,48.63333333333334,-0.04134937248080095,153.33333333333334,0.6666666666666666,0.16666666666666666,0.16666666666666666,0.36363636363636365,0.0,0.2727272727272727,0.08333333333333333,0.08333333333333333,0
IVVAMAK,730.959,2.0714285714285716,0.0,14.071428571428571,0.7591026131903019,167.1428571428571,0.8571428571428571,0.0,0.14285714285714285,0.0,0.0,0.16666666666666666,0.14285714285714285,0.0,0
GTMLVSELVNFSK,1424.6609999999998,0.5461538461538461,0.07692307692307693,5.953846153846157,-0.23808692483648786,104.61538461538461,0.46153846153846156,0.38461538461538464,0.15384615384615385,0.4166666666666667,0.16666666666666666,0.08333333333333333,0.07692307692307693,0.07692307692307693,0
FAEEVQCEGNSF,1359.4171,-0.38333333333333336,0.16666666666666669,22.975,-3.2413679899900765,32.49999999999999,0.3333333333333333,0.3333333333333333,0.3333333333333333,0.18181818181818182,0.18181818181818182,0.18181818181818182,0.0,0.25,0
APWVEQEGTEYWDR,1765.8319,-1.5571428571428572,0.2142857142857143,37.335714285714296,-3.19558226618544,27.857142857142854,0.35714285714285715,0.2857142857142857,0.35714285714285715,0.07692307692307693,0.38461538461538464,0.15384615384615385,0.07142857142857142,0.2857142857142857,0
RKPTTCMLQK,1205.4943,-1.06,0.0,66.66,2.74819262219229,39.0,0.3,0.3,0.4,0.2222222222222222,0.2222222222222222,0.2222222222222222,0.3,0.0,0
SPVYVGRVV,975.142,0.9111111111111112,0.1111111111111111,61.300000000000004,0.459137458318597,128.88888888888889,0.5555555555555556,0.3333333333333333,0.1111111111111111,0.5,0.125,0.125,0.1111111111111111,0.0,0
VDAQEAKTEPFTQGK,1648.7685999999999,-1.2066666666666668,0.06666666666666667,39.986666666666665,-1.261267927156584,32.666666666666664,0.3333333333333333,0.3333333333333333,0.3333333333333333,0.14285714285714285,0.2857142857142857,0.35714285714285715,0.13333333333333333,0.2,0
NADVEVR,801.8448999999999,-0.6857142857142857,0.0,-3.5571428571428574,-1.2359771627976435,97.14285714285714,0.42857142857142855,0.14285714285714285,0.42857142857142855,0.16666666666666666,0.0,0.8333333333333334,0.14285714285714285,0.2857142857142857,0
ISGLVAAK,757.9182000000001,1.375,0.0,8.75,0.7591026131903019,158.75,0.625,0.25,0.125,0.2857142857142857,0.0,0.14285714285714285,0.125,0.0,0
EANSNLEK,903.9336000000001,-1.6375,0.0,8.75,-1.1613609203277977,61.25,0.25,0.375,0.375,0.2857142857142857,0.0,0.2857142857142857,0.125,0.25,0
LGIKPESVQPHRPTTNPN,1985.2044,-1.2277777777777779,0.0,27.627777777777776,0.8490772635180983,59.44444444444444,0.3888888888888889,0.4444444444444444,0.16666666666666666,0.5294117647058824,0.11764705882352941,0.23529411764705882,0.1111111111111111,0.05555555555555555,0
SYVEFNSAAK,1115.1926,-0.32,0.2,9.0,-0.5390410808071926,49.0,0.4,0.4,0.2,0.3333333333333333,0.0,0.3333333333333333,0.1,0.1,0
LCQQQLCGLQEVK,1489.7593,-0.09230769230769233,0.0,70.73846153846156,-0.2578889050345077,112.3076923076923,0.3076923076923077,0.38461538461538464,0.3076923076923077,0.25,0.25,0.3333333333333333,0.07692307692307693,0.07692307692307693,0
YAVLDSGR,879.9567,-0.08750000000000001,0.125,62.425,-0.23978662576985488,97.5,0.375,0.375,0.25,0.14285714285714285,0.2857142857142857,0.14285714285714285,0.125,0.125,0
LTWHSPAHDEESSVK,1722.8090000000002,-1.1066666666666667,0.06666666666666667,97.06666666666668,-2.0598073254142593,52.0,0.3333333333333333,0.4,0.26666666666666666,0.42857142857142855,0.14285714285714285,0.07142857142857142,0.06666666666666667,0.2,0
KVVVSHSTHR,1149.3034,-0.45,0.0,0.5099999999999998,1.9334409897994749,87.0,0.3,0.5,0.2,0.1111111111111111,0.1111111111111111,0.1111111111111111,0.2,0.0,0
EKDVLIKDTTALS,1432.6154999999999,-0.1846153846153846,0.0,-8.861538461538462,-1.1629288614203195,120.0,0.38461538461538464,0.23076923076923078,0.38461538461538464,0.16666666666666666,0.08333333333333333,0.16666666666666666,0.15384615384615385,0.23076923076923078,0
CLSQSEGRVLL,1204.3968,0.41818181818181815,0.0,101.56363636363638,-0.24699891383649808,132.72727272727272,0.36363636363636365,0.36363636363636365,0.2727272727272727,0.1,0.3,0.2,0.09090909090909091,0.09090909090909091,0
KGLFVEK,819.9875999999999,-0.1285714285714286,0.14285714285714288,-3.5571428571428574,0.7609140741645111,97.14285714285714,0.42857142857142855,0.14285714285714285,0.42857142857142855,0.16666666666666666,0.16666666666666666,0.16666666666666666,0.2857142857142857,0.14285714285714285,0
ILYNPLQGQK,1173.3611,-0.56,0.1,57.980000000000004,0.758103612191301,117.0,0.4,0.5,0.1,0.3333333333333333,0.1111111111111111,0.0,0.1,0.0,0
EIANLPEVK,1012.1575,-0.18888888888888888,0.0,67.80000000000001,-1.1613609203277977,130.0,0.5555555555555556,0.1111111111111111,0.3333333333333333,0.25,0.0,0.5,0.1111111111111111,0.2222222222222222,0
ANILEADQEK,1130.2058,-0.95,0.0,82.97,-2.198382728258649,98.0,0.4,0.2,0.4,0.2222222222222222,0.2222222222222222,0.3333333333333333,0.1,0.3,0
YPVKPQPYEEQMR,1664.8787,-1.823076923076923,0.15384615384615385,83.44615384615385,-0.23728446476128084,22.307692307692307,0.38461538461538464,0.3076923076923077,0.3076923076923077,0.4166666666666667,0.16666666666666666,0.25,0.15384615384615385,0.15384615384615385,0
DSPDLHQDLNALK,1465.5640999999998,-1.0615384615384615,0.0,60.33076923076924,-2.150360915735577,97.6923076923077,0.38461538461538464,0.3076923076923077,0.3076923076923077,0.3333333333333333,0.16666666666666666,0.3333333333333333,0.07692307692307693,0.23076923076923078,0
NTDQHNHNV,1078.0532,-2.2666666666666666,0.0,52.077777777777776,-1.0644292483616788,32.22222222222222,0.1111111111111111,0.7777777777777778,0.1111111111111111,0.125,0.25,0.0,0.0,0.1111111111111111,0
SQQLFEPSR,1091.1746,-1.288888888888889,0.1111111111111111,115.8888888888889,-0.5370530787091918,43.33333333333333,0.3333333333333333,0.4444444444444444,0.2222222222222222,0.25,0.125,0.25,0.1111111111111111,0.1111111111111111,0
TLPCGLTK,832.02,0.35,0.0,23.400000000000002,0.38729660326861737,97.5,0.375,0.375,0.25,0.42857142857142855,0.2857142857142857,0.14285714285714285,0.125,0.0,0
AHGFSNHRK,1053.1348,-1.6555555555555557,0.1111111111111111,-12.066666666666666,1.969213963464259,11.11111111111111,0.2222222222222222,0.5555555555555556,0.2222222222222222,0.375,0.125,0.0,0.2222222222222222,0.0,0
PVDKAEQVR,1041.159,-1.1444444444444444,0.0,17.177777777777784,-0.03854891040759156,75.55555555555556,0.4444444444444444,0.1111111111111111,0.4444444444444444,0.125,0.125,0.5,0.2222222222222222,0.2222222222222222,0
QANLVHFPPGFQPIPCK,1893.2145999999998,-0.11764705882352947,0.11764705882352942,31.170588235294122,0.836375811345879,68.8235294117647,0.5882352941176471,0.29411764705882354,0.11764705882352941,0.5625,0.0,0.0625,0.058823529411764705,0.0,0
AGYQSTLTR,996.0753,-0.7,0.1111111111111111,48.27777777777778,0.7948655869550849,54.44444444444444,0.2222222222222222,0.6666666666666666,0.1111111111111111,0.375,0.125,0.0,0.1111111111111111,0.0,0
LIDENSVK,917.0151000000001,-0.3375,0.0,5.15,-1.2369661638966432,133.75,0.375,0.25,0.375,0.14285714285714285,0.14285714285714285,0.2857142857142857,0.125,0.25,0
GPVKVVVAE,897.0699999999999,1.0222222222222224,0.0,17.65555555555556,-0.23284964506899786,140.0,0.6666666666666666,0.1111111111111111,0.2222222222222222,0.125,0.0,0.375,0.1111111111111111,0.1111111111111111,0
ETTVYVIVR,1079.2466,0.7111111111111111,0.1111111111111111,-8.922222222222224,-0.16418138220100897,139.99999999999997,0.4444444444444444,0.3333333333333333,0.2222222222222222,0.375,0.125,0.125,0.1111111111111111,0.1111111111111111,0
WYAVHTY,939.0236999999998,-0.19999999999999998,0.4285714285714286,31.62857142857143,-0.15472219955411248,55.71428571428571,0.42857142857142855,0.5714285714285714,0.0,0.5,0.0,0.0,0.0,0.0,0
RQVFEGQN,977.0321000000001,-1.4875,0.125,23.400000000000002,-0.23709792373748817,36.25,0.25,0.5,0.25,0.14285714285714285,0.2857142857142857,0.14285714285714285,0.125,0.125,0
LNLDQFHD,1001.0501999999999,-0.8500000000000001,0.125,-0.675,-2.147301774069118,97.5,0.375,0.375,0.25,0.5714285714285714,0.2857142857142857,0.14285714285714285,0.0,0.25,0
MLLEPNSITGNDWR,1645.8339999999998,-0.6357142857142858,0.07142857142857144,10.914285714285716,-1.4957240894456012,83.57142857142857,0.42857142857142855,0.35714285714285715,0.21428571428571427,0.23076923076923078,0.07692307692307693,0.3076923076923077,0.07142857142857142,0.14285714285714285,0
GPGGIWAAK,855.98,0.05555555555555555,0.1111111111111111,-3.533333333333333,0.7591026131903019,65.55555555555554,0.5555555555555556,0.3333333333333333,0.1111111111111111,0.375,0.0,0.125,0.1111111111111111,0.0,0
RQEEVLAR,1000.1104,-1.2125,0.0,97.65,-0.234297461664279,97.5,0.375,0.125,0.5,0.0,0.2857142857142857,0.2857142857142857,0.25,0.25,0
LAGQRFTAVEDQ,1334.4342,-0.43333333333333335,0.08333333333333334,25.21666666666667,-1.2359771627976435,73.33333333333331,0.4166666666666667,0.3333333333333333,0.25,0.2727272727272727,0.18181818181818182,0.18181818181818182,0.08333333333333333,0.16666666666666666,0
LIEMVHSIQQR,1353.5898,-0.00909090909090912,0.0,66.54545454545455,-0.14992373548290128,132.72727272727272,0.45454545454545453,0.36363636363636365,0.18181818181818182,0.3,0.1,0.2,0.09090909090909091,0.09090909090909091,0
LHDADPDFVTDVR,1499.5802999999999,-0.5538461538461539,0.07692307692307693,-15.430769230769233,-3.148251153696733,82.3076923076923,0.46153846153846156,0.15384615384615385,0.38461538461538464,0.16666666666666666,0.16666666666666666,0.5833333333333334,0.07692307692307693,0.3076923076923077,0
VMGGLPDVVTIMEK,1488.8109,0.7642857142857142,0.0,20.40714285714286,-1.2630793881307936,117.85714285714285,0.5714285714285714,0.21428571428571427,0.21428571428571427,0.3076923076923077,0.0,0.23076923076923078,0.07142857142857142,0.14285714285714285,0
APRLPQPEEGATYEGIQKK,2112.3423,-1.3421052631578947,0.052631578947368425,59.452631578947376,-0.1987010291232858,51.57894736842105,0.3684210526315789,0.3157894736842105,0.3157894736842105,0.3333333333333333,0.2222222222222222,0.16666666666666666,0.15789473684210525,0.15789473684210525,0
RWINIDGK,1001.1397,-0.9625,0.125,124.66250000000001,0.7602133742301456,97.5,0.375,0.25,0.375,0.2857142857142857,0.2857142857142857,0.2857142857142857,0.25,0.125,0
DLLPVVGNSFPPTGANR,1753.9519,-0.08823529411764708,0.05882352941176471,34.75294117647059,-0.2387876247708538,85.88235294117646,0.5294117647058824,0.35294117647058826,0.11764705882352941,0.3125,0.0625,0.0625,0.058823529411764705,0.058823529411764705,0
NKYNVYPTY,1161.2625,-1.4333333333333333,0.33333333333333337,40.53333333333334,0.756105610193299,32.22222222222222,0.2222222222222222,0.6666666666666666,0.1111111111111111,0.5,0.25,0.0,0.1111111111111111,0.0,0
QNGPASHSR,952.9711,-1.8333333333333333,0.0,34.988888888888894,0.8472658025438885,11.11111111111111,0.2222222222222222,0.6666666666666666,0.1111111111111111,0.25,0.125,0.0,0.1111111111111111,0.0,0
DQIALLK,799.9549,0.42857142857142855,0.0,-3.5571428571428574,-0.2397766258698535,181.42857142857142,0.5714285714285714,0.14285714285714285,0.2857142857142857,0.16666666666666666,0.16666666666666666,0.16666666666666666,0.14285714285714285,0.14285714285714285,0
SVVNMADVIYK,1238.4525999999998,0.7090909090909091,0.09090909090909091,12.59090909090909,-0.5407307818405582,123.63636363636363,0.5454545454545454,0.2727272727272727,0.18181818181818182,0.4,0.1,0.2,0.09090909090909091,0.09090909090909091,0
LEGPTILDIEK,1227.4038,-0.045454545454545484,0.0,66.54545454545455,-2.234155701923433,141.81818181818184,0.45454545454545453,0.18181818181818182,0.36363636363636365,0.3,0.1,0.4,0.09090909090909091,0.2727272727272727,0
TINNVEGLNK,1101.2108,-0.65,0.0,32.68,-0.5999919446591626,107.0,0.3,0.5,0.2,0.5555555555555556,0.2222222222222222,0.1111111111111111,0.1,0.1,0
FLAVTEGR,892.0105000000001,0.4375,0.125,22.212500000000006,-0.23709792373748817,97.5,0.5,0.25,0.25,0.14285714285714285,0.42857142857142855,0.0,0.125,0.125,0
ETVSEESNVL,1106.138,-0.41,0.0,80.12,-3.157551457355586,97.0,0.3,0.4,0.3,0.3333333333333333,0.3333333333333333,0.0,0.0,0.3,0
LYVEVTNEAPFVLK,1621.8703999999998,0.4857142857142857,0.14285714285714288,13.93571428571429,-1.2362754638622788,124.99999999999999,0.5714285714285714,0.21428571428571427,0.21428571428571427,0.23076923076923078,0.07692307692307693,0.3076923076923077,0.07142857142857142,0.14285714285714285,0
NLGALYR,805.9211999999999,-0.04285714285714291,0.14285714285714288,-27.71428571428571,0.7590926132903006,125.7142857142857,0.42857142857142855,0.42857142857142855,0.14285714285714285,0.6666666666666666,0.16666666666666666,0.0,0.14285714285714285,0.0,0
EGETQTNDAAYVK,1425.4539,-1.2846153846153845,0.07692307692307693,-16.146153846153847,-2.161239160386954,37.69230769230769,0.23076923076923078,0.46153846153846156,0.3076923076923077,0.16666666666666666,0.3333333333333333,0.16666666666666666,0.07692307692307693,0.23076923076923078,0
RVEPPLRSVLEQTK,1651.905,-0.8642857142857142,0.0,95.69999999999999,0.7647035373367204,97.14285714285714,0.42857142857142855,0.21428571428571427,0.35714285714285715,0.07692307692307693,0.23076923076923078,0.38461538461538464,0.21428571428571427,0.14285714285714285,0
VNNDPIVGDK,1070.1537,-0.7,0.0,-16.47,-1.2647690891641594,97.0,0.4,0.3,0.3,0.2222222222222222,0.2222222222222222,0.1111111111111111,0.1,0.2,0
KWNTEDKVSHV,1342.4563,-1.4090909090909092,0.09090909090909091,32.17272727272727,-0.15079097664105712,52.727272727272734,0.2727272727272727,0.36363636363636365,0.36363636363636365,0.3,0.1,0.2,0.18181818181818182,0.18181818181818182,0
TCGSLALQPPGR,1199.3804,-0.1333333333333334,0.0,68.43333333333334,0.3882856043676173,73.33333333333331,0.4166666666666667,0.4166666666666667,0.16666666666666666,0.36363636363636365,0.2727272727272727,0.0,0.08333333333333333,0.0,0
VTHLSETR,942.028,-0.675,0.0,22.212500000000006,-0.1760369597170517,85.0,0.25,0.5,0.25,0.42857142857142855,0.42857142857142855,0.0,0.125,0.125,0
DPNFSFEGTKL,1254.3445,-0.7727272727272727,0.18181818181818182,-20.009090909090908,-1.2369661638966432,35.45454545454546,0.36363636363636365,0.36363636363636365,0.2727272727272727,0.4,0.2,0.3,0.09090909090909091,0.18181818181818182,0
IESEHLTVAR,1154.2736,-0.19,0.0,83.92,-1.1471132735096912,117.0,0.4,0.3,0.3,0.3333333333333333,0.3333333333333333,0.2222222222222222,0.1,0.2,0
IEFPILED,975.0925,0.43749999999999994,0.125,135.9,-3.229975799317129,146.25,0.625,0.0,0.375,0.0,0.0,0.42857142857142855,0.0,0.375,0
TCEEEEEKMF,1274.3742,-1.49,0.1,172.0,-4.598651086865331,0.0,0.2,0.1,0.7,0.0,0.1111111111111111,0.1111111111111111,0.1,0.5,0
LHGLNINY,943.0571,0.024999999999999925,0.125,50.7125,-0.1537231985551114,146.25,0.375,0.625,0.0,0.7142857142857143,0.0,0.0,0.0,0.0,0
TPEYPNGR,932.9764,-2.1375,0.125,27.112499999999997,-0.6000019445591638,0.0,0.25,0.5,0.25,0.42857142857142855,0.2857142857142857,0.14285714285714285,0.125,0.125,0
HTAPQTLEYKPIK,1525.7468999999999,-1.0615384615384615,0.07692307692307693,20.730769230769234,0.8470892614200971,67.6923076923077,0.38461538461538464,0.38461538461538464,0.23076923076923078,0.25,0.16666666666666666,0.25,0.15384615384615385,0.07692307692307693,0
GQVCDVDIK,976.1053999999999,0.06666666666666671,0.0,-4.22222222222222,-1.248556855029019,107.77777777777777,0.3333333333333333,0.2222222222222222,0.4444444444444444,0.125,0.0,0.625,0.1111111111111111,0.2222222222222222,0
FPVVAVMSTGNE,1250.4203,0.7166666666666667,0.08333333333333334,63.73333333333335,-1.231850644069997,80.83333333333333,0.5833333333333334,0.3333333333333333,0.08333333333333333,0.09090909090909091,0.09090909090909091,0.0,0.0,0.08333333333333333,0
LGLYPCK,792.9853999999999,0.4142857142857142,0.14285714285714288,15.42857142857143,0.748202622092291,111.42857142857142,0.42857142857142855,0.2857142857142857,0.2857142857142857,0.6666666666666666,0.0,0.16666666666666666,0.14285714285714285,0.0,0
ERLDYYTKPQGLDK,1725.8955999999998,-1.7142857142857142,0.14285714285714288,14.342857142857142,-0.16493686331832258,55.71428571428571,0.21428571428571427,0.35714285714285715,0.42857142857142855,0.15384615384615385,0.15384615384615385,0.3076923076923077,0.21428571428571427,0.21428571428571427,0
VYLDLTPVK,1047.2445,0.5555555555555556,0.1111111111111111,18.711111111111116,-0.266888851103005,151.1111111111111,0.5555555555555556,0.2222222222222222,0.2222222222222222,0.5,0.0,0.375,0.1111111111111111,0.1111111111111111,0
INKEGLK,800.943,-0.9857142857142858,0.0,30.27142857142857,0.7609140741645111,111.42857142857142,0.2857142857142857,0.2857142857142857,0.42857142857142855,0.3333333333333333,0.3333333333333333,0.16666666666666666,0.2857142857142857,0.14285714285714285,0
FSHYSGLK,938.0373999999999,-0.4750000000000001,0.25,53.06249999999999,0.8452778004458879,48.75,0.25,0.625,0.125,0.2857142857142857,0.0,0.14285714285714285,0.125,0.0,0
TDLEMQI,848.9609999999999,-0.14285714285714288,0.0,-2.2,-2.597872182720317,111.42857142857142,0.42857142857142855,0.2857142857142857,0.2857142857142857,0.3333333333333333,0.16666666666666666,0.5,0.0,0.2857142857142857,0
LTWLTPLIPST,1241.475,0.809090909090909,0.09090909090909091,21.536363636363635,-0.23989838581069733,141.8181818181818,0.6363636363636364,0.36363636363636365,0.0,0.5,0.0,0.0,0.0,0.0,0
TVVVPPPGVELTLPK,1545.8607000000002,0.5866666666666667,0.0,60.693333333333335,-0.5999919446591626,129.33333333333331,0.6666666666666666,0.2,0.13333333333333333,0.35714285714285715,0.0,0.21428571428571427,0.06666666666666667,0.06666666666666667,0
TFLNLLGH,914.059,0.7999999999999999,0.125,24.175,-0.514629217378785,146.25,0.5,0.5,0.0,0.5714285714285714,0.0,0.0,0.0,0.0,0
GYPSYPALIIDPKMPR,1818.1432,-0.35000000000000003,0.125,86.69375000000001,0.7582153722321436,79.375,0.5625,0.25,0.1875,0.2,0.0,0.3333333333333333,0.125,0.0625,0
SFLITPVKPAVDR,1442.7012,0.36153846153846153,0.07692307692307693,13.484615384615392,0.4602582192584419,112.3076923076923,0.6153846153846154,0.15384615384615385,0.23076923076923078,0.25,0.0,0.25,0.15384615384615385,0.07692307692307693,0
DDQLNLAFGNYHEETPVIK,2203.3632,-0.7736842105263159,0.10526315789473685,34.32631578947369,-3.1468597537280028,82.10526315789473,0.3684210526315789,0.3684210526315789,0.2631578947368421,0.2777777777777778,0.16666666666666666,0.05555555555555555,0.05263157894736842,0.21052631578947367,0
TVGNLSSKPER,1187.3035,-1.0636363636363635,0.0,20.10909090909091,0.39999805544083644,61.81818181818183,0.2727272727272727,0.45454545454545453,0.2727272727272727,0.4,0.1,0.2,0.18181818181818182,0.09090909090909091,0
TENLNDDEKLNNA,1489.4977999999999,-1.7846153846153845,0.0,17.51538461538462,-3.5949399608062635,67.6923076923077,0.23076923076923078,0.38461538461538464,0.38461538461538464,0.3333333333333333,0.25,0.08333333333333333,0.07692307692307693,0.3076923076923077,0
DMPAAGSLGSSSR,1235.3247999999999,-0.3307692307692308,0.0,102.29230769230772,-0.2387876247708538,45.38461538461539,0.38461538461538464,0.46153846153846156,0.15384615384615385,0.25,0.08333333333333333,0.08333333333333333,0.07692307692307693,0.07692307692307693,0
AETVHQLSK,1012.1178,-0.6444444444444444,0.0,8.88888888888889,-0.11513976291711692,86.66666666666666,0.3333333333333333,0.4444444444444444,0.2222222222222222,0.5,0.25,0.125,0.1111111111111111,0.1111111111111111,0
NATGPRPALFVPEVS,1554.7449000000001,0.026666666666666655,0.06666666666666667,48.75333333333333,-0.23709792373748817,78.0,0.6,0.26666666666666666,0.13333333333333333,0.2857142857142857,0.0,0.2857142857142857,0.06666666666666667,0.06666666666666667,0
KEPVSTNAVQR,1228.3554,-1.0727272727272725,0.0,30.445454545454545,0.7619030752635112,61.81818181818183,0.36363636363636365,0.36363636363636365,0.2727272727272727,0.3,0.1,0.1,0.18181818181818182,0.09090909090909091,0
PNIGENWPTRVR,1438.59,-1.3333333333333333,0.08333333333333334,30.858333333333334,0.9613193297515634,56.66666666666666,0.4166666666666667,0.3333333333333333,0.25,0.45454545454545453,0.2727272727272727,0.18181818181818182,0.16666666666666666,0.08333333333333333,0
LTCTEEMAQR,1181.3404,-0.64,0.0,105.80000000000001,-1.244188451863288,49.0,0.3,0.3,0.4,0.2222222222222222,0.4444444444444444,0.1111111111111111,0.1,0.2,0
LEEDGIITPVLK,1326.5348,0.3083333333333333,0.0,54.28333333333334,-2.234155701923433,154.16666666666663,0.5,0.16666666666666666,0.3333333333333333,0.2727272727272727,0.09090909090909091,0.18181818181818182,0.08333333333333333,0.25,0
EDLRPSAPQQEGEA,1526.5611999999999,-1.6071428571428572,0.0,113.95714285714287,-3.1564406963157428,42.14285714285714,0.35714285714285715,0.2857142857142857,0.35714285714285715,0.23076923076923078,0.23076923076923078,0.3076923076923077,0.07142857142857142,0.2857142857142857,0
KDQIVDLTVGNN,1315.4291999999998,-0.48333333333333334,0.0,-24.583333333333336,-1.238655864930009,113.33333333333331,0.3333333333333333,0.4166666666666667,0.25,0.36363636363636365,0.09090909090909091,0.18181818181818182,0.08333333333333333,0.16666666666666666,0
YYLEQSVPELEDLK,1725.8889,-0.7714285714285715,0.14285714285714288,97.10714285714285,-3.2333432419482246,104.28571428571428,0.35714285714285715,0.2857142857142857,0.35714285714285715,0.15384615384615385,0.07692307692307693,0.46153846153846156,0.07142857142857142,0.2857142857142857,0
GDFDVSVPK,963.0419999999999,-0.2777777777777778,0.1111111111111111,35.62222222222223,-1.238655864930009,64.44444444444444,0.4444444444444444,0.2222222222222222,0.3333333333333333,0.25,0.125,0.5,0.1111111111111111,0.2222222222222222,0
RPWTAGNGNPR,1225.3165999999999,-1.8,0.09090909090909091,-28.25454545454545,1.7600816143893008,9.090909090909092,0.36363636363636365,0.45454545454545453,0.18181818181818182,0.4,0.0,0.2,0.18181818181818182,0.0,0
WMEPAIPVF,1089.3059,0.8444444444444444,0.2222222222222222,96.20000000000002,-1.2370879238374872,86.66666666666666,0.8888888888888888,0.0,0.1111111111111111,0.0,0.0,0.25,0.0,0.1111111111111111,0
AQALTDQQQFGK,1334.4342,-1.0250000000000001,0.08333333333333334,27.908333333333335,-0.20400365220506944,49.16666666666666,0.3333333333333333,0.5,0.16666666666666666,0.45454545454545453,0.2727272727272727,0.0,0.08333333333333333,0.08333333333333333,0
QVISQLPR,940.0980999999999,-0.17500000000000002,0.0,38.050000000000004,0.7600916142893016,133.75,0.5,0.375,0.125,0.42857142857142855,0.0,0.14285714285714285,0.125,0.0,0
TEELTSALVHLK,1340.5217,0.09166666666666663,0.0,45.30833333333333,-1.5100072944313656,130.0,0.4166666666666667,0.3333333333333333,0.25,0.36363636363636365,0.09090909090909091,0.18181818181818182,0.08333333333333333,0.16666666666666666,0
TQWPSPEEYDK,1379.4269,-2.2545454545454544,0.18181818181818182,118.93636363636362,-2.597059722745109,0.0,0.2727272727272727,0.36363636363636365,0.36363636363636365,0.3,0.2,0.1,0.09090909090909091,0.2727272727272727,0
TGILINVECK,1089.3061,0.75,0.0,55.22,-0.6098929347581725,146.0,0.4,0.3,0.3,0.3333333333333333,0.0,0.1111111111111111,0.1,0.1,0
TQVIEANMNK,1147.3024,-0.6199999999999999,0.0,61.54,-0.5999919446591626,78.0,0.4,0.4,0.2,0.4444444444444444,0.1111111111111111,0.2222222222222222,0.1,0.1,0
ERPDLVNHFTK,1355.4981,-1.2363636363636363,0.09090909090909091,10.31818181818182,-0.07588643300657694,61.81818181818183,0.36363636363636365,0.2727272727272727,0.36363636363636365,0.3,0.1,0.3,0.18181818181818182,0.18181818181818182,0
LSIIPQDSQVFEGTVR,1788.9944,0.07499999999999998,0.0625,45.706250000000004,-1.2359771627976435,109.375,0.4375,0.375,0.1875,0.3333333333333333,0.2,0.13333333333333333,0.0625,0.125,0
GESTVFR,794.8522999999999,-0.41428571428571426,0.14285714285714288,25.314285714285717,-0.23709792373748817,41.42857142857142,0.2857142857142857,0.42857142857142855,0.2857142857142857,0.16666666666666666,0.3333333333333333,0.16666666666666666,0.14285714285714285,0.14285714285714285,0
SGIGPVIH,778.8959,0.85,0.0,37.6375,-0.4526793525278141,133.75,0.5,0.5,0.0,0.5714285714285714,0.0,0.0,0.0,0.0,0
TPSEADRWLEEVSK,1646.7528,-1.2428571428571427,0.07142857142857144,98.36428571428573,-2.593260259672898,55.71428571428571,0.35714285714285715,0.21428571428571427,0.42857142857142855,0.23076923076923078,0.15384615384615385,0.38461538461538464,0.14285714285714285,0.2857142857142857,0
SQNQVTIPSQDQEHGHK,1933.0005999999998,-1.788235294117647,0.0,53.89411764705883,-1.362572942359173,40.0,0.17647058823529413,0.6470588235294118,0.17647058823529413,0.25,0.3125,0.0,0.058823529411764705,0.11764705882352941,0
YNAALEASK,966.046,-0.4222222222222222,0.1111111111111111,8.88888888888889,-0.23908592583548893,76.66666666666666,0.4444444444444444,0.3333333333333333,0.2222222222222222,0.25,0.125,0.25,0.1111111111111111,0.1111111111111111,0
GRCDETAAAK,1021.1065000000001,-0.86,0.0,28.26,-0.246877153895654,30.0,0.3,0.2,0.5,0.1111111111111111,0.2222222222222222,0.1111111111111111,0.2,0.2,0
VIVTGANFTR,1077.234,0.77,0.1,-39.99,0.7339783900551512,107.0,0.5,0.4,0.1,0.5555555555555556,0.1111111111111111,0.0,0.1,0.0,0
SLHQYISPK,1072.2143,-0.7555555555555556,0.1111111111111111,49.333333333333336,0.5453226454741842,86.66666666666666,0.3333333333333333,0.5555555555555556,0.1111111111111111,0.625,0.0,0.125,0.1111111111111111,0.0,0
CLEAILQNSPDAK,1401.5847999999999,-0.16153846153846158,0.0,91.93846153846154,-1.246867153995653,105.38461538461539,0.46153846153846156,0.23076923076923078,0.3076923076923077,0.16666666666666666,0.0,0.5,0.07692307692307693,0.15384615384615385,0
AAHDSGEVEK,1042.0577,-1.1,0.0,12.23,-2.1112085400040623,49.0,0.3,0.3,0.4,0.1111111111111111,0.3333333333333333,0.2222222222222222,0.1,0.3,0
KKFKDPNAP,1044.2043,-1.9222222222222223,0.1111111111111111,13.588888888888892,1.7582253721321448,11.11111111111111,0.4444444444444444,0.1111111111111111,0.4444444444444444,0.25,0.0,0.375,0.3333333333333333,0.1111111111111111,0
KRGLPDQMLY,1220.4408,-0.9200000000000002,0.1,44.830000000000005,0.7592143732311445,78.0,0.4,0.3,0.3,0.3333333333333333,0.2222222222222222,0.1111111111111111,0.2,0.1,0
TTYPCSCEK,1031.1609,-0.8333333333333334,0.1111111111111111,50.44444444444445,-0.6207929258561835,0.0,0.1111111111111111,0.4444444444444444,0.4444444444444444,0.125,0.25,0.125,0.1111111111111111,0.1111111111111111,0
FVDLYGA,783.8675,1.0571428571428572,0.28571428571428575,-37.15714285714286,-1.2397766258698537,111.42857142857142,0.5714285714285714,0.2857142857142857,0.14285714285714285,0.3333333333333333,0.0,0.3333333333333333,0.0,0.14285714285714285,0
ICDEITGRVPK,1230.4342,-0.21818181818181817,0.0,53.900000000000006,-0.246877153895654,97.27272727272728,0.36363636363636365,0.18181818181818182,0.45454545454545453,0.1,0.1,0.4,0.18181818181818182,0.18181818181818182,0
LLEPLDYETVIEELEK,1933.1563,-0.28750000000000003,0.0625,64.5375,-5.226723317002803,140.0,0.4375,0.125,0.4375,0.06666666666666667,0.2,0.4,0.0625,0.375,0
AIKTIQKNTIF,1276.524,0.17272727272727273,0.09090909090909091,-6.345454545454546,1.7938765858560854,115.45454545454544,0.45454545454545453,0.36363636363636365,0.18181818181818182,0.3,0.3,0.1,0.18181818181818182,0.0,0
NYADSVEGR,1010.0156999999999,-1.2777777777777777,0.1111111111111111,47.16666666666667,-1.2369761637966445,43.33333333333333,0.2222222222222222,0.4444444444444444,0.3333333333333333,0.25,0.375,0.25,0.1111111111111111,0.2222222222222222,0
LDAATQQLLSR,1215.3565999999998,-0.1363636363636364,0.0,37.25454545454546,-0.2387876247708538,124.54545454545453,0.45454545454545453,0.36363636363636365,0.18181818181818182,0.3,0.1,0.2,0.09090909090909091,0.09090909090909091,0
AALLDINCVK,1059.2801,1.15,0.0,-4.3,-0.21390464230407913,166.0,0.6,0.1,0.3,0.1111111111111111,0.1111111111111111,0.4444444444444444,0.1,0.1,0
SPVCQSFTK,996.1382000000001,-0.2,0.1111111111111111,119.55555555555556,0.44924646811958846,32.22222222222222,0.3333333333333333,0.4444444444444444,0.2222222222222222,0.375,0.25,0.125,0.1111111111111111,0.0,0
LQTTEESFIPLT,1378.5233,-0.008333333333333378,0.08333333333333334,93.20000000000002,-2.234277461864277,97.49999999999999,0.4166666666666667,0.4166666666666667,0.16666666666666666,0.2727272727272727,0.18181818181818182,0.0,0.0,0.16666666666666666,0
SMMDMAR,841.0315999999999,-0.18571428571428575,0.0,22.08571428571429,-0.5387427797425575,14.285714285714285,0.5714285714285714,0.14285714285714285,0.2857142857142857,0.16666666666666666,0.0,0.5,0.14285714285714285,0.14285714285714285,0
TTSPFKNTEIK,1265.4121,-1.0909090909090908,0.09090909090909091,72.46363636363637,0.39900905434183676,35.45454545454546,0.2727272727272727,0.45454545454545453,0.2727272727272727,0.1,0.2,0.3,0.18181818181818182,0.09090909090909091,0
RLQYTEHQQLEGW,1687.8093999999999,-1.6076923076923078,0.15384615384615385,55.300000000000004,-1.1481122745086922,60.0,0.23076923076923078,0.5384615384615384,0.23076923076923078,0.25,0.25,0.16666666666666666,0.07692307692307693,0.15384615384615385,0
YMFYPLLVLPR,1411.7513999999999,0.9090909090909091,0.2727272727272727,100.54636363636364,0.7580936122912996,132.72727272727272,0.7272727272727273,0.18181818181818182,0.09090909090909091,0.3,0.0,0.1,0.09090909090909091,0.0,0
AAVDVFK,748.8666,1.0571428571428572,0.14285714285714288,-34.371428571428574,-0.20400365220506944,111.42857142857142,0.7142857142857143,0.0,0.2857142857142857,0.0,0.0,0.5,0.14285714285714285,0.14285714285714285,0
VASQLGQK,829.9411,-0.2875,0.0,32.825,0.7329893889561515,97.5,0.375,0.5,0.125,0.42857142857142855,0.14285714285714285,0.0,0.125,0.0,0
ALAQISLPR,968.1513,0.5888888888888889,0.0,21.911111111111115,0.7958645879540859,152.2222222222222,0.6666666666666666,0.2222222222222222,0.1111111111111111,0.5,0.0,0.125,0.1111111111111111,0.0,0
EVLLDIKR,985.1785,0.11249999999999999,0.0,38.8875,-0.16306062126116405,182.5,0.5,0.0,0.5,0.0,0.0,0.5714285714285714,0.25,0.25,0
HQQLSDLHR,1133.2178999999999,-1.6222222222222225,0.0,30.28888888888889,-0.06443924826168002,86.66666666666666,0.2222222222222222,0.5555555555555556,0.2222222222222222,0.375,0.25,0.125,0.1111111111111111,0.1111111111111111,0
VLACTDQQYLVPK,1477.7237,0.1769230769230769,0.07692307692307693,91.93846153846154,-0.27678984120201466,112.3076923076923,0.46153846153846156,0.3076923076923077,0.23076923076923078,0.08333333333333333,0.25,0.16666666666666666,0.07692307692307693,0.07692307692307693,0
DGEEVAMR,905.9726,-0.9375,0.0,30.650000000000006,-2.2331667008244334,48.75,0.375,0.125,0.5,0.0,0.2857142857142857,0.2857142857142857,0.125,0.375,0
IVEEINRK,1000.1501000000001,-0.7124999999999999,0.0,62.962500000000006,-0.2352864627632787,133.75,0.375,0.125,0.5,0.14285714285714285,0.14285714285714285,0.2857142857142857,0.25,0.25,0
FGAPNVVEDEIDQYLSK,1924.0681,-0.45294117647058824,0.11764705882352942,33.97058823529412,-3.23403394198259,85.88235294117646,0.4117647058823529,0.29411764705882354,0.29411764705882354,0.375,0.125,0.1875,0.058823529411764705,0.23529411764705882,0
SQGAIPFVK,946.1008999999999,0.34444444444444444,0.1111111111111111,35.85555555555556,0.45914745821859826,86.66666666666666,0.5555555555555556,0.3333333333333333,0.1111111111111111,0.125,0.0,0.125,0.1111111111111111,0.0,0
ALDVCPFIPVR,1229.4905999999999,1.1454545454545455,0.09090909090909091,59.0,-0.21291564120507922,132.72727272727275,0.7272727272727273,0.0,0.2727272727272727,0.0,0.0,0.5,0.09090909090909091,0.09090909090909091,0
SVHTQVNTNTTLPK,1539.6889999999999,-0.7571428571428571,0.0,-15.97857142857143,0.5463216464731852,69.28571428571428,0.2857142857142857,0.6428571428571429,0.07142857142857142,0.38461538461538464,0.0,0.07692307692307693,0.07142857142857142,0.0,0
TPSNEHAAVWVPDSEATVC,2013.1448999999998,-0.19999999999999998,0.052631578947368425,37.61578947368422,-3.5177885225915295,61.57894736842105,0.47368421052631576,0.3157894736842105,0.21052631578947367,0.2777777777777778,0.2222222222222222,0.16666666666666666,0.0,0.15789473684210525,0
PATGTGAVQTEAMK,1361.521,-0.2785714285714285,0.0,12.542857142857144,-0.03965967144743532,42.14285714285714,0.42857142857142855,0.42857142857142855,0.14285714285714285,0.23076923076923078,0.07692307692307693,0.15384615384615385,0.07142857142857142,0.07142857142857142,0
GVAYDVPNAVFLEQK,1649.8406999999997,0.10666666666666667,0.13333333333333333,50.8,-1.2379651648956442,97.33333333333333,0.5333333333333333,0.26666666666666666,0.2,0.2857142857142857,0.21428571428571427,0.14285714285714285,0.06666666666666667,0.13333333333333333,0
ARGGSPAPLPAK,1121.2901,-0.46666666666666673,0.0,113.19166666666668,1.7948655869550851,57.49999999999999,0.5833333333333334,0.25,0.16666666666666666,0.09090909090909091,0.09090909090909091,0.18181818181818182,0.16666666666666666,0.0,0
KGPFIEK,817.9717999999999,-0.8571428571428571,0.14285714285714288,86.72857142857143,0.7609140741645111,55.71428571428571,0.42857142857142855,0.14285714285714285,0.42857142857142855,0.16666666666666666,0.16666666666666666,0.16666666666666666,0.2857142857142857,0.14285714285714285,0
LHFLQEYL,1062.2176,0.3374999999999999,0.25,60.61250000000001,-1.1509127365819012,146.25,0.5,0.375,0.125,0.5714285714285714,0.2857142857142857,0.0,0.0,0.125,0
LPQAEALDR,1012.1178,-0.6000000000000001,0.0,43.31111111111112,-1.2359771627976435,108.88888888888889,0.5555555555555556,0.1111111111111111,0.3333333333333333,0.25,0.0,0.375,0.1111111111111111,0.2222222222222222,0
GVTEAAEK,803.8576,-0.5249999999999999,0.0,22.212500000000006,-1.2352764628632777,61.25,0.375,0.25,0.375,0.2857142857142857,0.14285714285714285,0.2857142857142857,0.125,0.25,0
PVTDDTLK,887.9739999999999,-0.7375,0.0,-7.187499999999998,-1.0402286115409565,85.0,0.375,0.25,0.375,0.2857142857142857,0.2857142857142857,0.14285714285714285,0.125,0.25,0
KLDENNTPEGEGYNVLQNNGR,2361.4373,-1.7333333333333332,0.047619047619047616,10.447619047619046,-2.2323542408492245,50.95238095238095,0.19047619047619047,0.5238095238095238,0.2857142857142857,0.15,0.25,0.15,0.09523809523809523,0.19047619047619047,0
PVLTVHPESK,1106.2721,-0.31,0.0,62.02000000000001,0.047514516807151796,97.0,0.5,0.3,0.2,0.4444444444444444,0.2222222222222222,0.1111111111111111,0.1,0.1,0
GGLSLVCK,775.9566,1.1,0.0,24.175,0.7492016230912921,133.75,0.375,0.375,0.25,0.42857142857142855,0.0,0.14285714285714285,0.125,0.0,0
TDFTPWTTEEQK,1482.5466999999999,-1.7,0.16666666666666669,47.225,-2.596060721746108,0.0,0.25,0.4166666666666667,0.3333333333333333,0.2727272727272727,0.36363636363636365,0.09090909090909091,0.08333333333333333,0.25,0
TGEMILK,790.968,0.24285714285714283,0.0,1.0571428571428574,-0.5999919446591626,111.42857142857142,0.42857142857142855,0.2857142857142857,0.2857142857142857,0.0,0.16666666666666666,0.3333333333333333,0.14285714285714285,0.14285714285714285,0
EQEVNILKK,1100.2659,-1.0333333333333334,0.0,112.4777777777778,-0.16235992132679833,118.88888888888889,0.3333333333333333,0.2222222222222222,0.4444444444444444,0.25,0.25,0.25,0.2222222222222222,0.2222222222222222,0
LLAVIGDR,856.0214000000001,1.2125,0.0,-0.675,-0.2387876247708538,195.0,0.625,0.125,0.25,0.14285714285714285,0.14285714285714285,0.0,0.125,0.125,0
AAIVQAESEETK,1275.3623,-0.44166666666666665,0.0,61.358333333333334,-2.196693027225283,81.66666666666666,0.4166666666666667,0.25,0.3333333333333333,0.18181818181818182,0.36363636363636365,0.09090909090909091,0.08333333333333333,0.25,0
ETIYLNVPEEQDQK,1705.8165,-1.3928571428571428,0.07142857142857144,86.25714285714287,-3.1584286984137435,76.42857142857142,0.2857142857142857,0.35714285714285715,0.35714285714285715,0.38461538461538464,0.38461538461538464,0.07692307692307693,0.07142857142857142,0.2857142857142857,0
IFPGSNIQGVNLPDTR,1727.9146,-0.2625,0.0625,46.80625,-0.2387876247708538,91.25,0.4375,0.4375,0.125,0.4,0.13333333333333333,0.06666666666666667,0.0625,0.0625,0
KDIFQEVYEAQ,1369.4749,-0.8545454545454546,0.18181818181818182,12.890909090909094,-2.235154702922434,70.90909090909092,0.36363636363636365,0.2727272727272727,0.36363636363636365,0.3,0.2,0.3,0.09090909090909091,0.2727272727272727,0
DKWLLVE,902.0450999999999,-1.586032892321652e-17,0.14285714285714288,14.071428571428571,-1.2317288841291534,152.85714285714283,0.5714285714285714,0.0,0.42857142857142855,0.0,0.0,0.3333333333333333,0.14285714285714285,0.2857142857142857,0
LATKGCEDVR,1091.2393,-0.42000000000000004,0.0,19.770000000000003,-0.246877153895654,78.0,0.3,0.2,0.5,0.1111111111111111,0.3333333333333333,0.2222222222222222,0.2,0.2,0
YLDCVMH,880.0427,0.6285714285714284,0.14285714285714288,79.62857142857143,-1.1625034277142765,97.14285714285714,0.42857142857142855,0.2857142857142857,0.2857142857142857,0.3333333333333333,0.0,0.3333333333333333,0.0,0.14285714285714285,0
EHPVLALPGAPAQFPVLEEH,2151.4195,0.03999999999999995,0.05,66.58500000000001,-2.9832030808464123,102.5,0.65,0.2,0.15,0.2631578947368421,0.10526315789473684,0.05263157894736842,0.0,0.15,0
DGSGRSIIV,902.9918,0.3111111111111111,0.0,48.27777777777778,-0.2387876247708538,118.88888888888889,0.3333333333333333,0.4444444444444444,0.2222222222222222,0.125,0.375,0.0,0.1111111111111111,0.1111111111111111,0
TAITHVHKEE,1164.2685,-0.82,0.0,65.28,-1.4175958264092885,78.0,0.3,0.4,0.3,0.4444444444444444,0.1111111111111111,0.0,0.1,0.2,0
LGENIGMK,861.018,-0.18750000000000003,0.0,54.25,-0.23808692483648786,97.5,0.375,0.375,0.25,0.5714285714285714,0.2857142857142857,0.14285714285714285,0.125,0.125,0
SCVYPSSEK,999.0958,-0.6666666666666666,0.1111111111111111,106.2666666666667,-0.5489420709062025,32.22222222222222,0.2222222222222222,0.4444444444444444,0.3333333333333333,0.375,0.25,0.125,0.1111111111111111,0.1111111111111111,0
SIEDFIFVPLPDDAPHK,1940.1553,-0.13529411764705887,0.11764705882352942,85.63529411764706,-3.4475056087340707,91.76470588235293,0.5882352941176471,0.11764705882352941,0.29411764705882354,0.125,0.0625,0.25,0.058823529411764705,0.23529411764705882,0
SVATADSTAR,978.0155,-0.13999999999999996,0.0,19.770000000000003,-0.5387427797425575,59.0,0.4,0.4,0.2,0.4444444444444444,0.1111111111111111,0.2222222222222222,0.1,0.1,0
FGIWGGLSER,1121.2450999999999,0.019999999999999952,0.2,21.740000000000002,-0.23709792373748817,78.0,0.4,0.4,0.2,0.5555555555555556,0.1111111111111111,0.0,0.1,0.1,0
HAQMHAAVGQLGR,1375.5588999999998,-0.26153846153846155,0.0,46.761538461538464,0.9344399907984754,75.38461538461539,0.46153846153846156,0.46153846153846156,0.07692307692307693,0.6666666666666666,0.08333333333333333,0.0,0.07692307692307693,0.0,0
LHFDQEVNHY,1301.3627,-1.09,0.2,74.17,-2.0626177873874694,68.0,0.3,0.5,0.2,0.3333333333333333,0.2222222222222222,0.2222222222222222,0.0,0.2,0
VTESIAIDR,1003.1077,0.2222222222222222,0.0,33.87777777777778,-1.2620903870317939,130.0,0.4444444444444444,0.2222222222222222,0.3333333333333333,0.25,0.25,0.125,0.1111111111111111,0.2222222222222222,0
EDPNLVPSITN,1198.2797,-0.5636363636363636,0.0,47.95454545454545,-2.162051620362162,97.27272727272728,0.45454545454545453,0.36363636363636365,0.18181818181818182,0.5,0.0,0.1,0.0,0.18181818181818182,0
AVFPCPSEPALSK,1345.5629,0.23846153846153845,0.07692307692307693,92.32307692307695,-0.21221494127071372,67.6923076923077,0.6153846153846154,0.15384615384615385,0.23076923076923078,0.16666666666666666,0.16666666666666666,0.25,0.07692307692307693,0.07692307692307693,0
TVTGEPCHFPFQYHR,1819.007,-0.7933333333333333,0.2,44.50000000000001,-0.4355545581489999,19.333333333333332,0.3333333333333333,0.4666666666666667,0.2,0.2857142857142857,0.21428571428571427,0.14285714285714285,0.06666666666666667,0.06666666666666667,0
QMIEEYDDK,1170.2464,-1.8111111111111111,0.1111111111111111,110.81111111111112,-3.23403394198259,43.33333333333333,0.2222222222222222,0.2222222222222222,0.5555555555555556,0.125,0.25,0.125,0.1111111111111111,0.4444444444444444,0
VVDIGYER,950.0465000000002,-0.037499999999999964,0.125,-30.075,-1.263089388030795,121.25,0.375,0.25,0.375,0.14285714285714285,0.14285714285714285,0.2857142857142857,0.125,0.25,0
LDKVEELK,973.1215,-0.8125,0.0,17.6625,-1.2351547029224341,133.75,0.375,0.0,0.625,0.0,0.0,0.7142857142857143,0.25,0.375,0
AIDDPLLR,912.0417,0.09999999999999995,0.0,32.825,-1.201893890166225,158.75,0.625,0.0,0.375,0.0,0.0,0.42857142857142855,0.125,0.25,0
LEAFQVSHPCRQPDTPAELRT,2395.6492,-0.7619047619047619,0.047619047619047616,26.90952380952381,-1.1559035025688567,60.47619047619047,0.42857142857142855,0.2857142857142857,0.2857142857142857,0.3,0.15,0.35,0.09523809523809523,0.14285714285714285,0
NLELINTWVAK,1300.5022999999999,0.19090909090909092,0.09090909090909091,-20.009090909090908,-0.23808692483648786,141.8181818181818,0.5454545454545454,0.2727272727272727,0.18181818181818182,0.3,0.0,0.3,0.09090909090909091,0.09090909090909091,0
PEAIEEVK,914.0113000000001,-0.6875,0.0,122.54999999999998,-2.0340387475010147,97.5,0.5,0.0,0.5,0.0,0.0,0.7142857142857143,0.125,0.375,0
ALLEIPLTVTHPVVR,1657.9938000000002,0.9666666666666667,0.0,25.513333333333335,-0.11415076181811701,168.66666666666669,0.6666666666666666,0.2,0.13333333333333333,0.2857142857142857,0.0,0.21428571428571427,0.06666666666666667,0.06666666666666667,0
TTDTASVQNEA,1136.1243,-0.8272727272727273,0.0,-4.572727272727272,-2.597872182720317,44.54545454545455,0.2727272727272727,0.5454545454545454,0.18181818181818182,0.4,0.3,0.1,0.0,0.18181818181818182,0
GYMESVQK,941.0596,-0.9125,0.125,77.13749999999999,-0.23908592583548893,36.25,0.25,0.5,0.25,0.42857142857142855,0.2857142857142857,0.14285714285714285,0.125,0.125,0
VALENDDR,930.9589000000001,-1.0875,0.0,-0.675,-2.2609696260919496,97.5,0.375,0.125,0.5,0.0,0.2857142857142857,0.14285714285714285,0.125,0.375,0
HFFEFLTKEL,1310.4954,0.11999999999999991,0.3,-1.3699999999999992,-1.1481022746086909,78.0,0.5,0.2,0.3,0.2222222222222222,0.1111111111111111,0.3333333333333333,0.1,0.2,0
KYLNGPAE,890.9793999999999,-1.075,0.125,14.037500000000003,-0.23384864606799893,61.25,0.375,0.375,0.25,0.42857142857142855,0.14285714285714285,0.14285714285714285,0.125,0.125,0
RGYESNINW,1138.1895,-1.5444444444444445,0.2222222222222222,40.34444444444445,-0.23809692473648925,43.33333333333333,0.2222222222222222,0.5555555555555556,0.2222222222222222,0.375,0.375,0.0,0.1111111111111111,0.1111111111111111,0
VVRLHINSW,1123.3073,0.4222222222222222,0.1111111111111111,57.71111111111111,0.8211525783097381,151.1111111111111,0.5555555555555556,0.3333333333333333,0.1111111111111111,0.5,0.0,0.25,0.1111111111111111,0.0,0
NSGPPTPPVTEGEVR,1536.6421,-1.0666666666666667,0.0,50.00666666666666,-1.234287461764278,38.666666666666664,0.4,0.4,0.2,0.2857142857142857,0.21428571428571427,0.14285714285714285,0.06666666666666667,0.13333333333333333,0
LAEEMVER,976.1055000000001,-0.4125,0.0,49.5,-2.2314769997910675,97.5,0.5,0.0,0.5,0.0,0.0,0.42857142857142855,0.125,0.375,0
NLGLSKEDPASR,1286.3915,-1.0916666666666666,0.0,57.31666666666667,-0.2369761637966441,73.33333333333331,0.3333333333333333,0.3333333333333333,0.3333333333333333,0.45454545454545453,0.18181818181818182,0.09090909090909091,0.16666666666666666,0.16666666666666666,0
YVPTPDR,846.9268999999999,-1.2857142857142858,0.14285714285714288,14.542857142857148,-0.23978662576985488,41.42857142857142,0.42857142857142855,0.2857142857142857,0.2857142857142857,0.5,0.0,0.16666666666666666,0.14285714285714285,0.14285714285714285,0
AVFKSRVVAGEVQ,1389.5986999999998,0.5076923076923078,0.07692307692307693,6.684615384615386,0.7976760489282952,104.61538461538461,0.5384615384615384,0.23076923076923078,0.23076923076923078,0.16666666666666666,0.25,0.25,0.15384615384615385,0.07692307692307693,0
ATFMYEQFPELM,1506.7399,0.07499999999999994,0.25,73.19999999999999,-2.1995034891984937,40.83333333333333,0.5833333333333334,0.25,0.16666666666666666,0.36363636363636365,0.18181818181818182,0.18181818181818182,0.0,0.16666666666666666,0
NEFPEDLR,1019.0656000000001,-1.6875,0.125,102.70000000000002,-2.2331667008244334,48.75,0.375,0.125,0.5,0.0,0.14285714285714285,0.5714285714285714,0.125,0.375,0
EKQEEYAQK,1152.2114,-2.7555555555555555,0.1111111111111111,119.0888888888889,-1.1605484603525889,11.11111111111111,0.1111111111111111,0.3333333333333333,0.5555555555555556,0.25,0.5,0.0,0.2222222222222222,0.3333333333333333,0
VINESALEK,1002.1196,-0.09999999999999999,0.0,30.28888888888889,-1.2613896870974282,130.0,0.4444444444444444,0.2222222222222222,0.3333333333333333,0.25,0.25,0.125,0.1111111111111111,0.2222222222222222,0
DEGIRPSTTMEGLAK,1604.7806999999998,-0.7666666666666667,0.0,29.35333333333333,-1.234165701823434,58.666666666666664,0.3333333333333333,0.3333333333333333,0.3333333333333333,0.2857142857142857,0.14285714285714285,0.2857142857142857,0.13333333333333333,0.2,0
SFEAIDLHHNIYENGK,1887.0131000000001,-0.80625,0.125,32.224999999999994,-2.360761481384964,79.375,0.3125,0.4375,0.25,0.26666666666666666,0.2,0.26666666666666666,0.0625,0.1875,0
VAAGVLCEL,874.0565,2.022222222222222,0.0,8.88888888888889,-1.2731021381706473,173.33333333333331,0.6666666666666666,0.1111111111111111,0.2222222222222222,0.25,0.0,0.25,0.0,0.1111111111111111,0
ISRSGELAQEY,1252.3304,-0.7454545454545456,0.09090909090909091,77.2,-1.2352864627632791,80.00000000000001,0.2727272727272727,0.45454545454545453,0.2727272727272727,0.2,0.5,0.1,0.09090909090909091,0.18181818181818182,0
FGNTHALIL,985.1369,0.9888888888888887,0.1111111111111111,11.422222222222224,-0.15272419755611044,141.1111111111111,0.5555555555555556,0.4444444444444444,0.0,0.25,0.0,0.0,0.0,0.0,0
LQVAEHEVTR,1181.2989,-0.49000000000000005,0.0,18.03,-1.1471132735096912,107.0,0.4,0.3,0.3,0.3333333333333333,0.3333333333333333,0.2222222222222222,0.1,0.2,0
RVAAELQAGTCY,1281.4378,0.16666666666666666,0.08333333333333334,29.258333333333333,-0.24799791483549916,81.66666666666666,0.4166666666666667,0.3333333333333333,0.25,0.2727272727272727,0.18181818181818182,0.2727272727272727,0.08333333333333333,0.08333333333333333,0
LLSSPDDAVIWR,1371.5372,0.2083333333333333,0.08333333333333334,55.55,-1.2376668638310093,129.99999999999997,0.5833333333333334,0.16666666666666666,0.25,0.18181818181818182,0.0,0.2727272727272727,0.08333333333333333,0.16666666666666666,0
DEMESSSYR,1103.1175,-1.8666666666666667,0.1111111111111111,54.300000000000004,-2.2341657018234344,0.0,0.1111111111111111,0.4444444444444444,0.4444444444444444,0.0,0.25,0.25,0.1111111111111111,0.3333333333333333,0
ASVPAQAPK,867.9892,-0.19999999999999998,0.0,73.08888888888889,0.794875586855086,65.55555555555554,0.6666666666666666,0.2222222222222222,0.1111111111111111,0.5,0.0,0.125,0.1111111111111111,0.0,0
EFGSEPSEIVDALLSK,1720.8709000000001,-0.08750000000000002,0.0625,54.86250000000001,-3.1574296974147424,97.5,0.4375,0.25,0.3125,0.2,0.2,0.3333333333333333,0.0625,0.25,0
PLPGFDVIYPK,1245.4651,0.12727272727272723,0.18181818181818182,49.03636363636363,-0.042348373479802026,97.27272727272728,0.6363636363636364,0.18181818181818182,0.18181818181818182,0.4,0.0,0.3,0.09090909090909091,0.09090909090909091,0
LAQWSNK,845.9421,-1.0,0.14285714285714288,42.4,0.7591026131903019,70.0,0.42857142857142855,0.42857142857142855,0.14285714285714285,0.5,0.16666666666666666,0.0,0.14285714285714285,0.0,0
LNSTPTTPTHNGPTPLPA,1815.9769999999999,-0.75,0.0,35.650000000000006,-0.15272419755611044,48.888888888888886,0.4444444444444444,0.5555555555555556,0.0,0.47058823529411764,0.0,0.0,0.0,0.0,0
TGPTVTQVKAEK,1258.4212,-0.725,0.0,-19.95,0.39900905434183676,56.66666666666666,0.3333333333333333,0.4166666666666667,0.25,0.45454545454545453,0.0,0.2727272727272727,0.16666666666666666,0.08333333333333333,0
DLGDINAEQLPGR,1397.4901,-0.8076923076923077,0.0,38.861538461538466,-2.234856401857799,97.6923076923077,0.38461538461538464,0.3076923076923077,0.3076923076923077,0.4166666666666667,0.25,0.25,0.07692307692307693,0.23076923076923078,0
IALNPGGRPKEPHLHSY,1886.1179000000002,-0.9176470588235295,0.05882352941176471,37.635294117647064,0.9352524507736839,74.70588235294116,0.4117647058823529,0.4117647058823529,0.17647058823529413,0.375,0.0625,0.1875,0.11764705882352941,0.058823529411764705,0
APPNALPENLLRK,1432.6667,-0.6692307692307693,0.0,81.86153846153847,0.7976760489282952,105.38461538461539,0.6153846153846154,0.15384615384615385,0.23076923076923078,0.25,0.08333333333333333,0.16666666666666666,0.15384615384615385,0.07692307692307693,0
LGWSQDSHELHYAQR,1826.9215,-1.3133333333333332,0.13333333333333333,101.16,-1.0626277872874708,58.666666666666664,0.26666666666666666,0.5333333333333333,0.2,0.42857142857142855,0.2857142857142857,0.07142857142857142,0.06666666666666667,0.13333333333333333,0
ITLAKPAPQTLTGL,1423.6963999999998,0.45714285714285713,0.0,39.10714285714286,0.7591026131903019,125.7142857142857,0.5714285714285714,0.35714285714285715,0.07142857142857142,0.46153846153846156,0.0,0.15384615384615385,0.07142857142857142,0.0,0
PGLYHYCF,999.1418000000001,0.16249999999999992,0.375,79.1,0.03380406373593048,48.75,0.375,0.5,0.125,0.42857142857142855,0.14285714285714285,0.14285714285714285,0.0,0.0,0
WYSTEMQK,1072.1911,-1.5875,0.25,23.400000000000002,-0.23908592583548893,0.0,0.25,0.5,0.25,0.2857142857142857,0.2857142857142857,0.14285714285714285,0.125,0.125,0
HISLQAEQEDTQKK,1654.7765,-1.6714285714285713,0.0,89.10714285714285,-1.147980514667847,62.85714285714285,0.21428571428571427,0.42857142857142855,0.35714285714285715,0.38461538461538464,0.3076923076923077,0.07692307692307693,0.14285714285714285,0.21428571428571427,0
DKVYVHLK,1001.1794,-0.44999999999999996,0.125,-32.512499999999996,0.8453995603867315,121.25,0.375,0.25,0.375,0.5714285714285714,0.0,0.2857142857142857,0.25,0.125,0
DKTPLQCVMEV,1262.4958,-0.009090909090909078,0.0,17.3,-1.246867153995653,88.18181818181819,0.45454545454545453,0.18181818181818182,0.36363636363636365,0.2,0.2,0.3,0.09090909090909091,0.18181818181818182,0
TFVHCATIYK,1182.3911,0.6,0.2,21.34,0.4734717905242032,78.0,0.4,0.4,0.2,0.5555555555555556,0.2222222222222222,0.1111111111111111,0.1,0.0,0
PNEIDAIGITNQR,1440.5578999999998,-0.7230769230769231,0.0,0.1538461538461567,-1.037549909408591,97.6923076923077,0.38461538461538464,0.38461538461538464,0.23076923076923078,0.3333333333333333,0.16666666666666666,0.25,0.07692307692307693,0.15384615384615385,0
LEKVYDPKNEE,1363.4689,-1.8363636363636362,0.09090909090909091,45.68181818181818,-2.2281059621807353,61.81818181818183,0.2727272727272727,0.18181818181818182,0.5454545454545454,0.1,0.3,0.4,0.18181818181818182,0.36363636363636365,0
QKGHPDLQGQPAEEIF,1793.9298,-1.2,0.0625,74.41875,-2.1469815136688464,55.0,0.375,0.375,0.25,0.2,0.13333333333333333,0.26666666666666666,0.0625,0.1875,0
NEFEQLFLNSR,1396.5035,-0.8727272727272729,0.18181818181818182,44.10909090909091,-1.234287461764278,70.90909090909092,0.36363636363636365,0.36363636363636365,0.2727272727272727,0.2,0.3,0.2,0.09090909090909091,0.18181818181818182,0
LLTCIEPPQPR,1266.5094,-0.21818181818181823,0.0,112.21818181818182,-0.24699891383649808,106.36363636363636,0.5454545454545454,0.18181818181818182,0.2727272727272727,0.3,0.1,0.4,0.09090909090909091,0.09090909090909091,0
LVPENFQDFHSK,1460.5888,-0.8250000000000001,0.16666666666666669,36.94166666666667,-1.1497919756420563,56.66666666666666,0.4166666666666667,0.3333333333333333,0.25,0.2727272727272727,0.2727272727272727,0.18181818181818182,0.08333333333333333,0.16666666666666666,0
DLTSSLQSVK,1077.1862,-0.22000000000000003,0.0,101.92,-0.2397766258698535,107.0,0.3,0.5,0.2,0.4444444444444444,0.0,0.2222222222222222,0.1,0.1,0
EVVIEELR,986.1202000000001,0.21250000000000002,0.0,128.5,-2.1575614572555875,170.0,0.5,0.0,0.5,0.0,0.0,0.5714285714285714,0.125,0.375,0
AVLLYHHVHSR,1331.5245,0.1454545454545454,0.09090909090909091,37.81818181818182,1.0563881517188456,132.72727272727275,0.45454545454545453,0.45454545454545453,0.09090909090909091,0.3,0.1,0.0,0.09090909090909091,0.0,0
EAGPNQTFEVPNK,1430.5183,-1.2999999999999998,0.07692307692307693,45.95384615384616,-1.1613609203277977,30.0,0.38461538461538464,0.38461538461538464,0.23076923076923078,0.4166666666666667,0.08333333333333333,0.25,0.07692307692307693,0.15384615384615385,0
QLLQENEVQFLDK,1603.7708,-0.7692307692307693,0.07692307692307693,36.792307692307695,-2.234155701923433,112.3076923076923,0.38461538461538464,0.3076923076923077,0.3076923076923077,0.3333333333333333,0.25,0.16666666666666666,0.07692307692307693,0.23076923076923078,0
ILQYALPR,973.1693,0.37499999999999994,0.125,108.4,0.7590926132903006,158.75,0.625,0.25,0.125,0.2857142857142857,0.0,0.14285714285714285,0.125,0.0,0
RQLTVQMMQNPQIL,1700.0352999999998,-0.3,0.0,41.057142857142864,0.7600916142893016,104.28571428571428,0.5,0.42857142857142855,0.07142857142857142,0.6923076923076923,0.07692307692307693,0.0,0.07142857142857142,0.0,0
VVYDDFIK,998.1290000000001,0.4375,0.25,8.887500000000001,-1.2657680901631605,121.25,0.5,0.125,0.375,0.14285714285714285,0.14285714285714285,0.2857142857142857,0.125,0.25,0
TQNNPIELSIK,1256.4052,-0.7454545454545454,0.0,31.84545454545454,-0.5999919446591626,106.36363636363636,0.36363636363636365,0.45454545454545453,0.18181818181818182,0.3,0.0,0.3,0.09090909090909091,0.09090909090909091,0
ENMAYEHHYK,1321.4171,-1.97,0.2,50.199999999999996,-0.9890105458166261,10.0,0.2,0.5,0.3,0.2222222222222222,0.4444444444444444,0.0,0.1,0.2,0
LLEVLSGEQLPR,1353.5634,0.13333333333333328,0.0,28.700000000000006,-1.234287461764278,154.16666666666663,0.5,0.25,0.25,0.18181818181818182,0.18181818181818182,0.2727272727272727,0.08333333333333333,0.16666666666666666,0
LEEDKPEEPTAH,1394.4401,-1.9083333333333332,0.0,89.65000000000002,-4.141360589722425,40.83333333333333,0.3333333333333333,0.16666666666666666,0.5,0.2727272727272727,0.0,0.36363636363636365,0.08333333333333333,0.4166666666666667,0
LLLVHER,879.0581,0.6285714285714284,0.0,8.571428571428571,-0.14992373548290128,208.57142857142856,0.5714285714285714,0.14285714285714285,0.2857142857142857,0.16666666666666666,0.16666666666666666,0.0,0.14285714285714285,0.14285714285714285,0
SDNSPTHVGFK,1188.2467,-1.0363636363636364,0.09090909090909091,27.65454545454545,-0.45255759258697026,26.363636363636367,0.2727272727272727,0.5454545454545454,0.18181818181818182,0.5,0.2,0.1,0.09090909090909091,0.09090909090909091,0
ELEFLTQALEKAVR,1646.8817999999999,-0.0785714285714286,0.07142857142857144,3.9,-1.158560458254588,118.57142857142857,0.5,0.14285714285714285,0.35714285714285715,0.15384615384615385,0.0,0.46153846153846156,0.14285714285714285,0.21428571428571427,0
RRAAQAGPTQPGPPR,1559.7318,-1.5333333333333334,0.0,63.14666666666666,2.7600716144892994,20.0,0.4666666666666667,0.3333333333333333,0.2,0.5714285714285714,0.0,0.14285714285714285,0.2,0.0,0
LSDGDTITVVK,1147.276,0.29090909090909095,0.0,-7.19090909090909,-1.238655864930009,123.63636363636365,0.36363636363636365,0.36363636363636365,0.2727272727272727,0.4,0.4,0.1,0.09090909090909091,0.18181818181818182,0
ATHAVVFAK,943.1003000000001,0.9777777777777779,0.1111111111111111,8.88888888888889,0.8820497751096729,97.77777777777777,0.6666666666666666,0.2222222222222222,0.1111111111111111,0.25,0.0,0.125,0.1111111111111111,0.0,0
MTDLAAHER,1043.155,-0.6777777777777778,0.0,-3.744444444444445,-1.4085499011910143,65.55555555555554,0.4444444444444444,0.2222222222222222,0.3333333333333333,0.25,0.25,0.125,0.1111111111111111,0.2222222222222222,0
FLYEPLPVESHLDHCMHDH,2319.5727,-0.48947368421052634,0.10526315789473685,93.35789473684211,-3.894239178064251,76.84210526315789,0.42105263157894735,0.3157894736842105,0.2631578947368421,0.16666666666666666,0.3333333333333333,0.2222222222222222,0.0,0.21052631578947367,0
ADDHLQQPLQNQK,1534.6293999999998,-1.830769230769231,0.0,76.6846153846154,-1.115708703010638,67.6923076923077,0.3076923076923077,0.46153846153846156,0.23076923076923078,0.3333333333333333,0.16666666666666666,0.08333333333333333,0.07692307692307693,0.15384615384615385,0
KNPPVNSLSL,1068.224,-0.39,0.0,44.64,0.7591026131903019,107.0,0.5,0.4,0.1,0.5555555555555556,0.1111111111111111,0.0,0.1,0.0,0
ALEMVEK,818.9780999999999,0.1142857142857143,0.0,8.571428571428571,-1.1995034891984937,111.42857142857142,0.5714285714285714,0.0,0.42857142857142855,0.0,0.0,0.5,0.14285714285714285,0.2857142857142857,0
SPDQTAEASHVSRY,1547.5819,-1.1714285714285713,0.07142857142857144,43.65714285714286,-1.4497571305137613,35.0,0.2857142857142857,0.5,0.21428571428571427,0.38461538461538464,0.23076923076923078,0.23076923076923078,0.07142857142857142,0.14285714285714285,0
PPLVHTAASLFKE,1409.6282999999999,0.22307692307692303,0.07692307692307693,6.6846153846153875,0.052751796574641796,97.6923076923077,0.6153846153846154,0.23076923076923078,0.15384615384615385,0.3333333333333333,0.0,0.08333333333333333,0.07692307692307693,0.07692307692307693,0
NPSDRHVISQAETELQR,1980.1001999999999,-1.3411764705882354,0.0,67.77647058823531,-1.1460025124698472,68.8235294117647,0.29411764705882354,0.4117647058823529,0.29411764705882354,0.375,0.3125,0.125,0.11764705882352941,0.17647058823529413,0
GVENVYTQHQPFLH,1668.8058999999998,-0.6714285714285715,0.14285714285714288,19.964285714285715,-1.0637385483273143,69.28571428571428,0.35714285714285715,0.5714285714285714,0.07142857142857142,0.38461538461538464,0.07692307692307693,0.07692307692307693,0.0,0.07142857142857142,0
AVVSPPK,696.8352,0.3285714285714286,0.0,98.85714285714286,0.794875586855086,97.14285714285714,0.7142857142857143,0.14285714285714285,0.14285714285714285,0.3333333333333333,0.0,0.16666666666666666,0.14285714285714285,0.0,0
GILGYTEHQVVSSDF,1651.7705,0.09333333333333331,0.13333333333333333,15.793333333333338,-2.1497919756420565,90.66666666666666,0.3333333333333333,0.5333333333333333,0.13333333333333333,0.2857142857142857,0.21428571428571427,0.07142857142857142,0.0,0.13333333333333333,0
STFADMYPLDDTPR,1628.7571999999998,-0.8142857142857143,0.14285714285714288,21.642857142857146,-2.5375002588618694,35.0,0.42857142857142855,0.2857142857142857,0.2857142857142857,0.3076923076923077,0.07692307692307693,0.3076923076923077,0.07142857142857142,0.21428571428571427,0
LQTDDEEEAGLL,1332.3672,-0.7416666666666667,0.0,90.66666666666669,-5.229225478011378,105.83333333333333,0.3333333333333333,0.25,0.4166666666666667,0.2727272727272727,0.09090909090909091,0.09090909090909091,0.0,0.4166666666666667,0
DSAYVEPK,907.9636,-1.075,0.125,56.900000000000006,-1.2379651648956442,48.75,0.375,0.25,0.375,0.42857142857142855,0.14285714285714285,0.42857142857142855,0.125,0.25,0
ALDPTRPITIAM,1298.5511999999999,0.4749999999999999,0.0,25.21666666666667,-0.20301465110606953,114.16666666666666,0.6666666666666666,0.16666666666666666,0.16666666666666666,0.2727272727272727,0.09090909090909091,0.2727272727272727,0.08333333333333333,0.08333333333333333,0
FVSPEMR,865.0083,-0.21428571428571433,0.14285714285714288,85.39999999999999,-0.23709792373748817,41.42857142857142,0.5714285714285714,0.14285714285714285,0.2857142857142857,0.3333333333333333,0.0,0.5,0.14285714285714285,0.14285714285714285,0
AGAEPAPER,896.9444000000001,-1.0777777777777777,0.0,82.96666666666667,-1.1985144880994938,33.33333333333333,0.5555555555555556,0.1111111111111111,0.3333333333333333,0.25,0.0,0.375,0.1111111111111111,0.2222222222222222,0
KYSDPGPVYDCL,1356.4993,-0.6166666666666667,0.16666666666666669,54.716666666666676,-1.250554857027021,56.66666666666666,0.3333333333333333,0.3333333333333333,0.3333333333333333,0.2727272727272727,0.2727272727272727,0.18181818181818182,0.08333333333333333,0.16666666666666666,0
DGFVQSEGTMFPIGK,1612.8006999999998,-0.16666666666666669,0.13333333333333333,52.98666666666668,-1.2369661638966432,45.33333333333333,0.4,0.4,0.2,0.2857142857142857,0.2857142857142857,0.0,0.06666666666666667,0.13333333333333333,0
DIYDQGGEQAIK,1336.4036999999998,-1.0583333333333333,0.08333333333333334,41.87499999999999,-2.2368444039558,73.33333333333331,0.25,0.4166666666666667,0.3333333333333333,0.18181818181818182,0.36363636363636365,0.18181818181818182,0.08333333333333333,0.25,0
DIKSYYTVR,1144.2769,-0.8111111111111111,0.2222222222222222,3.733333333333333,0.7582153722321436,75.55555555555554,0.2222222222222222,0.4444444444444444,0.3333333333333333,0.125,0.125,0.375,0.2222222222222222,0.1111111111111111,0
AAEQQSSNGPVK,1215.2704999999999,-1.1416666666666666,0.0,95.05833333333335,-0.2023139511717038,40.83333333333333,0.3333333333333333,0.5,0.16666666666666666,0.09090909090909091,0.09090909090909091,0.18181818181818182,0.08333333333333333,0.08333333333333333,0
QDSREPDAGR,1130.1263999999999,-2.4,0.0,78.5,-1.2348664017578002,10.0,0.2,0.3,0.5,0.1111111111111111,0.4444444444444444,0.3333333333333333,0.2,0.3,0
GPPNPNVEYIPFDEM,1718.8795999999998,-0.8133333333333334,0.13333333333333333,39.400000000000006,-3.2341557019234335,45.33333333333333,0.5333333333333333,0.26666666666666666,0.2,0.42857142857142855,0.07142857142857142,0.21428571428571427,0.0,0.2,0
QNVQVFEFQL,1251.3867,0.02999999999999998,0.2,1.46,-1.2370879238374872,97.0,0.5,0.4,0.1,0.5555555555555556,0.0,0.2222222222222222,0.0,0.1,0
REVEVEVESMD,1321.4107,-0.7545454545454544,0.0,26.6,-4.22436487527071,79.09090909090908,0.36363636363636365,0.09090909090909091,0.5454545454545454,0.1,0.1,0.7,0.09090909090909091,0.45454545454545453,0
LISIQQYGHQEVTR,1671.8513999999998,-0.5642857142857143,0.07142857142857144,19.285714285714285,-0.15092273648190235,104.28571428571428,0.2857142857142857,0.5714285714285714,0.14285714285714285,0.3076923076923077,0.15384615384615385,0.07692307692307693,0.07142857142857142,0.07142857142857142,0
MVFNPEPHLQHR,1504.7142,-0.9916666666666667,0.08333333333333334,64.46666666666668,-0.3224964738762721,56.66666666666666,0.5,0.3333333333333333,0.16666666666666666,0.45454545454545453,0.09090909090909091,0.18181818181818182,0.08333333333333333,0.08333333333333333,0
HKPGPIGKE,962.1038000000001,-1.5555555555555556,0.0,17.38888888888889,0.8533255421865882,43.33333333333333,0.3333333333333333,0.3333333333333333,0.3333333333333333,0.375,0.25,0.125,0.2222222222222222,0.1111111111111111,0
KHHQHHHQQQHHQQQQQQPPPPPIPANGQQ,3581.7937,-2.5166666666666666,0.0,93.57666666666665,1.3693219309724105,16.333333333333332,0.26666666666666666,0.7,0.03333333333333333,0.06896551724137931,0.034482758620689655,0.0,0.03333333333333333,0.0,0
TVEQLRK,873.0089999999999,-1.157142857142857,0.0,63.60000000000001,0.39999805544083644,97.14285714285714,0.2857142857142857,0.2857142857142857,0.42857142857142855,0.3333333333333333,0.16666666666666666,0.3333333333333333,0.2857142857142857,0.14285714285714285,0
QEELESTEVGVQGGAFEGTH,2104.1446,-0.735,0.05,48.125000000000014,-5.13867188769006,53.5,0.25,0.5,0.25,0.21052631578947367,0.21052631578947367,0.21052631578947367,0.0,0.25,0
MIIEDETEFCGEE,1544.6558,-0.4538461538461539,0.07692307692307693,91.93846153846155,-6.489135951984279,60.0,0.3076923076923077,0.15384615384615385,0.5384615384615384,0.0,0.3333333333333333,0.25,0.0,0.46153846153846156,0
TCAEAVVPSYVPIVK,1575.8667,0.9333333333333333,0.06666666666666667,40.273333333333326,-0.6108919357571736,116.66666666666666,0.6,0.2,0.2,0.14285714285714285,0.07142857142857142,0.2857142857142857,0.06666666666666667,0.06666666666666667,0
VLTEILASR,1001.1778999999999,0.9555555555555555,0.0,94.4888888888889,-0.2632111479716386,173.33333333333331,0.5555555555555556,0.2222222222222222,0.2222222222222222,0.25,0.25,0.125,0.1111111111111111,0.1111111111111111,0
FVGMGFPK,882.0799999999999,0.6749999999999999,0.25,22.212500000000006,0.7591026131903019,36.25,0.625,0.25,0.125,0.5714285714285714,0.0,0.14285714285714285,0.125,0.0,0
THLGKGTL,825.9525000000001,-0.21250000000000005,0.0,-23.0875,0.48437178162221406,97.5,0.25,0.625,0.125,0.42857142857142855,0.2857142857142857,0.0,0.125,0.0,0
NIVVGFAR,875.0262,1.1375,0.125,42.44999999999999,0.7600916142893016,133.75,0.625,0.25,0.125,0.42857142857142855,0.0,0.14285714285714285,0.125,0.0,0
TFSPCNTK,897.0072,-0.7375,0.125,59.0625,0.38729660326861737,0.0,0.25,0.5,0.25,0.42857142857142855,0.2857142857142857,0.14285714285714285,0.125,0.0,0
LAINDECYQVR,1323.4743999999998,-0.2727272727272727,0.09090909090909091,42.18181818181818,-1.2468771538956545,106.36363636363637,0.36363636363636365,0.2727272727272727,0.36363636363636365,0.2,0.2,0.1,0.09090909090909091,0.18181818181818182,0
YGISNEKPEVK,1263.3961,-1.2454545454545454,0.09090909090909091,-0.0181818181818186,-0.2372744648612799,61.81818181818183,0.2727272727272727,0.36363636363636365,0.36363636363636365,0.2,0.1,0.4,0.18181818181818182,0.18181818181818182,0
EFQGLVQVVHQER,1568.7315999999998,-0.49230769230769234,0.07692307692307693,18.24615384615385,-1.073197730974211,96.92307692307692,0.38461538461538464,0.38461538461538464,0.23076923076923078,0.4166666666666667,0.08333333333333333,0.08333333333333333,0.07692307692307693,0.15384615384615385,0
QDGLDQYER,1123.1303,-2.211111111111111,0.1111111111111111,13.533333333333337,-2.2358554028568003,43.33333333333333,0.1111111111111111,0.4444444444444444,0.4444444444444444,0.125,0.5,0.125,0.1111111111111111,0.3333333333333333,0
DALENIDPATQ,1186.2259999999999,-0.7181818181818183,0.0,59.69090909090909,-3.2348464019577983,89.09090909090911,0.45454545454545453,0.2727272727272727,0.2727272727272727,0.2,0.1,0.4,0.0,0.2727272727272727,0
QFLPQSAMLK,1162.4014,0.07999999999999993,0.1,75.43,0.7591026131903019,88.0,0.6,0.3,0.1,0.3333333333333333,0.0,0.1111111111111111,0.1,0.0,0
CLFSAWLSEK,1183.3759,0.48,0.2,59.86,-0.24798791493549777,88.0,0.5,0.2,0.3,0.3333333333333333,0.1111111111111111,0.1111111111111111,0.1,0.1,0
DYALESGGASVISTR,1525.616,-0.04000000000000001,0.06666666666666667,40.526666666666664,-1.2369761637966445,84.66666666666666,0.3333333333333333,0.4666666666666667,0.2,0.35714285714285715,0.21428571428571427,0.07142857142857142,0.06666666666666667,0.13333333333333333,0
ILDTFLGLPQYHG,1473.6703,0.31538461538461526,0.15384615384615385,47.323076923076925,-1.152602437615267,120.0,0.46153846153846156,0.46153846153846156,0.07692307692307693,0.3333333333333333,0.08333333333333333,0.08333333333333333,0.0,0.07692307692307693,0
DMFPGPYPRTPEERAAAAK,2104.345,-1.068421052631579,0.10526315789473685,48.442105263157885,-0.235174702722436,21.052631578947366,0.5263157894736842,0.15789473684210525,0.3157894736842105,0.2777777777777778,0.05555555555555555,0.2777777777777778,0.15789473684210525,0.15789473684210525,0
ELILAGNK,857.0062,0.32499999999999996,0.0,51.8125,-0.1641713823010078,158.75,0.5,0.25,0.25,0.14285714285714285,0.14285714285714285,0.14285714285714285,0.125,0.125,0
GAAVSAGHGLPAK,1135.2734999999998,0.34615384615384615,0.0,24.35384615384616,0.8462768014448888,83.07692307692308,0.5384615384615384,0.38461538461538464,0.07692307692307693,0.4166666666666667,0.0,0.08333333333333333,0.07692307692307693,0.0,0
ILNHVLQH,973.1295,0.36249999999999993,0.0,73.575,-0.06555000930152344,182.5,0.5,0.5,0.0,0.42857142857142855,0.0,0.0,0.0,0.0,0
TPSAEADWSPGLELHPDYK,2113.2392,-1.0315789473684212,0.10526315789473685,32.784210526315796,-3.508764773550678,51.57894736842105,0.42105263157894735,0.3157894736842105,0.2631578947368421,0.5,0.1111111111111111,0.3888888888888889,0.05263157894736842,0.21052631578947367,0
ILEVHIDK,966.1321,0.3625,0.0,77.1375,-1.1497919756420563,182.5,0.5,0.125,0.375,0.2857142857142857,0.0,0.42857142857142855,0.125,0.25,0
QKSMGLPTSDEQK,1448.5982999999999,-1.5692307692307692,0.0,38.861538461538466,-0.23796516489564423,30.0,0.23076923076923078,0.46153846153846156,0.3076923076923077,0.3333333333333333,0.4166666666666667,0.0,0.15384615384615385,0.15384615384615385,0
DIYNQVKQIIEE,1491.6409999999998,-0.7083333333333334,0.08333333333333334,77.68333333333334,-2.2299174231549443,121.66666666666666,0.3333333333333333,0.3333333333333333,0.3333333333333333,0.2727272727272727,0.09090909090909091,0.2727272727272727,0.08333333333333333,0.25,0
GLESNVNVELL,1186.3119,0.41818181818181815,0.0,26.6,-2.234277461864277,159.09090909090907,0.45454545454545453,0.36363636363636365,0.18181818181818182,0.4,0.1,0.3,0.0,0.18181818181818182,0
TLKEEKPKMY,1266.5061,-1.6600000000000001,0.1,81.85,0.39982151431704516,39.0,0.3,0.2,0.5,0.2222222222222222,0.0,0.4444444444444444,0.3,0.2,0
LTEVHSPDAK,1096.1912,-0.74,0.0,64.66,-1.1497919756420563,78.0,0.4,0.3,0.3,0.3333333333333333,0.1111111111111111,0.4444444444444444,0.1,0.2,0
NYVGTNMK,926.0482,-0.9,0.125,-31.262499999999996,0.758103612191301,36.25,0.25,0.625,0.125,0.42857142857142855,0.0,0.14285714285714285,0.125,0.0,0
WEAINIFR,1048.1944,0.14999999999999997,0.25,63.675,-0.23709792373748817,110.0,0.625,0.125,0.25,0.2857142857142857,0.0,0.42857142857142855,0.125,0.125,0
DPRTVGYTVTAPE,1405.5089,-0.6384615384615384,0.07692307692307693,5.492307692307688,-1.2317388840291548,52.30769230769231,0.38461538461538464,0.38461538461538464,0.23076923076923078,0.4166666666666667,0.08333333333333333,0.25,0.07692307692307693,0.15384615384615385,0
VSDGNYPDLNVDIK,1548.6491999999998,-0.6285714285714287,0.07142857142857144,-10.15,-2.264647329223316,97.14285714285714,0.35714285714285715,0.35714285714285715,0.2857142857142857,0.3076923076923077,0.15384615384615385,0.38461538461538464,0.07142857142857142,0.21428571428571427,0
EFQMWAPK,1036.2036,-0.8625,0.25,14.037500000000003,-0.1641713823010078,12.5,0.625,0.125,0.25,0.2857142857142857,0.0,0.2857142857142857,0.125,0.125,0
DALMLFQR,993.1804999999999,0.32499999999999996,0.125,8.75,-0.2387876247708538,110.0,0.625,0.125,0.25,0.14285714285714285,0.14285714285714285,0.14285714285714285,0.125,0.125,0
LMREQNILK,1144.3879,-0.5444444444444445,0.0,82.70000000000002,0.7619030752635112,129.99999999999997,0.4444444444444444,0.2222222222222222,0.3333333333333333,0.125,0.125,0.25,0.2222222222222222,0.1111111111111111,0
GAVLPVWSAHGE,1222.349,0.4166666666666667,0.08333333333333334,12.19166666666667,-1.1446764558154103,97.49999999999997,0.5833333333333334,0.3333333333333333,0.08333333333333333,0.36363636363636365,0.09090909090909091,0.0,0.0,0.08333333333333333,0
DLHEEMNY,1050.0994,-1.6,0.125,49.5,-3.1469815136688464,48.75,0.25,0.375,0.375,0.2857142857142857,0.14285714285714285,0.2857142857142857,0.0,0.375,0
DHEPVLDETISPYLK,1755.9182999999998,-0.7200000000000001,0.06666666666666667,58.646666666666675,-3.1468597537280028,97.33333333333333,0.4,0.26666666666666666,0.3333333333333333,0.35714285714285715,0.21428571428571427,0.21428571428571427,0.06666666666666667,0.26666666666666666,0
DKALNENLQ,1044.1165,-1.3333333333333333,0.0,35.67777777777778,-1.2369661638966432,97.77777777777777,0.3333333333333333,0.3333333333333333,0.3333333333333333,0.375,0.25,0.125,0.1111111111111111,0.2222222222222222,0
PSGPFPAQHLFVPNK,1635.8622,-0.42000000000000004,0.13333333333333333,89.32000000000001,1.0447040548339417,52.0,0.6,0.3333333333333333,0.06666666666666667,0.35714285714285715,0.07142857142857142,0.0,0.06666666666666667,0.0,0
LSEHATAPTRGSAR,1453.5602,-0.8214285714285714,0.0,25.35,0.850066264617098,49.28571428571428,0.35714285714285715,0.42857142857142855,0.21428571428571427,0.46153846153846156,0.3076923076923077,0.07692307692307693,0.14285714285714285,0.07142857142857142,0
HCSSLFPAE,990.0906,0.11111111111111104,0.1111111111111111,73.08888888888889,-1.1545774459144198,54.44444444444444,0.4444444444444444,0.3333333333333333,0.2222222222222222,0.125,0.25,0.125,0.0,0.1111111111111111,0
FINCTK,724.8684,0.2833333333333333,0.16666666666666669,57.86666666666667,0.7492016230912921,64.99999999999999,0.3333333333333333,0.3333333333333333,0.3333333333333333,0.2,0.6,0.0,0.16666666666666666,0.0,0
GLSPDTSEEQIK,1303.3724,-1.1583333333333334,0.0,79.16666666666667,-2.234155701923433,64.99999999999999,0.25,0.4166666666666667,0.3333333333333333,0.36363636363636365,0.2727272727272727,0.18181818181818182,0.08333333333333333,0.25,0
SVTDSTQVNVPR,1302.3908,-0.5833333333333334,0.0,15.34166666666667,-0.5387427797425575,72.5,0.3333333333333333,0.5,0.16666666666666666,0.45454545454545453,0.18181818181818182,0.09090909090909091,0.08333333333333333,0.08333333333333333,0
SVLDTPGPPINFVFEDIRK,2144.4252,-0.12105263157894738,0.10526315789473685,13.926315789473685,-1.5358105578285035,92.10526315789473,0.5263157894736842,0.21052631578947367,0.2631578947368421,0.3333333333333333,0.05555555555555555,0.2222222222222222,0.10526315789473684,0.15789473684210525,0
KDVENTDWR,1162.2095,-2.2,0.1111111111111111,-0.5444444444444447,-1.2358554028567998,32.22222222222222,0.2222222222222222,0.2222222222222222,0.5555555555555556,0.0,0.25,0.5,0.2222222222222222,0.3333333333333333,0
VGMLPEKDCR,1147.3687,-0.5,0.0,37.15,-0.2729903781298044,68.0,0.4,0.1,0.5,0.2222222222222222,0.0,0.1111111111111111,0.2,0.2,0
ESGVALTSVLVK,1202.3975,0.9916666666666667,0.0,22.81666666666667,-0.1641713823010078,145.83333333333331,0.5,0.3333333333333333,0.16666666666666666,0.2727272727272727,0.09090909090909091,0.09090909090909091,0.08333333333333333,0.08333333333333333,0
GLYNYYDDEKE,1408.4215,-1.9909090909090907,0.2727272727272727,41.83636363636363,-3.230794664213102,35.45454545454546,0.09090909090909091,0.45454545454545453,0.45454545454545453,0.2,0.1,0.0,0.09090909090909091,0.36363636363636365,0
QQQLEEM,904.9844999999999,-1.6857142857142857,0.0,110.17142857142858,-2.234277461864277,55.71428571428571,0.2857142857142857,0.42857142857142855,0.2857142857142857,0.16666666666666666,0.0,0.3333333333333333,0.0,0.2857142857142857,0
KAFADPEVLR,1145.3081,-0.26,0.1,37.150000000000006,-0.2369761637966441,88.0,0.6,0.0,0.4,0.0,0.0,0.6666666666666666,0.2,0.2,0
VPSGAMK,688.8362999999999,0.17142857142857146,0.0,51.471428571428575,0.7329893889561515,55.71428571428571,0.5714285714285714,0.2857142857142857,0.14285714285714285,0.3333333333333333,0.0,0.16666666666666666,0.14285714285714285,0.0,0
HLTDPSYGIPREQQK,1768.9236999999998,-1.5799999999999998,0.06666666666666667,29.586666666666673,-0.15080097654105806,52.0,0.26666666666666666,0.4666666666666667,0.26666666666666666,0.2857142857142857,0.21428571428571427,0.14285714285714285,0.13333333333333333,0.13333333333333333,0
TNDQMVVVYL,1181.3582,0.5800000000000001,0.1,-13.57,-1.6016816456925285,126.0,0.5,0.4,0.1,0.3333333333333333,0.2222222222222222,0.0,0.0,0.1,0
QATASVNAEEIK,1260.3509,-0.44166666666666665,0.0,45.30833333333333,-1.2352764628632777,81.66666666666666,0.4166666666666667,0.3333333333333333,0.25,0.6363636363636364,0.0,0.2727272727272727,0.08333333333333333,0.16666666666666666,0
ISITDPSVFDSVDVPSK,1805.9753,0.17058823529411768,0.05882352941176471,53.14705882352942,-2.2375351039901643,97.05882352941177,0.47058823529411764,0.29411764705882354,0.23529411764705882,0.4375,0.1875,0.25,0.058823529411764705,0.17647058823529413,0
FPSPILKVQYHPR,1581.8579,-0.5153846153846154,0.15384615384615385,70.09230769230771,1.8452678005458871,82.3076923076923,0.5384615384615384,0.3076923076923077,0.15384615384615385,0.3333333333333333,0.0,0.25,0.15384615384615385,0.0,0
ADGVPLPIGMVK,1196.4590999999998,0.75,0.0,31.791666666666668,-0.20400365220506944,121.66666666666664,0.6666666666666666,0.16666666666666666,0.16666666666666666,0.2727272727272727,0.09090909090909091,0.18181818181818182,0.08333333333333333,0.08333333333333333,0
KEEVFVPEGNFK,1422.5806,-0.8166666666666668,0.16666666666666669,34.74166666666667,-1.2334650018890683,48.33333333333332,0.4166666666666667,0.16666666666666666,0.4166666666666667,0.09090909090909091,0.09090909090909091,0.2727272727272727,0.16666666666666666,0.25,0
HWHEECDR,1111.1478,-2.475,0.125,145.075,-2.068719314414269,0.0,0.125,0.25,0.625,0.2857142857142857,0.14285714285714285,0.0,0.125,0.375,0
HDDVTKY,876.9098,-1.7,0.14285714285714288,-3.5571428571428574,-1.1524806776744232,41.42857142857142,0.14285714285714285,0.42857142857142855,0.42857142857142855,0.16666666666666666,0.5,0.16666666666666666,0.14285714285714285,0.2857142857142857,0
SFVNAACTQVK,1167.3351,0.4454545454545455,0.09090909090909091,62.34545454545453,0.44924646811958846,70.90909090909092,0.45454545454545453,0.36363636363636365,0.18181818181818182,0.4,0.1,0.2,0.09090909090909091,0.0,0
AEAPHLVQVDAAR,1376.5173,-0.030769230769230764,0.0,6.6846153846153875,-1.1130300008782723,105.38461538461539,0.6153846153846154,0.15384615384615385,0.23076923076923078,0.3333333333333333,0.0,0.4166666666666667,0.07692307692307693,0.15384615384615385,0
GTEWLVNSSR,1148.2259,-0.71,0.1,55.60000000000001,-0.23709792373748817,68.0,0.3,0.5,0.2,0.1111111111111111,0.2222222222222222,0.1111111111111111,0.1,0.1,0
EFALEQIELQK,1347.5125,-0.4272727272727273,0.09090909090909091,96.18181818181819,-2.158550458354587,115.45454545454545,0.45454545454545453,0.18181818181818182,0.36363636363636365,0.2,0.2,0.4,0.09090909090909091,0.2727272727272727,0
QMVMDEDYPGCSR,1530.7018999999998,-0.9307692307692308,0.07692307692307693,48.353846153846156,-2.24575639295581,22.307692307692307,0.3076923076923077,0.3076923076923077,0.38461538461538464,0.25,0.3333333333333333,0.08333333333333333,0.07692307692307693,0.23076923076923078,0
QAVNSMYPK,1037.19,-0.7444444444444445,0.1111111111111111,48.91111111111111,0.758103612191301,43.33333333333333,0.4444444444444444,0.4444444444444444,0.1111111111111111,0.625,0.0,0.125,0.1111111111111111,0.0,0
FLALHNQIR,1111.2966,0.22222222222222215,0.1111111111111111,26.822222222222223,0.8472658025438885,141.1111111111111,0.5555555555555556,0.3333333333333333,0.1111111111111111,0.25,0.0,0.125,0.1111111111111111,0.0,0
SETAAIPSAPVLPPPPVHSSIPPPGPVPMGMPPMSKPPPVQQTVDYGHGR,5101.8771,-0.35600000000000004,0.02,88.10999999999999,-0.36358194325817506,58.4,0.6,0.32,0.08,0.24489795918367346,0.10204081632653061,0.04081632653061224,0.04,0.04,0
STYPAQNGQVK,1192.2784,-1.2,0.09090909090909091,14.681818181818183,0.4581484572195973,35.45454545454546,0.2727272727272727,0.6363636363636364,0.09090909090909091,0.3,0.0,0.1,0.09090909090909091,0.0,0
AQGEVTIR,872.9658999999999,-0.26249999999999996,0.0,-11.287500000000001,-0.2013249500727039,97.5,0.375,0.375,0.25,0.42857142857142855,0.14285714285714285,0.2857142857142857,0.125,0.125,0
HNALALIR,907.0715,0.5625,0.0,38.35,0.8472658025438885,171.25,0.625,0.25,0.125,0.14285714285714285,0.0,0.14285714285714285,0.125,0.0,0
ALATLHDR,896.0026,-0.08750000000000005,0.0,-0.675,-0.11584046285148264,122.5,0.5,0.25,0.25,0.42857142857142855,0.14285714285714285,0.0,0.125,0.125,0
ESNSLCPAGIR,1146.2747,-0.22727272727272732,0.0,53.9,-0.1730833713010178,80.00000000000001,0.36363636363636365,0.36363636363636365,0.2727272727272727,0.3,0.1,0.3,0.09090909090909091,0.09090909090909091,0
PGQAPVLVLFK,1168.4274,0.8727272727272727,0.09090909090909091,30.445454545454545,0.9575298665793545,132.72727272727275,0.7272727272727273,0.18181818181818182,0.09090909090909091,0.2,0.0,0.1,0.09090909090909091,0.0,0
HIVNLVNKD,1051.1967,-0.09999999999999999,0.0,74.58888888888889,-0.14942153600796337,151.1111111111111,0.4444444444444444,0.3333333333333333,0.2222222222222222,0.5,0.125,0.0,0.1111111111111111,0.1111111111111111,0
MVHAEHE,851.9268,-0.7857142857142857,0.0,-2.2,-2.314438732235571,55.71428571428571,0.42857142857142855,0.2857142857142857,0.2857142857142857,0.3333333333333333,0.3333333333333333,0.16666666666666666,0.0,0.2857142857142857,0
VLFNSEDIK,1064.1889,0.011111111111111096,0.1111111111111111,42.25555555555556,-1.2630793881307936,118.88888888888889,0.4444444444444444,0.2222222222222222,0.3333333333333333,0.125,0.125,0.25,0.1111111111111111,0.2222222222222222,0
MQTFENPPTYNR,1497.6306,-1.6416666666666666,0.16666666666666669,26.816666666666674,-0.497843851384447,0.0,0.3333333333333333,0.5,0.16666666666666666,0.36363636363636365,0.18181818181818182,0.09090909090909091,0.08333333333333333,0.08333333333333333,0
SPAQLWAER,1057.16,-0.8222222222222223,0.1111111111111111,88.72222222222221,-0.5370530787091918,65.55555555555554,0.5555555555555556,0.2222222222222222,0.2222222222222222,0.375,0.0,0.125,0.1111111111111111,0.1111111111111111,0
LPAGYQITQQR,1274.4252999999999,-0.8090909090909091,0.09090909090909091,47.04545454545455,0.7590926132903006,80.00000000000001,0.36363636363636365,0.5454545454545454,0.09090909090909091,0.3,0.1,0.0,0.09090909090909091,0.0,0
KADYNIIPIYSHGE,1619.7718,-0.55,0.14285714285714288,19.757142857142856,-1.1465526978725686,90.71428571428571,0.35714285714285715,0.42857142857142855,0.21428571428571427,0.15384615384615385,0.15384615384615385,0.15384615384615385,0.07142857142857142,0.14285714285714285,0
FLQTTTPLDYEKVK,1682.9106,-0.6214285714285713,0.14285714285714288,19.064285714285717,-0.2389641658946453,76.42857142857142,0.35714285714285715,0.35714285714285715,0.2857142857142857,0.15384615384615385,0.15384615384615385,0.23076923076923078,0.14285714285714285,0.14285714285714285,0
NSTIEEGEVPK,1202.2685,-1.1545454545454545,0.0,89.32727272727271,-2.232466000890067,61.81818181818183,0.2727272727272727,0.36363636363636365,0.36363636363636365,0.1,0.2,0.3,0.09090909090909091,0.2727272727272727,0
NVVRHLGIVGE,1192.3677,0.49090909090909096,0.0,-3.4090909090909065,-0.14468645571541128,150.0,0.45454545454545453,0.36363636363636365,0.18181818181818182,0.5,0.2,0.1,0.09090909090909091,0.09090909090909091,0
GMEAAAPTTR,1004.1189999999999,-0.41,0.0,28.26,-0.23709792373748817,30.0,0.5,0.3,0.2,0.2222222222222222,0.1111111111111111,0.2222222222222222,0.1,0.1,0
PGYQHHAQPK,1162.2574,-2.04,0.1,19.770000000000003,1.1308792420895273,10.0,0.3,0.6,0.1,0.4444444444444444,0.0,0.1111111111111111,0.1,0.0,0
SVVELIK,786.9561,1.2142857142857142,0.0,-3.5571428571428574,-0.5380420798081915,194.28571428571428,0.5714285714285714,0.14285714285714285,0.2857142857142857,0.16666666666666666,0.0,0.5,0.14285714285714285,0.14285714285714285,0
LRAQDPSEV,1014.0906,-0.8444444444444444,0.0,94.4888888888889,-1.2359771627976435,86.66666666666666,0.4444444444444444,0.2222222222222222,0.3333333333333333,0.25,0.25,0.5,0.1111111111111111,0.2222222222222222,0
TIHPEIEGDLR,1279.3989,-0.7363636363636363,0.0,108.45454545454545,-2.507897532392521,106.36363636363636,0.36363636363636365,0.2727272727272727,0.36363636363636365,0.3,0.2,0.5,0.09090909090909091,0.2727272727272727,0
RPVDITPLEQR,1323.4977999999999,-0.990909090909091,0.0,47.95454545454545,-0.23598716269764441,97.27272727272728,0.45454545454545453,0.18181818181818182,0.36363636363636365,0.2,0.2,0.4,0.18181818181818182,0.18181818181818182,0
VVICPVNENK,1114.3155,0.36000000000000004,0.0,71.2,-0.2741011391696482,126.0,0.5,0.2,0.3,0.1111111111111111,0.3333333333333333,0.2222222222222222,0.1,0.1,0
GGFYTCSDR,1005.0621000000001,-0.7000000000000001,0.2222222222222222,41.01222222222223,-0.24968761586886457,0.0,0.1111111111111111,0.5555555555555556,0.3333333333333333,0.25,0.375,0.0,0.1111111111111111,0.1111111111111111,0
YTLNEDR,909.9397,-1.8857142857142857,0.14285714285714288,13.185714285714287,-1.2369761637966445,55.71428571428571,0.14285714285714285,0.42857142857142855,0.42857142857142855,0.3333333333333333,0.16666666666666666,0.0,0.14285714285714285,0.2857142857142857,0
HAADEVSQEVR,1240.28,-0.9545454545454546,0.0,36.39090909090909,-2.1459925125698467,70.90909090909092,0.36363636363636365,0.2727272727272727,0.36363636363636365,0.2,0.1,0.4,0.09090909090909091,0.2727272727272727,0
RGPLPSNGVM,1027.1985,-0.29000000000000004,0.0,24.0,0.7600916142893016,68.0,0.5,0.4,0.1,0.3333333333333333,0.1111111111111111,0.0,0.1,0.0,0
LEVAGAATQAF,1077.1877,0.9,0.09090909090909091,-5.481818181818182,-1.2370879238374872,98.18181818181819,0.6363636363636364,0.2727272727272727,0.09090909090909091,0.4,0.0,0.2,0.0,0.09090909090909091,0
GSDQAIITL,917.0151000000001,0.6333333333333333,0.0,8.88888888888889,-1.2387776248708526,141.1111111111111,0.4444444444444444,0.4444444444444444,0.1111111111111111,0.375,0.25,0.0,0.0,0.1111111111111111,0
MLFEPEPNGVNSVE,1561.7108999999998,-0.35714285714285715,0.07142857142857144,38.478571428571435,-3.4859766467715345,69.28571428571428,0.5,0.2857142857142857,0.21428571428571427,0.3076923076923077,0.0,0.38461538461538464,0.0,0.21428571428571427,0
VTELFMDNK,1096.2539,-0.2666666666666667,0.1111111111111111,47.16666666666667,-1.2630793881307936,75.55555555555554,0.4444444444444444,0.2222222222222222,0.3333333333333333,0.125,0.375,0.25,0.1111111111111111,0.2222222222222222,0
SGALQIESSEETDQGK,1678.7069000000001,-1.16875,0.0,103.0875,-3.531300394921926,55.0,0.1875,0.5,0.3125,0.2,0.4,0.06666666666666667,0.0625,0.25,0
DAVPSPAQIMYNGQPITK,1930.1853,-0.4,0.05555555555555555,81.46111111111111,-0.24077562686885456,70.55555555555554,0.5,0.3888888888888889,0.1111111111111111,0.4117647058823529,0.058823529411764705,0.058823529411764705,0.05555555555555555,0.05555555555555555,0
FFLEETLVQHK,1390.5818,-0.08181818181818187,0.18181818181818182,60.25454545454545,-1.1481022746086909,97.27272727272728,0.45454545454545453,0.2727272727272727,0.2727272727272727,0.2,0.2,0.1,0.09090909090909091,0.18181818181818182,0
QQQQQHLHR,1202.2832,-2.7333333333333334,0.0,94.4888888888889,0.9344399907984754,43.33333333333333,0.1111111111111111,0.7777777777777778,0.1111111111111111,0.25,0.125,0.0,0.1111111111111111,0.0,0
RVATWFNQPAR,1345.5081,-0.7818181818181817,0.18181818181818182,23.590909090909093,1.7600816143893008,44.54545454545455,0.5454545454545454,0.2727272727272727,0.18181818181818182,0.4,0.0,0.2,0.18181818181818182,0.0,0
EFLSKPTV,920.0604000000001,0.03749999999999998,0.125,-0.675,-0.1641713823010078,85.0,0.5,0.25,0.25,0.42857142857142855,0.14285714285714285,0.2857142857142857,0.125,0.125,0
LSSLDVTH,870.9467,0.35,0.0,22.212500000000006,-1.151603436616266,133.75,0.375,0.5,0.125,0.42857142857142855,0.0,0.2857142857142857,0.0,0.125,0
LLDGSDNVGKNNFPY,1652.7585,-0.7533333333333334,0.13333333333333333,0.8333333333333357,-1.23965486592901,71.33333333333333,0.3333333333333333,0.4666666666666667,0.2,0.2857142857142857,0.35714285714285715,0.07142857142857142,0.06666666666666667,0.13333333333333333,0
HLNDPNSNPK,1135.1874,-2.13,0.0,6.12,-0.1526024376152666,39.0,0.3,0.5,0.2,0.4444444444444444,0.1111111111111111,0.2222222222222222,0.1,0.1,0
TVNGHNCEVR,1128.2196,-0.8400000000000001,0.0,14.77,-0.5217297454045857,58.0,0.2,0.5,0.3,0.2222222222222222,0.1111111111111111,0.2222222222222222,0.1,0.1,0
VPLNASK,727.8492,0.0,0.0,36.08571428571429,0.7329893889561515,111.42857142857142,0.5714285714285714,0.2857142857142857,0.14285714285714285,0.5,0.16666666666666666,0.0,0.14285714285714285,0.0,0
YCGILEK,824.9842,0.24285714285714283,0.14285714285714288,23.957142857142863,-0.24898691593449884,111.42857142857142,0.2857142857142857,0.2857142857142857,0.42857142857142855,0.16666666666666666,0.3333333333333333,0.16666666666666666,0.14285714285714285,0.14285714285714285,0
PDEVARSL,885.9613999999999,-0.5125,0.0,54.25,-1.037549909408591,97.5,0.5,0.125,0.375,0.14285714285714285,0.14285714285714285,0.42857142857142855,0.125,0.25,0
LVLEVAQHLGESTV,1494.6879999999999,0.7285714285714285,0.0,17.65714285714286,-2.14710327360969,152.85714285714283,0.5,0.35714285714285715,0.14285714285714285,0.3076923076923077,0.15384615384615385,0.15384615384615385,0.0,0.14285714285714285,0
LQEKPSHVR,1093.2369,-1.4444444444444444,0.0,79.53333333333333,0.8490772635180983,75.55555555555554,0.3333333333333333,0.3333333333333333,0.3333333333333333,0.375,0.125,0.25,0.2222222222222222,0.1111111111111111,0
MIVADSECR,1023.1850999999999,0.2888888888888889,0.0,81.64444444444445,-1.5056250795446111,86.66666666666666,0.4444444444444444,0.1111111111111111,0.4444444444444444,0.0,0.25,0.125,0.1111111111111111,0.2222222222222222,0
GGPGLER,684.7416999999999,-1.0,0.0,26.2,-0.23709792373748817,55.71428571428571,0.2857142857142857,0.42857142857142855,0.2857142857142857,0.5,0.0,0.16666666666666666,0.14285714285714285,0.14285714285714285,0
DNYVVPKEEMK,1351.5243,-1.309090909090909,0.09090909090909091,56.236363636363635,-1.2361537039214352,52.727272727272734,0.36363636363636365,0.18181818181818182,0.45454545454545453,0.1,0.1,0.3,0.18181818181818182,0.2727272727272727,0
IMEVVGTPSSELLKK,1630.9436999999998,0.22,0.0,30.873333333333335,-0.23627546386227882,116.66666666666666,0.4666666666666667,0.26666666666666666,0.26666666666666666,0.21428571428571427,0.07142857142857142,0.2857142857142857,0.13333333333333333,0.13333333333333333,0
LQKPEAEL,927.0531000000001,-0.8250000000000001,0.0,61.8,-1.2352764628632777,110.0,0.5,0.125,0.375,0.14285714285714285,0.14285714285714285,0.7142857142857143,0.125,0.25,0
SVQALRPGSR,1070.2035,-0.63,0.0,66.78,1.4601264594175971,78.0,0.4,0.4,0.2,0.4444444444444444,0.1111111111111111,0.2222222222222222,0.2,0.0,0
DLTAQFSLPCEVK,1450.6553999999999,0.10769230769230767,0.07692307692307693,10.230769230769235,-1.246867153995653,90.0,0.46153846153846156,0.23076923076923078,0.3076923076923077,0.5,0.0,0.3333333333333333,0.07692307692307693,0.15384615384615385,0
VDSFIQDK,951.0313000000001,-0.4625,0.125,27.5,-1.2647690891641594,85.0,0.375,0.25,0.375,0.2857142857142857,0.2857142857142857,0.14285714285714285,0.125,0.25,0
RDLDFANDAN,1150.1556,-1.1800000000000002,0.1,1.46,-2.2365461028911646,59.0,0.4,0.2,0.4,0.2222222222222222,0.1111111111111111,0.4444444444444444,0.1,0.3,0
GYHESAVWNVEEHR,1712.7758,-1.292857142857143,0.14285714285714288,52.50714285714286,-2.058127624280895,48.57142857142857,0.2857142857142857,0.42857142857142855,0.2857142857142857,0.23076923076923078,0.3076923076923077,0.07692307692307693,0.07142857142857142,0.21428571428571427,0
