seq1,seq2,tier,distance
AHK,VPSGK,Tier1,3.0377433991209113
AHK,PKAVHE,Tier1,3.1150660690381233
AHK,PHHADS,Tier1,2.9100974301656173
AHK,PPK,Tier1,1.7392080293593624
AHK,PHK,Tier1,1.150553262502383
AHK,PHN,Tier1,2.0302495498322406
AHK,PHQ,Tier1,2.1593351271569685
AHK,PHR,Tier1,1.4716705440619477
AHK,RHA,Tier1,0.2904848893442177
AHK,RHG,Tier1,0.9729456610351368
AHK,RHH,Tier1,2.217933813193109
AHK,RHM,Tier1,2.796550120088647
AHK,RHS,Tier1,1.0170609739213026
AHK,RHT,Tier1,0.9918164787112316
AHK,RHV,Tier1,2.9597262315474397
AHK,NHH,Tier1,1.7802022132868325
AHK,QHH,Tier1,1.7822415137457646
AHK,YPPAK,Tier1,2.9191688920192997
AHK,KTFCGRH,Tier1,2.8634252148568473
AHK,RADHPF,Tier1,2.902583003924903
AHK,RADHP,Tier1,2.814970813878197
AHK,QGAR,Tier1,2.638826301639767
AHK,YAKPA,Tier1,2.7202054927743906
AHK,ARHPHP,Tier1,1.6623810432535104
AHK,RHPHP,Tier1,1.8004159325703097
AHK,RYPS,Tier1,2.511431058475801
AHK,SRYPS,Tier1,2.72994463582157
AHK,YAKP,Tier1,2.466435448807208
AHK,VGGRP,Tier1,2.8558085301494884
AHK,KKY,Tier1,3.035644510710754
VHH,HGPLGPL,Tier1,2.650754329332955
VHH,HPLH,Tier1,1.1677119996002312
VHH,HHLP,Tier1,1.4436341716412893
VHH,HLPH,Tier1,1.4436341716412893
VHH,PLHH,Tier1,1.1786625114412757
VHH,HPHL,Tier1,1.1677119996002312
VHH,LLHH,Tier1,2.2944148467050556
VHH,HHPLL,Tier1,1.9900390289617957
VHH,HLHP,Tier1,1.1677119996002312
VHH,LPHH,Tier1,1.4436341716412893
VHH,HHPL,Tier1,1.1677119996002312
VHH,LHPH,Tier1,1.1677119996002312
VHH,LLPHH,Tier1,2.106994968025839
VHH,HLH,Tier1,1.8877289574816998
VHH,LLPHHH,Tier1,1.7383102316252148
VHH,LHH,Tier1,0.551264796817929
VHH,LHA,Tier1,2.2446410168291444
VHH,LHG,Tier1,1.8753570878329053
VHH,LHR,Tier1,3.0678053411453843
VHH,LHS,Tier1,1.7384472802028241
VHH,LHT,Tier1,1.7996331853523726
VHH,PHF,Tier1,2.743401284000571
VHH,PHI,Tier1,3.091615213145031
VHH,PHL,Tier1,1.6916808626415718
VHH,PHM,Tier1,2.2270024486642925
VHH,PHV,Tier1,1.627249994775359
VHH,PHW,Tier1,2.8294704015611503
VHH,AHH,Tier1,3.0177167804106677
VHH,IHH,Tier1,0.9033764375895863
VHH,FHH,Tier1,2.197007248131086
VHH,WHH,Tier1,2.88838769201146
VHH,HFH,Tier1,2.907137507808719
VHH,HHF,Tier1,2.27855672490374
VHH,HHW,Tier1,2.5431823932811195
VHH,LPHSGY,Tier1,3.0075448123985105
VHH,PHYL,Tier1,3.0937073863617623
VHH,GALAAH,Tier1,2.9588935709076645
VHH,NHAV,Tier1,2.863999912355879
VHH,QHGV,Tier1,2.891792127803427
VHH,ARHPHPHLSFM,Tier1,3.046886546673655
VHH,HMPVTK,Tier1,3.1192137219967577
VHH,FVPH,Tier1,2.901142437506331
VHH,YLGAK,Tier1,3.01083468603425
VHH,GIISHR,Tier1,2.452371072274888
VHH,GLTSK,Tier1,2.823304394941557
VHHANEN,VNPHDHQN,Tier1,2.0022797493360165
VHHANEN,LVNPHDHQN,Tier1,1.7988614228140616
VHHANEN,VPSGK,Tier1,2.846989329160782
VHHANEN,LQPGQGQQ,Tier1,3.085865596984779
VHHANEN,PSHDAHPE,Tier1,2.510625724165618
VHHANEN,SHDAHPE,Tier1,2.706188181635903
VHHANEN,PKAVHE,Tier1,2.3026479838357994
VHHANEN,PHHADS,Tier1,2.559999508806313
VHHANEN,VDYP,Tier1,3.0086314580168008
VHHANEN,LQPGQGQQG,Tier1,3.0944709293485126
VHHANEN,AQIPQQ,Tier1,2.6639723446149017
VHHANEN,DSGVT,Tier1,2.649568415881319
VHHANEN,YAEERYPIL,Tier1,2.5442164043745112
VHHANEN,NGPLQAGQPGER,Tier1,2.082936776796365
VHHANEN,NGLEGLK,Tier1,2.559317078012537
VHHANEN,HFGDPFH,Tier1,3.0272701149473797
VHHANEN,LGLNGDDVN,Tier1,3.119355210683696
VHHANEN,ESTVPERTHPACPDFN,Tier1,2.99621839136406
VHHANEN,PSKYEPFV,Tier1,2.8585844797845397
VHHANEN,CYGPNR,Tier1,2.4368241761382716
VHHANEN,AEAQKQLR,Tier1,2.878658093513843
VHHANEN,LPTSEAAKY,Tier1,2.564909598360924
VHHANEN,KHNRGDEF,Tier1,2.8557292097729343
VHHANEN,LHD,Tier1,3.0098220359988215
VHHANEN,LHE,Tier1,3.0009713962110944
VHHANEN,LHQ,Tier1,2.9539874543698277
VHHANEN,PHD,Tier1,2.907566291070004
VHHANEN,PHE,Tier1,2.8982579136443762
VHHANEN,PHQ,Tier1,2.901712762697558
VHHANEN,VHDY,Tier1,2.827439311817328
VHHANEN,WEGPK,Tier1,2.51389834200864
VHHANEN,VKEAMPK,Tier1,2.4749223283707145
VHHANEN,AVPYPQR,Tier1,2.790910791952509
VHHANEN,HGGEGGRPYHLGEES,Tier1,2.7559460237490323
VHHANEN,IIENGEKWS,Tier1,2.2776601850965656
VHHANEN,LVDTGRGPIMY,Tier1,2.7991169160295706
VHHANEN,EEEQVGQGYETIRARL,Tier1,3.1106642963679563
VHHANEN,NHAV,Tier1,2.455841652582623
VHHANEN,HVRETALV,Tier1,2.6329903697232746
VHHANEN,HDHPVC,Tier1,2.0237493992476683
VHHANEN,HEKVC,Tier1,2.4056079876724454
VHHANEN,QWPAQ,Tier1,2.6209513614713726
VHHANEN,TGGGNV,Tier1,2.914577367149737
VHHANEN,ESTTVPERTHPACPDFN,Tier1,3.12427884239308
VHHANEN,VECYGPNRPQF,Tier1,2.7356738688509745
VHHANEN,EWPAQ,Tier1,2.208691954728327
VHHANEN,QHGV,Tier1,2.268089358068448
VHHANEN,VKEAMAPK,Tier1,2.2306598721869166
VHHANEN,YQEPVLGP,Tier1,2.4875796409989617
VHHANEN,FRADHPFL,Tier1,2.595270851366399
VHHANEN,RADHPFL,Tier1,2.0890422794919146
VHHANEN,RADHPF,Tier1,2.251464672844662
VHHANEN,RADHP,Tier1,2.9546297092536298
VHHANEN,ADHP,Tier1,2.9891417092330355
VHHANEN,QVVPYPQ,Tier1,2.7527836691947303
VHHANEN,HQIYPV,Tier1,3.115060753118122
VHHANEN,DRVYIHPF,Tier1,2.8961602750359394
VHHANEN,AIRQGDVF,Tier1,2.75188511089889
VHHANEN,VLEANPRSF,Tier1,2.8895208557677328
VHHANEN,HNPI,Tier1,3.0424086187646515
VHHANEN,QYDQGV,Tier1,2.4403111408508256
VHHANEN,AADNANELFPPN,Tier1,2.3014451211635403
VHHANEN,VPNSYP,Tier1,2.9647418613998067
VHHANEN,NPYVPR,Tier1,2.5843989562294865
VHHANEN,TERGY,Tier1,2.3484121299169822
VHHANEN,TEFTK,Tier1,2.455286185647071
VHHANEN,YSEMPPGK,Tier1,2.633218936310562
VHHANEN,FHNMEK,Tier1,2.7955959246478974
VHHANEN,TIASGEP,Tier1,2.7359781134194603
VHHANEN,GYLEQ,Tier1,2.3157499639784245
VHHANEN,RDMPIQ,Tier1,3.001511952866173
VHHANEN,LGNTDYAVH,Tier1,2.450885680224147
VHHANEN,DHG,Tier1,2.9211638564520914
VHHANEN,RASDPLLSV,Tier1,2.803348165285688
VHHANEN,RNDDLNYIQ,Tier1,2.8309880644643517
VHHANEN,LAPSLPGKPKPD,Tier1,2.6465587464349807
VHHANEN,DHTKE,Tier1,3.1185573218956275
VHHANEN,MPDAHL,Tier1,2.5724799794633935
VHHANEN,ALEPDHR,Tier1,2.4144402602833845
VHHANEN,TETWNPNHPEL,Tier1,2.8428385051990253
VHHANEN,SAEHGSLH,Tier1,2.1912697543803317
VHHANEN,TSQLLSDQ,Tier1,2.044210118931614
VHHANEN,TRTGDPFF,Tier1,2.652329036482489
VHHANEN,NFHPQ,Tier1,2.323945381236252
VHHANEN,GFGPEL,Tier1,2.9278833795871133
VHHANEN,VGGRP,Tier1,3.0413827020203037
VHHANEN,LTTLDSE,Tier1,3.0175830059081243
VHHANEN,AEERYP,Tier1,2.58465752924288
VHHANEN,GVQEGAGHYALL,Tier1,2.8858457148517846
VHHANEN,LSGNK,Tier1,2.3021001370219802
VHHANEN,GEGSGA,Tier1,3.0540131837439217
VHHANEN,GLTSK,Tier1,2.9436637881316483
VHHANEN,SDRDLLGPNNQYLPK,Tier1,2.286861723190816
VHHANEN,WYGPD,Tier1,2.9122147003639127
VHHANEN,KLSDW,Tier1,3.116013587948285
VHHANEN,KGLWE,Tier1,2.49206616905839
VHHANEN,IYIEQGNGITGM,Tier1,2.9056605611359068
VHHANEN,ETTL,Tier1,2.525665910415916
VHHANEN,KDVPP,Tier1,2.220703710383233
VHHANEN,GQVPP,Tier1,2.9947708444383716
VNPHDHQN,LVNPHDHQN,Tier1,1.0738719585123861
VNPHDHQN,EAK,Tier1,3.07353516323638
VNPHDHQN,LQPGQGQQ,Tier1,2.4126587463145026
VNPHDHQN,PSHDAHPE,Tier1,2.586248067293837
VNPHDHQN,SHDAHPE,Tier1,2.608689027006711
VNPHDHQN,VDHDHPE,Tier1,2.99336143309852
VNPHDHQN,PKAVHE,Tier1,2.4713998786607174
VNPHDHQN,PHHADS,Tier1,2.8508377508184815
VNPHDHQN,LQPGQGQQG,Tier1,2.3552513676487408
VNPHDHQN,AQIPQQ,Tier1,2.6534503181710867
VNPHDHQN,NGPLQAGQPGER,Tier1,1.73569095536273
VNPHDHQN,NGLEGLK,Tier1,2.88077617692651
VNPHDHQN,PSKYEPFV,Tier1,2.8093668419778677
VNPHDHQN,CYGPNR,Tier1,3.041297772100469
VNPHDHQN,PNRPQF,Tier1,2.5419843076490367
VNPHDHQN,AEAQKQLR,Tier1,2.4069486407347287
VNPHDHQN,LPTSEAAKY,Tier1,2.784388941960454
VNPHDHQN,KHNRGDEF,Tier1,1.849150225115925
VNPHDHQN,PHD,Tier1,2.760674548519196
VNPHDHQN,PHE,Tier1,2.7477329389345138
VNPHDHQN,PHN,Tier1,2.985162638039546
VNPHDHQN,PHQ,Tier1,2.619671782758906
VNPHDHQN,VHDY,Tier1,2.8947705644794124
VNPHDHQN,GGE,Tier1,3.1213687325834663
VNPHDHQN,WEGPK,Tier1,1.820350162116496
VNPHDHQN,NHRYDR,Tier1,2.9136652404025383
VNPHDHQN,VKEAMPK,Tier1,2.913696045423085
VNPHDHQN,HGGEGGRPYHLGEES,Tier1,2.815365010340876
VNPHDHQN,IIENGEKWS,Tier1,2.608852570287248
VNPHDHQN,EEEQVGQGYETIRARL,Tier1,2.877151640098534
VNPHDHQN,NYKQM,Tier1,2.6459936562187565
VNPHDHQN,HDHPVC,Tier1,2.7015141816156567
VNPHDHQN,HEKVC,Tier1,2.76936050328617
VNPHDHQN,QWPAQ,Tier1,2.838326483352005
VNPHDHQN,VECYGPNRPQF,Tier1,2.7028581545191903
VNPHDHQN,EWPAQ,Tier1,2.534818964208265
VNPHDHQN,QHGV,Tier1,3.075702323505675
VNPHDHQN,VKEAMAPK,Tier1,2.872313656681829
VNPHDHQN,YQEP,Tier1,2.978199994029132
VNPHDHQN,FRADHPFL,Tier1,2.836497987982103
VNPHDHQN,RADHPFL,Tier1,2.3696771246979034
VNPHDHQN,RADHPF,Tier1,2.0486396578031254
VNPHDHQN,RADHP,Tier1,2.132720011028466
VNPHDHQN,ADHP,Tier1,2.668088461820985
VNPHDHQN,QGAR,Tier1,2.4993056132789384
VNPHDHQN,VLEANPRSF,Tier1,2.6244469303573097
VNPHDHQN,HNPI,Tier1,3.088756492458414
VNPHDHQN,QYDQGV,Tier1,2.033320941668897
VNPHDHQN,AADNANELFPPN,Tier1,2.4027431038856233
VNPHDHQN,NPYVPR,Tier1,2.983808947937088
VNPHDHQN,TERGY,Tier1,2.023380794073404
VNPHDHQN,TEFTK,Tier1,2.204724283746282
VNPHDHQN,YSEMPPGK,Tier1,2.962627547162708
VNPHDHQN,FHNMEK,Tier1,2.895482344432927
VNPHDHQN,LGNTDYAVH,Tier1,2.905433146609303
VNPHDHQN,DHG,Tier1,2.82753004966744
VNPHDHQN,RNDDLNYIQ,Tier1,2.949594751744079
VNPHDHQN,LAPSLPGKPKPD,Tier1,2.9565107823675034
VNPHDHQN,DHTKE,Tier1,2.700682715576495
VNPHDHQN,ALEPDHR,Tier1,1.742894777911215
VNPHDHQN,TETWNPNHPEL,Tier1,2.077061350767022
VNPHDHQN,RPNYTDA,Tier1,2.034667338073354
VNPHDHQN,TSQLLSDQ,Tier1,2.5606156210281035
VNPHDHQN,TRTGDPFF,Tier1,2.510516854456989
VNPHDHQN,NFHPQ,Tier1,2.530135467829446
VNPHDHQN,AEERYP,Tier1,2.5214742326408754
VNPHDHQN,QYP,Tier1,3.1118397042727075
VNPHDHQN,LSGNK,Tier1,3.0678539530748274
VNPHDHQN,SDRDLLGPNNQYLPK,Tier1,2.510187085594755
VNPHDHQN,KGLWE,Tier1,2.997821805173206
VNPHDHQN,DWDPK,Tier1,3.1192439579989273
VNPHDHQN,YQKFPQY,Tier1,3.0448441480005046
VNPHDHQN,YQK,Tier1,3.0424453208065914
LVNPHDHQN,LQPGQGQQ,Tier1,2.392430742495525
LVNPHDHQN,PSHDAHPE,Tier1,2.8889032614024863
LVNPHDHQN,SHDAHPE,Tier1,2.983390838490135
LVNPHDHQN,PKAVHE,Tier1,2.371390336679877
LVNPHDHQN,PHHADS,Tier1,3.0847500800219114
LVNPHDHQN,VDYP,Tier1,2.875294988776043
LVNPHDHQN,LQPGQGQQG,Tier1,2.348030785898667
LVNPHDHQN,AQIPQQ,Tier1,2.32010966530103
LVNPHDHQN,YAEERYPIL,Tier1,2.7000165709262207
LVNPHDHQN,NGPLQAGQPGER,Tier1,1.6398276415788982
LVNPHDHQN,NADFGLNGLEGLA,Tier1,2.9023358978758615
LVNPHDHQN,NGLEGLK,Tier1,2.303595515848704
LVNPHDHQN,LGLNGDDVN,Tier1,2.8165177165289035
LVNPHDHQN,ESTVPERTHPACPDFN,Tier1,3.0183890361850922
LVNPHDHQN,PSKYEPFV,Tier1,2.545106341084853
LVNPHDHQN,CYGPNR,Tier1,3.004256418605808
LVNPHDHQN,PNRPQF,Tier1,2.7990855163177235
LVNPHDHQN,AEAQKQLR,Tier1,2.3282962064174737
LVNPHDHQN,LPTSEAAKY,Tier1,2.468476107798646
LVNPHDHQN,KHNRGDEF,Tier1,2.440287845208234
LVNPHDHQN,LHQ,Tier1,2.96274644421554
LVNPHDHQN,VHDY,Tier1,2.734228458017794
LVNPHDHQN,WEGPK,Tier1,2.194721404412293
LVNPHDHQN,VKEAMPK,Tier1,2.581823326457925
LVNPHDHQN,HGGEGGRPYHLGEES,Tier1,2.794072993601323
LVNPHDHQN,IAPNYNTRATKL,Tier1,3.015088015831125
LVNPHDHQN,IIENGEKWS,Tier1,1.9500519233144795
LVNPHDHQN,LVDTGRGPIMY,Tier1,2.5822566963719162
LVNPHDHQN,EEEQVGQGYETIRARL,Tier1,2.5098822782418577
LVNPHDHQN,NHAV,Tier1,2.8192588120264928
LVNPHDHQN,HVRETALV,Tier1,2.8511624052573548
LVNPHDHQN,LNGDVW,Tier1,2.904543714122913
LVNPHDHQN,NYKQM,Tier1,2.8849639715084434
LVNPHDHQN,HDHPVC,Tier1,2.318899176050864
LVNPHDHQN,HEKVC,Tier1,2.3514826358821437
LVNPHDHQN,QWPAQ,Tier1,2.7513708157018213
LVNPHDHQN,VECYGPNRPQF,Tier1,2.3423978313357807
LVNPHDHQN,EWPAQ,Tier1,2.5133148250850117
LVNPHDHQN,QHGV,Tier1,2.6976530767616853
LVNPHDHQN,VKEAMAPK,Tier1,2.4347237530328107
LVNPHDHQN,YQEPVLGP,Tier1,2.7274785310835097
LVNPHDHQN,FRADHPFL,Tier1,2.220670875035657
LVNPHDHQN,RADHPFL,Tier1,1.866833505464394
LVNPHDHQN,RADHPF,Tier1,2.217784402269968
LVNPHDHQN,RADHP,Tier1,2.741603219070706
LVNPHDHQN,ADHP,Tier1,3.037930455603915
LVNPHDHQN,QVVPYPQ,Tier1,2.8300610340299768
LVNPHDHQN,QGAR,Tier1,2.8693697115943464
LVNPHDHQN,AIRQGDVF,Tier1,2.3656982635921984
LVNPHDHQN,VLEANPRSF,Tier1,1.9360396828393247
LVNPHDHQN,HNPI,Tier1,2.7749364087632573
LVNPHDHQN,QYDQGV,Tier1,2.01603513616158
LVNPHDHQN,AADNANELFPPN,Tier1,1.98277408064621
LVNPHDHQN,VPNSYP,Tier1,3.107834224148449
LVNPHDHQN,NPYVPR,Tier1,2.831226404575368
LVNPHDHQN,TERGY,Tier1,2.560069665697885
LVNPHDHQN,TEFTK,Tier1,2.3815405344523253
LVNPHDHQN,YSEMPPGK,Tier1,2.979176666080072
LVNPHDHQN,FHNMEK,Tier1,2.868289351803267
LVNPHDHQN,GYLEQ,Tier1,2.979203816738709
LVNPHDHQN,LGNTDYAVH,Tier1,2.3711903708976405
LVNPHDHQN,RASDPLLSV,Tier1,2.763118399266573
LVNPHDHQN,RNDDLNYIQ,Tier1,2.649918633396054
LVNPHDHQN,LAPSLPGKPKPD,Tier1,2.557057190305604
LVNPHDHQN,MPDAHL,Tier1,2.8375074399385274
LVNPHDHQN,ALEPDHR,Tier1,1.8436969677896524
LVNPHDHQN,TETWNPNHPEL,Tier1,2.062238595840074
LVNPHDHQN,SAEHGSLH,Tier1,2.872084875039492
LVNPHDHQN,RPNYTDA,Tier1,2.5597657320565093
LVNPHDHQN,TSQLLSDQ,Tier1,1.8592154097442368
LVNPHDHQN,TRTGDPFF,Tier1,2.3897295418442446
LVNPHDHQN,NFHPQ,Tier1,2.603238079825753
LVNPHDHQN,VVGGDGDV,Tier1,2.9386993328014137
LVNPHDHQN,LTTLDSE,Tier1,3.0799800887461943
LVNPHDHQN,AEERYP,Tier1,2.9066866273740084
LVNPHDHQN,GGLEPINFN,Tier1,3.0149749613663803
LVNPHDHQN,LANAK,Tier1,2.9649145546332414
LVNPHDHQN,LSGNK,Tier1,2.721337260465965
LVNPHDHQN,VAWRNRCKGTD,Tier1,3.0930544454165476
LVNPHDHQN,SDRDLLGPNNQYLPK,Tier1,1.9549546392474795
LVNPHDHQN,KLSDW,Tier1,2.9059464649803037
LVNPHDHQN,KGLWE,Tier1,2.51354372731286
LVNPHDHQN,IYIEQGNGITGM,Tier1,2.88335774971856
LVNPHDHQN,ETTL,Tier1,2.920398166156158
LVNPHDHQN,VKRRGQDCIHGFCSD,Tier1,3.006326483244489
LVNPHDHQN,KDVPP,Tier1,3.0652791647319995
VIPAGYP,LQSGDALRVPSGTTYY,Tier1,3.109664119596069
VIPAGYP,VPSGK,Tier1,2.5901094062284837
VIPAGYP,FVAGK,Tier1,2.5881454099880687
VIPAGYP,PAGY,Tier1,2.625906387764098
VIPAGYP,DSGVT,Tier1,2.986548187850921
VIPAGYP,WYSLAMAASDI,Tier1,2.259105444935745
VIPAGYP,FDSGPAGVL,Tier1,1.8144114206463098
VIPAGYP,HGPLGPL,Tier1,1.798565876470122
VIPAGYP,VKAGFAWTANQQLS,Tier1,3.0981370932165757
VIPAGYP,PSYV,Tier1,1.3138693771024343
VIPAGYP,LPTSEAAKY,Tier1,2.9588312794543206
VIPAGYP,PMDYMVT,Tier1,2.82523062735675
VIPAGYP,LLPH,Tier1,2.464337649065368
VIPAGYP,HPHL,Tier1,3.0146866074305825
VIPAGYP,YLYP,Tier1,2.552767802563887
VIPAGYP,LYPY,Tier1,1.9024133549733278
VIPAGYP,LPYY,Tier1,2.0864335861123515
VIPAGYP,HHPLL,Tier1,2.44229845924792
VIPAGYP,LPHH,Tier1,2.960949070059926
VIPAGYP,HHPL,Tier1,3.0146866074305825
VIPAGYP,LHPH,Tier1,3.0146866074305825
VIPAGYP,LLPHH,Tier1,2.3686871511657372
VIPAGYP,LLPHHH,Tier1,2.714217567598332
VIPAGYP,LHA,Tier1,2.4557014405805138
VIPAGYP,LHG,Tier1,2.6068864087396038
VIPAGYP,LHS,Tier1,2.4100430732058613
VIPAGYP,LHT,Tier1,2.529234313750539
VIPAGYP,LWA,Tier1,3.023618131375801
VIPAGYP,LWG,Tier1,2.8761443497513692
VIPAGYP,LWS,Tier1,2.9736917095093416
VIPAGYP,LWT,Tier1,2.8452936573795657
VIPAGYP,PHI,Tier1,3.1101453964196315
VIPAGYP,PHL,Tier1,2.4816846375013744
VIPAGYP,PHV,Tier1,2.4495291826318466
VIPAGYP,PWI,Tier1,2.9410479717712987
VIPAGYP,PWL,Tier1,2.8671676931242738
VIPAGYP,PWV,Tier1,3.1015117182624103
VIPAGYP,IYY,Tier1,2.7344264567020837
VIPAGYP,LYY,Tier1,2.7487712838675638
VIPAGYP,VYY,Tier1,2.7451877253236545
VIPAGYP,YYI,Tier1,2.7344264567020837
VIPAGYP,YYL,Tier1,2.7487712838675638
VIPAGYP,YYV,Tier1,2.7390090075486007
VIPAGYP,YPFPG,Tier1,2.9792465542621156
VIPAGYP,LPHSGY,Tier1,1.71227365916305
VIPAGYP,GAWA,Tier1,2.719475173262172
VIPAGYP,PHYL,Tier1,2.3184596022258073
VIPAGYP,GALAAH,Tier1,1.8532011200232201
VIPAGYP,GSGGL,Tier1,1.2882501518509497
VIPAGYP,GPGGFI,Tier1,0.9095796942921983
VIPAGYP,FIGP,Tier1,1.7761400336076674
VIPAGYP,AMTGLDA,Tier1,2.5231260349659634
VIPAGYP,AVPYPQR,Tier1,2.8362592198227707
VIPAGYP,FFAPGRNPTSFS,Tier1,2.8235840587823415
VIPAGYP,YLAGMN,Tier1,2.298180783358012
VIPAGYP,LVDTGRGPIMY,Tier1,2.54194570949925
VIPAGYP,AAVGGYRVAVL,Tier1,2.1549172500673186
VIPAGYP,NHAV,Tier1,2.7101206460534963
VIPAGYP,HVRETALV,Tier1,2.7962305022564964
VIPAGYP,IPAGM,Tier1,1.656131045134831
VIPAGYP,LPAGV,Tier1,2.0499798298482275
VIPAGYP,IPAGV,Tier1,1.9112259506882274
VIPAGYP,SVYT,Tier1,2.4250555561081413
VIPAGYP,LALPA,Tier1,2.9815474184441357
VIPAGYP,PSIPA,Tier1,1.7490979868702627
VIPAGYP,PSLPA,Tier1,2.203982951487264
VIPAGYP,VSYT,Tier1,1.492733515354613
VIPAGYP,YSTA,Tier1,2.622274687753746
VIPAGYP,GPAGPAG,Tier1,2.549205962744693
VIPAGYP,GFPSG,Tier1,2.546301594609062
VIPAGYP,TGGGNV,Tier1,2.283347440290824
VIPAGYP,PVMGA,Tier1,1.744353482564969
VIPAGYP,QHGV,Tier1,3.031483190000578
VIPAGYP,CAAP,Tier1,1.5904860067562798
VIPAGYP,ARHPHPHLSFM,Tier1,3.118798606722067
VIPAGYP,FGHPY,Tier1,2.7714431681558787
VIPAGYP,YQEPVLGP,Tier1,2.689883716976308
VIPAGYP,SALAM,Tier1,2.524204693330354
VIPAGYP,YQIGL,Tier1,2.7151710267639713
VIPAGYP,YPI,Tier1,1.7000350366779604
VIPAGYP,YPIL,Tier1,2.293043490937778
VIPAGYP,QVVPYPQ,Tier1,2.388426586122068
VIPAGYP,HQIYPV,Tier1,2.213838819484703
VIPAGYP,IYPF,Tier1,2.918582753061111
VIPAGYP,WYSL,Tier1,2.8596245627701236
VIPAGYP,WYSLA,Tier1,2.5767803051630627
VIPAGYP,WYSLAM,Tier1,2.8609783215895233
VIPAGYP,WYSLAMA,Tier1,2.6975313029122168
VIPAGYP,LNLPTAVYMVT,Tier1,2.349356756488723
VIPAGYP,YGGFL,Tier1,1.5700918955562935
VIPAGYP,YGGFM,Tier1,2.334654970102301
VIPAGYP,FALPQYLK,Tier1,3.0193622829920908
VIPAGYP,PYVRYL,Tier1,2.665566199146314
VIPAGYP,AGWNIPIGT,Tier1,2.046564621566606
VIPAGYP,AGWNIP,Tier1,2.8228575266285456
VIPAGYP,LGFEYY,Tier1,3.0774226711892165
VIPAGYP,VPYPQ,Tier1,2.5089726205000047
VIPAGYP,VPNSYP,Tier1,2.493895891380893
VIPAGYP,WISELG,Tier1,2.9311545768058442
VIPAGYP,ISELWG,Tier1,2.9634649276717
VIPAGYP,ISELGY,Tier1,2.485518600906608
VIPAGYP,GPLGLLGFLGPLGLS,Tier1,2.879095745114705
VIPAGYP,SVMPVVA,Tier1,2.994211604118713
VIPAGYP,WHNVSGSP,Tier1,2.7020934140408244
VIPAGYP,YWVTSGPK,Tier1,2.5699114850754707
VIPAGYP,VAMVPPFET,Tier1,2.557915580666245
VIPAGYP,AYPS,Tier1,2.767580194966898
VIPAGYP,VLSRYPS,Tier1,2.17064721713379
VIPAGYP,TIASGEP,Tier1,2.646184237981228
VIPAGYP,TVYQ,Tier1,3.097793445921216
VIPAGYP,YGLN,Tier1,2.6366270816570463
VIPAGYP,YIPIQY,Tier1,2.645946195732879
VIPAGYP,LGNTDYAVH,Tier1,3.0187481742035613
VIPAGYP,RASDPLLSV,Tier1,2.7000946024016583
VIPAGYP,AGTTCLFTPLALPYDYSH,Tier1,3.003461582293772
VIPAGYP,MPDAHL,Tier1,3.0257443068136882
VIPAGYP,FVPH,Tier1,2.109060060947893
VIPAGYP,SAEHGSLH,Tier1,3.0143929788501316
VIPAGYP,LSGYGP,Tier1,1.6424890791197926
VIPAGYP,GFGPEL,Tier1,2.6123498091587476
VIPAGYP,VGGRP,Tier1,3.0839351430318334
VIPAGYP,VPVTST,Tier1,1.7862886613661726
VIPAGYP,YLGAK,Tier1,2.587733050056865
VIPAGYP,GGIF,Tier1,1.8314864805936297
VIPAGYP,GVQEGAGHYALL,Tier1,2.0487110765028658
VIPAGYP,WPP,Tier1,3.016702877740539
VIPAGYP,YYIVS,Tier1,1.905985919238937
VIPAGYP,SGQYFL,Tier1,2.471068728837459
VIPAGYP,GIISHR,Tier1,2.7558366150998856
VIPAGYP,SNAAC,Tier1,2.925830096206406
VIPAGYP,GLTSK,Tier1,2.728856651445961
VIPAGYP,CSQAPLA,Tier1,2.1979576826429237
VIPAGYP,IYIEQGNGITGM,Tier1,2.8837096377931877
VIPAGYP,AGGF,Tier1,1.790528466478036
VIPAGYP,SGAF,Tier1,1.9889158796226625
VIPAGYP,GQVPP,Tier1,2.5419941161770674
VIPAGYP,DGVVYY,Tier1,2.4883101405172363
VIPAGYP,PGVPWP,Tier1,2.678009228672039
VIPAGYP,RYLGY,Tier1,3.1018692086917525
VIPAGYP,YLGY,Tier1,2.667032545114081
VIPAGYP,LGY,Tier1,2.002344512597558
VIPAGYP,AYFYPEL,Tier1,2.770624928392175
VIPAGYP,VAGTWY,Tier1,2.308559478255082
LQSGDALRVPSGTTYY,YFYPEL,Tier1,3.1010695127620607
LQSGDALRVPSGTTYY,YAEERYPIL,Tier1,2.4582424756407835
LQSGDALRVPSGTTYY,WYSLAMAASDI,Tier1,2.797646159406563
LQSGDALRVPSGTTYY,AKYIPIQYVLSRYPSY,Tier1,2.6103990846961245
LQSGDALRVPSGTTYY,FDSGPAGVL,Tier1,2.4736290140274813
LQSGDALRVPSGTTYY,NGPLQAGQPGER,Tier1,2.570649512220976
LQSGDALRVPSGTTYY,VKAGFAWTANQQLS,Tier1,2.3795236142902123
LQSGDALRVPSGTTYY,ESTVPERTHPACPDFN,Tier1,2.3816198326935716
LQSGDALRVPSGTTYY,PSKYEPFV,Tier1,2.682917484950824
LQSGDALRVPSGTTYY,LPTSEAAKY,Tier1,2.381219075842483
LQSGDALRVPSGTTYY,PMDYMVT,Tier1,3.018936794571742
LQSGDALRVPSGTTYY,RPPGFSPFR,Tier1,2.9948388903298127
LQSGDALRVPSGTTYY,NRVYIHPFHLLVYS,Tier1,3.114909778205195
LQSGDALRVPSGTTYY,AVPYPQR,Tier1,2.593582160073899
LQSGDALRVPSGTTYY,HGGEGGRPYHLGEES,Tier1,2.839142534949601
LQSGDALRVPSGTTYY,FFAPGRNPTSFS,Tier1,2.3475223206746088
LQSGDALRVPSGTTYY,WEIKPSSLTGKSPYFSNNHGKL,Tier1,2.914464245697524
LQSGDALRVPSGTTYY,LVDTGRGPIMY,Tier1,2.578941049052883
LQSGDALRVPSGTTYY,TGGGNV,Tier1,3.076862166486564
LQSGDALRVPSGTTYY,ESTTVPERTHPACPDFN,Tier1,2.325663090044825
LQSGDALRVPSGTTYY,VECYGPNRPQF,Tier1,2.049066800029588
LQSGDALRVPSGTTYY,VKEAMAPK,Tier1,2.907388944612959
LQSGDALRVPSGTTYY,ARHPHPHLSFM,Tier1,2.7862954526242847
LQSGDALRVPSGTTYY,YQEPVLGP,Tier1,2.4127190767410807
LQSGDALRVPSGTTYY,FRADHPFL,Tier1,2.868027752712931
LQSGDALRVPSGTTYY,QVVPYPQ,Tier1,2.275080160314155
LQSGDALRVPSGTTYY,HQIYPV,Tier1,2.6701802738649083
LQSGDALRVPSGTTYY,LNLPTAVYMVT,Tier1,2.9769569434057583
LQSGDALRVPSGTTYY,AIRQGDVF,Tier1,2.9773102016799267
LQSGDALRVPSGTTYY,VLEANPRSF,Tier1,2.8931955380302776
LQSGDALRVPSGTTYY,AADNANELFPPN,Tier1,2.9158871528591694
LQSGDALRVPSGTTYY,AMRLTYNRPCIYAT,Tier1,2.4183969716776126
LQSGDALRVPSGTTYY,AMRLTGNRPGLYAT,Tier1,2.443482938204156
LQSGDALRVPSGTTYY,AMRLTYNRPCLGAT,Tier1,2.5315194416922617
LQSGDALRVPSGTTYY,CVHWMTNTARTACIAP,Tier1,2.242808722414026
LQSGDALRVPSGTTYY,AMRLTYNKPCLYGT,Tier1,2.583327677039924
LQSGDALRVPSGTTYY,AGWNIPIGT,Tier1,2.625008047018808
LQSGDALRVPSGTTYY,AGWNIP,Tier1,2.9513011806216105
LQSGDALRVPSGTTYY,VPYPQ,Tier1,2.6900994697259892
LQSGDALRVPSGTTYY,VPNSYP,Tier1,2.7148931889875616
LQSGDALRVPSGTTYY,WHNVSGSP,Tier1,2.1891573802972744
LQSGDALRVPSGTTYY,VAMVPPFET,Tier1,2.9131302316816923
LQSGDALRVPSGTTYY,YSEMPPGK,Tier1,2.382708994631784
LQSGDALRVPSGTTYY,FVNQPYLLYSVHMK,Tier1,2.6628811500043468
LQSGDALRVPSGTTYY,VLSRYPS,Tier1,2.5478308984257247
LQSGDALRVPSGTTYY,LGNTDYAVH,Tier1,2.8815265866410806
LQSGDALRVPSGTTYY,RASDPLLSV,Tier1,3.090381652708856
LQSGDALRVPSGTTYY,LAPSLPGKPKPD,Tier1,2.459664261990682
LQSGDALRVPSGTTYY,AGTTCLFTPLALPYDYSH,Tier1,2.0631683028180103
LQSGDALRVPSGTTYY,TSQLLSDQ,Tier1,2.930551408307006
LQSGDALRVPSGTTYY,STMMEERRMKVY,Tier1,2.859417607525426
LQSGDALRVPSGTTYY,GGLEPINFN,Tier1,3.069276354311057
LQSGDALRVPSGTTYY,GVQEGAGHYALL,Tier1,1.7510111248601439
LQSGDALRVPSGTTYY,PSLVGRPPVGKLTL,Tier1,3.053034789384757
LQSGDALRVPSGTTYY,SDRDLLGPNNQYLPK,Tier1,2.6854522948215296
LQSGDALRVPSGTTYY,CSQAPLA,Tier1,3.06342207331234
LQSGDALRVPSGTTYY,RCMAFLLSDGAAAAQQLLPQYW,Tier1,2.3237034358999904
LQSGDALRVPSGTTYY,IYIEQGNGITGM,Tier1,2.515784727926739
LQSGDALRVPSGTTYY,VKRRGQDCIHGFCSD,Tier1,2.492596343271714
LQSGDALRVPSGTTYY,GQFNDKRWIPFG,Tier1,2.6040776032827453
LQSGDALRVPSGTTYY,GQVPP,Tier1,2.8036976193475134
LQSGDALRVPSGTTYY,DVPPYM,Tier1,3.030070593571531
LQSGDALRVPSGTTYY,AYFYPEL,Tier1,2.6499127733910894
LQSGDALRVPSGTTYY,YQEPVLGPVRGPFPIIV,Tier1,2.0771796808258713
VKL,VVKL,Tier1,1.7723859150902452
VKL,VKV,Tier1,0.5507937524283271
VKL,IKL,Tier1,0.6372458623391556
VKL,KVI,Tier1,2.253196061976485
VKL,LLR,Tier1,2.926844677897074
VKL,IQW,Tier1,3.064980714471797
VVKL,VKV,Tier1,1.9031300228994823
VVKL,IKL,Tier1,1.8142164729484356
VVKL,KVI,Tier1,1.1284367107123323
VVKL,LARL,Tier1,2.9271636816430986
VVKL,MILMR,Tier1,2.620328008381996
VVKL,LLR,Tier1,2.084227505609643
VVKL,QCL,Tier1,2.9139554318833
VKV,IKL,Tier1,1.1310124658999723
VKV,KVI,Tier1,2.311547509187503
VKV,VKCFR,Tier1,3.106352671589436
VKV,LLR,Tier1,3.08410712251376
VKV,IRGCRL,Tier1,3.0000050344241216
VKV,IQW,Tier1,2.8681851281787316
PKAV,VPSGK,Tier1,2.2258815700065093
PKAV,FVAGK,Tier1,2.2353012975871356
PKAV,KAI,Tier1,1.7790014657650737
PKAV,PKAVHE,Tier1,2.066217835197523
PKAV,AQIPQQ,Tier1,2.970437246920003
PKAV,NGLEGLK,Tier1,3.0218887740558897
PKAV,PSKYEPFV,Tier1,2.8113745106432524
PKAV,CYGPNR,Tier1,3.02388730433248
PKAV,LPTSEAAKY,Tier1,2.620333850394132
PKAV,LHK,Tier1,2.9025304741576363
PKAV,LHN,Tier1,2.3424089860961
PKAV,LHQ,Tier1,1.9028771862800429
PKAV,LHR,Tier1,2.6222287631178958
PKAV,RHL,Tier1,2.8464705309790865
PKAV,RHV,Tier1,2.7584580587404086
PKAV,VHDY,Tier1,3.0621519910630837
PKAV,VKEAMPK,Tier1,2.7748529314669765
PKAV,AVPYPQR,Tier1,2.9152437752167466
PKAV,IAPNYNTRATKL,Tier1,2.5333107570517717
PKAV,LVDTGRGPIMY,Tier1,2.8738804718646302
PKAV,NHAV,Tier1,1.6532993367046018
PKAV,HVRETALV,Tier1,2.9470818533731484
PKAV,HDHPVC,Tier1,2.8952086690737935
PKAV,KTFCGRH,Tier1,2.6616262508014534
PKAV,FLHRP,Tier1,1.9130974288493283
PKAV,QHGV,Tier1,1.8652535470156242
PKAV,VKEAMAPK,Tier1,2.4797234821372696
PKAV,ARHPHPHLSFM,Tier1,3.1097454158986557
PKAV,YQIGL,Tier1,3.0834901921843487
PKAV,FRADHPFL,Tier1,2.7287806570415936
PKAV,RADHPFL,Tier1,2.228348082244246
PKAV,RADHPF,Tier1,2.7386820593618504
PKAV,HQIYPV,Tier1,2.7816577368381346
PKAV,WSVPQPK,Tier1,2.5236257881116453
PKAV,QGAR,Tier1,2.782044287159515
PKAV,VLEANPRSF,Tier1,2.531190883567133
PKAV,FALPQYLK,Tier1,2.711419449686795
PKAV,PYVRYL,Tier1,2.7935679971889873
PKAV,HNPI,Tier1,1.5719248151350427
PKAV,VPNSYP,Tier1,2.730290116126156
PKAV,NPYVPR,Tier1,2.185164036081637
PKAV,VKP,Tier1,2.9033695312427477
PKAV,LVSK,Tier1,2.40546745019041
PKAV,YWVTSGPK,Tier1,3.076498032528504
PKAV,YAKPA,Tier1,2.905780968803389
PKAV,YAKP,Tier1,2.8453503475155277
PKAV,VLSRYPS,Tier1,2.272392152320548
PKAV,YLKT,Tier1,2.386502490715811
PKAV,TVYQ,Tier1,2.848125103301015
PKAV,LGNTDYAVH,Tier1,2.6388067754658855
PKAV,RASDPLLSV,Tier1,2.326683010624355
PKAV,LAPSLPGKPKPD,Tier1,2.299499631666913
PKAV,MPDAHL,Tier1,2.9466561584604083
PKAV,TRTGDPFF,Tier1,3.034432198427093
PKAV,VGGRP,Tier1,1.4994404596340285
PKAV,YLGAK,Tier1,2.100060548121299
PKAV,SGQYFL,Tier1,2.775172351339379
PKAV,GIISHR,Tier1,2.145080351199081
PKAV,LANAK,Tier1,1.0921673300912307
PKAV,SNAAC,Tier1,2.6839892261764304
PKAV,LSGNK,Tier1,2.1849623236366584
PKAV,GLTSK,Tier1,1.931865911125928
PKAV,CAQ,Tier1,2.272657199410304
PKAV,KYL,Tier1,2.107765543949721
PKAV,CSQAPLA,Tier1,2.5357406148811705
PKAV,GQVPP,Tier1,2.9546876554992574
PKAV,RYLGY,Tier1,2.7901749928032946
PKAV,RYL,Tier1,2.1950777237535037
PKAV,RYLG,Tier1,2.2209137977267868
IKL,KVI,Tier1,2.358781047357539
IKL,LLR,Tier1,3.0965218131937537
VPSGK,FVAGK,Tier1,2.321860486713651
VPSGK,KAI,Tier1,3.0447442167896277
VPSGK,LQPGQGQQ,Tier1,3.0093639664983187
VPSGK,PKAVHE,Tier1,2.5788359799785527
VPSGK,PAGY,Tier1,3.057159974427951
VPSGK,PHHADS,Tier1,2.993208281193068
VPSGK,LQPGQGQQG,Tier1,2.898297020365732
VPSGK,AQIPQQ,Tier1,2.5375339466851647
VPSGK,DSGVT,Tier1,2.7463819911816154
VPSGK,PPQ,Tier1,2.9403935595036916
VPSGK,PPK,Tier1,2.5792691642167904
VPSGK,FDSGPAGVL,Tier1,2.7988730111584648
VPSGK,NGPLQAGQPGER,Tier1,2.739031071329631
VPSGK,HGPLGPL,Tier1,2.564602004589281
VPSGK,VKAGFAWTANQQLS,Tier1,2.9119039987420616
VPSGK,PSKYEPFV,Tier1,2.442715870148794
VPSGK,CYGPNR,Tier1,2.139607232973087
VPSGK,PLFQNKLAHAK,Tier1,2.8574055726694283
VPSGK,PSYV,Tier1,2.313608892619171
VPSGK,LPTSEAAKY,Tier1,2.1159983652212575
VPSGK,PMDYMVT,Tier1,3.0164645855613172
VPSGK,HPLH,Tier1,3.010123676049595
VPSGK,HHLP,Tier1,2.775859271603428
VPSGK,HLPH,Tier1,2.775859271603428
VPSGK,PLHH,Tier1,2.92700360077983
VPSGK,HPHL,Tier1,2.6244541117430193
VPSGK,LPYY,Tier1,3.110733621350062
VPSGK,HHPLL,Tier1,2.8649402251990694
VPSGK,HLHP,Tier1,3.010123676049595
VPSGK,LPHH,Tier1,2.3520862091507664
VPSGK,HHPL,Tier1,2.6244541117430193
VPSGK,LHPH,Tier1,2.6244541117430193
VPSGK,LLPHH,Tier1,2.6507116831048507
VPSGK,LLPHHH,Tier1,2.5903522053420835
VPSGK,LHA,Tier1,3.059644384898891
VPSGK,LHG,Tier1,2.9452418093138855
VPSGK,LHN,Tier1,2.5142685247898218
VPSGK,LHQ,Tier1,2.7142093511596417
VPSGK,LHS,Tier1,2.6258623504324135
VPSGK,LHT,Tier1,2.8343124143565315
VPSGK,PHA,Tier1,2.8998309736078816
VPSGK,PHI,Tier1,2.772964592387306
VPSGK,PHL,Tier1,2.5595393732833833
VPSGK,PHM,Tier1,2.483611584666172
VPSGK,PHN,Tier1,2.8317137293809123
VPSGK,PHQ,Tier1,3.0103178633403225
VPSGK,PHV,Tier1,2.373775669941762
VPSGK,RHA,Tier1,3.0796261393231337
VPSGK,RHV,Tier1,3.0346880278088637
VPSGK,YPFPG,Tier1,3.103446517585464
VPSGK,RPPGFSPFR,Tier1,2.4516651691523914
VPSGK,LPHSGY,Tier1,2.1684975496045342
VPSGK,PHYL,Tier1,2.2918689155483563
VPSGK,GALAAH,Tier1,2.8559205610940865
VPSGK,GPP,Tier1,3.011571025441592
VPSGK,GSGGL,Tier1,2.2615682360488703
VPSGK,GPGGFI,Tier1,2.4518454742939055
VPSGK,AMTGLDA,Tier1,3.0985181364713292
VPSGK,VKEAMPK,Tier1,2.349548500634432
VPSGK,AVPYPQR,Tier1,1.2745688982062287
VPSGK,KVLPVPQK,Tier1,2.68562904660112
VPSGK,VLPVPQK,Tier1,2.649576126887619
VPSGK,FFAPGRNPTSFS,Tier1,2.4225719338314007
VPSGK,YLAGMN,Tier1,2.821409174718585
VPSGK,IAPNYNTRATKL,Tier1,2.9846872147068195
VPSGK,LVDTGRGPIMY,Tier1,2.803054019841215
VPSGK,AAVGGYRVAVL,Tier1,3.091539671567127
VPSGK,NHAV,Tier1,1.6499726873452822
VPSGK,HVRETALV,Tier1,2.732885318974593
VPSGK,IPAGM,Tier1,2.7716669224974817
VPSGK,PSIPA,Tier1,2.3882854079001175
VPSGK,PSLPA,Tier1,2.5412798190646204
VPSGK,VSYT,Tier1,2.8016269665420674
VPSGK,HDHPVC,Tier1,2.471633484541948
VPSGK,QWPAQ,Tier1,2.5452700582759102
VPSGK,GPAGPAG,Tier1,2.830799321704582
VPSGK,GFPSG,Tier1,2.615966243086452
VPSGK,YPPAK,Tier1,2.1119694903296993
VPSGK,TCSP,Tier1,2.9291049529804036
VPSGK,TGGGNV,Tier1,2.183501144549706
VPSGK,VECYGPNRPQF,Tier1,3.0485389296822634
VPSGK,KTFCGRH,Tier1,2.4602033902173077
VPSGK,FLHRP,Tier1,2.1371531110394155
VPSGK,PVMGA,Tier1,2.6846123284091035
VPSGK,QHGV,Tier1,1.8706808456943387
VPSGK,CAAP,Tier1,2.3964204229921684
VPSGK,VKEAMAPK,Tier1,1.9556971814679258
VPSGK,ARHPHPHLSFM,Tier1,2.277785537557587
VPSGK,FGHPY,Tier1,2.9447813328524224
VPSGK,YQEPVLGP,Tier1,2.5286541249758585
VPSGK,FRADHPFL,Tier1,2.716660097938399
VPSGK,RADHPFL,Tier1,2.365678929330242
VPSGK,YPI,Tier1,3.0339153776130705
VPSGK,RADHPF,Tier1,2.756745611688086
VPSGK,QVVPYPQ,Tier1,2.0600792415061986
VPSGK,HQIYPV,Tier1,2.0248201967792836
VPSGK,PYPQ,Tier1,2.6716984471758853
VPSGK,WSVPQPK,Tier1,2.0261770874211114
VPSGK,LQGM,Tier1,3.00818107208603
VPSGK,YGGFL,Tier1,3.124477869458251
VPSGK,DRVYIHPF,Tier1,3.0361084917725227
VPSGK,AIRQGDVF,Tier1,2.992767341071397
VPSGK,VLEANPRSF,Tier1,2.8779795829371015
VPSGK,FALPQYLK,Tier1,2.6581425417301427
VPSGK,PYVRYL,Tier1,2.6361761033369127
VPSGK,HNPI,Tier1,2.0689062093539126
VPSGK,AMRLTYNRPCIYAT,Tier1,3.0109321034628524
VPSGK,AMRLTGNRPGLYAT,Tier1,2.6654282421926028
VPSGK,AMRLTYNRPCLGAT,Tier1,2.8205652808196766
VPSGK,CVHWMTNTARTACIAP,Tier1,3.031977120605151
VPSGK,AMRLTYNKPCLYGT,Tier1,3.0092435508947943
VPSGK,AGWNIPIGT,Tier1,2.680148933543213
VPSGK,AGWNIP,Tier1,2.8874702527143854
VPSGK,VPYPQ,Tier1,1.7546466938217657
VPSGK,VPNSYP,Tier1,1.716577910846146
VPSGK,NPYVPR,Tier1,1.7967175276875886
VPSGK,PYFNK,Tier1,2.952633235216436
VPSGK,YLMSR,Tier1,2.184709305953929
VPSGK,HMPVTK,Tier1,2.3474116742812665
VPSGK,TEFTK,Tier1,3.121040030165556
VPSGK,LVSK,Tier1,3.106593792335359
VPSGK,WHNVSGSP,Tier1,1.9117650365829695
VPSGK,YWVTSGPK,Tier1,2.340567923526424
VPSGK,YSEMPPGK,Tier1,2.311823985139461
VPSGK,YAKPA,Tier1,2.060011436699969
VPSGK,ARHPHP,Tier1,2.7338659301431387
VPSGK,RYPS,Tier1,2.4170988432988856
VPSGK,SRYPS,Tier1,2.5143080837905027
VPSGK,AYPS,Tier1,3.0480521864592203
VPSGK,YAKP,Tier1,2.6224916779461718
VPSGK,VLSRYPS,Tier1,1.3801462056873854
VPSGK,TIASGEP,Tier1,2.763644099897439
VPSGK,YLKT,Tier1,2.5429988822812226
VPSGK,TVYQ,Tier1,2.8531423799176276
VPSGK,YGLN,Tier1,2.9826059294639315
VPSGK,YQKFP,Tier1,2.796105339158551
VPSGK,LGNTDYAVH,Tier1,2.695183051248765
VPSGK,RASDPLLSV,Tier1,2.570625999354829
VPSGK,LAPSLPGKPKPD,Tier1,2.017425742475599
VPSGK,MPDAHL,Tier1,2.6176983899286386
VPSGK,FVPH,Tier1,2.613366664747238
VPSGK,SAEHGSLH,Tier1,2.7569549068845007
VPSGK,TSQLLSDQ,Tier1,3.1018612846829465
VPSGK,TRTGDPFF,Tier1,2.856519662985053
VPSGK,NFHPQ,Tier1,2.6864557208690156
VPSGK,LSGYGP,Tier1,2.7386644881642885
VPSGK,PYSFK,Tier1,3.0129879882668207
VPSGK,GFGPEL,Tier1,2.892979790776535
VPSGK,VGGRP,Tier1,1.0185211310728188
VPSGK,VPVTST,Tier1,2.65818165987267
VPSGK,YLGAK,Tier1,2.004694126772035
VPSGK,GVQEGAGHYALL,Tier1,2.741645698117925
VPSGK,WPP,Tier1,2.8996546504196195
VPSGK,TYQTF,Tier1,2.8017479763007453
VPSGK,SGQYFL,Tier1,2.712774109119814
VPSGK,GIISHR,Tier1,2.1596000883484234
VPSGK,LANAK,Tier1,2.770381631848258
VPSGK,PSLVGRPPVGKLTL,Tier1,2.905673532028556
VPSGK,SNAAC,Tier1,1.9694746506092473
VPSGK,LSGNK,Tier1,1.4378880295209806
VPSGK,GLTSK,Tier1,1.4246933394030432
VPSGK,CAQ,Tier1,2.664579519330383
VPSGK,KYL,Tier1,2.9757574565347165
VPSGK,CSQAPLA,Tier1,1.9611580076562698
VPSGK,AGGF,Tier1,2.66732690508965
VPSGK,ETTL,Tier1,3.0635512230499784
VPSGK,SGAF,Tier1,3.042119193200037
VPSGK,KDVPP,Tier1,2.7156571388714155
VPSGK,GQVPP,Tier1,1.6924863916647066
VPSGK,PKLPPVKK,Tier1,2.9971873462866396
VPSGK,PGVPWP,Tier1,2.9526307044152675
VPSGK,RYLGY,Tier1,2.6285223794649464
VPSGK,RYLG,Tier1,2.509034463805365
EAK,KHNRGDEF,Tier1,2.6588378291679864
EAK,PHD,Tier1,3.0819404376942203
EAK,PHE,Tier1,3.081774136762959
EAK,RHD,Tier1,2.4717167973869096
EAK,RHE,Tier1,2.4739045417637766
EAK,HEH,Tier1,3.024014083551565
EAK,HDH,Tier1,2.990927394461957
EAK,NHRYDR,Tier1,2.681983968748511
EAK,RADHP,Tier1,2.332325826968633
EAK,TERGY,Tier1,3.124478399253307
EAK,DHTKE,Tier1,2.567326473945493
EAK,ALEPDHR,Tier1,2.65503397622672
EAK,RPNYTDA,Tier1,2.6966988040462634
EAK,DYK,Tier1,1.7860052035876288
FVAGK,KAI,Tier1,2.393876632360875
FVAGK,PKAVHE,Tier1,3.1139389499112577
FVAGK,WYSLAMAASDI,Tier1,3.0007142997035157
FVAGK,IPIQYVL,Tier1,3.0476881949232775
FVAGK,FDSGPAGVL,Tier1,2.9145200799206123
FVAGK,HGPLGPL,Tier1,2.6263625566197675
FVAGK,NGLEGLK,Tier1,2.9811689358508806
FVAGK,VKAGFAWTANQQLS,Tier1,2.6057119414746444
FVAGK,PSKYEPFV,Tier1,2.9880209576414454
FVAGK,CYGPNR,Tier1,2.643449613027885
FVAGK,PLFQNKLAHAK,Tier1,2.765400584659095
FVAGK,LMCH,Tier1,3.1122323675515093
FVAGK,PSYV,Tier1,2.73352623570543
FVAGK,LPTSEAAKY,Tier1,3.0322129918919294
FVAGK,PMDYMVT,Tier1,2.903872993823354
FVAGK,LLPH,Tier1,2.9645424626470045
FVAGK,LYPY,Tier1,3.0384640654961967
FVAGK,LLHH,Tier1,3.0980786262464464
FVAGK,HHPLL,Tier1,2.644674121598103
FVAGK,LLPHH,Tier1,2.810113817486046
FVAGK,LLPHHH,Tier1,3.0639145200796083
FVAGK,LHA,Tier1,2.810365701388204
FVAGK,LHG,Tier1,2.6758703018166
FVAGK,LHQ,Tier1,2.6714397093652757
FVAGK,LHS,Tier1,2.6871887327686164
FVAGK,LHT,Tier1,2.667683609722855
FVAGK,LWA,Tier1,3.0404750973650123
FVAGK,LWG,Tier1,2.879741251846055
FVAGK,LWT,Tier1,2.7862120849757432
FVAGK,PHF,Tier1,2.8810835303864133
FVAGK,PHL,Tier1,2.7037666506866875
FVAGK,PHM,Tier1,3.056666454394376
FVAGK,PHV,Tier1,2.5546726200645735
FVAGK,PWI,Tier1,2.630108370152137
FVAGK,PWL,Tier1,2.7718952473120684
FVAGK,PWV,Tier1,2.546822808831338
FVAGK,LPHSGY,Tier1,2.925456217898288
FVAGK,LARL,Tier1,3.0605157923876525
FVAGK,GAWA,Tier1,3.0227581159494523
FVAGK,GALAAH,Tier1,2.8570366200683233
FVAGK,GSGGL,Tier1,2.914005316011318
FVAGK,GPGGFI,Tier1,2.3052237100169277
FVAGK,FIGP,Tier1,2.100430629703891
FVAGK,AMTGLDA,Tier1,2.8785495686271036
FVAGK,VKEAMPK,Tier1,2.9109914528441925
FVAGK,AVPYPQR,Tier1,2.729688234974778
FVAGK,KVLPVPQK,Tier1,2.9942264241443444
FVAGK,VLPVPQK,Tier1,2.948511329740731
FVAGK,FFAPGRNPTSFS,Tier1,2.647956867659107
FVAGK,YLAGMN,Tier1,2.381761540097638
FVAGK,LVDTGRGPIMY,Tier1,2.1618359107531813
FVAGK,AAVGGYRVAVL,Tier1,2.1317338546707103
FVAGK,NHAV,Tier1,1.816730597872261
FVAGK,HVRETALV,Tier1,2.23120888720968
FVAGK,IPAGM,Tier1,2.595698039743179
FVAGK,IPAGV,Tier1,2.925205029887925
FVAGK,SVYT,Tier1,3.026134390215297
FVAGK,VSYT,Tier1,2.5172022709714286
FVAGK,HVCYMF,Tier1,3.0511262023733607
FVAGK,HDHPVC,Tier1,2.9644540557305676
FVAGK,TGGGNV,Tier1,2.8818803548948746
FVAGK,KTFCGRH,Tier1,3.0326655661485584
FVAGK,FLHRP,Tier1,2.034511440907515
FVAGK,LMGQW,Tier1,2.202064565244175
FVAGK,PVMGA,Tier1,2.457848288686631
FVAGK,QHGV,Tier1,2.009036490000708
FVAGK,CAAP,Tier1,2.9121667032294574
FVAGK,VKEAMAPK,Tier1,2.4445923340918885
FVAGK,ARHPHPHLSFM,Tier1,2.730405429085656
FVAGK,SALAM,Tier1,3.108955824029462
FVAGK,YQIGL,Tier1,2.3389756691988133
FVAGK,FRADHPFL,Tier1,2.2033539146310384
FVAGK,RADHPFL,Tier1,2.4029487987151548
FVAGK,YPI,Tier1,2.7896221735269027
FVAGK,QVVPYPQ,Tier1,2.523964190312644
FVAGK,HQIYPV,Tier1,2.1947305629281235
FVAGK,WSVPQPK,Tier1,2.96415035251201
FVAGK,WYSL,Tier1,2.9160529047857353
FVAGK,WYSLA,Tier1,2.9308337233362725
FVAGK,WYSLAM,Tier1,2.9377872599010058
FVAGK,WYSLAMA,Tier1,3.076550051027515
FVAGK,LQGM,Tier1,2.9458197078141484
FVAGK,LNLPTAVYMVT,Tier1,2.995247798536693
FVAGK,YGGFL,Tier1,2.276251476312245
FVAGK,YGGFM,Tier1,2.6215850913023826
FVAGK,DRVYIHPF,Tier1,2.6412560709110844
FVAGK,AIRQGDVF,Tier1,2.522623082057383
FVAGK,VLEANPRSF,Tier1,2.8138173070988968
FVAGK,FALPQYLK,Tier1,2.0319487904847824
FVAGK,PYVRYL,Tier1,1.7724081430511707
FVAGK,HNPI,Tier1,2.9299766916523593
FVAGK,AMRLTYNRPCIYAT,Tier1,2.9944289342109576
FVAGK,AMRLTGNRPGLYAT,Tier1,2.9492754199661975
FVAGK,AMRLTYNRPCLGAT,Tier1,2.8291643990599566
FVAGK,CVHWMTNTARTACIAP,Tier1,2.9720498685621477
FVAGK,AMRLTYNKPCLYGT,Tier1,2.9143513900713187
FVAGK,AGWNIPIGT,Tier1,2.912320664592392
FVAGK,LGFEY,Tier1,3.0902992563137723
FVAGK,VPYPQ,Tier1,3.043355425990727
FVAGK,VPNSYP,Tier1,2.8105419601621455
FVAGK,NPYVPR,Tier1,2.5178481208631274
FVAGK,WISELG,Tier1,2.962203697977182
FVAGK,ISELWG,Tier1,3.0975197159017718
FVAGK,ISELGY,Tier1,2.894391350459715
FVAGK,QLGNLGV,Tier1,2.7712106190311747
FVAGK,YLMSR,Tier1,2.8079758487038537
FVAGK,LVSK,Tier1,2.0045246883704877
FVAGK,YWVTSGPK,Tier1,2.134363329317778
FVAGK,VAMVPPFET,Tier1,3.0915953148452804
FVAGK,FVNQPYLLYSVHMK,Tier1,2.91694964311547
FVAGK,VLSRYPS,Tier1,2.0545014329130757
FVAGK,YLKT,Tier1,2.1352431643719236
FVAGK,TVYQ,Tier1,2.5164554630416394
FVAGK,YGLN,Tier1,2.598839359484969
FVAGK,YIPIQY,Tier1,2.4580833870175813
FVAGK,FYQL,Tier1,3.1097910048370867
FVAGK,LGNTDYAVH,Tier1,2.8579136102793545
FVAGK,RASDPLLSV,Tier1,2.223706505666619
FVAGK,LAPSLPGKPKPD,Tier1,2.8341753764161597
FVAGK,MPDAHL,Tier1,2.9992689532113475
FVAGK,FVPH,Tier1,2.1189923452531216
FVAGK,TRTGDPFF,Tier1,3.0382379804904516
FVAGK,LSGYGP,Tier1,2.9033664157838497
FVAGK,PYSFK,Tier1,2.8870531445022873
FVAGK,GFGPEL,Tier1,2.849335354928843
FVAGK,VGGRP,Tier1,2.4174835719784626
FVAGK,VPVTST,Tier1,2.952739961854194
FVAGK,YLGAK,Tier1,1.7040843406350312
FVAGK,GGIF,Tier1,2.1863834324747464
FVAGK,YYIVS,Tier1,2.6377978825165918
FVAGK,TYQTF,Tier1,3.045220084746203
FVAGK,SGQYFL,Tier1,1.9458963764144868
FVAGK,GIISHR,Tier1,1.761969821602934
FVAGK,LANAK,Tier1,2.745979090701618
FVAGK,PSLVGRPPVGKLTL,Tier1,2.8516082296189746
FVAGK,SNAAC,Tier1,3.0648878501382044
FVAGK,LSGNK,Tier1,2.3198205284801023
FVAGK,GLTSK,Tier1,2.052039833798398
FVAGK,WIRGCRL,Tier1,3.0629857332510797
FVAGK,AWIRGCRL,Tier1,2.624559779017264
FVAGK,CAQ,Tier1,2.4203060093841398
FVAGK,KYL,Tier1,2.251708862790552
FVAGK,CSQAPLA,Tier1,2.451764631964994
FVAGK,KGLWE,Tier1,2.965988176147418
FVAGK,IYIEQGNGITGM,Tier1,2.9979015541465137
FVAGK,AGGF,Tier1,2.7541579427328027
FVAGK,SGAF,Tier1,2.728599719107505
FVAGK,VLVPK,Tier1,2.6265096489419464
FVAGK,GQVPP,Tier1,2.917861364750432
FVAGK,DGVVYY,Tier1,2.6853993735864066
FVAGK,RYLGY,Tier1,2.210134773613752
FVAGK,RYL,Tier1,2.3132690793957362
FVAGK,RYLG,Tier1,2.1515420667601495
FVAGK,LGY,Tier1,2.6157962884479384
FVAGK,VAGTWY,Tier1,2.6836461049585214
KAI,PKAVHE,Tier1,2.9056597724693503
KAI,NGLEGLK,Tier1,2.9936627745912765
KAI,LLHH,Tier1,3.10683981229445
KAI,LHA,Tier1,2.980912767140632
KAI,LHK,Tier1,2.6124440686227537
KAI,LHN,Tier1,2.167158200507066
KAI,LHQ,Tier1,1.6735237129423703
KAI,LHR,Tier1,2.327536376526368
KAI,LHS,Tier1,3.1027366486722485
KAI,PHL,Tier1,3.1147034429420777
KAI,RHL,Tier1,2.5838770426173143
KAI,RHV,Tier1,2.6868106921214583
KAI,LARL,Tier1,2.259314029409235
KAI,VKEAMPK,Tier1,3.0704433173401173
KAI,KVLPVPQK,Tier1,2.925397874777024
KAI,VLPVPQK,Tier1,2.811069299881103
KAI,AAVGGYRVAVL,Tier1,3.0420984548293735
KAI,NHAV,Tier1,2.020933380356556
KAI,HVRETALV,Tier1,2.626717891984572
KAI,FLHRP,Tier1,2.506007919501615
KAI,QHGV,Tier1,2.474529403843194
KAI,VKEAMAPK,Tier1,2.891936874830269
KAI,YQIGL,Tier1,2.679223420178805
KAI,RADHPFL,Tier1,2.960681190012313
KAI,HQIYPV,Tier1,2.8500408776060273
KAI,FALPQYLK,Tier1,2.58857926919978
KAI,PYVRYL,Tier1,2.916167166869345
KAI,HNPI,Tier1,2.497658763551838
KAI,NPYVPR,Tier1,3.1057669331311546
KAI,QLGNLGV,Tier1,2.8574160055019635
KAI,LVSK,Tier1,1.3808893255384194
KAI,VLSRYPS,Tier1,2.9757947366253004
KAI,YLKT,Tier1,2.7664047746293035
KAI,RASDPLLSV,Tier1,2.3883962484000665
KAI,VGGRP,Tier1,2.809274364862115
KAI,YLGAK,Tier1,2.42268987541254
KAI,GIISHR,Tier1,1.9687824431067131
KAI,LANAK,Tier1,1.9557030377837203
KAI,LSGNK,Tier1,2.640054815661901
KAI,GLTSK,Tier1,2.4859084206503983
KAI,CAQ,Tier1,2.800395331184927
KAI,KYL,Tier1,1.8748526492751465
KAI,CSQAPLA,Tier1,2.9451302680494633
KAI,VLVPK,Tier1,2.362470279996001
KAI,RYL,Tier1,2.014773852278052
KAI,RYLG,Tier1,2.3433686758520467
KAI,VPKVK,Tier1,3.102924571708629
KVI,LARL,Tier1,2.458890637399018
KVI,MILMR,Tier1,2.2575933128781944
KVI,LLR,Tier1,1.761903102836064
KVI,IRGCRL,Tier1,2.7097299134381307
KVI,WIRGCRL,Tier1,2.975332373063268
KVI,QCL,Tier1,2.708896605978211
LQPGQGQQ,LQPGQGQQG,Tier1,0.5136711481934455
LQPGQGQQ,AQIPQQ,Tier1,1.421142840022728
LQPGQGQQ,YAEERYPIL,Tier1,3.115343991950111
LQPGQGQQ,PPQ,Tier1,2.3021597625478485
LQPGQGQQ,PPK,Tier1,2.953835632280254
LQPGQGQQ,NGPLQAGQPGER,Tier1,1.8065386226006448
LQPGQGQQ,PSKYEPFV,Tier1,2.460722465356342
LQPGQGQQ,PNRPQF,Tier1,1.8993661262290642
LQPGQGQQ,AEAQKQLR,Tier1,2.2503516989091144
LQPGQGQQ,LPTSEAAKY,Tier1,2.5652177489146015
LQPGQGQQ,PHN,Tier1,2.8068841757625207
LQPGQGQQ,WEGPK,Tier1,2.868741175408008
LQPGQGQQ,VKEAMPK,Tier1,2.7673406390498387
LQPGQGQQ,AVPYPQR,Tier1,2.851837817950071
LQPGQGQQ,IAPNYNTRATKL,Tier1,3.027918788353743
LQPGQGQQ,NYKQM,Tier1,2.242830194157043
LQPGQGQQ,QWPAQ,Tier1,2.2533737366364233
LQPGQGQQ,TGGGNV,Tier1,3.1237230691090208
LQPGQGQQ,VECYGPNRPQF,Tier1,2.3585816147103347
LQPGQGQQ,EWPAQ,Tier1,3.0543660865056657
LQPGQGQQ,VKEAMAPK,Tier1,2.796278367714314
LQPGQGQQ,YQEP,Tier1,2.906772441692253
LQPGQGQQ,YQEPVLGP,Tier1,2.8230441742510926
LQPGQGQQ,RADHPFL,Tier1,2.915210085995264
LQPGQGQQ,RADHPF,Tier1,2.9472395849007955
LQPGQGQQ,QVVPYPQ,Tier1,2.519819799886739
LQPGQGQQ,PYPQ,Tier1,2.8067060154059766
LQPGQGQQ,WSVPQPK,Tier1,2.6847122212582306
LQPGQGQQ,QGAR,Tier1,2.830436160928744
LQPGQGQQ,AIRQGDVF,Tier1,3.046479719977381
LQPGQGQQ,VLEANPRSF,Tier1,2.3883733420116853
LQPGQGQQ,HNPI,Tier1,2.7161090024065833
LQPGQGQQ,QYDQGV,Tier1,2.303417300788939
LQPGQGQQ,AADNANELFPPN,Tier1,2.8699025724685914
LQPGQGQQ,VPYPQ,Tier1,2.7245963263667834
LQPGQGQQ,VPNSYP,Tier1,2.6209724956149865
LQPGQGQQ,NPYVPR,Tier1,2.756640269515124
LQPGQGQQ,TERGY,Tier1,3.0405356820946423
LQPGQGQQ,TEFTK,Tier1,2.7224995082273042
LQPGQGQQ,YSEMPPGK,Tier1,2.497354709922561
LQPGQGQQ,YAKPA,Tier1,3.0407923875098843
LQPGQGQQ,SRYPS,Tier1,2.9535134483527163
LQPGQGQQ,YAKP,Tier1,3.0862970301486907
LQPGQGQQ,VLSRYPS,Tier1,3.081937898501214
LQPGQGQQ,YQKFP,Tier1,3.0736552667268
LQPGQGQQ,LAPSLPGKPKPD,Tier1,2.832414125384193
LQPGQGQQ,ALEPDHR,Tier1,3.1095949383643893
LQPGQGQQ,TETWNPNHPEL,Tier1,3.05810227808967
LQPGQGQQ,RPNYTDA,Tier1,2.5800254415613013
LQPGQGQQ,TSQLLSDQ,Tier1,2.6506577769715003
LQPGQGQQ,TRTGDPFF,Tier1,2.8639893345030387
LQPGQGQQ,NFHPQ,Tier1,2.8090026710237215
LQPGQGQQ,VGGRP,Tier1,2.79034816873487
LQPGQGQQ,LANAK,Tier1,3.071671559994535
LQPGQGQQ,SNAAC,Tier1,2.707761734177
LQPGQGQQ,QYP,Tier1,2.905109858766083
LQPGQGQQ,LSGNK,Tier1,2.6228025378061397
LQPGQGQQ,GQVPP,Tier1,2.666139333252625
LQPGQGQQ,YQKFPQY,Tier1,2.6156264276969634
YFYPEL,FYPEL,Tier1,1.116408127710033
YFYPEL,YPEL,Tier1,2.4128294475700436
YFYPEL,VDYP,Tier1,3.016635097171371
YFYPEL,DSGVT,Tier1,3.0467256964473015
YFYPEL,YAEERYPIL,Tier1,2.39333773167267
YFYPEL,WYSLAMAASDI,Tier1,2.670879637666676
YFYPEL,FDSGPAGVL,Tier1,2.39675088517581
YFYPEL,HFGDPFH,Tier1,2.979656085158363
YFYPEL,PSKYEPFV,Tier1,2.812188078118225
YFYPEL,VECYG,Tier1,2.3807437347253346
YFYPEL,PSYV,Tier1,2.983183134925542
YFYPEL,PMDYMVT,Tier1,2.1298031329135045
YFYPEL,YLYP,Tier1,2.9707854185062064
YFYPEL,LYPY,Tier1,2.820697066085137
YFYPEL,LPYY,Tier1,2.547962504467585
YFYPEL,IYY,Tier1,3.000657249097754
YFYPEL,LYY,Tier1,2.9681001523816866
YFYPEL,VYY,Tier1,3.042307510378681
YFYPEL,YYI,Tier1,3.000657249097754
YFYPEL,YYL,Tier1,2.9681001523816866
YFYPEL,YYV,Tier1,2.8483253652081055
YFYPEL,MYY,Tier1,2.646803157878249
YFYPEL,YYM,Tier1,3.056344077692589
YFYPEL,YPFPG,Tier1,2.834069364019551
YFYPEL,PHYL,Tier1,3.0962548377992642
YFYPEL,ISELGW,Tier1,2.4523030628891145
YFYPEL,YLAGMN,Tier1,3.0778372441770308
YFYPEL,QWPAQ,Tier1,3.0940691243592706
YFYPEL,VECYGPNRPQF,Tier1,2.895854278605543
YFYPEL,FLQEFLHV,Tier1,3.070805316891004
YFYPEL,EWPAQ,Tier1,2.950436747705909
YFYPEL,YQEPVLGP,Tier1,2.194184750913173
YFYPEL,FRADHPFL,Tier1,2.9389270598597155
YFYPEL,YPI,Tier1,3.0248827855209055
YFYPEL,QVVPYPQ,Tier1,2.617273859707272
YFYPEL,HQIYPV,Tier1,2.6157121621959334
YFYPEL,IYPF,Tier1,2.8074503147576046
YFYPEL,FPLEMMPF,Tier1,2.4907187300785365
YFYPEL,YGGFL,Tier1,3.0284448300276
YFYPEL,DRVYIHPF,Tier1,2.7852845039314467
YFYPEL,AIRQGDVF,Tier1,3.089411375207841
YFYPEL,AGWNIPIGT,Tier1,2.724734238697826
YFYPEL,AGWNIP,Tier1,2.523345511074592
YFYPEL,AGWNI,Tier1,2.8925357182624176
YFYPEL,LGFEY,Tier1,2.1059211758809995
YFYPEL,LGFEYY,Tier1,1.4664500917003942
YFYPEL,GWNIP,Tier1,2.761439091912718
YFYPEL,VPYPQ,Tier1,2.5170382640707794
YFYPEL,VPNSYP,Tier1,2.963508326457266
YFYPEL,WISELG,Tier1,2.5029548239599477
YFYPEL,WISELGW,Tier1,2.199932392263445
YFYPEL,ISELWG,Tier1,2.332912073491092
YFYPEL,ISELGF,Tier1,2.743620887511076
YFYPEL,ISELGY,Tier1,2.4262002126534554
YFYPEL,YLMSR,Tier1,2.9918826461881056
YFYPEL,WHNVSGSP,Tier1,2.6452281935032924
YFYPEL,LYEGY,Tier1,3.0479189920973653
YFYPEL,VAMVPPFET,Tier1,2.2737379983198625
YFYPEL,YSEMPPGK,Tier1,2.9147599189282056
YFYPEL,GYLEQ,Tier1,2.721897941726626
YFYPEL,YPELF,Tier1,1.8771148751347992
YFYPEL,YIPIQY,Tier1,3.032498421390703
YFYPEL,FYQL,Tier1,2.414143669779798
YFYPEL,YVGD,Tier1,3.080002200841504
YFYPEL,LGNTDYAVH,Tier1,3.0270819157129245
YFYPEL,MPDAHL,Tier1,2.8743048989559306
YFYPEL,FVPH,Tier1,3.1228674273796644
YFYPEL,GFGPEL,Tier1,2.0485189851818513
YFYPEL,LTTLDSE,Tier1,2.9564887182744175
YFYPEL,GGLEPINFN,Tier1,2.982027007965658
YFYPEL,GVQEGAGHYALL,Tier1,2.6426447753983853
YFYPEL,WPP,Tier1,2.9844781297461025
YFYPEL,TYQTF,Tier1,2.926458791036959
YFYPEL,SGQYFL,Tier1,2.96436344768833
YFYPEL,YYDPL,Tier1,2.007614566356302
YFYPEL,KGLWE,Tier1,2.9904705261610647
YFYPEL,IYIEQGNGITGM,Tier1,2.8252451542939268
YFYPEL,GQVPP,Tier1,3.0883811425427163
YFYPEL,DGVVYY,Tier1,2.1538832636672756
YFYPEL,GFYPPP,Tier1,3.0143418653866507
YFYPEL,DVPPYM,Tier1,1.8270782922589057
YFYPEL,AYFYPEL,Tier1,0.7199720018670368
YFYPEL,AYFYPE,Tier1,1.5911689785172523
YFYPEL,FPQY,Tier1,2.997400197136934
FYPEL,YPEL,Tier1,1.9085067569796774
FYPEL,VDYP,Tier1,2.834890289737479
FYPEL,YAEERYPIL,Tier1,2.3039934537771027
FYPEL,WYSLAMAASDI,Tier1,3.0921168140462356
FYPEL,FDSGPAGVL,Tier1,2.3147973559322303
FYPEL,PSKYEPFV,Tier1,2.87770877484177
FYPEL,VECYG,Tier1,2.0263208279562863
FYPEL,PMDYMVT,Tier1,2.323935920545972
FYPEL,YVEEL,Tier1,3.116834502228558
FYPEL,ISELGW,Tier1,2.3549981876837083
FYPEL,IIENGEKWS,Tier1,2.905334700109901
FYPEL,LEEAF,Tier1,2.597219530943629
FYPEL,IEEAF,Tier1,2.442318398032942
FYPEL,YNI,Tier1,2.8313603137033327
FYPEL,VECYGPNRPQF,Tier1,2.873745848112847
FYPEL,FLQEFLHV,Tier1,2.720880249794757
FYPEL,EWPAQ,Tier1,3.023422242188846
FYPEL,YQEPVLGP,Tier1,2.2562216332452865
FYPEL,FRADHPFL,Tier1,2.932744204018643
FYPEL,QVVPYPQ,Tier1,2.5943284407631184
FYPEL,HQIYPV,Tier1,2.757600442152089
FYPEL,LQGM,Tier1,2.8844032253512757
FYPEL,FPLEMMPF,Tier1,2.4529408620970874
FYPEL,AIRQGDVF,Tier1,2.7745745254713876
FYPEL,VLEANPRSF,Tier1,3.059328092121556
FYPEL,AGWNIPIGT,Tier1,2.9828633969879257
FYPEL,AGWNIP,Tier1,2.523846025734685
FYPEL,AGWNI,Tier1,2.546303297014638
FYPEL,WNIP,Tier1,3.0142416400397227
FYPEL,LGFEY,Tier1,2.366796352119458
FYPEL,LGFEYY,Tier1,2.0800331726467034
FYPEL,GWNIP,Tier1,2.673371558962361
FYPEL,GWNI,Tier1,3.1118448861254544
FYPEL,VPYPQ,Tier1,2.7069623706731867
FYPEL,WISELG,Tier1,2.2959796326608686
FYPEL,WISELGW,Tier1,2.211244531204287
FYPEL,ISELWG,Tier1,2.0425979238082936
FYPEL,ISELGF,Tier1,2.66397061254336
FYPEL,ISELGY,Tier1,2.461123087176937
FYPEL,VLYEE,Tier1,3.0636354113087507
FYPEL,YLMSR,Tier1,3.0352284346800387
FYPEL,TEFTK,Tier1,3.098033152182045
FYPEL,WHNVSGSP,Tier1,2.858803443390589
FYPEL,VAMVPPFET,Tier1,2.387174314721901
FYPEL,YSEMPPGK,Tier1,3.0423533542298093
FYPEL,GYLEQ,Tier1,2.738166261370827
FYPEL,YPELF,Tier1,1.453790932342847
FYPEL,FYQL,Tier1,2.2660848277277306
FYPEL,MPDAHL,Tier1,2.822256426889485
FYPEL,TSQLLSDQ,Tier1,2.988189414271051
FYPEL,GFGPEL,Tier1,2.157667002820989
FYPEL,LTTLDSE,Tier1,2.6575585355060682
FYPEL,GGLEPINFN,Tier1,2.8379134707342373
FYPEL,GIFE,Tier1,3.106426780847421
FYPEL,GVQEGAGHYALL,Tier1,2.749196331956602
FYPEL,YYDPL,Tier1,2.2305094689986418
FYPEL,KFPE,Tier1,3.1005650858761618
FYPEL,ECA,Tier1,3.020523829648822
FYPEL,KGLWE,Tier1,2.7126905037170506
FYPEL,IYIEQGNGITGM,Tier1,3.0373013966445934
FYPEL,KDVPP,Tier1,3.0918483605971425
FYPEL,GQVPP,Tier1,3.0857704684288225
FYPEL,DGVVYY,Tier1,2.5097806126278472
FYPEL,IVEYF,Tier1,3.084453322318373
FYPEL,DVPPYM,Tier1,1.7694893102758509
FYPEL,AYFYPEL,Tier1,1.4151419883210001
FYPEL,AYFYPE,Tier1,2.353803424924563
YPEL,PEL,Tier1,1.9872430285915528
YPEL,VDYP,Tier1,1.476334312135903
YPEL,AQIPQQ,Tier1,3.0193798626018116
YPEL,DSGVT,Tier1,2.9363825588921637
YPEL,YAEERYPIL,Tier1,2.2236694774946164
YPEL,FDSGPAGVL,Tier1,2.364484416663331
YPEL,LGLNGDDVN,Tier1,2.9279481302007184
YPEL,PSKYEPFV,Tier1,2.7647919610255327
YPEL,VECYG,Tier1,2.2319761244420526
YPEL,LPTSEAAKY,Tier1,2.791807025875698
YPEL,PMDYMVT,Tier1,2.876486561943888
YPEL,VHDY,Tier1,2.9506078006336685
YPEL,WEGPK,Tier1,2.9233500005330244
YPEL,YVEEL,Tier1,2.892719814153643
YPEL,ISELGW,Tier1,3.022159745543747
YPEL,IIENGEKWS,Tier1,2.351847671857654
YPEL,LEEAF,Tier1,2.4888436172603394
YPEL,YNL,Tier1,2.912537290507933
YPEL,IEEAF,Tier1,2.873713097732302
YPEL,YNI,Tier1,2.90399025814741
YPEL,LNGDVW,Tier1,2.711801812926919
YPEL,HDHPVC,Tier1,2.9560865451413485
YPEL,QWPAQ,Tier1,2.9713314552330123
YPEL,TGGGNV,Tier1,2.9250482667701783
YPEL,VECYGPNRPQF,Tier1,2.7253858598406198
YPEL,EWPAQ,Tier1,2.327051050679556
YPEL,ADF,Tier1,3.027011675282586
YPEL,SDF,Tier1,2.8362438938935033
YPEL,YQEPVLGP,Tier1,2.2960401376844475
YPEL,FRADHPFL,Tier1,2.7637795493948545
YPEL,RADHPFL,Tier1,2.9402961496548166
YPEL,QVVPYPQ,Tier1,2.5986825965651628
YPEL,HQIYPV,Tier1,3.0019695255713374
YPEL,AIRQGDVF,Tier1,2.493207526952666
YPEL,VLEANPRSF,Tier1,2.72142305144174
YPEL,QYDQGV,Tier1,2.8656262037988833
YPEL,AADNANELFPPN,Tier1,2.737638088198095
YPEL,AGWNIP,Tier1,3.115003049671589
YPEL,LGFEY,Tier1,2.6735324241861034
YPEL,LGFEYY,Tier1,2.535145838507782
YPEL,VPYPQ,Tier1,2.93381006678977
YPEL,VPNSYP,Tier1,3.0060794662773747
YPEL,WISELG,Tier1,2.629885216123074
YPEL,WISELGW,Tier1,3.0993398194394404
YPEL,ISELWG,Tier1,2.5506866729912407
YPEL,ISELGY,Tier1,2.358105591695911
YPEL,VLYEE,Tier1,2.930981081256091
YPEL,TEFTK,Tier1,2.575121968022681
YPEL,LDY,Tier1,2.0990871618928533
YPEL,LYEGY,Tier1,2.8186220109463593
YPEL,YSEMPPGK,Tier1,2.7519969088340765
YPEL,TIASGEP,Tier1,2.899051663307501
YPEL,YQLD,Tier1,2.548096998967616
YPEL,GYLEQ,Tier1,2.16057562826274
YPEL,YPELF,Tier1,1.4494461949617352
YPEL,YQL,Tier1,2.910314685256884
YPEL,LGNTDYAVH,Tier1,2.9614132559950828
YPEL,MPDAHL,Tier1,2.7518693856094485
YPEL,ALEPDHR,Tier1,2.9946177640082974
YPEL,TETWNPNHPEL,Tier1,3.0878633384931256
YPEL,TSQLLSDQ,Tier1,2.294186782676997
YPEL,TRTGDPFF,Tier1,3.05423098904855
YPEL,GFGPEL,Tier1,2.20639883046418
YPEL,VVGGDGDV,Tier1,2.5016593157156213
YPEL,LTTLDSE,Tier1,2.1846010641633313
YPEL,AEERYP,Tier1,3.0985145205371922
YPEL,GGLEPINFN,Tier1,2.4982989172811565
YPEL,GIFE,Tier1,3.109278537459065
YPEL,GVQEGAGHYALL,Tier1,2.7892556742686985
YPEL,YYDPL,Tier1,2.1345873810117224
YPEL,KFPE,Tier1,3.018770394371729
YPEL,GEC,Tier1,2.6029797180192995
YPEL,KLSDW,Tier1,2.9194441001530334
YPEL,KGLWE,Tier1,2.474342310798219
YPEL,AWDPE,Tier1,2.603526319542148
YPEL,ETTL,Tier1,2.5927214685310926
YPEL,KDVPP,Tier1,2.671667887162901
YPEL,GQVPP,Tier1,2.74523589018466
YPEL,DGVVYY,Tier1,2.7381019698911504
YPEL,DVPPYM,Tier1,2.6798028360905692
YPEL,AYFYPEL,Tier1,2.3226822335203168
YPEL,AYFYPE,Tier1,3.0552521259761467
PEL,VDYP,Tier1,2.376287035572603
PEL,NGLEGLK,Tier1,3.0024289890386244
PEL,LGLNGDDVN,Tier1,2.7257600836870144
PEL,VECYG,Tier1,3.027334905775698
PEL,YVEEL,Tier1,2.8030028230008948
PEL,IIENGEKWS,Tier1,2.714342149112439
PEL,FEQI,Tier1,3.121029840698174
PEL,LEEAF,Tier1,2.559167118674936
PEL,IEEAF,Tier1,3.082297595986811
PEL,FEQL,Tier1,3.106961107947557
PEL,LNGDVW,Tier1,2.5196912242084872
PEL,ADF,Tier1,2.979355150379241
PEL,SDF,Tier1,2.9954874641619447
PEL,AIRQGDVF,Tier1,2.828039298639811
PEL,LDY,Tier1,1.8180480460088677
PEL,YQLD,Tier1,2.3047757714916886
PEL,YPELF,Tier1,2.8974077651770163
PEL,VGDI,Tier1,2.769605291579561
PEL,ALEPDHR,Tier1,3.0443939109128877
PEL,TSQLLSDQ,Tier1,2.9088793716629016
PEL,VVGGDGDV,Tier1,2.5978099485449806
PEL,LTTLDSE,Tier1,2.5425337394869785
PEL,GGLEPINFN,Tier1,2.9644189162417542
PEL,GEC,Tier1,2.3901566374562724
PEL,KLSDW,Tier1,2.9107865749766786
PEL,KGLWE,Tier1,2.862839112328864
PEL,AWDPE,Tier1,3.011798185281939
PEL,ETTL,Tier1,3.0670606870675563
LELHKLRSSHWFSRR,AKYIPIQYVLSRYPSY,Tier1,3.0496874098496094
LELHKLRSSHWFSRR,PLFQNKLAHAK,Tier1,2.7610968616162044
LELHKLRSSHWFSRR,RPPGFSPFR,Tier1,3.0938657381916443
LELHKLRSSHWFSRR,VQYPVEHPNKFLKFGMTPSKGVLFY,Tier1,3.1237506568800812
LELHKLRSSHWFSRR,KVLPVPQK,Tier1,3.0613316747464925
LELHKLRSSHWFSRR,WEIKPSSLTGKSPYFSNNHGKL,Tier1,2.6894281080522626
LELHKLRSSHWFSRR,AMRLTYNRPCIYAT,Tier1,2.7757531106478566
LELHKLRSSHWFSRR,AMRLTGNRPGLYAT,Tier1,3.024151021879681
LELHKLRSSHWFSRR,AMRLTYNRPCLGAT,Tier1,2.9430935127818354
LELHKLRSSHWFSRR,SIITMTKEAKLPQLWKQIACRLYNTC,Tier1,3.112079575187112
LELHKLRSSHWFSRR,AMRLTYNKPCLYGT,Tier1,2.9650531969757807
LELHKLRSSHWFSRR,STMMEERRMKVY,Tier1,3.047995669635683
LELHKLRSSHWFSRR,VAWRNRCKGTD,Tier1,2.9428887560141606
LELHKLRSSHWFSRR,VKRRGQDCIHGFCSD,Tier1,2.460766585547641
LELHKLRSSHWFSRR,GQFNDKRWIPFG,Tier1,2.7779149839136354
LELHKLRSSHWFSRR,APIRMWYMYRKLTDMEPKPVA,Tier1,2.445631055339017
LELHKLRSSHWFSRR,PKLPPVKK,Tier1,2.6086742001032266
PSHDAHPE,SHDAHPE,Tier1,0.7943598337501371
PSHDAHPE,VDHDHPE,Tier1,2.8043260661620737
PSHDAHPE,PKAVHE,Tier1,3.059378617671766
PSHDAHPE,PHHADS,Tier1,1.3837982562778421
PSHDAHPE,YAEERYPIL,Tier1,3.0719861888142312
PSHDAHPE,NGPLQAGQPGER,Tier1,2.6829499444846516
PSHDAHPE,ESTVPERTHPACPDFN,Tier1,2.989886740519118
PSHDAHPE,PSKYEPFV,Tier1,3.0589973105012724
PSHDAHPE,LPTSEAAKY,Tier1,2.5667362747552196
PSHDAHPE,PHD,Tier1,1.8774964334697053
PSHDAHPE,PHE,Tier1,1.8619436009979609
PSHDAHPE,PHN,Tier1,3.0428525447572827
PSHDAHPE,PHQ,Tier1,2.9859665062929968
PSHDAHPE,PSDHDHE,Tier1,2.63597604567959
PSHDAHPE,VHDY,Tier1,2.951324660566065
PSHDAHPE,GGE,Tier1,2.114445188397912
PSHDAHPE,WEGPK,Tier1,2.8863585736530197
PSHDAHPE,HGGEGGRPYHLGEES,Tier1,1.7964274173694759
PSHDAHPE,HDHPVC,Tier1,2.5353614903272033
PSHDAHPE,ESTTVPERTHPACPDFN,Tier1,3.066529171029296
PSHDAHPE,EWPAQ,Tier1,3.0249833172041773
PSHDAHPE,YQEP,Tier1,2.8708719660153066
PSHDAHPE,RADHPFL,Tier1,3.040238879433754
PSHDAHPE,RADHPF,Tier1,2.544010253582678
PSHDAHPE,RADHP,Tier1,2.591850200878784
PSHDAHPE,ADHP,Tier1,1.8566335268817247
PSHDAHPE,QYDQGV,Tier1,3.016655635842292
PSHDAHPE,AADNANELFPPN,Tier1,2.724636064557632
PSHDAHPE,PIAAEVYEHTEGSTTSY,Tier1,3.0958592574438546
PSHDAHPE,TERGY,Tier1,1.9402963630975247
PSHDAHPE,TEFTK,Tier1,2.8899010073631413
PSHDAHPE,YSEMPPGK,Tier1,2.553919948532616
PSHDAHPE,TIASGEP,Tier1,2.7622918313993985
PSHDAHPE,LGNTDYAVH,Tier1,3.0120762218491746
PSHDAHPE,DHG,Tier1,2.0616085900624737
PSHDAHPE,DHTKE,Tier1,2.9541118500580454
PSHDAHPE,ALEPDHR,Tier1,2.486033429217016
PSHDAHPE,TETWNPNHPEL,Tier1,2.481440951426429
PSHDAHPE,SAEHGSLH,Tier1,2.3559993795662733
PSHDAHPE,RPNYTDA,Tier1,2.69234367011815
PSHDAHPE,TRTGDPFF,Tier1,2.7765556889892062
PSHDAHPE,EERYP,Tier1,3.0219367685499985
PSHDAHPE,AEERYP,Tier1,2.0684478178435817
PSHDAHPE,DEDTQAMP,Tier1,3.0009026899880604
PSHDAHPE,MTEEY,Tier1,3.124162375824724
PSHDAHPE,GEGSGA,Tier1,2.288363092984039
PSHDAHPE,WYGPD,Tier1,3.054343600274623
PSHDAHPE,AWDPE,Tier1,3.0827259414936274
SHDAHPE,VDHDHPE,Tier1,2.2435296354699323
SHDAHPE,PHHADS,Tier1,1.853395612358463
SHDAHPE,NGPLQAGQPGER,Tier1,3.1003565768903183
SHDAHPE,LPTSEAAKY,Tier1,3.0546092761495602
SHDAHPE,PHD,Tier1,1.7341548568132197
SHDAHPE,PHE,Tier1,1.7216079483098785
SHDAHPE,PSDHDHE,Tier1,2.111449910431249
SHDAHPE,VHDY,Tier1,2.8784263070215617
SHDAHPE,GGE,Tier1,2.116909044774178
SHDAHPE,WEGPK,Tier1,3.000134033606439
SHDAHPE,HGGEGGRPYHLGEES,Tier1,2.1959455780031965
SHDAHPE,HDHPVC,Tier1,2.760824201886513
SHDAHPE,YQEP,Tier1,3.014361879617483
SHDAHPE,RADHPF,Tier1,2.731666774555792
SHDAHPE,RADHP,Tier1,2.535766785819443
SHDAHPE,ADHP,Tier1,1.6926597522822224
SHDAHPE,QYDQGV,Tier1,3.0764867376243914
SHDAHPE,AADNANELFPPN,Tier1,2.883327205959926
SHDAHPE,TERGY,Tier1,2.1094501174713494
SHDAHPE,TEFTK,Tier1,3.0579365615146283
SHDAHPE,TDY,Tier1,3.0647186875386057
SHDAHPE,TIASGEP,Tier1,3.0537375555195894
SHDAHPE,DHG,Tier1,1.754901157110175
SHDAHPE,DHTKE,Tier1,2.635158905378389
SHDAHPE,ALEPDHR,Tier1,2.3864213059876946
SHDAHPE,TETWNPNHPEL,Tier1,2.4964978925670467
SHDAHPE,SAEHGSLH,Tier1,2.6147562144442786
SHDAHPE,RPNYTDA,Tier1,2.838156448513382
SHDAHPE,TRTGDPFF,Tier1,3.050199919501014
SHDAHPE,EERYP,Tier1,3.0892690473609226
SHDAHPE,AEERYP,Tier1,2.2048672341545124
SHDAHPE,DEDTQAMP,Tier1,2.8155738121026466
SHDAHPE,MTEEY,Tier1,3.106954079625006
SHDAHPE,GEGSGA,Tier1,2.505575484684086
SHDAHPE,AWDPE,Tier1,2.9420738956514656
VDHDHPE,IEAEGE,Tier1,2.326955009928432
VDHDHPE,DAQEKLE,Tier1,2.6140726656900624
VDHDHPE,PHD,Tier1,2.890343995439432
VDHDHPE,PHE,Tier1,2.882353541556234
VDHDHPE,PSDHDHE,Tier1,1.671495329238649
VDHDHPE,GGE,Tier1,3.1190527066249105
VDHDHPE,ADHP,Tier1,3.0636701779762614
VDHDHPE,YEDCTDCGN,Tier1,2.576141292061493
VDHDHPE,DHG,Tier1,2.8366757683674733
VDHDHPE,DHTKE,Tier1,2.56462205193307
VDHDHPE,ALEPDHR,Tier1,2.2353287194939404
VDHDHPE,TETWNPNHPEL,Tier1,2.5696796272845166
VDHDHPE,AEERYP,Tier1,2.798354138398699
VDHDHPE,DEDTQAMP,Tier1,2.4202717230728545
VDHDHPE,PVDENDEG,Tier1,2.9689688831656826
VDHDHPE,AEEEYPDL,Tier1,2.6885666808057027
VDHDHPE,MTEEY,Tier1,2.9309456515113985
VDHDHPE,TEVWDSNEQ,Tier1,2.6669963754028276
VDHDHPE,AWDPE,Tier1,2.372211048065613
VDHDHPE,DWDPK,Tier1,2.9465064547723627
PKAVHE,PHHADS,Tier1,2.711175375018379
PKAVHE,LQPGQGQQG,Tier1,3.0651194122862595
PKAVHE,AQIPQQ,Tier1,2.89060046320721
PKAVHE,DSGVT,Tier1,2.672989303753588
PKAVHE,PPK,Tier1,3.0713292680918136
PKAVHE,NGPLQAGQPGER,Tier1,2.3803361865845876
PKAVHE,NGLEGLK,Tier1,2.5631299258207947
PKAVHE,HFGDPFH,Tier1,2.6971679640374555
PKAVHE,PSKYEPFV,Tier1,2.319025673695321
PKAVHE,CYGPNR,Tier1,2.7408819296409708
PKAVHE,AEAQKQLR,Tier1,3.0320449624486816
PKAVHE,LPTSEAAKY,Tier1,2.159326046537302
PKAVHE,KHNRGDEF,Tier1,3.0362404111785217
PKAVHE,LHD,Tier1,2.3630526054798437
PKAVHE,LHE,Tier1,2.354049963087825
PKAVHE,LHK,Tier1,3.035099437349041
PKAVHE,LHN,Tier1,2.5185553207890483
PKAVHE,LHQ,Tier1,2.1176840078086894
PKAVHE,LHR,Tier1,2.713610267526447
PKAVHE,PHD,Tier1,3.0057205603001877
PKAVHE,PHE,Tier1,2.9985073392610846
PKAVHE,PHQ,Tier1,2.8694783594444373
PKAVHE,RHL,Tier1,2.9252875571356673
PKAVHE,RHM,Tier1,2.9929688253287727
PKAVHE,RHV,Tier1,2.7769160655288365
PKAVHE,VHDY,Tier1,1.8810734575540762
PKAVHE,WEGPK,Tier1,2.619613101448771
PKAVHE,VKEAMPK,Tier1,2.1463837159539714
PKAVHE,AVPYPQR,Tier1,2.86055254729281
PKAVHE,IAPNYNTRATKL,Tier1,2.8743776833081247
PKAVHE,LVDTGRGPIMY,Tier1,2.829714027750182
PKAVHE,NHAV,Tier1,2.074534384711703
PKAVHE,HVRETALV,Tier1,2.829430158021882
PKAVHE,HDHPVC,Tier1,1.930032429199539
PKAVHE,HEKVC,Tier1,2.8821514554213983
PKAVHE,KTFCGRH,Tier1,2.6861563788317446
PKAVHE,EWPAQ,Tier1,2.9859501863978406
PKAVHE,FLHRP,Tier1,2.4303807206350814
PKAVHE,QHGV,Tier1,1.969197966205408
PKAVHE,VKEAMAPK,Tier1,1.995038254096527
PKAVHE,ARHPHPHLSFM,Tier1,3.0421284923838874
PKAVHE,YQEPVLGP,Tier1,2.879004422401763
PKAVHE,FRADHPFL,Tier1,2.3549261112406072
PKAVHE,RADHPFL,Tier1,1.4549418953702826
PKAVHE,RADHPF,Tier1,1.3641117606113682
PKAVHE,RADHP,Tier1,2.2459591334561044
PKAVHE,ADHP,Tier1,2.578124721295681
PKAVHE,HQIYPV,Tier1,3.0651227521469413
PKAVHE,WSVPQPK,Tier1,2.519191718050806
PKAVHE,QGAR,Tier1,2.586869068820547
PKAVHE,AIRQGDVF,Tier1,2.9973345107741554
PKAVHE,VLEANPRSF,Tier1,2.3505173478507944
PKAVHE,HNPI,Tier1,1.8837429214610408
PKAVHE,QYDQGV,Tier1,2.4990057945418127
PKAVHE,VPNSYP,Tier1,2.8191623164533763
PKAVHE,NPYVPR,Tier1,2.016926635849393
PKAVHE,TERGY,Tier1,2.5463553263455267
PKAVHE,TEFTK,Tier1,2.2715040389063748
PKAVHE,LYEGY,Tier1,2.9279186244478983
PKAVHE,YSEMPPGK,Tier1,2.9590316217829846
PKAVHE,YAKPA,Tier1,3.121158314556129
PKAVHE,YAKP,Tier1,2.9059677244643476
PKAVHE,VLSRYPS,Tier1,2.882573968118951
PKAVHE,TIASGEP,Tier1,2.815924081467416
PKAVHE,YLKT,Tier1,2.802178943361727
PKAVHE,TVYQ,Tier1,2.935340792575909
PKAVHE,YVGD,Tier1,2.916599271358847
PKAVHE,LGNTDYAVH,Tier1,2.019125360088976
PKAVHE,DHG,Tier1,3.0266281792780942
PKAVHE,RASDPLLSV,Tier1,2.3557795508521453
PKAVHE,LAPSLPGKPKPD,Tier1,1.9286590067522928
PKAVHE,MPDAHL,Tier1,2.3156488735741605
PKAVHE,ALEPDHR,Tier1,1.9806872703408966
PKAVHE,SAEHGSLH,Tier1,2.412550945705153
PKAVHE,RPNYTDA,Tier1,2.5419782117637206
PKAVHE,TSQLLSDQ,Tier1,2.938971413026686
PKAVHE,TRTGDPFF,Tier1,2.3151871889082796
PKAVHE,NFHPQ,Tier1,2.8466113072850616
PKAVHE,VGGRP,Tier1,2.103260482773334
PKAVHE,YLGAK,Tier1,2.6396430199779055
PKAVHE,YYDPL,Tier1,3.116770821137177
PKAVHE,GIISHR,Tier1,2.782948905581677
PKAVHE,LANAK,Tier1,2.2028788558098786
PKAVHE,SNAAC,Tier1,3.0506562245868625
PKAVHE,LSGNK,Tier1,2.3161613503747547
PKAVHE,GLTSK,Tier1,2.34460160254121
PKAVHE,SDRDLLGPNNQYLPK,Tier1,3.0365299678609645
PKAVHE,CAQ,Tier1,2.71111602686607
PKAVHE,KYL,Tier1,2.6812639855808356
PKAVHE,CSQAPLA,Tier1,3.040688574753243
PKAVHE,KGLWE,Tier1,2.7947085479787943
PKAVHE,ADGF,Tier1,2.744939011272096
PKAVHE,ETTL,Tier1,2.5127466855321003
PKAVHE,GQVPP,Tier1,3.11262228318399
PKAVHE,RYLGY,Tier1,2.950951662394943
PKAVHE,RYL,Tier1,2.6903399761999567
PKAVHE,RYLG,Tier1,2.5385155370901287
PAGY,PSYV,Tier1,2.1641254933539007
PAGY,LYPY,Tier1,2.569455018354638
PAGY,LPYY,Tier1,2.7250212241066785
PAGY,PYY,Tier1,2.0822846639839314
PAGY,PHA,Tier1,2.0578481837733613
PAGY,PHG,Tier1,2.491621073548786
PAGY,PHS,Tier1,2.3369690313243265
PAGY,PHT,Tier1,2.452488506693553
PAGY,PHY,Tier1,2.95085429074623
PAGY,YYH,Tier1,2.91456878159779
PAGY,AYY,Tier1,1.8940138966221955
PAGY,YAY,Tier1,2.0838654360021054
PAGY,YYA,Tier1,2.478972055582996
PAGY,GYY,Tier1,1.9954168633176248
PAGY,YGY,Tier1,2.4672651351485766
PAGY,YYG,Tier1,1.9954168633176248
PAGY,SYY,Tier1,2.0591788335381906
PAGY,TYY,Tier1,2.065132248793836
PAGY,YSY,Tier1,2.0643073721040897
PAGY,YTY,Tier1,2.227206338479684
PAGY,YYS,Tier1,2.0200605032154946
PAGY,YYT,Tier1,2.0170702919662777
PAGY,YPFPG,Tier1,2.696000410403062
PAGY,LPHSGY,Tier1,1.761475510692282
PAGY,GAH,Tier1,2.4516257041147616
PAGY,PHYL,Tier1,2.9577657444701506
PAGY,GALAAH,Tier1,3.0219395052052893
PAGY,GPP,Tier1,1.5304125720930417
PAGY,GSGGL,Tier1,2.1585841377614425
PAGY,GPGGFI,Tier1,2.474045223490867
PAGY,YGYTGA,Tier1,1.8092441496428806
PAGY,PSIPA,Tier1,2.910071673739915
PAGY,VSYT,Tier1,2.336335173595276
PAGY,YSTA,Tier1,0.515550058819429
PAGY,GPAGPAG,Tier1,1.2848899568364036
PAGY,GFPSG,Tier1,2.41876450227451
PAGY,YPPAK,Tier1,2.5213459631056225
PAGY,TGGGNV,Tier1,2.480906755200695
PAGY,CAAP,Tier1,2.5936460414571916
PAGY,FGHPY,Tier1,2.101994986066395
PAGY,TTYY,Tier1,1.4080337231270283
PAGY,PYPQ,Tier1,2.604813972784125
PAGY,YGGFL,Tier1,3.03298580997208
PAGY,YGGFM,Tier1,2.856517754713101
PAGY,VPYPQ,Tier1,2.9057011183219386
PAGY,VPNSYP,Tier1,2.6358981460474133
PAGY,YWVTSGPK,Tier1,2.9228683440042995
PAGY,YAKPA,Tier1,2.7727697375974607
PAGY,RYPS,Tier1,2.8775377464362872
PAGY,SRYPS,Tier1,3.0430143452244454
PAGY,AYPS,Tier1,0.9264954322829679
PAGY,LSGYGP,Tier1,1.8020206592042267
PAGY,WPP,Tier1,2.9572426186288943
PAGY,GEGSGA,Tier1,2.9182202682116443
PAGY,AGGF,Tier1,2.2073210554794747
PAGY,SGAF,Tier1,2.362556357139613
PAGY,GQVPP,Tier1,3.0578991738652945
PAGY,GFYPPP,Tier1,2.777900965945564
PHHADS,PPK,Tier1,2.6066462765489566
PHHADS,NGPLQAGQPGER,Tier1,2.7137386303752127
PHHADS,PSKYEPFV,Tier1,2.9300013019148596
PHHADS,CYGPNR,Tier1,3.0637694811808425
PHHADS,LPTSEAAKY,Tier1,2.2730310994908454
PHHADS,HPH,Tier1,3.058498773672861
PHHADS,HHP,Tier1,3.058498773672861
PHHADS,PHH,Tier1,3.079451338844026
PHHADS,PHA,Tier1,2.6289248955930953
PHHADS,PHD,Tier1,2.0234963887604045
PHHADS,PHE,Tier1,2.0145905549804044
PHHADS,PHG,Tier1,2.7200493524120417
PHHADS,PHN,Tier1,2.383633952446069
PHHADS,PHQ,Tier1,2.165384621979339
PHHADS,PHR,Tier1,3.1142965268637304
PHHADS,PHS,Tier1,2.556990040429719
PHHADS,PHT,Tier1,2.6437561377618057
PHHADS,RHA,Tier1,2.9403587350935414
PHHADS,RHG,Tier1,2.9348794599237453
PHHADS,RHS,Tier1,3.0459319229074353
PHHADS,RHT,Tier1,2.9516319585302973
PHHADS,AHH,Tier1,3.0713306931002577
PHHADS,GHH,Tier1,2.995545287483444
PHHADS,NHH,Tier1,2.784616578800394
PHHADS,QHH,Tier1,2.77910093264531
PHHADS,SHH,Tier1,2.947903651335187
PHHADS,THH,Tier1,2.930310148838719
PHHADS,LPHSGY,Tier1,2.9901564360357593
PHHADS,VHDY,Tier1,3.0152594543181905
PHHADS,GGE,Tier1,2.510806000124092
PHHADS,GAH,Tier1,2.983473734098091
PHHADS,WEGPK,Tier1,2.8758706566865673
PHHADS,GPP,Tier1,3.0891706967023165
PHHADS,HGGEGGRPYHLGEES,Tier1,2.62076561190597
PHHADS,HDHPVC,Tier1,2.3561719272894996
PHHADS,YPPAK,Tier1,2.744589523368642
PHHADS,TGGGNV,Tier1,2.906955710552361
PHHADS,QHGV,Tier1,3.040110570685859
PHHADS,RADHPFL,Tier1,2.779360044987267
PHHADS,RADHPF,Tier1,2.278715536984193
PHHADS,RADHP,Tier1,2.292310792226654
PHHADS,ADHP,Tier1,1.7113818735336244
PHHADS,PYPQ,Tier1,2.7491699576616093
PHHADS,VPNSYP,Tier1,2.7779820158507773
PHHADS,TERGY,Tier1,1.949843465094767
PHHADS,TEFTK,Tier1,2.9969418371279715
PHHADS,YSEMPPGK,Tier1,2.4201897831168244
PHHADS,YAKPA,Tier1,2.61520571672349
PHHADS,GTQY,Tier1,3.0303530978175357
PHHADS,ARHPHP,Tier1,2.2162680675306237
PHHADS,RHPHP,Tier1,2.6218872534413307
PHHADS,RYPS,Tier1,2.481145122902338
PHHADS,SRYPS,Tier1,2.430457949731796
PHHADS,YAKP,Tier1,2.6305051059734694
PHHADS,TIASGEP,Tier1,2.7328470063468053
PHHADS,LGNTDYAVH,Tier1,2.990361407833367
PHHADS,DHG,Tier1,2.157020782030274
PHHADS,LAPSLPGKPKPD,Tier1,2.9257607136762935
PHHADS,ALEPDHR,Tier1,2.9113855031002154
PHHADS,SAEHGSLH,Tier1,1.9749861435966936
PHHADS,RPNYTDA,Tier1,2.703843707321321
PHHADS,TRTGDPFF,Tier1,2.7183598233114106
PHHADS,VGGRP,Tier1,2.9010340955824283
PHHADS,AEERYP,Tier1,2.824296660045269
PHHADS,QYP,Tier1,2.8878818959554895
PHHADS,GEGSGA,Tier1,2.0218472680264665
PHHADS,WYGPD,Tier1,3.103336336794811
VDYP,DSGVT,Tier1,2.7634598641750814
VDYP,YAEERYPIL,Tier1,2.844307956582103
VDYP,FDSGPAGVL,Tier1,2.5971017720893994
VDYP,NADFGLNGLEGLA,Tier1,2.8487488722239664
VDYP,NGLEGLK,Tier1,2.642668300921765
VDYP,LGLNGDDVN,Tier1,2.5719783223286306
VDYP,PSKYEPFV,Tier1,2.9460908138863555
VDYP,VECYG,Tier1,2.5290997657399417
VDYP,LPTSEAAKY,Tier1,2.8634993635576507
VDYP,PMDYMVT,Tier1,2.8397629305927503
VDYP,PWD,Tier1,3.0911402953693767
VDYP,PWE,Tier1,3.0899770330205825
VDYP,VHDY,Tier1,2.630692898172311
VDYP,GGE,Tier1,2.9214441003349165
VDYP,WEGPK,Tier1,2.454607530231282
VDYP,AMTGLDA,Tier1,2.7696418749264096
VDYP,IIENGEKWS,Tier1,2.300694094419328
VDYP,LVDTGRGPIMY,Tier1,2.8153701649985274
VDYP,HVRETALV,Tier1,3.111145882669623
VDYP,LEEAF,Tier1,2.7970344615411245
VDYP,YNL,Tier1,2.710578650482175
VDYP,LNGDVW,Tier1,2.1996210055772036
VDYP,HDHPVC,Tier1,2.838572705464344
VDYP,HEKVC,Tier1,2.9518296103692947
VDYP,QWPAQ,Tier1,2.9014931273428544
VDYP,TGGGNV,Tier1,2.6565811451691292
VDYP,VECYGPNRPQF,Tier1,2.886734724424162
VDYP,EWPAQ,Tier1,1.8649972293897228
VDYP,ADF,Tier1,1.9935498568658379
VDYP,SDF,Tier1,1.9777514563289091
VDYP,YQEPVLGP,Tier1,2.705716986336429
VDYP,FRADHPFL,Tier1,2.514973269036984
VDYP,RADHPFL,Tier1,2.7427275424877218
VDYP,RADHPF,Tier1,3.123843492557638
VDYP,QVVPYPQ,Tier1,2.8762178983573112
VDYP,AIRQGDVF,Tier1,2.451881822557768
VDYP,VLEANPRSF,Tier1,2.790159633379019
VDYP,IQY,Tier1,2.7445902302953957
VDYP,QYDQGV,Tier1,2.750997963016591
VDYP,YEDCTDCGN,Tier1,3.1213661136268382
VDYP,AADNANELFPPN,Tier1,2.6354226283607645
VDYP,LGFEY,Tier1,2.30950503696632
VDYP,LGFEYY,Tier1,2.355468913697299
VDYP,VPNSYP,Tier1,3.1038315755503163
VDYP,WISELG,Tier1,2.7183558652472377
VDYP,ISELWG,Tier1,2.8420475460582724
VDYP,ISELGY,Tier1,2.309896008233999
VDYP,TERGY,Tier1,3.0081351631897175
VDYP,TEFTK,Tier1,2.4293384837538943
VDYP,LDY,Tier1,1.796799455899183
VDYP,LYEGY,Tier1,2.1552639836299945
VDYP,YSEMPPGK,Tier1,3.10805889766382
VDYP,TIASGEP,Tier1,2.7173077484671717
VDYP,YQLD,Tier1,2.248397056897244
VDYP,GYLEQ,Tier1,2.0163253695833183
VDYP,YPELF,Tier1,1.8076550207910218
VDYP,YGLN,Tier1,2.8241892346256496
VDYP,YQL,Tier1,2.7088279242078763
VDYP,YVGD,Tier1,2.854752732325419
VDYP,LGNTDYAVH,Tier1,2.765011229743681
VDYP,VGDI,Tier1,3.076364726452251
VDYP,MPDAHL,Tier1,2.860326227997505
VDYP,ALEPDHR,Tier1,2.8596703455490697
VDYP,TETWNPNHPEL,Tier1,2.9737610910139143
VDYP,SAEHGSLH,Tier1,3.038447446242965
VDYP,TSQLLSDQ,Tier1,2.2570902462493057
VDYP,TRTGDPFF,Tier1,2.7233526657325147
VDYP,GFGPEL,Tier1,2.0859174070477056
VDYP,VVGGDGDV,Tier1,2.2516728965149406
VDYP,LTTLDSE,Tier1,2.4910470086336836
VDYP,GGLEPINFN,Tier1,2.373968574198737
VDYP,GIFE,Tier1,2.631864198393905
VDYP,SGQYFL,Tier1,2.810833904625292
VDYP,YYDPL,Tier1,2.5386637763709214
VDYP,GEGSGA,Tier1,2.8556858977697988
VDYP,WYGPD,Tier1,2.5032476346121206
VDYP,KLSDW,Tier1,2.464813552538999
VDYP,KGLWE,Tier1,2.4506459029203445
VDYP,ADGF,Tier1,2.5338231918915826
VDYP,AWDPE,Tier1,2.4690791799391025
VDYP,ETTL,Tier1,2.2733653428380447
VDYP,KDVPP,Tier1,3.0140403497134844
VDYP,GQVPP,Tier1,2.939201345924969
VDYP,DGVVYY,Tier1,2.521493525495175
VDYP,IVEYF,Tier1,3.0274298475970602
VDYP,AYFYPEL,Tier1,2.828688541227378
LQPGQGQQG,AQIPQQ,Tier1,1.6226639677632675
LQPGQGQQG,YAEERYPIL,Tier1,3.1181872629051086
LQPGQGQQG,PPQ,Tier1,2.21081141901067
LQPGQGQQG,PPK,Tier1,2.8198602987491155
LQPGQGQQG,NGPLQAGQPGER,Tier1,1.6017836295734802
LQPGQGQQG,PSKYEPFV,Tier1,2.233238579595265
LQPGQGQQG,CYGPNR,Tier1,3.056985350528795
LQPGQGQQG,PNRPQF,Tier1,1.930765621750016
LQPGQGQQG,AEAQKQLR,Tier1,2.461989082218045
LQPGQGQQG,LPTSEAAKY,Tier1,2.24564871610628
LQPGQGQQG,PHN,Tier1,2.691070069323837
LQPGQGQQG,PHQ,Tier1,3.031526236422541
LQPGQGQQG,WEGPK,Tier1,2.818172736795017
LQPGQGQQG,VKEAMPK,Tier1,2.858358496621945
LQPGQGQQG,AVPYPQR,Tier1,2.7990734970365367
LQPGQGQQG,IAPNYNTRATKL,Tier1,2.7905347877795963
LQPGQGQQG,NYKQM,Tier1,2.4379722399925225
LQPGQGQQG,QWPAQ,Tier1,2.3255205422878267
LQPGQGQQG,YPPAK,Tier1,3.0636559197294737
LQPGQGQQG,TGGGNV,Tier1,2.9524090019733893
LQPGQGQQG,VECYGPNRPQF,Tier1,2.364925583702615
LQPGQGQQG,EWPAQ,Tier1,3.0789875503646247
LQPGQGQQG,VKEAMAPK,Tier1,2.7995858620349368
LQPGQGQQG,YQEP,Tier1,2.8819899413877708
LQPGQGQQG,YQEPVLGP,Tier1,2.7518597811137706
LQPGQGQQG,FRADHPFL,Tier1,3.0779742304088202
LQPGQGQQG,RADHPFL,Tier1,2.7657959150936002
LQPGQGQQG,RADHPF,Tier1,2.756714953051372
LQPGQGQQG,QVVPYPQ,Tier1,2.5495707539197516
LQPGQGQQG,PYPQ,Tier1,2.634506058099939
LQPGQGQQG,WSVPQPK,Tier1,2.6058934377731378
LQPGQGQQG,QGAR,Tier1,2.676623436084195
LQPGQGQQG,AIRQGDVF,Tier1,3.1100293710495435
LQPGQGQQG,VLEANPRSF,Tier1,2.265619667813415
LQPGQGQQG,HNPI,Tier1,2.55597105283423
LQPGQGQQG,QYDQGV,Tier1,2.2796360258294937
LQPGQGQQG,AADNANELFPPN,Tier1,2.7990496185660194
LQPGQGQQG,VPYPQ,Tier1,2.645255812515394
LQPGQGQQG,VPNSYP,Tier1,2.364052877868626
LQPGQGQQG,NPYVPR,Tier1,2.635948292062406
LQPGQGQQG,TERGY,Tier1,2.8732079111827926
LQPGQGQQG,TEFTK,Tier1,2.686171041584078
LQPGQGQQG,WHNVSGSP,Tier1,3.0505522487956678
LQPGQGQQG,YSEMPPGK,Tier1,2.369942793922017
LQPGQGQQG,YAKPA,Tier1,2.7615089901458862
LQPGQGQQG,RYPS,Tier1,3.024747857969843
LQPGQGQQG,SRYPS,Tier1,2.689474085066398
LQPGQGQQG,YAKP,Tier1,2.786965246822514
LQPGQGQQG,VLSRYPS,Tier1,2.927110324720895
LQPGQGQQG,YQKFP,Tier1,3.112551353068433
LQPGQGQQG,LGNTDYAVH,Tier1,2.9610262537489933
LQPGQGQQG,LAPSLPGKPKPD,Tier1,2.583446119404206
LQPGQGQQG,ALEPDHR,Tier1,3.0217999224675567
LQPGQGQQG,TETWNPNHPEL,Tier1,2.9125771415453454
LQPGQGQQG,RPNYTDA,Tier1,2.284539049962803
LQPGQGQQG,TSQLLSDQ,Tier1,2.665934584687333
LQPGQGQQG,TRTGDPFF,Tier1,2.5986366053725827
LQPGQGQQG,NFHPQ,Tier1,2.825717545385256
LQPGQGQQG,VGGRP,Tier1,2.575979845588717
LQPGQGQQG,TYQTF,Tier1,2.9504679764509927
LQPGQGQQG,LANAK,Tier1,2.935193257739991
LQPGQGQQG,SNAAC,Tier1,2.499696036151707
LQPGQGQQG,QYP,Tier1,2.703711037330021
LQPGQGQQG,LSGNK,Tier1,2.666929854360696
LQPGQGQQG,SDRDLLGPNNQYLPK,Tier1,3.114285047543606
LQPGQGQQG,GQVPP,Tier1,2.578762376719413
LQPGQGQQG,YQKFPQY,Tier1,2.5523233999600237
LQPGQGQQG,FPQY,Tier1,3.0689015165614837
AQIPQQ,YAEERYPIL,Tier1,2.925726952400074
AQIPQQ,PPQ,Tier1,3.014407692795326
AQIPQQ,NGPLQAGQPGER,Tier1,1.990050114102461
AQIPQQ,NGLEGLK,Tier1,2.3991011109473406
AQIPQQ,VKAGFAWTANQQLS,Tier1,2.9939135443176728
AQIPQQ,PSKYEPFV,Tier1,2.618687420000168
AQIPQQ,CYGPNR,Tier1,2.816719648459283
AQIPQQ,PNRPQF,Tier1,2.3996621635156923
AQIPQQ,AEAQKQLR,Tier1,2.174733466936919
AQIPQQ,LPTSEAAKY,Tier1,2.5612896008874135
AQIPQQ,LHN,Tier1,2.6412083574956418
AQIPQQ,LHQ,Tier1,2.825125916572929
AQIPQQ,WEGPK,Tier1,2.9513263921593733
AQIPQQ,VKEAMPK,Tier1,2.182911637683314
AQIPQQ,AVPYPQR,Tier1,2.40955085600417
AQIPQQ,KVLPVPQK,Tier1,2.9423721678712527
AQIPQQ,VLPVPQK,Tier1,3.020489906729522
AQIPQQ,IAPNYNTRATKL,Tier1,3.0158031742653857
AQIPQQ,IIENGEKWS,Tier1,2.588248714402536
AQIPQQ,LVDTGRGPIMY,Tier1,2.958834732216134
AQIPQQ,NHAV,Tier1,2.521981049898039
AQIPQQ,HVRETALV,Tier1,2.9854038374879694
AQIPQQ,YNL,Tier1,2.883520227050748
AQIPQQ,YNI,Tier1,3.100251589336517
AQIPQQ,NYKQM,Tier1,2.4831940329047364
AQIPQQ,QWPAQ,Tier1,1.7072526303248805
AQIPQQ,TGGGNV,Tier1,2.656174890921829
AQIPQQ,VECYGPNRPQF,Tier1,2.2492610810660323
AQIPQQ,EWPAQ,Tier1,2.582351815634782
AQIPQQ,LMGQW,Tier1,3.1129928900798025
AQIPQQ,QHGV,Tier1,2.6716649444236125
AQIPQQ,VKEAMAPK,Tier1,2.1270560824942026
AQIPQQ,YQEPVLGP,Tier1,2.372612161246412
AQIPQQ,FRADHPFL,Tier1,2.7939401544329803
AQIPQQ,RADHPFL,Tier1,2.624102953184921
AQIPQQ,RADHPF,Tier1,3.0106043475775275
AQIPQQ,QVVPYPQ,Tier1,1.761297774117033
AQIPQQ,HQIYPV,Tier1,2.587894466477047
AQIPQQ,WSVPQPK,Tier1,2.442422975604845
AQIPQQ,LQGM,Tier1,2.5201526323144323
AQIPQQ,QGAR,Tier1,2.9994997344806307
AQIPQQ,AIRQGDVF,Tier1,2.203032549894144
AQIPQQ,VLEANPRSF,Tier1,2.144234446651635
AQIPQQ,IQY,Tier1,3.1016867132538906
AQIPQQ,FALPQYLK,Tier1,2.9314059141220605
AQIPQQ,HNPI,Tier1,2.421660786284391
AQIPQQ,QYDQGV,Tier1,2.2714417944181133
AQIPQQ,AADNANELFPPN,Tier1,2.751391182425964
AQIPQQ,AGWNIP,Tier1,3.061532490104671
AQIPQQ,VPYPQ,Tier1,2.446371355830205
AQIPQQ,VPNSYP,Tier1,2.456458332634272
AQIPQQ,NPYVPR,Tier1,2.3040893589749643
AQIPQQ,QLGNLGV,Tier1,3.052634476947159
AQIPQQ,TEFTK,Tier1,2.5891361681508913
AQIPQQ,WHNVSGSP,Tier1,2.8815792705456467
AQIPQQ,YSEMPPGK,Tier1,2.675690635220978
AQIPQQ,FHNMEK,Tier1,3.0492223409523156
AQIPQQ,VLSRYPS,Tier1,2.6793406299576334
AQIPQQ,GYLEQ,Tier1,2.7197445635556177
AQIPQQ,RDMPIQ,Tier1,2.704083749643742
AQIPQQ,YLKT,Tier1,2.8956979042077284
AQIPQQ,TVYQ,Tier1,3.0760016096429963
AQIPQQ,YGLN,Tier1,2.9899132534715647
AQIPQQ,YQKFP,Tier1,2.7616640416505662
AQIPQQ,YQL,Tier1,2.877786639046629
AQIPQQ,LGNTDYAVH,Tier1,2.7271073833766413
AQIPQQ,RASDPLLSV,Tier1,2.786297627904329
AQIPQQ,RNDDLNYIQ,Tier1,3.0848902818058352
AQIPQQ,LAPSLPGKPKPD,Tier1,2.6075759773208835
AQIPQQ,MPDAHL,Tier1,2.9748693087092026
AQIPQQ,ALEPDHR,Tier1,3.0998459332096964
AQIPQQ,TSQLLSDQ,Tier1,1.9920039698284222
AQIPQQ,TRTGDPFF,Tier1,2.9547372884281122
AQIPQQ,NFHPQ,Tier1,2.37102206509994
AQIPQQ,GFGPEL,Tier1,2.988032605360341
AQIPQQ,VGGRP,Tier1,2.5065716325451333
AQIPQQ,GGLEPINFN,Tier1,2.6989366680137694
AQIPQQ,GVQEGAGHYALL,Tier1,3.02086909964353
AQIPQQ,TYQTF,Tier1,3.123544170362847
AQIPQQ,SGQYFL,Tier1,3.0224009386088992
AQIPQQ,KFPE,Tier1,3.1085904480016904
AQIPQQ,LANAK,Tier1,2.6056971001346207
AQIPQQ,SNAAC,Tier1,2.5079851078895006
AQIPQQ,LSGNK,Tier1,1.8698225113444733
AQIPQQ,GLTSK,Tier1,2.931838235445217
AQIPQQ,SDRDLLGPNNQYLPK,Tier1,2.869784587558597
AQIPQQ,CAQ,Tier1,2.5779270229917
AQIPQQ,CSQAPLA,Tier1,2.7699519029250523
AQIPQQ,KGLWE,Tier1,2.550747302033959
AQIPQQ,IYIEQGNGITGM,Tier1,2.7981340850775083
AQIPQQ,ETTL,Tier1,3.0454249933489
AQIPQQ,GQFNDKRWIPFG,Tier1,2.99082934060808
AQIPQQ,KDVPP,Tier1,2.561574961435068
AQIPQQ,GQVPP,Tier1,2.0195296992111254
AQIPQQ,YQKFPQY,Tier1,2.8051250343896026
DSGVT,YAEERYPIL,Tier1,2.8066005056069643
DSGVT,WYSLAMAASDI,Tier1,2.520942113087968
DSGVT,FDSGPAGVL,Tier1,2.3360948113930005
DSGVT,NGPLQAGQPGER,Tier1,3.1120715903295784
DSGVT,HGPLGPL,Tier1,2.7241109642013046
DSGVT,NADFGLNGLEGLA,Tier1,2.8109312810349474
DSGVT,NGLEGLK,Tier1,3.005944460760843
DSGVT,HFGDPFH,Tier1,2.4857423751488734
DSGVT,LVGDEQAVPAVCVP,Tier1,3.029312805007083
DSGVT,PSKYEPFV,Tier1,2.901925774401721
DSGVT,PSYV,Tier1,2.7870543690972758
DSGVT,LPTSEAAKY,Tier1,2.475067668664247
DSGVT,PMDYMVT,Tier1,1.968659891267724
DSGVT,LHD,Tier1,2.878095629088664
DSGVT,LHE,Tier1,2.8763244241451504
DSGVT,LHS,Tier1,3.1207650199162518
DSGVT,PHV,Tier1,3.019182814783905
DSGVT,LPHSGY,Tier1,2.9447528967997934
DSGVT,VHDY,Tier1,2.5793129799133627
DSGVT,GGE,Tier1,2.9369451041847463
DSGVT,GAWA,Tier1,3.0864995971487192
DSGVT,GALAAH,Tier1,3.042427967586259
DSGVT,DPALATEPDPMPF,Tier1,2.9629354193556803
DSGVT,GSGGL,Tier1,2.6193331001858144
DSGVT,GPGGFI,Tier1,2.8083238603165106
DSGVT,AMTGLDA,Tier1,1.5457661855510876
DSGVT,AVPYPQR,Tier1,2.9620938763332423
DSGVT,ISELGW,Tier1,2.622278589847066
DSGVT,YLAGMN,Tier1,2.619903443311228
DSGVT,IIENGEKWS,Tier1,3.1037488962022204
DSGVT,LVDTGRGPIMY,Tier1,2.761932728484121
DSGVT,NHAV,Tier1,2.4445054768231866
DSGVT,HVRETALV,Tier1,2.8260608826073583
DSGVT,IPAGM,Tier1,2.7792642035555084
DSGVT,SVYT,Tier1,2.854247241745078
DSGVT,PSIPA,Tier1,2.7366437835367488
DSGVT,PSLPA,Tier1,3.054299624408796
DSGVT,VSYT,Tier1,2.8085655395671543
DSGVT,HDHPVC,Tier1,2.257445316242646
DSGVT,QWPAQ,Tier1,3.026077666745653
DSGVT,GFPSG,Tier1,2.8868443596269837
DSGVT,TCSP,Tier1,2.940225982400276
DSGVT,TGGGNV,Tier1,2.6398134558373125
DSGVT,EWPAQ,Tier1,2.444981228064601
DSGVT,PVMGA,Tier1,2.756524278380562
DSGVT,QHGV,Tier1,2.5125076676145195
DSGVT,CAAP,Tier1,2.6865666428407806
DSGVT,VKEAMAPK,Tier1,2.836276004622032
DSGVT,YQEPVLGP,Tier1,1.8339871456678416
DSGVT,SALAM,Tier1,3.117139080609524
DSGVT,FRADHPFL,Tier1,3.034112820817879
DSGVT,RADHPFL,Tier1,2.7029314148185866
DSGVT,YPI,Tier1,3.1016776072359473
DSGVT,RADHPF,Tier1,3.033473110576059
DSGVT,QVVPYPQ,Tier1,2.7754160918335278
DSGVT,HQIYPV,Tier1,2.730348056601127
DSGVT,DRVYIHPF,Tier1,2.9082490205746816
DSGVT,AIRQGDVF,Tier1,3.1197502465696303
DSGVT,VLEANPRSF,Tier1,3.1025476359389312
DSGVT,HNPI,Tier1,3.0000331885032834
DSGVT,QYDQGV,Tier1,2.81885942169259
DSGVT,AADNANELFPPN,Tier1,2.8342999321622915
DSGVT,AGWNIPIGT,Tier1,2.8956880245741723
DSGVT,LGFEY,Tier1,2.544029332737057
DSGVT,LGFEYY,Tier1,2.667488173161034
DSGVT,VPYPQ,Tier1,2.630597172078522
DSGVT,VPNSYP,Tier1,2.444431395108322
DSGVT,NPYVPR,Tier1,2.9684105291653946
DSGVT,WISELG,Tier1,2.5710443709789796
DSGVT,WISELGW,Tier1,2.994492832460169
DSGVT,ISELWG,Tier1,2.6283483257964293
DSGVT,ISELGF,Tier1,2.6966393425817285
DSGVT,ISELGY,Tier1,1.9867298661333064
DSGVT,TEFTK,Tier1,2.86764682882286
DSGVT,WHNVSGSP,Tier1,3.013253794568027
DSGVT,LYEGY,Tier1,2.482659472829004
DSGVT,VAMVPPFET,Tier1,2.378737838889288
DSGVT,YSEMPPGK,Tier1,2.847666393810854
DSGVT,VLSRYPS,Tier1,3.0753506426036346
DSGVT,TIASGEP,Tier1,1.1569713796168122
DSGVT,GYLEQ,Tier1,2.4329402866682934
DSGVT,TVYQ,Tier1,2.2948065468827803
DSGVT,YGLN,Tier1,3.0380182494539643
DSGVT,YIPIQY,Tier1,3.050944854240475
DSGVT,YVGD,Tier1,1.665269534285492
DSGVT,LGNTDYAVH,Tier1,1.911542982717148
DSGVT,RASDPLLSV,Tier1,2.320568582761004
DSGVT,LAPSLPGKPKPD,Tier1,2.9244625819225694
DSGVT,MPDAHL,Tier1,1.514422942327366
DSGVT,SAEHGSLH,Tier1,2.066119632053483
DSGVT,TSQLLSDQ,Tier1,2.3130082087587325
DSGVT,TRTGDPFF,Tier1,2.7880925464249233
DSGVT,LSGYGP,Tier1,2.9144853462306317
DSGVT,GFGPEL,Tier1,1.5374562232645943
DSGVT,VGGRP,Tier1,2.875672046714708
DSGVT,VVGGDGDV,Tier1,2.531920135844804
DSGVT,VPVTST,Tier1,2.6359266490858646
DSGVT,LTTLDSE,Tier1,2.1222255074830843
DSGVT,YLGAK,Tier1,2.8362813849261777
DSGVT,GVQEGAGHYALL,Tier1,2.609571191424014
DSGVT,TYQTF,Tier1,2.9748491124542347
DSGVT,SGQYFL,Tier1,2.786659924760166
DSGVT,YYDPL,Tier1,2.4951788601644185
DSGVT,SNAAC,Tier1,2.4875832553221953
DSGVT,LSGNK,Tier1,3.022392042118324
DSGVT,GEGSGA,Tier1,2.580439524375955
DSGVT,GLTSK,Tier1,2.564777361424219
DSGVT,CAQ,Tier1,2.5686295911876025
DSGVT,CSQAPLA,Tier1,2.1491739878955562
DSGVT,WYGPD,Tier1,2.6279679884881264
DSGVT,KGLWE,Tier1,3.0615249471633317
DSGVT,IYIEQGNGITGM,Tier1,2.3569303290657624
DSGVT,ADGF,Tier1,2.394432133696133
DSGVT,AGGF,Tier1,2.8935752999502697
DSGVT,ETTL,Tier1,1.2051888275630311
DSGVT,SGAF,Tier1,2.8831581681080944
DSGVT,KDVPP,Tier1,2.8043445973388024
DSGVT,GQVPP,Tier1,2.4056913871037686
DSGVT,DGVVYY,Tier1,1.9793838027112238
DSGVT,DVPPYM,Tier1,2.742705892558598
DSGVT,PGVPWP,Tier1,2.7882113150887853
DSGVT,AYFYPEL,Tier1,2.734624835863318
DSGVT,AYFYPE,Tier1,2.895539952785836
DSGVT,VAGTWY,Tier1,3.078857124631937
IEAEGE,DAQEKLE,Tier1,2.8854740260439495
IEAEGE,PSDHDHE,Tier1,3.0390129795128464
IEAEGE,YEDCTDCGN,Tier1,2.8941826384242586
IEAEGE,DEDTQAMP,Tier1,2.644240932101034
IEAEGE,AEEEYPDL,Tier1,2.0850489690022966
IEAEGE,MTEEY,Tier1,2.754957064018667
IEAEGE,TEVWDSNEQ,Tier1,2.7137764057353153
IEAEGE,AWDPE,Tier1,2.5264448491087452
DAQEKLE,EELDNALN,Tier1,1.9305287814791212
DAQEKLE,LGLNGDDVN,Tier1,2.9589018921928134
DAQEKLE,LKQELEDLLEKQE,Tier1,2.867469773331638
DAQEKLE,IIENGEKWS,Tier1,2.740275081090047
DAQEKLE,EEEQVGQGYETIRARL,Tier1,3.057670227606807
DAQEKLE,YEDCTDCGN,Tier1,2.687129134396777
DAQEKLE,WDDMEK,Tier1,2.5898146749020112
DAQEKLE,YQLD,Tier1,3.00165519781363
DAQEKLE,RNDDLNYIQ,Tier1,2.2825117379912916
DAQEKLE,DHTKE,Tier1,3.0771364465482085
DAQEKLE,ALEPDHR,Tier1,2.9150332839170527
DAQEKLE,EERYP,Tier1,3.0141078364007785
DAQEKLE,AEERYP,Tier1,3.0361491185573097
DAQEKLE,DEDTQAMP,Tier1,2.837431837922471
DAQEKLE,PVDENDEG,Tier1,2.3496616371067436
DAQEKLE,AEEEYPDL,Tier1,2.927848179820984
DAQEKLE,EQC,Tier1,2.7715062924481404
DAQEKLE,TEVWDSNEQ,Tier1,2.259974700609875
DAQEKLE,AWDPE,Tier1,2.668397922511646
DAQEKLE,DWDPK,Tier1,2.2576936063247475
EELDNALN,VPSIDDQEELM,Tier1,2.1581439470215544
EELDNALN,LGLNGDDVN,Tier1,2.190631439834138
EELDNALN,LKQELEDLLEKQE,Tier1,2.028013780078208
EELDNALN,YVEEL,Tier1,2.246287532299783
EELDNALN,IIENGEKWS,Tier1,2.643562992104668
EELDNALN,EEEQVGQGYETIRARL,Tier1,3.1055113095888593
EELDNALN,LEEAF,Tier1,2.4228677826494707
EELDNALN,IEEAF,Tier1,3.119080291567616
EELDNALN,LEQQVDDLEGSLEQEKK,Tier1,2.606842183493605
EELDNALN,YEDCTDCGN,Tier1,2.590587325328572
EELDNALN,AIEWEGIESGSVEQA,Tier1,2.803484640247888
EELDNALN,VLYEE,Tier1,2.8828688563780758
EELDNALN,WDDMEK,Tier1,2.997719539430754
EELDNALN,YQLD,Tier1,2.967047359700007
EELDNALN,RNDDLNYIQ,Tier1,2.3893166192210136
EELDNALN,LTTLDSE,Tier1,2.8696769811718474
EELDNALN,DEDTQAMP,Tier1,3.102334873274115
EELDNALN,PVDENDEG,Tier1,2.4579745057309217
EELDNALN,AEEEYPDL,Tier1,2.8840538801175337
EELDNALN,EQC,Tier1,2.9709715085820214
EELDNALN,TEVWDSNEQ,Tier1,2.1814033020511485
EELDNALN,AWDPE,Tier1,3.0746308379586336
VPSIDDQEELM,LGLNGDDVN,Tier1,3.1111534606297178
VPSIDDQEELM,LKQELEDLLEKQE,Tier1,2.4083440554354882
VPSIDDQEELM,YVEEL,Tier1,2.8734543204566765
VPSIDDQEELM,LEEAF,Tier1,2.7540330442996366
VPSIDDQEELM,IEEAF,Tier1,3.0192724085802465
VPSIDDQEELM,LEQQVDDLEGSLEQEKK,Tier1,2.4734910998689075
VPSIDDQEELM,YEDCTDCGN,Tier1,2.797314784079151
VPSIDDQEELM,IANNEADAISLDGGQVFEAG,Tier1,3.104420443080107
VPSIDDQEELM,AIEWEGIESGSVEQA,Tier1,1.9394581538384243
VPSIDDQEELM,VLYEE,Tier1,2.8988458281983593
VPSIDDQEELM,LTTLDSE,Tier1,2.940290524444177
VPSIDDQEELM,PVDENDEG,Tier1,2.879633088236047
VPSIDDQEELM,AEEEYPDL,Tier1,2.8348566935655652
VPSIDDQEELM,TEVWDSNEQ,Tier1,2.5253752521154045
YAEERYPIL,WYSLAMAASDI,Tier1,2.9528562766895807
YAEERYPIL,FDSGPAGVL,Tier1,2.2705575138683445
YAEERYPIL,NGPLQAGQPGER,Tier1,2.6349205875667434
YAEERYPIL,NADFGLNGLEGLA,Tier1,2.9713108181912924
YAEERYPIL,LVGDEQAVPAVCVP,Tier1,2.7010463877231787
YAEERYPIL,ESTVPERTHPACPDFN,Tier1,2.296861582175253
YAEERYPIL,PSKYEPFV,Tier1,2.211823297555362
YAEERYPIL,LPTSEAAKY,Tier1,2.2626279415495447
YAEERYPIL,PMDYMVT,Tier1,2.7247496833319453
YAEERYPIL,VHDY,Tier1,2.904415112617544
YAEERYPIL,DPALATEPDPMPF,Tier1,2.589011538124417
YAEERYPIL,VKEAMPK,Tier1,2.868137636126177
YAEERYPIL,AVPYPQR,Tier1,2.901975726303556
YAEERYPIL,ISELGW,Tier1,3.020658801576255
YAEERYPIL,HGGEGGRPYHLGEES,Tier1,2.475188375599626
YAEERYPIL,EEYFPVGGDRPESF,Tier1,2.633010967992553
YAEERYPIL,IIENGEKWS,Tier1,2.054761634885722
YAEERYPIL,LVDTGRGPIMY,Tier1,2.750458286962712
YAEERYPIL,EEEQVGQGYETIRARL,Tier1,2.6283644390158996
YAEERYPIL,HVRETALV,Tier1,2.8355844528365557
YAEERYPIL,LEEAF,Tier1,2.8440272110204314
YAEERYPIL,IEEAF,Tier1,3.0446112849938296
YAEERYPIL,HDHPVC,Tier1,2.534557252006653
YAEERYPIL,QWPAQ,Tier1,3.1154384722722996
YAEERYPIL,ESTTVPERTHPACPDFN,Tier1,2.461151295336486
YAEERYPIL,VECYGPNRPQF,Tier1,2.359709342348293
YAEERYPIL,EWPAQ,Tier1,2.6932285721182017
YAEERYPIL,VKEAMAPK,Tier1,2.727301218659204
YAEERYPIL,YQEPVLGP,Tier1,1.4263591424352935
YAEERYPIL,FRADHPFL,Tier1,2.461680801715278
YAEERYPIL,RADHPFL,Tier1,2.3847123715584604
YAEERYPIL,RADHPF,Tier1,2.9894623682937858
YAEERYPIL,QVVPYPQ,Tier1,2.389597272591021
YAEERYPIL,HQIYPV,Tier1,2.8445282768399163
YAEERYPIL,DRVYIHPF,Tier1,2.896031833504512
YAEERYPIL,AIRQGDVF,Tier1,2.5145385392470274
YAEERYPIL,VLEANPRSF,Tier1,2.3961900038723414
YAEERYPIL,QYDQGV,Tier1,2.538990901982668
YAEERYPIL,AADNANELFPPN,Tier1,1.9810733325663141
YAEERYPIL,LGFEY,Tier1,3.0755237200766845
YAEERYPIL,LGFEYY,Tier1,2.716896392585486
YAEERYPIL,VPYPQ,Tier1,2.598878588824831
YAEERYPIL,VPNSYP,Tier1,2.8262274016426145
YAEERYPIL,WISELG,Tier1,2.7865126040709267
YAEERYPIL,WISELGW,Tier1,2.931299173421102
YAEERYPIL,ISELWG,Tier1,2.670712359086759
YAEERYPIL,ISELGY,Tier1,2.599882974448806
YAEERYPIL,VLYEE,Tier1,2.6556876734436505
YAEERYPIL,TEFTK,Tier1,2.8028552902505646
YAEERYPIL,WHNVSGSP,Tier1,2.8374473712140458
YAEERYPIL,LYEGY,Tier1,2.954970149865213
YAEERYPIL,VAMVPPFET,Tier1,2.759489378379558
YAEERYPIL,YSEMPPGK,Tier1,2.441633199066289
YAEERYPIL,VLSRYPS,Tier1,2.8698563163384385
YAEERYPIL,TIASGEP,Tier1,2.7436270467413375
YAEERYPIL,GYLEQ,Tier1,2.4111714202698082
YAEERYPIL,YPELF,Tier1,2.287636904758492
YAEERYPIL,LGNTDYAVH,Tier1,2.34932576845616
YAEERYPIL,RASDPLLSV,Tier1,2.730994278048207
YAEERYPIL,LAPSLPGKPKPD,Tier1,2.8768548613052167
YAEERYPIL,MPDAHL,Tier1,2.31099762868449
YAEERYPIL,ALEPDHR,Tier1,2.885280647676687
YAEERYPIL,TETWNPNHPEL,Tier1,2.7542593650510168
YAEERYPIL,SAEHGSLH,Tier1,3.105821243571999
YAEERYPIL,TSQLLSDQ,Tier1,2.0254831530607316
YAEERYPIL,TRTGDPFF,Tier1,2.6872771976637178
YAEERYPIL,GFGPEL,Tier1,2.5139329519826625
YAEERYPIL,VVGGDGDV,Tier1,2.766550671082573
YAEERYPIL,LTTLDSE,Tier1,2.182172676405765
YAEERYPIL,AEERYP,Tier1,2.673683566508367
YAEERYPIL,GGLEPINFN,Tier1,3.0034700273730492
YAEERYPIL,GVQEGAGHYALL,Tier1,1.941642821357303
YAEERYPIL,YYDPL,Tier1,2.041286881342209
YAEERYPIL,MTEEY,Tier1,2.938107024884275
YAEERYPIL,SDRDLLGPNNQYLPK,Tier1,2.5678812133315225
YAEERYPIL,KGLWE,Tier1,2.5735495795680046
YAEERYPIL,IYIEQGNGITGM,Tier1,2.4058901798322854
YAEERYPIL,AWDPE,Tier1,3.1216695782863324
YAEERYPIL,ETTL,Tier1,2.625887476347642
YAEERYPIL,VKRRGQDCIHGFCSD,Tier1,2.892743514581742
YAEERYPIL,GQFNDKRWIPFG,Tier1,3.0253473102643444
YAEERYPIL,KDVPP,Tier1,2.6139741337337723
YAEERYPIL,DGVVYY,Tier1,2.474742935652099
YAEERYPIL,DVPPYM,Tier1,2.545010377221388
YAEERYPIL,AYFYPEL,Tier1,2.1737573144271227
YAEERYPIL,AYFYPE,Tier1,2.6260759601554313
YAEERYPIL,YQEPVLGPVRGPFPIIV,Tier1,2.9075404225295474
WYSLAMAASDI,IPIQYVL,Tier1,2.8105188982561193
WYSLAMAASDI,FDSGPAGVL,Tier1,1.8055735697666822
WYSLAMAASDI,HGPLGPL,Tier1,2.334988439544615
WYSLAMAASDI,NADFGLNGLEGLA,Tier1,2.1854164427757885
WYSLAMAASDI,HFGDPFH,Tier1,2.9321410640016894
WYSLAMAASDI,VKAGFAWTANQQLS,Tier1,2.4873040603346337
WYSLAMAASDI,LVGDEQAVPAVCVP,Tier1,1.9142573282029385
WYSLAMAASDI,VECYG,Tier1,3.0050922607028907
WYSLAMAASDI,PSYV,Tier1,2.620223460688931
WYSLAMAASDI,LPTSEAAKY,Tier1,3.084535760561134
WYSLAMAASDI,PMDYMVT,Tier1,1.6350946704445712
WYSLAMAASDI,YLYP,Tier1,2.7654447919929934
WYSLAMAASDI,LYPY,Tier1,2.7654447919929934
WYSLAMAASDI,LPYY,Tier1,2.9810328450943144
WYSLAMAASDI,LHS,Tier1,3.0617945687418975
WYSLAMAASDI,LHT,Tier1,3.1046103680824877
WYSLAMAASDI,LWA,Tier1,3.107693224662264
WYSLAMAASDI,LWG,Tier1,2.9566628094410343
WYSLAMAASDI,LWS,Tier1,3.087536172180749
WYSLAMAASDI,LWT,Tier1,2.863435618049648
WYSLAMAASDI,PHV,Tier1,3.1046788033464727
WYSLAMAASDI,PWI,Tier1,2.942543135603367
WYSLAMAASDI,PWL,Tier1,2.9407658838764856
WYSLAMAASDI,PWV,Tier1,3.026052919322256
WYSLAMAASDI,VYY,Tier1,3.075851766133416
WYSLAMAASDI,YYV,Tier1,3.1191622513780115
WYSLAMAASDI,NRVYIHPFHLLVYS,Tier1,2.6899403308823735
WYSLAMAASDI,LPHSGY,Tier1,2.9293325978456233
WYSLAMAASDI,GAWA,Tier1,2.8923410095777595
WYSLAMAASDI,GALAAH,Tier1,2.8556492817639008
WYSLAMAASDI,FLNDFLHV,Tier1,2.7351582298429027
WYSLAMAASDI,GVPLT,Tier1,2.977047285867333
WYSLAMAASDI,GSGGL,Tier1,2.8636750587085626
WYSLAMAASDI,GPGGFI,Tier1,2.361680462896541
WYSLAMAASDI,FIGP,Tier1,2.3924227226592603
WYSLAMAASDI,AMTGLDA,Tier1,1.6773316819682451
WYSLAMAASDI,ISELGW,Tier1,2.025431249202286
WYSLAMAASDI,FFAPGRNPTSFS,Tier1,2.8452155985232284
WYSLAMAASDI,YLAGMN,Tier1,1.8723058099435763
WYSLAMAASDI,LVDTGRGPIMY,Tier1,1.9363537678693348
WYSLAMAASDI,AAVGGYRVAVL,Tier1,2.291339409541763
WYSLAMAASDI,NHAV,Tier1,3.010236463760047
WYSLAMAASDI,HVRETALV,Tier1,2.3778603693042992
WYSLAMAASDI,IPAGM,Tier1,2.284019631142887
WYSLAMAASDI,LPAGV,Tier1,2.775910880610407
WYSLAMAASDI,IPAGV,Tier1,2.588310738037037
WYSLAMAASDI,SVYT,Tier1,2.5404424646864014
WYSLAMAASDI,PSIPA,Tier1,2.816315471333003
WYSLAMAASDI,VSYT,Tier1,2.5103543787223894
WYSLAMAASDI,HVCYMF,Tier1,2.9246719609894027
WYSLAMAASDI,FLQEFLHV,Tier1,2.8569150812234123
WYSLAMAASDI,LMGQW,Tier1,2.85019286803571
WYSLAMAASDI,PVMGA,Tier1,2.369285869839635
WYSLAMAASDI,CAAP,Tier1,2.8492001764906307
WYSLAMAASDI,YQEPVLGP,Tier1,2.2234897998170084
WYSLAMAASDI,SALAM,Tier1,2.455797087811589
WYSLAMAASDI,YQIGL,Tier1,2.3244038862430543
WYSLAMAASDI,FRADHPFL,Tier1,2.8299481315799544
WYSLAMAASDI,YPI,Tier1,2.471014274913607
WYSLAMAASDI,YPIL,Tier1,3.001691023924879
WYSLAMAASDI,QVVPYPQ,Tier1,2.5518835076641135
WYSLAMAASDI,HQIYPV,Tier1,2.1713934417380076
WYSLAMAASDI,IYPF,Tier1,2.8524714104881728
WYSLAMAASDI,WYSL,Tier1,2.605520848449253
WYSLAMAASDI,WYSLA,Tier1,2.2917990961945196
WYSLAMAASDI,WYSLAM,Tier1,2.2177290871366684
WYSLAMAASDI,WYSLAMA,Tier1,2.0748464917046667
WYSLAMAASDI,FPLEMMPF,Tier1,2.676677737801273
WYSLAMAASDI,LNLPTAVYMVT,Tier1,1.664194341214128
WYSLAMAASDI,YGGFL,Tier1,2.399804675763901
WYSLAMAASDI,YGGFM,Tier1,2.846047563673008
WYSLAMAASDI,DRVYIHPF,Tier1,2.1554499610773106
WYSLAMAASDI,AIRQGDVF,Tier1,2.8554470207594616
WYSLAMAASDI,FALPQYLK,Tier1,2.492628391828861
WYSLAMAASDI,PYVRYL,Tier1,2.7161796161768508
WYSLAMAASDI,CVHWMTNTARTACIAP,Tier1,2.7109569069679833
WYSLAMAASDI,AGWNIPIGT,Tier1,1.834380934421167
WYSLAMAASDI,AGWNIP,Tier1,2.8912905327751326
WYSLAMAASDI,LGFEY,Tier1,2.2298318659784355
WYSLAMAASDI,LGFEYY,Tier1,2.126937520035126
WYSLAMAASDI,VPYPQ,Tier1,3.0745040652540165
WYSLAMAASDI,VPNSYP,Tier1,3.0152679502034787
WYSLAMAASDI,WISELG,Tier1,1.9288114054879915
WYSLAMAASDI,WISELGW,Tier1,1.903624803526794
WYSLAMAASDI,ISELWG,Tier1,2.0355241585467807
WYSLAMAASDI,ISELGF,Tier1,1.9771682498477239
WYSLAMAASDI,ISELGY,Tier1,1.641203307532337
WYSLAMAASDI,GPLGLLGFLGPLGLS,Tier1,2.0382012193589354
WYSLAMAASDI,QLGNLGV,Tier1,2.703660396237696
WYSLAMAASDI,SVMPVVA,Tier1,2.8351213029258795
WYSLAMAASDI,WHNVSGSP,Tier1,3.0331237961816804
WYSLAMAASDI,YWVTSGPK,Tier1,2.90557251620282
WYSLAMAASDI,LYEGY,Tier1,3.0507844781698723
WYSLAMAASDI,VAMVPPFET,Tier1,1.3015922551609984
WYSLAMAASDI,FVNQPYLLYSVHMK,Tier1,2.6279614469243944
WYSLAMAASDI,VLSRYPS,Tier1,2.9361316786084353
WYSLAMAASDI,TIASGEP,Tier1,2.4318140798517236
WYSLAMAASDI,GYLEQ,Tier1,2.9881113629736267
WYSLAMAASDI,YPELF,Tier1,2.97152024972582
WYSLAMAASDI,TVYQ,Tier1,2.5813411447674577
WYSLAMAASDI,YGLN,Tier1,2.7392310157958146
WYSLAMAASDI,YIPIQY,Tier1,1.976535179315421
WYSLAMAASDI,YVGD,Tier1,2.775145759786994
WYSLAMAASDI,LGNTDYAVH,Tier1,2.2648461688916877
WYSLAMAASDI,RASDPLLSV,Tier1,2.160081685028791
WYSLAMAASDI,AGTTCLFTPLALPYDYSH,Tier1,1.9681520457230612
WYSLAMAASDI,MPDAHL,Tier1,2.4036863067354237
WYSLAMAASDI,FVPH,Tier1,2.6718035411824204
WYSLAMAASDI,SAEHGSLH,Tier1,2.861695477462373
WYSLAMAASDI,TSQLLSDQ,Tier1,2.7272374917999906
WYSLAMAASDI,LSGYGP,Tier1,2.849157558443626
WYSLAMAASDI,GFGPEL,Tier1,1.8080168680043844
WYSLAMAASDI,VVGGDGDV,Tier1,2.9368119150544834
WYSLAMAASDI,VPVTST,Tier1,2.228218850059394
WYSLAMAASDI,LTTLDSE,Tier1,2.8821998105854427
WYSLAMAASDI,YLGAK,Tier1,2.9168188154084143
WYSLAMAASDI,GGLEPINFN,Tier1,2.677756938014069
WYSLAMAASDI,GGIF,Tier1,2.494071895105095
WYSLAMAASDI,GIFE,Tier1,2.912044196912955
WYSLAMAASDI,GVQEGAGHYALL,Tier1,1.790116513280131
WYSLAMAASDI,YYIVS,Tier1,2.1837721052273493
WYSLAMAASDI,SGQYFL,Tier1,2.4865786599603372
WYSLAMAASDI,GIISHR,Tier1,3.1163305099134937
WYSLAMAASDI,CSQAPLA,Tier1,2.2541692705819196
WYSLAMAASDI,RCMAFLLSDGAAAAQQLLPQYW,Tier1,3.122759435764546
WYSLAMAASDI,IYIEQGNGITGM,Tier1,1.3533173761160484
WYSLAMAASDI,AGGF,Tier1,2.8549956275674253
WYSLAMAASDI,ETTL,Tier1,2.7860348139863884
WYSLAMAASDI,SGAF,Tier1,2.778006128146206
WYSLAMAASDI,GQVPP,Tier1,3.0064459429681754
WYSLAMAASDI,DGVVYY,Tier1,1.6590540563797576
WYSLAMAASDI,IVEYF,Tier1,2.97308587981501
WYSLAMAASDI,DVPPYM,Tier1,2.879701974832693
WYSLAMAASDI,PGVPWP,Tier1,2.534801477743435
WYSLAMAASDI,YLG,Tier1,3.0765592645749167
WYSLAMAASDI,YLGY,Tier1,2.8096708631174194
WYSLAMAASDI,LGY,Tier1,2.5857480437128695
WYSLAMAASDI,AYFYPEL,Tier1,2.206302747226956
WYSLAMAASDI,VAGTWY,Tier1,2.2336415298199235
WYSLAMAASDI,YQEPVLGPVRGPFPIIV,Tier1,2.134957386751677
HLPLPL,IPIQYVL,Tier1,2.9854802176239543
HLPLPL,HGPLGPL,Tier1,3.0134591563154225
HLPLPL,LLPH,Tier1,2.4980348299267305
HLPLPL,LHA,Tier1,2.653235526313543
HLPLPL,LHF,Tier1,2.908417122369058
HLPLPL,LHI,Tier1,2.36868113078871
HLPLPL,LHL,Tier1,2.1779072708989062
HLPLPL,LHM,Tier1,2.111261805899774
HLPLPL,LHS,Tier1,2.8843544042947236
HLPLPL,LHT,Tier1,3.073853395090945
HLPLPL,LHV,Tier1,2.0115721746506594
HLPLPL,LHW,Tier1,2.737718174603338
HLPLPL,LWA,Tier1,2.9240246209417484
HLPLPL,LWG,Tier1,2.9726656075792883
HLPLPL,LWS,Tier1,2.9460749031206563
HLPLPL,LWT,Tier1,3.001225198008737
HLPLPL,PHI,Tier1,3.002674196639559
HLPLPL,PHL,Tier1,2.9408121376590324
HLPLPL,PWL,Tier1,3.008471066646931
HLPLPL,GVPLT,Tier1,1.525739275389778
HLPLPL,VLPVPQK,Tier1,2.966239856570192
HLPLPL,ISELGW,Tier1,3.092831524064947
HLPLPL,IPAGM,Tier1,2.7038687701911983
HLPLPL,LPAGV,Tier1,2.292313919748947
HLPLPL,IPAGV,Tier1,2.3765512491005203
HLPLPL,LALPA,Tier1,1.6567895059760898
HLPLPL,LPL,Tier1,2.0275119422840757
HLPLPL,PVMGA,Tier1,2.9485715152634127
HLPLPL,VCSV,Tier1,2.9011061432645877
HLPLPL,SALAM,Tier1,2.3163207718866943
HLPLPL,YPI,Tier1,2.9816695516581895
HLPLPL,YPIL,Tier1,2.8350855449987225
HLPLPL,WYSLA,Tier1,2.972654733664656
HLPLPL,WYSLAM,Tier1,2.8354869481507614
HLPLPL,WYSLAMA,Tier1,2.6064393003846495
HLPLPL,LNLPTAVYMVT,Tier1,2.7480484680897517
HLPLPL,TIIPLPV,Tier1,1.4422398465782484
HLPLPL,WPL,Tier1,2.5986103642004776
HLPLPL,VPW,Tier1,2.6234651705564547
HLPLPL,AGWNIPIGT,Tier1,3.0326814454483992
HLPLPL,VIPMGL,Tier1,2.282962976835031
HLPLPL,GPLGLLGFLGPLGLS,Tier1,2.4197554129484145
HLPLPL,SVMPVVA,Tier1,2.0511562303125177
HLPLPL,VPVTST,Tier1,2.5273647415035474
HLPLPL,YYIVS,Tier1,3.067344896285435
HLPLPL,LPF,Tier1,2.6534249784451998
HLPLPL,LLPF,Tier1,2.6926760687687445
HLPLPL,HYVPV,Tier1,2.6159258068065343
HLPLPL,LTC,Tier1,2.297954822582568
HLPLPL,LAC,Tier1,2.5744653548174172
HLPLPL,LPM,Tier1,1.9066432041807435
HLPLPL,PGVPWP,Tier1,3.0990393515952235
HLPLPL,YLG,Tier1,2.6149081573877755
PPQ,PPK,Tier1,2.118176202553993
PPQ,NGPLQAGQPGER,Tier1,3.004390287586469
PPQ,PSKYEPFV,Tier1,3.086350911992053
PPQ,PNRPQF,Tier1,2.89726335498918
PPQ,LPTSEAAKY,Tier1,2.9852410372051126
PPQ,PHN,Tier1,1.8392235783564177
PPQ,PHQ,Tier1,2.7704408903843007
PPQ,AVPYPQR,Tier1,2.9984945019826035
PPQ,QWPAQ,Tier1,3.018479729397209
PPQ,YPPAK,Tier1,2.210344023376728
PPQ,YQEP,Tier1,2.845917786395111
PPQ,PYPQ,Tier1,1.6825200606993878
PPQ,VPYPQ,Tier1,2.585283881978183
PPQ,VPNSYP,Tier1,2.57131558881878
PPQ,TERGY,Tier1,3.0727083168040465
PPQ,WHNVSGSP,Tier1,3.059222538932209
PPQ,YSEMPPGK,Tier1,2.3939984157575838
PPQ,YAKPA,Tier1,2.44074511321168
PPQ,RYPS,Tier1,2.3202791464103867
PPQ,SRYPS,Tier1,1.8708518121431557
PPQ,YAKP,Tier1,2.641147142630273
PPQ,RPNYTDA,Tier1,3.0284259964913622
PPQ,VGGRP,Tier1,2.8653329213507126
PPQ,SNAAC,Tier1,2.7101377661853
PPQ,QYP,Tier1,2.4791031391818548
PPQ,GQVPP,Tier1,2.892060598208664
NQE,NEN,Tier1,0.6834313130732892
AKYIPIQYVLSRYPSY,VKAGFAWTANQQLS,Tier1,1.9027555712831024
AKYIPIQYVLSRYPSY,PLFQNKLAHAK,Tier1,2.469176995689197
AKYIPIQYVLSRYPSY,NRVYIHPFHLLVYS,Tier1,2.151516053978197
AKYIPIQYVLSRYPSY,VQYPVEHPNKFLKFGMTPSKGVLFY,Tier1,2.454244919963013
AKYIPIQYVLSRYPSY,AVPYPQR,Tier1,3.0334463435837735
AKYIPIQYVLSRYPSY,FFAPGRNPTSFS,Tier1,2.2854890625872195
AKYIPIQYVLSRYPSY,WEIKPSSLTGKSPYFSNNHGKL,Tier1,1.8397809709608708
AKYIPIQYVLSRYPSY,IAPNYNTRATKL,Tier1,2.325393581471525
AKYIPIQYVLSRYPSY,LVDTGRGPIMY,Tier1,2.8161452350785803
AKYIPIQYVLSRYPSY,LRGIKNYRVAVL,Tier1,2.8411950022820314
AKYIPIQYVLSRYPSY,AAVGGYRVAVL,Tier1,2.944595576871985
AKYIPIQYVLSRYPSY,ARHPHPHLSFM,Tier1,2.3546694694472423
AKYIPIQYVLSRYPSY,FALPQYLK,Tier1,2.6607796003361974
AKYIPIQYVLSRYPSY,PYVRYL,Tier1,2.805015517779374
AKYIPIQYVLSRYPSY,AMRLTYNRPCIYAT,Tier1,1.2546109608905684
AKYIPIQYVLSRYPSY,AMRLTGNRPGLYAT,Tier1,1.560861169539741
AKYIPIQYVLSRYPSY,AMRLTYNRPCLGAT,Tier1,1.527520517105126
AKYIPIQYVLSRYPSY,SIITMTKEAKLPQLWKQIACRLYNTC,Tier1,2.9851826365138683
AKYIPIQYVLSRYPSY,AKAWGIPPHVIPQIVPVRIRPLCGNV,Tier1,2.7308491540614814
AKYIPIQYVLSRYPSY,FIPGLRRLFATVVPTVVCAINKLPPG,Tier1,3.0054697978299942
AKYIPIQYVLSRYPSY,CVHWMTNTARTACIAP,Tier1,1.662029874631472
AKYIPIQYVLSRYPSY,AMRLTYNKPCLYGT,Tier1,1.3819867652583309
AKYIPIQYVLSRYPSY,FLKPLFNAALKLLP,Tier1,2.677288488012708
AKYIPIQYVLSRYPSY,YWVTSGPK,Tier1,2.883602034402866
AKYIPIQYVLSRYPSY,FVNQPYLLYSVHMK,Tier1,1.9022169815044208
AKYIPIQYVLSRYPSY,LVMFLDNQHRVIRH,Tier1,3.0652989807365643
AKYIPIQYVLSRYPSY,VLSRYPS,Tier1,2.7978441000892382
AKYIPIQYVLSRYPSY,LAPSLPGKPKPD,Tier1,2.4322348243445497
AKYIPIQYVLSRYPSY,AGTTCLFTPLALPYDYSH,Tier1,2.9323086900007675
AKYIPIQYVLSRYPSY,PSLVGRPPVGKLTL,Tier1,1.9042628620799782
AKYIPIQYVLSRYPSY,RCMAFLLSDGAAAAQQLLPQYW,Tier1,2.4425693624578484
AKYIPIQYVLSRYPSY,VKRRGQDCIHGFCSD,Tier1,2.7974598383872125
AKYIPIQYVLSRYPSY,GQFNDKRWIPFG,Tier1,3.0773865573753336
AKYIPIQYVLSRYPSY,APIRMWYMYRKLTDMEPKPVA,Tier1,2.2161807104697457
AKYIPIQYVLSRYPSY,YQEPVLGPVRGPFPIIV,Tier1,2.436586293405799
IPIQYVL,LLPH,Tier1,2.5803660899797594
IPIQYVL,LHL,Tier1,3.0879871852132053
IPIQYVL,LHV,Tier1,2.9979548732037653
IPIQYVL,LWA,Tier1,2.104516694757902
IPIQYVL,LWG,Tier1,2.5129884148001387
IPIQYVL,LWS,Tier1,2.8088514121570185
IPIQYVL,LWT,Tier1,2.3996068156973864
IPIQYVL,PWI,Tier1,2.310280253344598
IPIQYVL,PWL,Tier1,2.491359346732973
IPIQYVL,PWV,Tier1,2.7115394914193964
IPIQYVL,LARL,Tier1,2.2513412326738167
IPIQYVL,FLNDFLHV,Tier1,2.4508406201682673
IPIQYVL,FIGP,Tier1,2.6369794542695923
IPIQYVL,ISELGW,Tier1,2.5543955538416023
IPIQYVL,YLAGMN,Tier1,2.786751493073572
IPIQYVL,LVDTGRGPIMY,Tier1,2.939864152801561
IPIQYVL,AAVGGYRVAVL,Tier1,2.1943773907634334
IPIQYVL,HVRETALV,Tier1,2.6644195538243887
IPIQYVL,IPAGM,Tier1,2.923159739370993
IPIQYVL,LPAGV,Tier1,2.8271335202736183
IPIQYVL,IPAGV,Tier1,2.4778229825549776
IPIQYVL,LALPA,Tier1,2.8508211961239636
IPIQYVL,LPL,Tier1,3.0248002115147905
IPIQYVL,FLQEFLHV,Tier1,2.826080692140789
IPIQYVL,LMGQW,Tier1,2.6708914017488845
IPIQYVL,PVMGA,Tier1,3.1023663358700375
IPIQYVL,VCSV,Tier1,2.3551248944229903
IPIQYVL,SALAM,Tier1,2.7784617783705023
IPIQYVL,YQIGL,Tier1,1.6690009248832884
IPIQYVL,YPI,Tier1,3.110508763447093
IPIQYVL,YPIL,Tier1,2.4678328445352027
IPIQYVL,HQIYPV,Tier1,2.867576891594844
IPIQYVL,WYSLAM,Tier1,2.9773041749628977
IPIQYVL,WYSLAMA,Tier1,3.1054132747091128
IPIQYVL,LQGM,Tier1,3.090748143064173
IPIQYVL,LNLPTAVYMVT,Tier1,2.1439622731293038
IPIQYVL,YVL,Tier1,1.9443922587168152
IPIQYVL,FALPQYLK,Tier1,2.6561577362975006
IPIQYVL,PYVRYL,Tier1,2.923761753828488
IPIQYVL,TIIPLPV,Tier1,2.276714826568188
IPIQYVL,WPL,Tier1,2.980338835086444
IPIQYVL,AGWNIPIGT,Tier1,2.9875933918786552
IPIQYVL,VIPMGL,Tier1,1.98116258834169
IPIQYVL,WISELG,Tier1,2.410055370698321
IPIQYVL,WISELGW,Tier1,2.629375848765416
IPIQYVL,ISELWG,Tier1,2.5675315305383535
IPIQYVL,ISELGF,Tier1,2.304089947788943
IPIQYVL,ISELGY,Tier1,2.719438321692366
IPIQYVL,GPLGLLGFLGPLGLS,Tier1,2.3675172406284455
IPIQYVL,QLGNLGV,Tier1,1.8283125884158324
IPIQYVL,SVMPVVA,Tier1,2.7418285708686123
IPIQYVL,FLKPLFNAALKLLP,Tier1,2.907393846642071
IPIQYVL,MILMR,Tier1,3.055820630725188
IPIQYVL,LVSK,Tier1,2.396830533871171
IPIQYVL,VAMVPPFET,Tier1,3.0537016054233526
IPIQYVL,YIPIQY,Tier1,2.346659281362083
IPIQYVL,VGDI,Tier1,2.833201210669557
IPIQYVL,RASDPLLSV,Tier1,2.7063591237746403
IPIQYVL,GGIF,Tier1,2.683520973764492
IPIQYVL,YYIVS,Tier1,2.6078244822413468
IPIQYVL,GIISHR,Tier1,3.0852204089989548
IPIQYVL,LLPF,Tier1,2.7173311974846768
IPIQYVL,LTC,Tier1,2.875548309312005
IPIQYVL,YLL,Tier1,2.057019812984287
IPIQYVL,LPM,Tier1,2.979716954299991
IPIQYVL,IYIEQGNGITGM,Tier1,2.994165956379459
IPIQYVL,VLVPK,Tier1,2.2365248972398524
IPIQYVL,IVEYF,Tier1,2.698952153107058
IPIQYVL,LGY,Tier1,2.9733851051189495
PPK,NGPLQAGQPGER,Tier1,2.954075482957444
PPK,CYGPNR,Tier1,2.654980531873773
PPK,PNRPQF,Tier1,2.4487630910069633
PPK,LPTSEAAKY,Tier1,3.0111479839710373
PPK,PHK,Tier1,1.64489186817919
PPK,PHN,Tier1,0.8929691939116121
PPK,PHQ,Tier1,1.4121407798235093
PPK,PHR,Tier1,2.0155587681719536
PPK,RHA,Tier1,1.6915823116718098
PPK,RHG,Tier1,1.7032631841081232
PPK,RHS,Tier1,1.615830583395998
PPK,RHT,Tier1,1.6715325364321818
PPK,NHH,Tier1,2.247324646493522
PPK,QHH,Tier1,2.2493232452236502
PPK,KYY,Tier1,3.0363449136521004
PPK,YYK,Tier1,3.0363449136521004
PPK,WEGPK,Tier1,3.099073885182546
PPK,AVPYPQR,Tier1,2.8625955842925848
PPK,NYKQM,Tier1,3.0059968947193716
PPK,YPPAK,Tier1,2.087575545471233
PPK,KTFCGRH,Tier1,2.759861020444976
PPK,RADHPF,Tier1,2.6442329064311094
PPK,RADHP,Tier1,2.6869394766338557
PPK,PYPQ,Tier1,2.3347765971939274
PPK,QGAR,Tier1,2.096243452486342
PPK,HNPI,Tier1,2.960565562599855
PPK,VPNSYP,Tier1,2.961241891351433
PPK,NPYVPR,Tier1,2.6626888964211064
PPK,TERGY,Tier1,2.65486891723153
PPK,YSEMPPGK,Tier1,2.7348966852866328
PPK,YAKPA,Tier1,2.079604234630448
PPK,ARHPHP,Tier1,1.7578895259326606
PPK,RHPHP,Tier1,2.0400534371345067
PPK,RYPS,Tier1,1.5334698735610763
PPK,SRYPS,Tier1,1.661194744844836
PPK,YAKP,Tier1,1.8153081758176726
PPK,LAPSLPGKPKPD,Tier1,3.1148180063134636
PPK,RPNYTDA,Tier1,2.7474081135022335
PPK,NFHPQ,Tier1,2.992845020949569
PPK,VGGRP,Tier1,2.380373918776446
PPK,QYP,Tier1,2.557997940249706
PPK,LSGNK,Tier1,2.744451350433683
PPK,YQKFPQY,Tier1,3.0089829149663654
PPK,YQK,Tier1,2.8411656286184117
FDSGPAGVL,HGPLGPL,Tier1,2.743652123614892
FDSGPAGVL,NADFGLNGLEGLA,Tier1,2.711154910107131
FDSGPAGVL,VKAGFAWTANQQLS,Tier1,3.0284246120367313
FDSGPAGVL,LVGDEQAVPAVCVP,Tier1,2.250904795917465
FDSGPAGVL,PSKYEPFV,Tier1,2.7879500423033594
FDSGPAGVL,VECYG,Tier1,2.2977777653195246
FDSGPAGVL,PSYV,Tier1,2.303667461627843
FDSGPAGVL,LPTSEAAKY,Tier1,2.477232776458589
FDSGPAGVL,PMDYMVT,Tier1,1.8078358519866908
FDSGPAGVL,LLPH,Tier1,3.0171917067910563
FDSGPAGVL,LYPY,Tier1,2.7730399852060907
FDSGPAGVL,LPYY,Tier1,2.7572157771247006
FDSGPAGVL,LLPHH,Tier1,2.952147942536653
FDSGPAGVL,LPHSGY,Tier1,2.586980793764224
FDSGPAGVL,PHYL,Tier1,2.8556866289009215
FDSGPAGVL,GALAAH,Tier1,3.0122399589118105
FDSGPAGVL,FLNDFLHV,Tier1,3.0118402576204897
FDSGPAGVL,GSGGL,Tier1,2.342555367814001
FDSGPAGVL,GPGGFI,Tier1,1.909101805544586
FDSGPAGVL,FIGP,Tier1,2.4686692850091183
FDSGPAGVL,AMTGLDA,Tier1,2.015965749034969
FDSGPAGVL,AVPYPQR,Tier1,2.9360387320974506
FDSGPAGVL,ISELGW,Tier1,2.338357162345068
FDSGPAGVL,FFAPGRNPTSFS,Tier1,2.939753101530327
FDSGPAGVL,YLAGMN,Tier1,2.487597593037641
FDSGPAGVL,IIENGEKWS,Tier1,2.7848969796302345
FDSGPAGVL,LVDTGRGPIMY,Tier1,2.0982362665049394
FDSGPAGVL,AAVGGYRVAVL,Tier1,2.86167925033754
FDSGPAGVL,NHAV,Tier1,2.780598548840215
FDSGPAGVL,HVRETALV,Tier1,2.357972010850515
FDSGPAGVL,IPAGM,Tier1,2.365516660282102
FDSGPAGVL,LPAGV,Tier1,2.674063184311677
FDSGPAGVL,IPAGV,Tier1,2.7167168939677957
FDSGPAGVL,PSIPA,Tier1,2.6103881368292603
FDSGPAGVL,PSLPA,Tier1,2.7987057493049305
FDSGPAGVL,VSYT,Tier1,2.587256177229395
FDSGPAGVL,HDHPVC,Tier1,2.5736458589789772
FDSGPAGVL,QWPAQ,Tier1,3.089722036332086
FDSGPAGVL,GFPSG,Tier1,2.959622691977342
FDSGPAGVL,TGGGNV,Tier1,2.135210236011142
FDSGPAGVL,VECYGPNRPQF,Tier1,2.7644086216028874
FDSGPAGVL,FLQEFLHV,Tier1,2.7922543415145458
FDSGPAGVL,EWPAQ,Tier1,3.0242979026974117
FDSGPAGVL,LMGQW,Tier1,2.739526177712026
FDSGPAGVL,PVMGA,Tier1,2.475506371840352
FDSGPAGVL,QHGV,Tier1,3.0982869967941813
FDSGPAGVL,CAAP,Tier1,2.34463234335718
FDSGPAGVL,VKEAMAPK,Tier1,2.93694081759651
FDSGPAGVL,YQEPVLGP,Tier1,1.6087101263849382
FDSGPAGVL,YQIGL,Tier1,2.7001602935931093
FDSGPAGVL,FRADHPFL,Tier1,2.5474530547700898
FDSGPAGVL,RADHPFL,Tier1,2.8339558824401396
FDSGPAGVL,YPI,Tier1,2.632395512153372
FDSGPAGVL,YPIL,Tier1,2.8335150183457287
FDSGPAGVL,QVVPYPQ,Tier1,1.8317872550889682
FDSGPAGVL,HQIYPV,Tier1,2.0605231755856095
FDSGPAGVL,LQGM,Tier1,2.7099681385829384
FDSGPAGVL,FPLEMMPF,Tier1,2.851028337960982
FDSGPAGVL,LNLPTAVYMVT,Tier1,2.3395919024531553
FDSGPAGVL,YGGFL,Tier1,2.3615065203660746
FDSGPAGVL,YGGFM,Tier1,2.731074702474911
FDSGPAGVL,DRVYIHPF,Tier1,2.7794636773176093
FDSGPAGVL,AIRQGDVF,Tier1,2.3931659979146747
FDSGPAGVL,VLEANPRSF,Tier1,2.73125501272392
FDSGPAGVL,FALPQYLK,Tier1,3.0111934240193134
FDSGPAGVL,PYVRYL,Tier1,3.0585139315626972
FDSGPAGVL,AADNANELFPPN,Tier1,2.711882052638635
FDSGPAGVL,CVHWMTNTARTACIAP,Tier1,3.1218103511204
FDSGPAGVL,AGWNIPIGT,Tier1,2.0150979968646836
FDSGPAGVL,AGWNIP,Tier1,2.405191766714875
FDSGPAGVL,AGWNI,Tier1,2.8451209031015727
FDSGPAGVL,LGFEY,Tier1,2.558753720020281
FDSGPAGVL,LGFEYY,Tier1,2.3074704216942252
FDSGPAGVL,VPYPQ,Tier1,2.3002198515327303
FDSGPAGVL,VPNSYP,Tier1,2.390208284093732
FDSGPAGVL,WISELG,Tier1,1.9226615503113869
FDSGPAGVL,WISELGW,Tier1,2.294090775017261
FDSGPAGVL,ISELWG,Tier1,1.8731231282556697
FDSGPAGVL,ISELGF,Tier1,2.40596967026679
FDSGPAGVL,ISELGY,Tier1,1.6440125275459276
FDSGPAGVL,QLGNLGV,Tier1,3.0397465007774307
FDSGPAGVL,SVMPVVA,Tier1,3.122552695681297
FDSGPAGVL,WHNVSGSP,Tier1,2.3743560266932926
FDSGPAGVL,YWVTSGPK,Tier1,3.1080148154492613
FDSGPAGVL,LYEGY,Tier1,3.000100059993041
FDSGPAGVL,VAMVPPFET,Tier1,1.5613580153706874
FDSGPAGVL,YSEMPPGK,Tier1,2.813718347162189
FDSGPAGVL,VLSRYPS,Tier1,2.384377053797476
FDSGPAGVL,TIASGEP,Tier1,2.0584487413455403
FDSGPAGVL,GYLEQ,Tier1,2.534512731575376
FDSGPAGVL,YPELF,Tier1,1.99459920652214
FDSGPAGVL,YGLN,Tier1,2.7308808149078643
FDSGPAGVL,YIPIQY,Tier1,2.8405094462453575
FDSGPAGVL,FYQL,Tier1,3.122992764404733
FDSGPAGVL,LGNTDYAVH,Tier1,2.3528553264410648
FDSGPAGVL,RASDPLLSV,Tier1,2.338680023544228
FDSGPAGVL,LAPSLPGKPKPD,Tier1,3.089625549392638
FDSGPAGVL,AGTTCLFTPLALPYDYSH,Tier1,2.7152756844518566
FDSGPAGVL,MPDAHL,Tier1,2.055319914015941
FDSGPAGVL,FVPH,Tier1,2.4803274639236768
FDSGPAGVL,SAEHGSLH,Tier1,2.7516642571594927
FDSGPAGVL,TSQLLSDQ,Tier1,2.1102756814183494
FDSGPAGVL,TRTGDPFF,Tier1,2.975433600723746
FDSGPAGVL,LSGYGP,Tier1,2.7021116785209247
FDSGPAGVL,GFGPEL,Tier1,1.5332487895382
FDSGPAGVL,VVGGDGDV,Tier1,2.3867663499777247
FDSGPAGVL,VPVTST,Tier1,2.4559287111815977
FDSGPAGVL,LTTLDSE,Tier1,2.403612083007078
FDSGPAGVL,GGLEPINFN,Tier1,2.4239456771953876
FDSGPAGVL,GGIF,Tier1,2.4965396987708224
FDSGPAGVL,GIFE,Tier1,2.895388201589984
FDSGPAGVL,GVQEGAGHYALL,Tier1,1.1491263107666072
FDSGPAGVL,YYIVS,Tier1,2.7719420659950913
FDSGPAGVL,TYQTF,Tier1,3.0972856286338737
FDSGPAGVL,SGQYFL,Tier1,2.3822597312214997
FDSGPAGVL,YYDPL,Tier1,2.6363206370368957
FDSGPAGVL,SNAAC,Tier1,2.505372813555303
FDSGPAGVL,CSQAPLA,Tier1,2.184582523518874
FDSGPAGVL,KGLWE,Tier1,3.0217840456457457
FDSGPAGVL,IYIEQGNGITGM,Tier1,2.0085167113701763
FDSGPAGVL,AGGF,Tier1,2.552001075334944
FDSGPAGVL,ETTL,Tier1,2.4274307512762703
FDSGPAGVL,SGAF,Tier1,2.7565530884599125
FDSGPAGVL,KDVPP,Tier1,2.9746933128128363
FDSGPAGVL,GQVPP,Tier1,2.1987160080149475
FDSGPAGVL,DGVVYY,Tier1,1.8998228873153975
FDSGPAGVL,IVEYF,Tier1,3.0623960899420393
FDSGPAGVL,DVPPYM,Tier1,2.172318709487803
FDSGPAGVL,LGY,Tier1,3.0517981198860387
FDSGPAGVL,AYFYPEL,Tier1,1.8361425544854242
FDSGPAGVL,AYFYPE,Tier1,2.8783690882591917
FDSGPAGVL,VAGTWY,Tier1,3.0871864589781897
FDSGPAGVL,YQEPVLGPVRGPFPIIV,Tier1,2.717095945020392
NGPLQAGQPGER,NGLEGLK,Tier1,2.8181055332344855
NGPLQAGQPGER,VKAGFAWTANQQLS,Tier1,2.7450666193109923
NGPLQAGQPGER,ESTVPERTHPACPDFN,Tier1,2.691876733418174
NGPLQAGQPGER,PSKYEPFV,Tier1,2.0416740877030155
NGPLQAGQPGER,CYGPNR,Tier1,2.365263607814599
NGPLQAGQPGER,PNRPQF,Tier1,2.326490503704329
NGPLQAGQPGER,AEAQKQLR,Tier1,2.307015624576985
NGPLQAGQPGER,LPTSEAAKY,Tier1,1.7109853277250284
NGPLQAGQPGER,KHNRGDEF,Tier1,2.7469973017390794
NGPLQAGQPGER,PHN,Tier1,2.905195461659012
NGPLQAGQPGER,PHQ,Tier1,2.7802751856459786
NGPLQAGQPGER,WEGPK,Tier1,2.347780289134066
NGPLQAGQPGER,VKEAMPK,Tier1,2.4615259423191382
NGPLQAGQPGER,AVPYPQR,Tier1,2.468579033251496
NGPLQAGQPGER,HGGEGGRPYHLGEES,Tier1,2.41362087584521
NGPLQAGQPGER,FFAPGRNPTSFS,Tier1,2.7353611511577816
NGPLQAGQPGER,IAPNYNTRATKL,Tier1,2.371448842965112
NGPLQAGQPGER,IIENGEKWS,Tier1,2.608796751429062
NGPLQAGQPGER,LVDTGRGPIMY,Tier1,2.6124088840577473
NGPLQAGQPGER,EEEQVGQGYETIRARL,Tier1,2.8385270950553383
NGPLQAGQPGER,NHAV,Tier1,2.8588831831294135
NGPLQAGQPGER,NYKQM,Tier1,2.7369821088815076
NGPLQAGQPGER,HDHPVC,Tier1,2.645271202622439
NGPLQAGQPGER,QWPAQ,Tier1,2.246776865550935
NGPLQAGQPGER,YPPAK,Tier1,3.0966478816342478
NGPLQAGQPGER,TGGGNV,Tier1,2.710396917612487
NGPLQAGQPGER,ESTTVPERTHPACPDFN,Tier1,2.7611880903859074
NGPLQAGQPGER,VECYGPNRPQF,Tier1,1.9222316533021253
NGPLQAGQPGER,EWPAQ,Tier1,2.4763456947775166
NGPLQAGQPGER,QHGV,Tier1,2.749975274988553
NGPLQAGQPGER,VKEAMAPK,Tier1,2.1582931011636877
NGPLQAGQPGER,ARHPHPHLSFM,Tier1,3.0594640902065433
NGPLQAGQPGER,YQEPVLGP,Tier1,2.4306985056344326
NGPLQAGQPGER,FRADHPFL,Tier1,2.4839555847560812
NGPLQAGQPGER,RADHPFL,Tier1,2.1136553327264544
NGPLQAGQPGER,RADHPF,Tier1,2.1331012365602846
NGPLQAGQPGER,RADHP,Tier1,2.809470883155949
NGPLQAGQPGER,ADHP,Tier1,3.050708926083957
NGPLQAGQPGER,QVVPYPQ,Tier1,2.4512894937566583
NGPLQAGQPGER,PYPQ,Tier1,2.8070652167536365
NGPLQAGQPGER,WSVPQPK,Tier1,2.670519512734817
NGPLQAGQPGER,QGAR,Tier1,2.5722125234102755
NGPLQAGQPGER,AIRQGDVF,Tier1,2.7247140699583743
NGPLQAGQPGER,VLEANPRSF,Tier1,2.130694092976588
NGPLQAGQPGER,HNPI,Tier1,2.7505851567929818
NGPLQAGQPGER,QYDQGV,Tier1,2.114859075408704
NGPLQAGQPGER,AADNANELFPPN,Tier1,2.1024408958454406
NGPLQAGQPGER,AMRLTGNRPGLYAT,Tier1,2.9448834154580728
NGPLQAGQPGER,AMRLTYNRPCLGAT,Tier1,3.08877332165138
NGPLQAGQPGER,VPYPQ,Tier1,2.8120170666362996
NGPLQAGQPGER,VPNSYP,Tier1,2.32151136104509
NGPLQAGQPGER,NPYVPR,Tier1,2.1710939399293783
NGPLQAGQPGER,TERGY,Tier1,2.241740617348667
NGPLQAGQPGER,TEFTK,Tier1,2.333579176906
NGPLQAGQPGER,WHNVSGSP,Tier1,2.9759943464508862
NGPLQAGQPGER,YWVTSGPK,Tier1,3.0489050723182154
NGPLQAGQPGER,YSEMPPGK,Tier1,2.0497404400827475
NGPLQAGQPGER,YAKPA,Tier1,2.8690545989972267
NGPLQAGQPGER,GTQY,Tier1,3.118510531253003
NGPLQAGQPGER,RYPS,Tier1,2.9134807757364936
NGPLQAGQPGER,SRYPS,Tier1,2.8553767719059393
NGPLQAGQPGER,YAKP,Tier1,2.89442211668168
NGPLQAGQPGER,VLSRYPS,Tier1,2.7959774840159493
NGPLQAGQPGER,TIASGEP,Tier1,2.8534642338209584
NGPLQAGQPGER,GYLEQ,Tier1,3.0359872043553304
NGPLQAGQPGER,YQKFP,Tier1,2.900853606682701
NGPLQAGQPGER,LGNTDYAVH,Tier1,2.2837530974920592
NGPLQAGQPGER,RASDPLLSV,Tier1,2.833857074009531
NGPLQAGQPGER,LAPSLPGKPKPD,Tier1,1.7207605893961793
NGPLQAGQPGER,MPDAHL,Tier1,2.969886892199183
NGPLQAGQPGER,ALEPDHR,Tier1,2.427909853253742
NGPLQAGQPGER,TETWNPNHPEL,Tier1,2.3813130835678282
NGPLQAGQPGER,SAEHGSLH,Tier1,2.739651303053226
NGPLQAGQPGER,RPNYTDA,Tier1,2.109698840684203
NGPLQAGQPGER,TSQLLSDQ,Tier1,2.192026099147621
NGPLQAGQPGER,TRTGDPFF,Tier1,2.079015510049931
NGPLQAGQPGER,NFHPQ,Tier1,2.374254398008235
NGPLQAGQPGER,VGGRP,Tier1,2.5724608468002454
NGPLQAGQPGER,STMMEERRMKVY,Tier1,3.121125941515779
NGPLQAGQPGER,AEERYP,Tier1,2.747191494514976
NGPLQAGQPGER,GVQEGAGHYALL,Tier1,2.903686239570682
NGPLQAGQPGER,TYQTF,Tier1,2.8571603573041635
NGPLQAGQPGER,SGQYFL,Tier1,3.0410963719380413
NGPLQAGQPGER,YYDPL,Tier1,3.109987908342479
NGPLQAGQPGER,LANAK,Tier1,2.998813420664982
NGPLQAGQPGER,SNAAC,Tier1,2.8955362660284334
NGPLQAGQPGER,QYP,Tier1,2.7454695056644915
NGPLQAGQPGER,LSGNK,Tier1,2.4034805973314852
NGPLQAGQPGER,GEGSGA,Tier1,2.970049269776403
NGPLQAGQPGER,GLTSK,Tier1,3.085189681164964
NGPLQAGQPGER,VAWRNRCKGTD,Tier1,2.8079558400256617
NGPLQAGQPGER,SDRDLLGPNNQYLPK,Tier1,1.8736883257645076
NGPLQAGQPGER,KGLWE,Tier1,3.007887224344252
NGPLQAGQPGER,IYIEQGNGITGM,Tier1,2.795244683272362
NGPLQAGQPGER,ETTL,Tier1,3.0501777877453637
NGPLQAGQPGER,VKRRGQDCIHGFCSD,Tier1,2.6622485767307777
NGPLQAGQPGER,GQFNDKRWIPFG,Tier1,2.9737704336485176
NGPLQAGQPGER,KDVPP,Tier1,2.9171982830442578
NGPLQAGQPGER,GQVPP,Tier1,2.6213622148531166
NGPLQAGQPGER,YQKFPQY,Tier1,2.4903805424212706
HGPLGPL,VKAGFAWTANQQLS,Tier1,2.975969587499495
HGPLGPL,PSYV,Tier1,1.9797874113067322
HGPLGPL,PMDYMVT,Tier1,2.861062978904609
HGPLGPL,HPLH,Tier1,2.0454217632461797
HGPLGPL,HHLP,Tier1,2.3110184288175155
HGPLGPL,HLPH,Tier1,2.3110184288175155
HGPLGPL,LLPH,Tier1,2.4047088475044665
HGPLGPL,PLHH,Tier1,2.0699458702690303
HGPLGPL,HPHL,Tier1,2.0454217632461797
HGPLGPL,YLYP,Tier1,2.577096322344043
HGPLGPL,LYPY,Tier1,2.577096322344043
HGPLGPL,LLHH,Tier1,2.6391435434893804
HGPLGPL,LPYY,Tier1,2.9430160374999397
HGPLGPL,HHPLL,Tier1,1.8306970610875175
HGPLGPL,HLHP,Tier1,2.0454217632461797
HGPLGPL,LPHH,Tier1,2.3110184288175155
HGPLGPL,HHPL,Tier1,2.0454217632461797
HGPLGPL,LHPH,Tier1,2.0454217632461797
HGPLGPL,LLPHH,Tier1,2.0444672491805482
HGPLGPL,LLPHHH,Tier1,2.2655931748105282
HGPLGPL,LHH,Tier1,2.676360714888748
HGPLGPL,LHA,Tier1,1.5853283883580493
HGPLGPL,LHG,Tier1,1.3054442370081376
HGPLGPL,LHS,Tier1,1.2364423304454593
HGPLGPL,LHT,Tier1,1.2161272854994138
HGPLGPL,LWT,Tier1,3.056438305424051
HGPLGPL,PHF,Tier1,2.689980686302827
HGPLGPL,PHI,Tier1,3.0402823887619634
HGPLGPL,PHL,Tier1,1.2693790764666106
HGPLGPL,PHM,Tier1,2.2947525801033173
HGPLGPL,PHV,Tier1,1.2519561033287467
HGPLGPL,PHW,Tier1,2.9950328179651295
HGPLGPL,PWA,Tier1,2.9665263224873777
HGPLGPL,PWI,Tier1,2.9622837386404024
HGPLGPL,PWL,Tier1,3.039455943317227
HGPLGPL,PWV,Tier1,2.9828464489120274
HGPLGPL,IHH,Tier1,2.7892769459418245
HGPLGPL,NRVYIHPFHLLVYS,Tier1,3.0882734113699377
HGPLGPL,LPHSGY,Tier1,1.8464809705565368
HGPLGPL,GAWA,Tier1,2.062357576819936
HGPLGPL,PHYL,Tier1,2.6490385601759123
HGPLGPL,GALAAH,Tier1,1.1364978758644635
HGPLGPL,GVPLT,Tier1,2.4487298309227
HGPLGPL,GSGGL,Tier1,1.6595754346363936
HGPLGPL,GPGGFI,Tier1,1.895405920222877
HGPLGPL,FIGP,Tier1,2.2692963797519967
HGPLGPL,AMTGLDA,Tier1,2.1722777656694974
HGPLGPL,AVPYPQR,Tier1,2.8999876130811155
HGPLGPL,FFAPGRNPTSFS,Tier1,3.0394918665041244
HGPLGPL,YLAGMN,Tier1,1.929889141487903
HGPLGPL,LVDTGRGPIMY,Tier1,2.602583061424769
HGPLGPL,AAVGGYRVAVL,Tier1,2.026876704160934
HGPLGPL,NHAV,Tier1,2.2329921106293753
HGPLGPL,HVRETALV,Tier1,2.530736657817366
HGPLGPL,IPAGM,Tier1,1.6371525833392628
HGPLGPL,LPAGV,Tier1,2.3659978457657647
HGPLGPL,IPAGV,Tier1,1.9973756087031695
HGPLGPL,SVYT,Tier1,1.7627014490979358
HGPLGPL,LALPA,Tier1,2.9045914628699863
HGPLGPL,PSIPA,Tier1,1.8167899100552678
HGPLGPL,PSLPA,Tier1,2.481476672422484
HGPLGPL,VSYT,Tier1,1.6756126441360817
HGPLGPL,GFPSG,Tier1,2.753026489549718
HGPLGPL,TCSP,Tier1,3.05414571092057
HGPLGPL,TGGGNV,Tier1,2.787113800355444
HGPLGPL,PVMGA,Tier1,1.6093058187521925
HGPLGPL,QHGV,Tier1,2.3775917958230552
HGPLGPL,CAAP,Tier1,2.04561452642893
HGPLGPL,ARHPHPHLSFM,Tier1,2.7115996928066606
HGPLGPL,FGHPY,Tier1,2.8389180544458754
HGPLGPL,YQEPVLGP,Tier1,3.0932923834427384
HGPLGPL,SALAM,Tier1,1.9289367825346242
HGPLGPL,YQIGL,Tier1,2.6568028113547206
HGPLGPL,YPI,Tier1,2.0692888559664357
HGPLGPL,YPIL,Tier1,3.0662019782630248
HGPLGPL,QVVPYPQ,Tier1,2.9569262162681706
HGPLGPL,HQIYPV,Tier1,2.2292034152192426
HGPLGPL,WYSL,Tier1,2.7832207606886596
HGPLGPL,WYSLA,Tier1,2.2853685217331834
HGPLGPL,WYSLAM,Tier1,2.488637102779215
HGPLGPL,WYSLAMA,Tier1,2.3125239621865026
HGPLGPL,LNLPTAVYMVT,Tier1,2.5112020942020767
HGPLGPL,YGGFL,Tier1,2.4324818684809193
HGPLGPL,YGGFM,Tier1,2.927570114082786
HGPLGPL,DRVYIHPF,Tier1,2.7357359365431315
HGPLGPL,FALPQYLK,Tier1,2.833087802285659
HGPLGPL,PYVRYL,Tier1,2.497271972533454
HGPLGPL,AMRLTGNRPGLYAT,Tier1,3.1066809379740565
HGPLGPL,AGWNIPIGT,Tier1,2.221191959083559
HGPLGPL,VPYPQ,Tier1,3.1077593168238957
HGPLGPL,VPNSYP,Tier1,2.9216055574453668
HGPLGPL,ISELGY,Tier1,2.6485775127158715
HGPLGPL,GPLGLLGFLGPLGLS,Tier1,2.4853917962625256
HGPLGPL,QLGNLGV,Tier1,2.989369376868654
HGPLGPL,SVMPVVA,Tier1,3.125035148055783
HGPLGPL,HMPVTK,Tier1,3.0755222943889113
HGPLGPL,WHNVSGSP,Tier1,3.0704577224164327
HGPLGPL,YWVTSGPK,Tier1,2.3490266322873787
HGPLGPL,VAMVPPFET,Tier1,2.8133357257998957
HGPLGPL,VLSRYPS,Tier1,2.634666492596837
HGPLGPL,TIASGEP,Tier1,2.6590852038147252
HGPLGPL,YLKT,Tier1,3.012870113147915
HGPLGPL,TVYQ,Tier1,2.610166037137091
HGPLGPL,YGLN,Tier1,2.628179683825733
HGPLGPL,YIPIQY,Tier1,2.412172571266773
HGPLGPL,LGNTDYAVH,Tier1,2.8848787382229046
HGPLGPL,RASDPLLSV,Tier1,2.451153788823227
HGPLGPL,LAPSLPGKPKPD,Tier1,3.083067125452497
HGPLGPL,MPDAHL,Tier1,2.8843851522387873
HGPLGPL,FVPH,Tier1,2.3375867379410553
HGPLGPL,SAEHGSLH,Tier1,2.5174412218451967
HGPLGPL,LSGYGP,Tier1,1.8446384550076187
HGPLGPL,GFGPEL,Tier1,2.7759144002194174
HGPLGPL,VGGRP,Tier1,2.9955931653030503
HGPLGPL,VPVTST,Tier1,1.5304376812954126
HGPLGPL,YLGAK,Tier1,1.983472985632276
HGPLGPL,GGIF,Tier1,2.42124099693241
HGPLGPL,GVQEGAGHYALL,Tier1,2.679630409588082
HGPLGPL,WPP,Tier1,3.0709169242143477
HGPLGPL,YYIVS,Tier1,2.2523752740040264
HGPLGPL,SGQYFL,Tier1,2.9084340037928667
HGPLGPL,GIISHR,Tier1,1.955813239141808
HGPLGPL,PSLVGRPPVGKLTL,Tier1,2.971837380275145
HGPLGPL,LSGNK,Tier1,3.1017487819671787
HGPLGPL,GLTSK,Tier1,1.9042288773471567
HGPLGPL,GTW,Tier1,2.850982100223624
HGPLGPL,CSQAPLA,Tier1,2.1989280468988133
HGPLGPL,IYIEQGNGITGM,Tier1,2.8593005649870555
HGPLGPL,AGGF,Tier1,2.380856154698404
HGPLGPL,ETTL,Tier1,3.111247370903476
HGPLGPL,SGAF,Tier1,2.237065036781723
HGPLGPL,GQVPP,Tier1,2.783098206377735
HGPLGPL,DGVVYY,Tier1,2.7692577653310595
HGPLGPL,PGVPWP,Tier1,1.9869932425348407
HGPLGPL,RYLGY,Tier1,2.641535837103711
HGPLGPL,RYLG,Tier1,2.6306239965897302
HGPLGPL,YLG,Tier1,2.6312104418379496
HGPLGPL,YLGY,Tier1,2.47045395672806
HGPLGPL,LGY,Tier1,1.9196581117912879
HGPLGPL,VAGTWY,Tier1,1.9369093081393673
NADFGLNGLEGLA,NGLEGLK,Tier1,2.4783569060111894
NADFGLNGLEGLA,LGLNGDDVN,Tier1,1.7005708745340402
NADFGLNGLEGLA,LVGDEQAVPAVCVP,Tier1,2.0675020064207454
NADFGLNGLEGLA,ESTVPERTHPACPDFN,Tier1,2.9080373749755455
NADFGLNGLEGLA,PMDYMVT,Tier1,2.4424981980948455
NADFGLNGLEGLA,DPALATEPDPMPF,Tier1,2.780341183121978
NADFGLNGLEGLA,FLNDFLHV,Tier1,2.8533936256840176
NADFGLNGLEGLA,AMTGLDA,Tier1,2.169028882011607
NADFGLNGLEGLA,ISELGW,Tier1,2.5463530175192597
NADFGLNGLEGLA,VAVDKHDYEPLGHSDIGVY,Tier1,2.2834316608733536
NADFGLNGLEGLA,YLAGMN,Tier1,3.090971336877112
NADFGLNGLEGLA,IIENGEKWS,Tier1,2.243309277648688
NADFGLNGLEGLA,LVDTGRGPIMY,Tier1,2.2579740747331707
NADFGLNGLEGLA,EEEQVGQGYETIRARL,Tier1,2.6868357352155137
NADFGLNGLEGLA,YEADARSFHDLAEHDIRV,Tier1,3.0059093147679294
NADFGLNGLEGLA,HVRETALV,Tier1,2.6525403635330855
NADFGLNGLEGLA,LEEAF,Tier1,3.11924370816828
NADFGLNGLEGLA,LNGDVW,Tier1,2.616411243507808
NADFGLNGLEGLA,ESTTVPERTHPACPDFN,Tier1,2.9961612847365764
NADFGLNGLEGLA,VECYGPNRPQF,Tier1,3.1046783164283744
NADFGLNGLEGLA,EWPAQ,Tier1,2.858226340587596
NADFGLNGLEGLA,YQEPVLGP,Tier1,2.563220864860245
NADFGLNGLEGLA,YQIGL,Tier1,2.9131408543383213
NADFGLNGLEGLA,FRADHPFL,Tier1,2.8602924565293484
NADFGLNGLEGLA,RADHPFL,Tier1,3.113797904836271
NADFGLNGLEGLA,QVVPYPQ,Tier1,3.0813513009188616
NADFGLNGLEGLA,HQIYPV,Tier1,3.0992795593146956
NADFGLNGLEGLA,DRVYIHPF,Tier1,2.9723002989813634
NADFGLNGLEGLA,AIRQGDVF,Tier1,2.54349702104072
NADFGLNGLEGLA,VLEANPRSF,Tier1,2.78868776401603
NADFGLNGLEGLA,QYDQGV,Tier1,3.12465770081775
NADFGLNGLEGLA,YEDCTDCGN,Tier1,3.0857722563399883
NADFGLNGLEGLA,AADNANELFPPN,Tier1,2.120650213408179
NADFGLNGLEGLA,IANNEADAISLDGGQVFEAG,Tier1,2.530568423025929
NADFGLNGLEGLA,PIAAEVYEHTEGSTTSY,Tier1,2.704707632629007
NADFGLNGLEGLA,AIEWEGIESGSVEQA,Tier1,2.8309833101713924
NADFGLNGLEGLA,LGFEY,Tier1,2.4358807408058945
NADFGLNGLEGLA,LGFEYY,Tier1,2.7399195039853526
NADFGLNGLEGLA,WISELG,Tier1,2.2864486015661982
NADFGLNGLEGLA,WISELGW,Tier1,2.604683003720386
NADFGLNGLEGLA,ISELWG,Tier1,2.4748378456943163
NADFGLNGLEGLA,ISELGF,Tier1,2.5059503896304807
NADFGLNGLEGLA,ISELGY,Tier1,2.0675622906378295
NADFGLNGLEGLA,QLGNLGV,Tier1,2.8209509351789173
NADFGLNGLEGLA,LYEGY,Tier1,2.9426099544876925
NADFGLNGLEGLA,VAMVPPFET,Tier1,2.55782050426664
NADFGLNGLEGLA,TIASGEP,Tier1,2.689022380730492
NADFGLNGLEGLA,GYLEQ,Tier1,2.723009544946952
NADFGLNGLEGLA,TVYQ,Tier1,3.0982071571440493
NADFGLNGLEGLA,YIPIQY,Tier1,2.9087520931341113
NADFGLNGLEGLA,YVGD,Tier1,2.7975264892088636
NADFGLNGLEGLA,LGNTDYAVH,Tier1,2.1754603788501714
NADFGLNGLEGLA,VGDI,Tier1,2.8189521845552763
NADFGLNGLEGLA,RASDPLLSV,Tier1,2.4295975746141836
NADFGLNGLEGLA,AGTTCLFTPLALPYDYSH,Tier1,3.1095342407751043
NADFGLNGLEGLA,MPDAHL,Tier1,2.566838170011981
NADFGLNGLEGLA,TETWNPNHPEL,Tier1,2.736517320113326
NADFGLNGLEGLA,SAEHGSLH,Tier1,3.0358086013753196
NADFGLNGLEGLA,TSQLLSDQ,Tier1,1.9331223380297482
NADFGLNGLEGLA,GFGPEL,Tier1,2.2784800402957486
NADFGLNGLEGLA,VVGGDGDV,Tier1,1.9913830777381658
NADFGLNGLEGLA,LTTLDSE,Tier1,2.140582211784382
NADFGLNGLEGLA,GGLEPINFN,Tier1,2.112310090592889
NADFGLNGLEGLA,GIFE,Tier1,2.885547173499324
NADFGLNGLEGLA,GVQEGAGHYALL,Tier1,2.6643673278362088
NADFGLNGLEGLA,SGQYFL,Tier1,3.0781519893052454
NADFGLNGLEGLA,SDRDLLGPNNQYLPK,Tier1,2.7073772709375588
NADFGLNGLEGLA,KGLWE,Tier1,3.0892502636244097
NADFGLNGLEGLA,IYIEQGNGITGM,Tier1,1.5250542264995597
NADFGLNGLEGLA,ETTL,Tier1,2.5607004308578927
NADFGLNGLEGLA,DGVVYY,Tier1,2.4670744047377267
NADFGLNGLEGLA,IVEYF,Tier1,2.976671312801243
NADFGLNGLEGLA,YQEPVLGPVRGPFPIIV,Tier1,3.016815192003072
NGLEGLK,LGLNGDDVN,Tier1,2.1256786059916988
NGLEGLK,VKAGFAWTANQQLS,Tier1,2.840438841000478
NGLEGLK,PLFQNKLAHAK,Tier1,3.041640705612633
NGLEGLK,AEAQKQLR,Tier1,2.7515145911804
NGLEGLK,PMDYMVT,Tier1,2.9527998675569376
NGLEGLK,LHD,Tier1,2.8173584031756973
NGLEGLK,LHE,Tier1,2.8090100818058907
NGLEGLK,LHQ,Tier1,2.5149655098862733
NGLEGLK,VHDY,Tier1,3.0489841590111366
NGLEGLK,LARL,Tier1,3.112530402729839
NGLEGLK,FLNDFLHV,Tier1,3.0636664726935843
NGLEGLK,WEGPK,Tier1,2.9019024371661173
NGLEGLK,AMTGLDA,Tier1,2.6346058890667616
NGLEGLK,VKEAMPK,Tier1,2.275384143339576
NGLEGLK,ISELGW,Tier1,3.006162192934797
NGLEGLK,YLAGMN,Tier1,2.963363559076149
NGLEGLK,IIENGEKWS,Tier1,2.017916221066004
NGLEGLK,LVDTGRGPIMY,Tier1,2.2934264435726313
NGLEGLK,NHAV,Tier1,2.4579197048262214
NGLEGLK,HVRETALV,Tier1,1.932042752695145
NGLEGLK,YNL,Tier1,2.744373377041048
NGLEGLK,LNGDVW,Tier1,2.2489002101511724
NGLEGLK,HDHPVC,Tier1,2.9122986181692734
NGLEGLK,HEKVC,Tier1,2.1654069518441705
NGLEGLK,QWPAQ,Tier1,2.746102285699518
NGLEGLK,VECYGPNRPQF,Tier1,2.8307934881108006
NGLEGLK,EWPAQ,Tier1,2.4758251335196766
NGLEGLK,LMGQW,Tier1,2.7143188341521927
NGLEGLK,QHGV,Tier1,2.447420641683718
NGLEGLK,MQFHT,Tier1,3.0923728737963763
NGLEGLK,VKEAMAPK,Tier1,2.064014651184199
NGLEGLK,YQEPVLGP,Tier1,3.0133929476945873
NGLEGLK,YQIGL,Tier1,2.572212051782372
NGLEGLK,FRADHPFL,Tier1,2.364263773029549
NGLEGLK,RADHPFL,Tier1,2.4137247648140097
NGLEGLK,RADHPF,Tier1,3.0967291340166474
NGLEGLK,QVVPYPQ,Tier1,2.6995231061965366
NGLEGLK,HQIYPV,Tier1,2.69218724915478
NGLEGLK,LQGM,Tier1,2.911003058857577
NGLEGLK,DRVYIHPF,Tier1,2.6920997609718262
NGLEGLK,AIRQGDVF,Tier1,1.646595853473138
NGLEGLK,VLEANPRSF,Tier1,2.3714800674649963
NGLEGLK,IQY,Tier1,2.7021513860779462
NGLEGLK,FALPQYLK,Tier1,2.764382424507778
NGLEGLK,PYVRYL,Tier1,2.813721684447062
NGLEGLK,HNPI,Tier1,3.085890727354195
NGLEGLK,QYDQGV,Tier1,2.8878822954437005
NGLEGLK,AADNANELFPPN,Tier1,3.0386871581015535
NGLEGLK,LGFEY,Tier1,2.842427584810694
NGLEGLK,NPYVPR,Tier1,2.8753893963863564
NGLEGLK,WISELG,Tier1,2.686274416109916
NGLEGLK,ISELWG,Tier1,2.8728978058529213
NGLEGLK,ISELGF,Tier1,3.0144671432334134
NGLEGLK,ISELGY,Tier1,2.518688992050487
NGLEGLK,QLGNLGV,Tier1,2.1899268636217717
NGLEGLK,VKP,Tier1,2.492570242983729
NGLEGLK,TEFTK,Tier1,2.70479086259074
NGLEGLK,LVSK,Tier1,3.002549183332062
NGLEGLK,LDY,Tier1,3.039880280273365
NGLEGLK,FHNMEK,Tier1,2.804842650345738
NGLEGLK,YQLD,Tier1,2.776265166621316
NGLEGLK,GYLEQ,Tier1,2.4334348967371318
NGLEGLK,RDMPIQ,Tier1,2.5552073288031996
NGLEGLK,YLKT,Tier1,2.291618841825678
NGLEGLK,TVYQ,Tier1,2.983727537920544
NGLEGLK,YGLN,Tier1,2.5657123733532377
NGLEGLK,YQL,Tier1,2.7373125829995733
NGLEGLK,YIPIQY,Tier1,2.901293042071217
NGLEGLK,YVGD,Tier1,3.02658156845552
NGLEGLK,LGNTDYAVH,Tier1,2.625469528043572
NGLEGLK,VGDI,Tier1,2.653369635417778
NGLEGLK,RASDPLLSV,Tier1,2.2158036671239065
NGLEGLK,RNDDLNYIQ,Tier1,2.629769778898868
NGLEGLK,LAPSLPGKPKPD,Tier1,2.890032339390496
NGLEGLK,MPDAHL,Tier1,2.8542716839883884
NGLEGLK,ALEPDHR,Tier1,2.734929156845632
NGLEGLK,TSQLLSDQ,Tier1,2.1280419518468694
NGLEGLK,NFHPQ,Tier1,2.7174062550243603
NGLEGLK,GFGPEL,Tier1,2.6417687322264114
NGLEGLK,VVGGDGDV,Tier1,2.807926811018167
NGLEGLK,LTTLDSE,Tier1,2.9211721139485656
NGLEGLK,YLGAK,Tier1,2.989641161651111
NGLEGLK,GGLEPINFN,Tier1,2.1130967158335454
NGLEGLK,GIFE,Tier1,2.8810898121443
NGLEGLK,GIISHR,Tier1,2.880210014190242
NGLEGLK,LANAK,Tier1,2.866481033564084
NGLEGLK,LSGNK,Tier1,2.581029553106325
NGLEGLK,GLTSK,Tier1,2.9214939836840306
NGLEGLK,VAWRNRCKGTD,Tier1,2.7708471930100025
NGLEGLK,IRGCRL,Tier1,3.003261778767607
NGLEGLK,WIRGCRL,Tier1,3.0947220989416953
NGLEGLK,AWIRGCRL,Tier1,2.8909960975589954
NGLEGLK,SDRDLLGPNNQYLPK,Tier1,2.708676705597817
NGLEGLK,CAQ,Tier1,2.8415258713958487
NGLEGLK,KYL,Tier1,3.02576286410665
NGLEGLK,KLSDW,Tier1,1.6684735161956272
NGLEGLK,KGLWE,Tier1,1.8672513400598139
NGLEGLK,IYIEQGNGITGM,Tier1,2.5872069374022564
NGLEGLK,ETTL,Tier1,2.500425839315617
NGLEGLK,KDVPP,Tier1,2.7367668589509924
NGLEGLK,GQVPP,Tier1,2.9445944753560793
NGLEGLK,DGVVYY,Tier1,3.0814367007580996
NGLEGLK,RYL,Tier1,2.9641828387448155
NGLEGLK,RYLG,Tier1,2.996199786557218
NGLEGLK,VPKVK,Tier1,2.7834981222519355
HFGDPFH,PSKYEPFV,Tier1,2.7292666759729354
HFGDPFH,CYGPNR,Tier1,3.033536922643946
HFGDPFH,LPTSEAAKY,Tier1,2.9440709633391617
HFGDPFH,PMDYMVT,Tier1,2.374854110215973
HFGDPFH,PHF,Tier1,2.5909123194959798
HFGDPFH,PHM,Tier1,2.769247775261849
HFGDPFH,PHW,Tier1,2.562422003565767
HFGDPFH,PWH,Tier1,2.896291984799957
HFGDPFH,PWS,Tier1,2.9815396248291894
HFGDPFH,FHH,Tier1,2.9812853659437377
HFGDPFH,HHF,Tier1,3.092160674952738
HFGDPFH,VHDY,Tier1,2.4930062243691316
HFGDPFH,AMTGLDA,Tier1,2.923050926681398
HFGDPFH,AVPYPQR,Tier1,3.073883271148234
HFGDPFH,FFAPGRNPTSFS,Tier1,2.8907446748069234
HFGDPFH,YLAGMN,Tier1,3.082980066540494
HFGDPFH,NHAV,Tier1,2.9961105511084534
HFGDPFH,HDHPVC,Tier1,2.3568499254657658
HFGDPFH,GFPSG,Tier1,3.0912745390907386
HFGDPFH,EWPAQ,Tier1,2.923207795362123
HFGDPFH,QHGV,Tier1,2.8264783559260276
HFGDPFH,VKEAMAPK,Tier1,3.1128845492907504
HFGDPFH,ARHPHPHLSFM,Tier1,3.038761834892301
HFGDPFH,FGHPY,Tier1,2.8453370874831956
HFGDPFH,YQEPVLGP,Tier1,2.787559507599237
HFGDPFH,FRADHPFL,Tier1,2.6924773352706404
HFGDPFH,RADHPFL,Tier1,2.620617484894403
HFGDPFH,RADHPF,Tier1,2.543251339785728
HFGDPFH,HQIYPV,Tier1,2.9721552345531714
HFGDPFH,WSVPQPK,Tier1,2.8613323123598415
HFGDPFH,DRVYIHPF,Tier1,2.5044769626021046
HFGDPFH,LGFEY,Tier1,2.7452840894165784
HFGDPFH,LGFEYY,Tier1,2.5652766160393576
HFGDPFH,VPNSYP,Tier1,2.901257303463125
HFGDPFH,NPYVPR,Tier1,2.721500846126434
HFGDPFH,HMPVTK,Tier1,2.997933849300928
HFGDPFH,TEFTK,Tier1,2.6995234008694395
HFGDPFH,WHNVSGSP,Tier1,3.0648283787446897
HFGDPFH,YWVTSGPK,Tier1,2.8204677531419864
HFGDPFH,LYEGY,Tier1,2.7816968255562107
HFGDPFH,VAMVPPFET,Tier1,2.97955586600373
HFGDPFH,YSEMPPGK,Tier1,2.9412355742246246
HFGDPFH,TIASGEP,Tier1,2.7738518451328296
HFGDPFH,TVYQ,Tier1,2.4536902709158808
HFGDPFH,YVGD,Tier1,2.374690540958265
HFGDPFH,LGNTDYAVH,Tier1,2.3246709228434477
HFGDPFH,LAPSLPGKPKPD,Tier1,3.094858158748501
HFGDPFH,MPDAHL,Tier1,2.4072463041477516
HFGDPFH,SAEHGSLH,Tier1,2.4732449978396014
HFGDPFH,TRTGDPFF,Tier1,2.381722730726342
HFGDPFH,NFHPQ,Tier1,2.9476424325689443
HFGDPFH,GFGPEL,Tier1,2.51926007416023
HFGDPFH,YLGAK,Tier1,2.9111897847020844
HFGDPFH,WPP,Tier1,2.8568057654195163
HFGDPFH,TYQTF,Tier1,2.576657794588143
HFGDPFH,SGQYFL,Tier1,2.8847715247340937
HFGDPFH,YYDPL,Tier1,2.837518756680971
HFGDPFH,GLTSK,Tier1,2.935767900015133
HFGDPFH,CSQAPLA,Tier1,3.058708028773345
HFGDPFH,WYGPD,Tier1,2.4479735685043087
HFGDPFH,IYIEQGNGITGM,Tier1,2.8926890229488613
HFGDPFH,ADGF,Tier1,2.863956717866325
HFGDPFH,ETTL,Tier1,3.0713148447125325
HFGDPFH,DGVVYY,Tier1,2.585778474401699
HFGDPFH,PGVPWP,Tier1,2.794990493675805
HFGDPFH,RYLGY,Tier1,2.699619371811334
HFGDPFH,RYLG,Tier1,2.7553833648189263
HFGDPFH,AYFYPEL,Tier1,2.8882392721366865
HFGDPFH,AYFYPE,Tier1,2.6743642784259483
HFGDPFH,FPQY,Tier1,3.1094871434773115
HFGDPFH,VAGTWY,Tier1,3.026796191847985
LGLNGDDVN,LVGDEQAVPAVCVP,Tier1,2.8929993473249396
LGLNGDDVN,VECYG,Tier1,2.9779740477868404
LGLNGDDVN,PMDYMVT,Tier1,3.0608419881573736
LGLNGDDVN,FLNDFLHV,Tier1,2.855807745161867
LGLNGDDVN,AMTGLDA,Tier1,2.8684846748205626
LGLNGDDVN,YVEEL,Tier1,2.5628178095982896
LGLNGDDVN,ISELGW,Tier1,2.9039026815210356
LGLNGDDVN,IIENGEKWS,Tier1,1.6839097605572857
LGLNGDDVN,LVDTGRGPIMY,Tier1,3.031097058373463
LGLNGDDVN,EEEQVGQGYETIRARL,Tier1,2.8398959412225793
LGLNGDDVN,HVRETALV,Tier1,2.861757205542951
LGLNGDDVN,FEQI,Tier1,3.01533027721627
LGLNGDDVN,LEEAF,Tier1,2.432669593364966
LGLNGDDVN,FEQL,Tier1,3.004233233343238
LGLNGDDVN,EFIQ,Tier1,2.8373241434265846
LGLNGDDVN,LNGDVW,Tier1,1.9789007094173572
LGLNGDDVN,HEKVC,Tier1,3.102315470945797
LGLNGDDVN,EWPAQ,Tier1,2.6315361765000285
LGLNGDDVN,YQEPVLGP,Tier1,3.074979477940314
LGLNGDDVN,AIRQGDVF,Tier1,2.3767040648010176
LGLNGDDVN,VLEANPRSF,Tier1,3.099799725692863
LGLNGDDVN,YEDCTDCGN,Tier1,2.8370323922544483
LGLNGDDVN,AADNANELFPPN,Tier1,2.422048692017505
LGLNGDDVN,AIEWEGIESGSVEQA,Tier1,2.945100917559771
LGLNGDDVN,LGFEY,Tier1,2.870096803543814
LGLNGDDVN,WISELG,Tier1,2.528521891308135
LGLNGDDVN,WISELGW,Tier1,3.070767540318364
LGLNGDDVN,ISELWG,Tier1,2.6828267827994954
LGLNGDDVN,ISELGF,Tier1,2.9287524545076935
LGLNGDDVN,ISELGY,Tier1,2.5298515623963755
LGLNGDDVN,QLGNLGV,Tier1,2.967855362258949
LGLNGDDVN,VLYEE,Tier1,2.724231691042733
LGLNGDDVN,LDY,Tier1,2.745561072462812
LGLNGDDVN,YQLD,Tier1,2.4751440894714105
LGLNGDDVN,GYLEQ,Tier1,2.310432953078482
LGLNGDDVN,RDMPIQ,Tier1,2.9868384818863447
LGLNGDDVN,YPELF,Tier1,3.1073516825902043
LGLNGDDVN,VGDI,Tier1,2.4037073496209276
LGLNGDDVN,RASDPLLSV,Tier1,3.096826450374862
LGLNGDDVN,RNDDLNYIQ,Tier1,2.2842136418323364
LGLNGDDVN,MPDAHL,Tier1,3.10251726309705
LGLNGDDVN,TETWNPNHPEL,Tier1,3.0197451576455134
LGLNGDDVN,TSQLLSDQ,Tier1,1.8539730740053488
LGLNGDDVN,GFGPEL,Tier1,2.712701993037586
LGLNGDDVN,VVGGDGDV,Tier1,1.9685493789142154
LGLNGDDVN,LTTLDSE,Tier1,2.0674485473116615
LGLNGDDVN,GGLEPINFN,Tier1,1.8591263196060934
LGLNGDDVN,GIFE,Tier1,2.5607353376448265
LGLNGDDVN,SDRDLLGPNNQYLPK,Tier1,3.107243547838868
LGLNGDDVN,KLSDW,Tier1,2.50839326754818
LGLNGDDVN,KGLWE,Tier1,2.6339889731263137
LGLNGDDVN,TEVWDSNEQ,Tier1,3.1056261378466528
LGLNGDDVN,IYIEQGNGITGM,Tier1,2.6424493067390786
LGLNGDDVN,AWDPE,Tier1,3.085227140767295
LGLNGDDVN,ETTL,Tier1,2.697339998400584
LGLNGDDVN,IVEYF,Tier1,3.053863916575891
VKAGFAWTANQQLS,PSKYEPFV,Tier1,3.006181143022668
VKAGFAWTANQQLS,CYGPNR,Tier1,2.6426971147732417
VKAGFAWTANQQLS,PLFQNKLAHAK,Tier1,1.8785791539832504
VKAGFAWTANQQLS,LPTSEAAKY,Tier1,2.906097820481985
VKAGFAWTANQQLS,PMDYMVT,Tier1,2.7571229709269787
VKAGFAWTANQQLS,RPPGFSPFR,Tier1,2.9768205612044367
VKAGFAWTANQQLS,NRVYIHPFHLLVYS,Tier1,1.8692715111100076
VKAGFAWTANQQLS,GPGGFI,Tier1,3.1209472669266445
VKAGFAWTANQQLS,AMTGLDA,Tier1,3.0199704830164658
VKAGFAWTANQQLS,VKEAMPK,Tier1,2.7817146923589826
VKAGFAWTANQQLS,AVPYPQR,Tier1,2.3995533928913355
VKAGFAWTANQQLS,KVLPVPQK,Tier1,2.7594194072176625
VKAGFAWTANQQLS,VLPVPQK,Tier1,3.0965199201720566
VKAGFAWTANQQLS,FFAPGRNPTSFS,Tier1,1.748225969119836
VKAGFAWTANQQLS,WEIKPSSLTGKSPYFSNNHGKL,Tier1,2.6651765730379973
VKAGFAWTANQQLS,YLAGMN,Tier1,2.384181502371885
VKAGFAWTANQQLS,IAPNYNTRATKL,Tier1,2.592735069289329
VKAGFAWTANQQLS,LVDTGRGPIMY,Tier1,1.7970852408203808
VKAGFAWTANQQLS,LRGIKNYRVAVL,Tier1,2.7542170047941004
VKAGFAWTANQQLS,AAVGGYRVAVL,Tier1,2.229654339262889
VKAGFAWTANQQLS,NHAV,Tier1,2.863607279402893
VKAGFAWTANQQLS,HVRETALV,Tier1,2.392806891990946
VKAGFAWTANQQLS,QWPAQ,Tier1,2.812951494174539
VKAGFAWTANQQLS,VECYGPNRPQF,Tier1,2.40046131971889
VKAGFAWTANQQLS,FLHRP,Tier1,3.063945080405305
VKAGFAWTANQQLS,LMGQW,Tier1,2.8524055357497393
VKAGFAWTANQQLS,QHGV,Tier1,2.900770526035654
VKAGFAWTANQQLS,VKEAMAPK,Tier1,2.262878407344681
VKAGFAWTANQQLS,ARHPHPHLSFM,Tier1,2.2014426433275585
VKAGFAWTANQQLS,YQEPVLGP,Tier1,2.938202320473919
VKAGFAWTANQQLS,YQIGL,Tier1,2.8090108332696304
VKAGFAWTANQQLS,FRADHPFL,Tier1,2.434923636440047
VKAGFAWTANQQLS,RADHPFL,Tier1,2.8280334437946406
VKAGFAWTANQQLS,QVVPYPQ,Tier1,2.2347069471152
VKAGFAWTANQQLS,HQIYPV,Tier1,2.3198164604067175
VKAGFAWTANQQLS,WSVPQPK,Tier1,2.8022197042274466
VKAGFAWTANQQLS,LNLPTAVYMVT,Tier1,2.43183326642834
VKAGFAWTANQQLS,DRVYIHPF,Tier1,2.1826956138780944
VKAGFAWTANQQLS,AIRQGDVF,Tier1,2.4586313595221108
VKAGFAWTANQQLS,VLEANPRSF,Tier1,2.7935209088954966
VKAGFAWTANQQLS,FALPQYLK,Tier1,1.8307460346719395
VKAGFAWTANQQLS,PYVRYL,Tier1,2.061126001115492
VKAGFAWTANQQLS,AMRLTYNRPCIYAT,Tier1,1.2306841766257013
VKAGFAWTANQQLS,AMRLTGNRPGLYAT,Tier1,1.352469836678942
VKAGFAWTANQQLS,AMRLTYNRPCLGAT,Tier1,1.1892565420966263
VKAGFAWTANQQLS,CVHWMTNTARTACIAP,Tier1,1.6016520022894187
VKAGFAWTANQQLS,AMRLTYNKPCLYGT,Tier1,1.1570039939836874
VKAGFAWTANQQLS,AGWNIPIGT,Tier1,2.4099763479508964
VKAGFAWTANQQLS,VPNSYP,Tier1,2.962858175278827
VKAGFAWTANQQLS,NPYVPR,Tier1,2.444262937880842
VKAGFAWTANQQLS,ISELGY,Tier1,3.0968923026242634
VKAGFAWTANQQLS,GPLGLLGFLGPLGLS,Tier1,3.0291330221468877
VKAGFAWTANQQLS,QLGNLGV,Tier1,2.803380560909553
VKAGFAWTANQQLS,FLKPLFNAALKLLP,Tier1,2.3799733680214104
VKAGFAWTANQQLS,PYFNK,Tier1,3.0793169317816793
VKAGFAWTANQQLS,WHNVSGSP,Tier1,2.9587640737208045
VKAGFAWTANQQLS,YWVTSGPK,Tier1,2.103100477751812
VKAGFAWTANQQLS,VAMVPPFET,Tier1,2.923161322305293
VKAGFAWTANQQLS,FVNQPYLLYSVHMK,Tier1,1.2006734302701387
VKAGFAWTANQQLS,LVMFLDNQHRVIRH,Tier1,2.6679710340209457
VKAGFAWTANQQLS,VLSRYPS,Tier1,2.4836100835184203
VKAGFAWTANQQLS,YLKT,Tier1,2.654709925933483
VKAGFAWTANQQLS,TVYQ,Tier1,2.908959960908392
VKAGFAWTANQQLS,YGLN,Tier1,2.7368269054834666
VKAGFAWTANQQLS,YQKFP,Tier1,2.9775786661790193
VKAGFAWTANQQLS,YIPIQY,Tier1,2.463839494749611
VKAGFAWTANQQLS,LGNTDYAVH,Tier1,2.769479878828172
VKAGFAWTANQQLS,RASDPLLSV,Tier1,2.3885475320086464
VKAGFAWTANQQLS,LAPSLPGKPKPD,Tier1,2.171292123293304
VKAGFAWTANQQLS,AGTTCLFTPLALPYDYSH,Tier1,2.6064240997880095
VKAGFAWTANQQLS,TSQLLSDQ,Tier1,3.0458746076049503
VKAGFAWTANQQLS,NFHPQ,Tier1,2.923441545437924
VKAGFAWTANQQLS,PYSFK,Tier1,2.9475502300261787
VKAGFAWTANQQLS,GFGPEL,Tier1,3.03351634013867
VKAGFAWTANQQLS,STMMEERRMKVY,Tier1,2.757585368362118
VKAGFAWTANQQLS,YLGAK,Tier1,2.5317095617407945
VKAGFAWTANQQLS,GGLEPINFN,Tier1,2.8875109955788587
VKAGFAWTANQQLS,GVQEGAGHYALL,Tier1,2.623518281003464
VKAGFAWTANQQLS,SGQYFL,Tier1,2.7048040606553827
VKAGFAWTANQQLS,GIISHR,Tier1,2.643309805269663
VKAGFAWTANQQLS,PSLVGRPPVGKLTL,Tier1,1.9798784708110087
VKAGFAWTANQQLS,LSGNK,Tier1,2.713470948817488
VKAGFAWTANQQLS,GLTSK,Tier1,2.6404433770048716
VKAGFAWTANQQLS,VAWRNRCKGTD,Tier1,2.3355853392555024
VKAGFAWTANQQLS,AWIRGCRL,Tier1,2.560488744817624
VKAGFAWTANQQLS,SDRDLLGPNNQYLPK,Tier1,2.3536789660805644
VKAGFAWTANQQLS,CSQAPLA,Tier1,2.756526768427328
VKAGFAWTANQQLS,RCMAFLLSDGAAAAQQLLPQYW,Tier1,2.471392599030442
VKAGFAWTANQQLS,IYIEQGNGITGM,Tier1,2.1486166603198815
VKAGFAWTANQQLS,VKRRGQDCIHGFCSD,Tier1,2.3233962092882803
VKAGFAWTANQQLS,GQFNDKRWIPFG,Tier1,2.266502202820395
VKAGFAWTANQQLS,APIRMWYMYRKLTDMEPKPVA,Tier1,2.846245225647256
VKAGFAWTANQQLS,GQVPP,Tier1,2.9472671521813836
VKAGFAWTANQQLS,DGVVYY,Tier1,3.1000122880749
VKAGFAWTANQQLS,RYLGY,Tier1,2.642580708538417
VKAGFAWTANQQLS,RYLG,Tier1,2.835327083002568
VKAGFAWTANQQLS,VAGTWY,Tier1,3.0749010480952728
VKAGFAWTANQQLS,YQEPVLGPVRGPFPIIV,Tier1,2.090667155703552
LVGDEQAVPAVCVP,ESTVPERTHPACPDFN,Tier1,3.0266834801595888
LVGDEQAVPAVCVP,PMDYMVT,Tier1,2.434092546172101
LVGDEQAVPAVCVP,DPALATEPDPMPF,Tier1,2.6342470165815155
LVGDEQAVPAVCVP,FLNDFLHV,Tier1,2.8193432309910578
LVGDEQAVPAVCVP,AMTGLDA,Tier1,2.586826419884291
LVGDEQAVPAVCVP,ISELGW,Tier1,2.288354831512712
LVGDEQAVPAVCVP,VAVDKHDYEPLGHSDIGVY,Tier1,2.7605719310619112
LVGDEQAVPAVCVP,IIENGEKWS,Tier1,2.9054330064980105
LVGDEQAVPAVCVP,LVDTGRGPIMY,Tier1,2.5982806277890003
LVGDEQAVPAVCVP,HVRETALV,Tier1,2.6869237614140165
LVGDEQAVPAVCVP,ESTTVPERTHPACPDFN,Tier1,3.090140421888806
LVGDEQAVPAVCVP,FLQEFLHV,Tier1,2.667163043235195
LVGDEQAVPAVCVP,YQEPVLGP,Tier1,2.3313040818486463
LVGDEQAVPAVCVP,QVVPYPQ,Tier1,3.092362052993156
LVGDEQAVPAVCVP,HQIYPV,Tier1,3.105393178223161
LVGDEQAVPAVCVP,FPLEMMPF,Tier1,2.975108437958108
LVGDEQAVPAVCVP,LNLPTAVYMVT,Tier1,2.5463346601460586
LVGDEQAVPAVCVP,DRVYIHPF,Tier1,3.0661875044034503
LVGDEQAVPAVCVP,AIRQGDVF,Tier1,3.0124489950294566
LVGDEQAVPAVCVP,AADNANELFPPN,Tier1,2.7642768593730747
LVGDEQAVPAVCVP,IANNEADAISLDGGQVFEAG,Tier1,2.989175496028469
LVGDEQAVPAVCVP,AGWNIPIGT,Tier1,2.990068249739396
LVGDEQAVPAVCVP,AIEWEGIESGSVEQA,Tier1,3.073931445237872
LVGDEQAVPAVCVP,WISELG,Tier1,2.159114246480409
LVGDEQAVPAVCVP,WISELGW,Tier1,2.2846232003550075
LVGDEQAVPAVCVP,ISELWG,Tier1,2.1549069636698617
LVGDEQAVPAVCVP,ISELGF,Tier1,2.3245860893348547
LVGDEQAVPAVCVP,ISELGY,Tier1,2.324103274838068
LVGDEQAVPAVCVP,GPLGLLGFLGPLGLS,Tier1,2.947511428675744
LVGDEQAVPAVCVP,VLYEE,Tier1,3.061622556406854
LVGDEQAVPAVCVP,VAMVPPFET,Tier1,1.8475448158204826
LVGDEQAVPAVCVP,TIASGEP,Tier1,2.9417746692828026
LVGDEQAVPAVCVP,LGNTDYAVH,Tier1,2.703594355480812
LVGDEQAVPAVCVP,RASDPLLSV,Tier1,2.4837838435251487
LVGDEQAVPAVCVP,AGTTCLFTPLALPYDYSH,Tier1,2.6487550293059594
LVGDEQAVPAVCVP,MPDAHL,Tier1,2.4622889363807365
LVGDEQAVPAVCVP,TSQLLSDQ,Tier1,2.4446381196423097
LVGDEQAVPAVCVP,GFGPEL,Tier1,2.610289717484743
LVGDEQAVPAVCVP,VVGGDGDV,Tier1,2.4041320938313375
LVGDEQAVPAVCVP,LTTLDSE,Tier1,2.3425904305857776
LVGDEQAVPAVCVP,GGLEPINFN,Tier1,3.0059814834888408
LVGDEQAVPAVCVP,GVQEGAGHYALL,Tier1,2.0931216456646573
LVGDEQAVPAVCVP,CSQAPLA,Tier1,2.990004824684298
LVGDEQAVPAVCVP,IYIEQGNGITGM,Tier1,1.6228292774833657
LVGDEQAVPAVCVP,ETTL,Tier1,2.9399679987482616
LVGDEQAVPAVCVP,DGVVYY,Tier1,2.5494179134872446
LVGDEQAVPAVCVP,AYFYPEL,Tier1,3.0409379801187204
LVGDEQAVPAVCVP,YQEPVLGPVRGPFPIIV,Tier1,2.2877945544408815
ESTVPERTHPACPDFN,PSKYEPFV,Tier1,3.086267026582592
ESTVPERTHPACPDFN,LPTSEAAKY,Tier1,3.025144199866934
ESTVPERTHPACPDFN,PMDYMVT,Tier1,3.1018169663310844
ESTVPERTHPACPDFN,DPALATEPDPMPF,Tier1,1.946289507699317
ESTVPERTHPACPDFN,HGGEGGRPYHLGEES,Tier1,1.5372035770734616
ESTVPERTHPACPDFN,VAVDKHDYEPLGHSDIGVY,Tier1,2.342190815007652
ESTVPERTHPACPDFN,EEYFPVGGDRPESF,Tier1,1.7499865084242021
ESTVPERTHPACPDFN,IIENGEKWS,Tier1,2.7320074662156584
ESTVPERTHPACPDFN,EEEQVGQGYETIRARL,Tier1,1.8482003976907475
ESTVPERTHPACPDFN,YEADARSFHDLAEHDIRV,Tier1,2.505109502201771
ESTVPERTHPACPDFN,HDHPVC,Tier1,3.111823462728364
ESTVPERTHPACPDFN,ESTTVPERTHPACPDFN,Tier1,0.3060473629133366
ESTVPERTHPACPDFN,VECYGPNRPQF,Tier1,2.437341266820972
ESTVPERTHPACPDFN,EWPAQ,Tier1,3.090881679468177
ESTVPERTHPACPDFN,YQEPVLGP,Tier1,2.5432772469831604
ESTVPERTHPACPDFN,YEDCTDCGN,Tier1,2.6988792023108643
ESTVPERTHPACPDFN,AADNANELFPPN,Tier1,1.9275930547163762
ESTVPERTHPACPDFN,IANNEADAISLDGGQVFEAG,Tier1,2.8825597106238545
ESTVPERTHPACPDFN,PIAAEVYEHTEGSTTSY,Tier1,2.1336779528555248
ESTVPERTHPACPDFN,AIEWEGIESGSVEQA,Tier1,2.652427641131373
ESTVPERTHPACPDFN,YSEMPPGK,Tier1,2.7042058919206307
ESTVPERTHPACPDFN,LGNTDYAVH,Tier1,2.894026804719653
ESTVPERTHPACPDFN,AGTTCLFTPLALPYDYSH,Tier1,2.74869964866717
ESTVPERTHPACPDFN,MPDAHL,Tier1,3.0788795582365682
ESTVPERTHPACPDFN,TETWNPNHPEL,Tier1,2.106076661769042
ESTVPERTHPACPDFN,TSQLLSDQ,Tier1,2.7247824389586044
ESTVPERTHPACPDFN,TRTGDPFF,Tier1,3.077054639966549
ESTVPERTHPACPDFN,LTTLDSE,Tier1,2.9369411459742594
ESTVPERTHPACPDFN,STMMEERRMKVY,Tier1,3.0988521088813576
ESTVPERTHPACPDFN,DEDTQAMP,Tier1,3.057216749423567
ESTVPERTHPACPDFN,GVQEGAGHYALL,Tier1,2.640260157542975
ESTVPERTHPACPDFN,SDRDLLGPNNQYLPK,Tier1,2.3985689470009652
ESTVPERTHPACPDFN,IYIEQGNGITGM,Tier1,2.6661718572455197
ESTVPERTHPACPDFN,VKRRGQDCIHGFCSD,Tier1,2.9593453212488243
ESTVPERTHPACPDFN,YQEPVLGPVRGPFPIIV,Tier1,3.1220168556606454
PSKYEPFV,CYGPNR,Tier1,2.6283937721428177
PSKYEPFV,PNRPQF,Tier1,2.5599645227570114
PSKYEPFV,AEAQKQLR,Tier1,3.116395961446775
PSKYEPFV,LPTSEAAKY,Tier1,1.3283892450989765
PSKYEPFV,PMDYMVT,Tier1,2.8003316295076277
PSKYEPFV,LHN,Tier1,3.090037221479666
PSKYEPFV,YYQ,Tier1,3.1210108076953
PSKYEPFV,RPPGFSPFR,Tier1,3.011324134090579
PSKYEPFV,VHDY,Tier1,2.3101482656879297
PSKYEPFV,WEGPK,Tier1,2.4659586861505742
PSKYEPFV,VKEAMPK,Tier1,2.435788622822587
PSKYEPFV,AVPYPQR,Tier1,2.310558790788136
PSKYEPFV,HGGEGGRPYHLGEES,Tier1,2.8027948979814923
PSKYEPFV,FFAPGRNPTSFS,Tier1,2.377571936979449
PSKYEPFV,IAPNYNTRATKL,Tier1,2.6318123717184365
PSKYEPFV,IIENGEKWS,Tier1,2.8883468559691967
PSKYEPFV,LVDTGRGPIMY,Tier1,2.5174230139524774
PSKYEPFV,NHAV,Tier1,2.7443784589137143
PSKYEPFV,NYKQM,Tier1,3.0651779382253626
PSKYEPFV,HDHPVC,Tier1,2.164553257736989
PSKYEPFV,QWPAQ,Tier1,2.508016141989455
PSKYEPFV,YPPAK,Tier1,2.7756497358847594
PSKYEPFV,TGGGNV,Tier1,2.9418427237743074
PSKYEPFV,VECYGPNRPQF,Tier1,2.0957242343511275
PSKYEPFV,KTFCGRH,Tier1,2.6735932274246053
PSKYEPFV,EWPAQ,Tier1,2.7119282425054982
PSKYEPFV,FLHRP,Tier1,2.291576331696697
PSKYEPFV,QHGV,Tier1,2.8176483392145517
PSKYEPFV,VKEAMAPK,Tier1,2.25900830086601
PSKYEPFV,ARHPHPHLSFM,Tier1,2.8920781476599187
PSKYEPFV,YQEP,Tier1,2.995027645385115
PSKYEPFV,YQEPVLGP,Tier1,1.9984914191683987
PSKYEPFV,FRADHPFL,Tier1,1.6885127282215144
PSKYEPFV,RADHPFL,Tier1,1.4928090326232042
PSKYEPFV,RADHPF,Tier1,1.7111950479558247
PSKYEPFV,QVVPYPQ,Tier1,2.3453204959946587
PSKYEPFV,HQIYPV,Tier1,2.6907575129533026
PSKYEPFV,PYPQ,Tier1,2.6667239905139652
PSKYEPFV,WSVPQPK,Tier1,1.9615820685806027
PSKYEPFV,AIRQGDVF,Tier1,2.6176531325651795
PSKYEPFV,VLEANPRSF,Tier1,1.6198600521751807
PSKYEPFV,FALPQYLK,Tier1,2.9017369412374854
PSKYEPFV,PYVRYL,Tier1,3.1054345738929143
PSKYEPFV,HNPI,Tier1,2.293755494496448
PSKYEPFV,QYDQGV,Tier1,2.182516930411667
PSKYEPFV,AADNANELFPPN,Tier1,2.703767258972463
PSKYEPFV,CVHWMTNTARTACIAP,Tier1,2.9706367674334277
PSKYEPFV,LGFEYY,Tier1,2.85719070453425
PSKYEPFV,VPYPQ,Tier1,2.1336816834904413
PSKYEPFV,VPNSYP,Tier1,1.7743018647641973
PSKYEPFV,NPYVPR,Tier1,2.1160441421996428
PSKYEPFV,YLMSR,Tier1,2.793955178277415
PSKYEPFV,TERGY,Tier1,2.489516430068858
PSKYEPFV,TEFTK,Tier1,2.040750163068999
PSKYEPFV,WHNVSGSP,Tier1,2.503460506153229
PSKYEPFV,YWVTSGPK,Tier1,2.8367857174402906
PSKYEPFV,LYEGY,Tier1,2.539373411937381
PSKYEPFV,YSEMPPGK,Tier1,1.8776778246531358
PSKYEPFV,YAKPA,Tier1,2.355604716327291
PSKYEPFV,RYPS,Tier1,2.7460975463793904
PSKYEPFV,SRYPS,Tier1,2.4975973638770443
PSKYEPFV,YAKP,Tier1,2.436724459357911
PSKYEPFV,VLSRYPS,Tier1,2.039634544043585
PSKYEPFV,TIASGEP,Tier1,2.7585127830405476
PSKYEPFV,YPELF,Tier1,2.6949464287269227
PSKYEPFV,YLKT,Tier1,3.072632282433032
PSKYEPFV,TVYQ,Tier1,3.0712471887123813
PSKYEPFV,YQKFP,Tier1,2.6492816819204665
PSKYEPFV,LGNTDYAVH,Tier1,1.9765978525048786
PSKYEPFV,RASDPLLSV,Tier1,2.6278962437670517
PSKYEPFV,LAPSLPGKPKPD,Tier1,1.929085010476799
PSKYEPFV,MPDAHL,Tier1,2.3763552337784426
PSKYEPFV,ALEPDHR,Tier1,2.731776201137214
PSKYEPFV,TETWNPNHPEL,Tier1,2.8752177789850806
PSKYEPFV,SAEHGSLH,Tier1,2.9337163157187067
PSKYEPFV,RPNYTDA,Tier1,2.361488514118236
PSKYEPFV,TSQLLSDQ,Tier1,2.687287956400434
PSKYEPFV,TRTGDPFF,Tier1,1.1535378246634187
PSKYEPFV,NFHPQ,Tier1,2.7426803611569532
PSKYEPFV,GFGPEL,Tier1,2.7082275464364156
PSKYEPFV,VGGRP,Tier1,2.12571491107865
PSKYEPFV,AEERYP,Tier1,2.9684951993011306
PSKYEPFV,YLGAK,Tier1,3.0304292494815566
PSKYEPFV,GVQEGAGHYALL,Tier1,2.7885730303285943
PSKYEPFV,TYQTF,Tier1,1.921175480946031
PSKYEPFV,SGQYFL,Tier1,2.252428859440965
PSKYEPFV,YYDPL,Tier1,1.8961879811430242
PSKYEPFV,KFPE,Tier1,3.0343808595843247
PSKYEPFV,LANAK,Tier1,2.8937128809789625
PSKYEPFV,SNAAC,Tier1,2.2807653026605204
PSKYEPFV,QYP,Tier1,2.723834892931276
PSKYEPFV,LSGNK,Tier1,2.6499725567901544
PSKYEPFV,GLTSK,Tier1,3.005321056116774
PSKYEPFV,SDRDLLGPNNQYLPK,Tier1,2.9049649416628336
PSKYEPFV,CAQ,Tier1,2.956869453308181
PSKYEPFV,CSQAPLA,Tier1,2.727670496858259
PSKYEPFV,WYGPD,Tier1,2.87708735139894
PSKYEPFV,KGLWE,Tier1,2.7013802604515758
PSKYEPFV,IYIEQGNGITGM,Tier1,2.7677190268388494
PSKYEPFV,ADGF,Tier1,2.6477366528559823
PSKYEPFV,ETTL,Tier1,2.8842973382681647
PSKYEPFV,VKRRGQDCIHGFCSD,Tier1,2.8623499512216317
PSKYEPFV,GQFNDKRWIPFG,Tier1,2.987139236469246
PSKYEPFV,GQVPP,Tier1,2.637337788500487
PSKYEPFV,DGVVYY,Tier1,2.7968129379179905
PSKYEPFV,RYLGY,Tier1,3.0292600071371294
PSKYEPFV,AYFYPEL,Tier1,2.6313835947592663
PSKYEPFV,AYFYPE,Tier1,2.693597246753508
PSKYEPFV,YQKFPQY,Tier1,2.213824657985675
PSKYEPFV,FPQY,Tier1,2.0850436619866413
LKQELEDLLEKQE,LEQQVDDLEGSLEQEKK,Tier1,1.6885637203887738
LKQELEDLLEKQE,RNDDLNYIQ,Tier1,2.8567183556286473
LKQELEDLLEKQE,TEVWDSNEQ,Tier1,2.907162132139172
VECYG,PMDYMVT,Tier1,2.1498252422859037
VECYG,LWD,Tier1,2.8791540560036983
VECYG,LWE,Tier1,2.8764100172401106
VECYG,PWD,Tier1,3.007424119111093
VECYG,PWE,Tier1,3.0046568698988643
VECYG,FLNDFLHV,Tier1,2.916197193140727
VECYG,AMTGLDA,Tier1,2.8110736016880065
VECYG,YVEEL,Tier1,2.524012577440715
VECYG,ISELGW,Tier1,2.4467512393258137
VECYG,YLAGMN,Tier1,2.935986665157395
VECYG,IIENGEKWS,Tier1,2.766772438959301
VECYG,EFLQ,Tier1,2.6329666850929465
VECYG,FEQI,Tier1,2.6444440997681116
VECYG,LEEAF,Tier1,2.706073175339914
VECYG,IEEAF,Tier1,3.063359933112089
VECYG,FEQL,Tier1,2.6567176946093043
VECYG,EFIQ,Tier1,2.8971556266618013
VECYG,LNGDVW,Tier1,2.972217285858713
VECYG,SWN,Tier1,2.884024936242931
VECYG,VECYGPNRPQF,Tier1,2.9656838739116385
VECYG,FLQEFLHV,Tier1,2.586389301370514
VECYG,EWPAQ,Tier1,2.770631718239258
VECYG,LMGQW,Tier1,2.9327287611441557
VECYG,MQFHT,Tier1,3.049782769743612
VECYG,YQEPVLGP,Tier1,2.9183634136683154
VECYG,QVVPYPQ,Tier1,2.70332701675589
VECYG,HQIYPV,Tier1,2.8565074146516864
VECYG,LQGM,Tier1,2.7456763711529573
VECYG,FPLEMMPF,Tier1,2.3562055348706235
VECYG,DRVYIHPF,Tier1,2.9994755412607357
VECYG,AIRQGDVF,Tier1,2.5813374418303314
VECYG,AGWNIPIGT,Tier1,2.6720815504185804
VECYG,AGWNIP,Tier1,2.1817511824335485
VECYG,AGWNI,Tier1,2.2419175178199016
VECYG,WNIP,Tier1,2.528551043976473
VECYG,LGFEY,Tier1,2.346636710536921
VECYG,LGFEYY,Tier1,2.432442174374668
VECYG,GWNIP,Tier1,2.3496713002508836
VECYG,GWNI,Tier1,2.8484114901929347
VECYG,WISELG,Tier1,2.2442932460797365
VECYG,WISELGW,Tier1,2.4790705979421035
VECYG,ISELWG,Tier1,2.160060159708305
VECYG,ISELGF,Tier1,2.5763717457501647
VECYG,ISELGY,Tier1,2.3148670412842907
VECYG,VAMVPPFET,Tier1,2.41036953763733
VECYG,YQLD,Tier1,3.077465028498941
VECYG,GYLEQ,Tier1,2.2182479420340218
VECYG,RDMPIQ,Tier1,2.688841682728475
VECYG,YPELF,Tier1,2.0195964965708058
VECYG,YGLN,Tier1,2.817848211254815
VECYG,FYQL,Tier1,2.911345888061963
VECYG,TSQLLSDQ,Tier1,2.9137069371094353
VECYG,GFGPEL,Tier1,1.914332007484084
VECYG,VVGGDGDV,Tier1,3.078403924234941
VECYG,LTTLDSE,Tier1,2.7660744432694595
VECYG,GGLEPINFN,Tier1,1.8198113740241768
VECYG,GIFE,Tier1,2.1755992894636664
VECYG,GVQEGAGHYALL,Tier1,2.876310753187672
VECYG,CME,Tier1,2.9279949222055865
VECYG,ACQ,Tier1,2.5732173311687374
VECYG,GEC,Tier1,3.0745586064205024
VECYG,ECA,Tier1,2.321838361195949
VECYG,KLSDW,Tier1,2.798372752135736
VECYG,KGLWE,Tier1,2.665108822928045
VECYG,KDVPP,Tier1,2.6625082097474726
VECYG,GQVPP,Tier1,2.8715053594273754
VECYG,DGVVYY,Tier1,2.8841757369763577
VECYG,IVEYF,Tier1,3.0297279752568396
VECYG,DVPPYM,Tier1,2.0453573836514107
VECYG,AYFYPEL,Tier1,2.3393880859194653
CYGPNR,PNRPQF,Tier1,2.537186861684772
CYGPNR,PLFQNKLAHAK,Tier1,2.699097136242515
CYGPNR,LPTSEAAKY,Tier1,2.6284094980272665
CYGPNR,PHF,Tier1,2.8243104648000594
CYGPNR,PHM,Tier1,2.7727010407977537
CYGPNR,PHN,Tier1,2.931156785717838
CYGPNR,PHQ,Tier1,2.4587103094822402
CYGPNR,PHW,Tier1,2.7316625148498574
CYGPNR,RYY,Tier1,3.086301485474087
CYGPNR,YYR,Tier1,3.04626777306706
CYGPNR,RPPGFSPFR,Tier1,2.7837410165651493
CYGPNR,LPHSGY,Tier1,2.7353458055444078
CYGPNR,WEGPK,Tier1,2.636518223815873
CYGPNR,VKEAMPK,Tier1,2.685276476024266
CYGPNR,AVPYPQR,Tier1,1.9457455106885198
CYGPNR,FFAPGRNPTSFS,Tier1,2.0605343549445183
CYGPNR,IAPNYNTRATKL,Tier1,2.884596580085443
CYGPNR,LVDTGRGPIMY,Tier1,2.9225346914017547
CYGPNR,NHAV,Tier1,2.4539641611074385
CYGPNR,VSYT,Tier1,3.1247649438966816
CYGPNR,NYKQM,Tier1,2.7704579886960183
CYGPNR,HDHPVC,Tier1,2.943842414344766
CYGPNR,QWPAQ,Tier1,1.9908756888229968
CYGPNR,YPPAK,Tier1,2.701448431725044
CYGPNR,TGGGNV,Tier1,2.6356355542601237
CYGPNR,VECYGPNRPQF,Tier1,2.7803354995304903
CYGPNR,KTFCGRH,Tier1,2.404408644317784
CYGPNR,EWPAQ,Tier1,2.7760815098783196
CYGPNR,FLHRP,Tier1,2.7217271904701894
CYGPNR,QHGV,Tier1,2.0577690256190726
CYGPNR,MQFHT,Tier1,3.057853624610385
CYGPNR,VKEAMAPK,Tier1,2.293136469973548
CYGPNR,ARHPHPHLSFM,Tier1,2.4258976677510837
CYGPNR,FGHPY,Tier1,2.6091999600702795
CYGPNR,FRADHPFL,Tier1,2.641698096484286
CYGPNR,RADHPFL,Tier1,2.4556414431934033
CYGPNR,RADHPF,Tier1,2.388776382001234
CYGPNR,QVVPYPQ,Tier1,2.5837293951861753
CYGPNR,HQIYPV,Tier1,2.999754808256743
CYGPNR,PYPQ,Tier1,2.593301352578271
CYGPNR,WSVPQPK,Tier1,2.5506673967667592
CYGPNR,QGAR,Tier1,2.5412935178433926
CYGPNR,YGGFM,Tier1,3.111015261761893
CYGPNR,DRVYIHPF,Tier1,3.0859499474927174
CYGPNR,FALPQYLK,Tier1,3.1064434353231842
CYGPNR,PYVRYL,Tier1,2.773734304735946
CYGPNR,HNPI,Tier1,3.078779478733152
CYGPNR,AMRLTYNRPCIYAT,Tier1,2.992588394732026
CYGPNR,AMRLTGNRPGLYAT,Tier1,2.7123020790460273
CYGPNR,AMRLTYNRPCLGAT,Tier1,2.8514658518356186
CYGPNR,AMRLTYNKPCLYGT,Tier1,2.798274383708707
CYGPNR,VPYPQ,Tier1,2.720719095061648
CYGPNR,VPNSYP,Tier1,2.3206389320648686
CYGPNR,NPYVPR,Tier1,1.4233522901575528
CYGPNR,PYFNK,Tier1,2.1207887466980404
CYGPNR,TERGY,Tier1,2.642606712796304
CYGPNR,TEFTK,Tier1,2.7767361509342043
CYGPNR,WHNVSGSP,Tier1,2.901391165694864
CYGPNR,YWVTSGPK,Tier1,1.6771700841332515
CYGPNR,YSEMPPGK,Tier1,2.5369083621819777
CYGPNR,YAKPA,Tier1,2.7421022805731003
CYGPNR,GTQY,Tier1,2.8385468298806775
CYGPNR,ARHPHP,Tier1,2.8040016488155595
CYGPNR,RHPHP,Tier1,3.05467027349486
CYGPNR,RYPS,Tier1,2.198870064960223
CYGPNR,SRYPS,Tier1,2.765721336199224
CYGPNR,YAKP,Tier1,2.695541956920008
CYGPNR,VLSRYPS,Tier1,2.6314056700396744
CYGPNR,YLKT,Tier1,2.5584507202296765
CYGPNR,TVYQ,Tier1,2.8145230437939213
CYGPNR,YGLN,Tier1,2.9023956508797433
CYGPNR,YQKFP,Tier1,1.8888171476352307
CYGPNR,LGNTDYAVH,Tier1,3.0165876485799656
CYGPNR,LAPSLPGKPKPD,Tier1,2.361830802306927
CYGPNR,SAEHGSLH,Tier1,2.937415767258712
CYGPNR,TRTGDPFF,Tier1,2.4124764862532366
CYGPNR,NFHPQ,Tier1,1.5634477974440308
CYGPNR,LSGYGP,Tier1,2.939724405625063
CYGPNR,PYSFK,Tier1,1.9790733918868164
CYGPNR,VGGRP,Tier1,2.310785162627647
CYGPNR,YLGAK,Tier1,2.403188004384545
CYGPNR,WPP,Tier1,3.10159515239234
CYGPNR,TYQTF,Tier1,2.4437406955200536
CYGPNR,SGQYFL,Tier1,2.6287580922543783
CYGPNR,GIISHR,Tier1,2.9542866615067567
CYGPNR,QYP,Tier1,2.4087276636844015
CYGPNR,LSGNK,Tier1,1.8563240487596293
CYGPNR,GLTSK,Tier1,2.2162460394862413
CYGPNR,VAWRNRCKGTD,Tier1,2.5972296995073054
CYGPNR,WRNRCKGTD,Tier1,3.015848440662947
CYGPNR,GTW,Tier1,3.103170056633845
CYGPNR,CAQ,Tier1,2.8884083840175796
CYGPNR,WYGPD,Tier1,2.8104481703656354
CYGPNR,KGLWE,Tier1,3.0899487051173145
CYGPNR,GQFNDKRWIPFG,Tier1,3.0712959256226173
CYGPNR,KDVPP,Tier1,3.072897972362586
CYGPNR,GQVPP,Tier1,2.6731624470456157
CYGPNR,RYLGY,Tier1,2.2251394816914627
CYGPNR,RYLG,Tier1,2.619330756308772
CYGPNR,YQKFPQY,Tier1,2.2546818213713284
CYGPNR,YQK,Tier1,2.893705036021148
PNRPQF,AEAQKQLR,Tier1,2.1321952939489712
PNRPQF,LPTSEAAKY,Tier1,3.069014438231373
PNRPQF,KHNRGDEF,Tier1,2.640687245103666
PNRPQF,PHN,Tier1,2.642091456743908
PNRPQF,PHQ,Tier1,2.756879042026519
PNRPQF,WEGPK,Tier1,2.2316581888181863
PNRPQF,NHRYDR,Tier1,2.9191881889028424
PNRPQF,VKEAMPK,Tier1,2.6419667995692486
PNRPQF,AVPYPQR,Tier1,2.973794098558633
PNRPQF,IAPNYNTRATKL,Tier1,2.686732134811669
PNRPQF,NYKQM,Tier1,0.9238288679731924
PNRPQF,QWPAQ,Tier1,2.278678737216261
PNRPQF,VECYGPNRPQF,Tier1,2.5322292179148143
PNRPQF,KTFCGRH,Tier1,2.5736519698046685
PNRPQF,FLHRP,Tier1,3.057388209097462
PNRPQF,VKEAMAPK,Tier1,2.741637652886804
PNRPQF,FRADHPFL,Tier1,3.0148209884559716
PNRPQF,RADHPFL,Tier1,2.8737990732113117
PNRPQF,RADHPF,Tier1,2.5246603639963454
PNRPQF,PYPQ,Tier1,2.9478379341919623
PNRPQF,WSVPQPK,Tier1,2.6456548413634695
PNRPQF,QGAR,Tier1,2.2390461792584633
PNRPQF,VLEANPRSF,Tier1,2.8246243930940613
PNRPQF,HNPI,Tier1,3.0836068262194223
PNRPQF,QYDQGV,Tier1,2.887776126206303
PNRPQF,VPNSYP,Tier1,3.094003051200874
PNRPQF,NPYVPR,Tier1,2.423771075002196
PNRPQF,PYFNK,Tier1,2.8507917154589735
PNRPQF,TERGY,Tier1,2.820673510929353
PNRPQF,TEFTK,Tier1,2.4769420858874396
PNRPQF,YSEMPPGK,Tier1,2.7609252986068706
PNRPQF,FHNMEK,Tier1,2.8699812769917856
PNRPQF,YAKPA,Tier1,2.986549983298348
PNRPQF,RYPS,Tier1,2.6950238102087476
PNRPQF,SRYPS,Tier1,2.7873604032718635
PNRPQF,YAKP,Tier1,2.6131264210526286
PNRPQF,RYQ,Tier1,2.962895751526688
PNRPQF,YQKFP,Tier1,2.1166171278006187
PNRPQF,LAPSLPGKPKPD,Tier1,2.998234251162751
PNRPQF,RPNYTDA,Tier1,2.4648822915476742
PNRPQF,TRTGDPFF,Tier1,2.7622152459822993
PNRPQF,NFHPQ,Tier1,2.2179950847483725
PNRPQF,VGGRP,Tier1,2.847283588459308
PNRPQF,KFPE,Tier1,3.0189238711200295
PNRPQF,QYP,Tier1,2.6802103989678097
PNRPQF,LSGNK,Tier1,2.663487159800798
PNRPQF,VAWRNRCKGTD,Tier1,2.7945651430082257
PNRPQF,WRNRCKGTD,Tier1,2.523006839145158
PNRPQF,YQKFPQY,Tier1,1.5760599887932394
PNRPQF,YQK,Tier1,2.292192424974977
PNRPQF,FPQY,Tier1,3.065464179532011
PLFQNKLAHAK,AEAQKQLR,Tier1,2.944114834034858
PLFQNKLAHAK,RPPGFSPFR,Tier1,2.8290969791312564
PLFQNKLAHAK,NRVYIHPFHLLVYS,Tier1,2.6091588948999016
PLFQNKLAHAK,VKEAMPK,Tier1,2.4674003244478815
PLFQNKLAHAK,AVPYPQR,Tier1,2.5423699290183435
PLFQNKLAHAK,KVLPVPQK,Tier1,2.0568485632125575
PLFQNKLAHAK,FFAPGRNPTSFS,Tier1,2.656377218314958
PLFQNKLAHAK,WEIKPSSLTGKSPYFSNNHGKL,Tier1,2.9198678670771026
PLFQNKLAHAK,IAPNYNTRATKL,Tier1,2.4153740837152906
PLFQNKLAHAK,LVDTGRGPIMY,Tier1,2.7665803386225143
PLFQNKLAHAK,LRGIKNYRVAVL,Tier1,1.883701674833334
PLFQNKLAHAK,AAVGGYRVAVL,Tier1,2.8836851200678204
PLFQNKLAHAK,NHAV,Tier1,3.0731302152152047
PLFQNKLAHAK,HVRETALV,Tier1,2.628629134794633
PLFQNKLAHAK,VECYGPNRPQF,Tier1,2.9143267738441123
PLFQNKLAHAK,KTFCGRH,Tier1,2.803693908880567
PLFQNKLAHAK,FLHRP,Tier1,2.817970274873639
PLFQNKLAHAK,PHCKRM,Tier1,2.6042045398111964
PLFQNKLAHAK,VKEAMAPK,Tier1,2.0706933993646306
PLFQNKLAHAK,ARHPHPHLSFM,Tier1,2.3436983760754413
PLFQNKLAHAK,FIKK,Tier1,3.0116711025776444
PLFQNKLAHAK,FRADHPFL,Tier1,2.8337677441839166
PLFQNKLAHAK,RADHPFL,Tier1,3.055026725870211
PLFQNKLAHAK,QVVPYPQ,Tier1,2.7881917606695037
PLFQNKLAHAK,HQIYPV,Tier1,2.8323615301710086
PLFQNKLAHAK,DRVYIHPF,Tier1,2.821041401449778
PLFQNKLAHAK,AIRQGDVF,Tier1,2.7220790139630084
PLFQNKLAHAK,FALPQYLK,Tier1,2.479021863723406
PLFQNKLAHAK,PYVRYL,Tier1,2.3601472114889956
PLFQNKLAHAK,AMRLTYNRPCIYAT,Tier1,1.582139956352626
PLFQNKLAHAK,AMRLTGNRPGLYAT,Tier1,1.5331308554889314
PLFQNKLAHAK,AMRLTYNRPCLGAT,Tier1,1.4424471868361575
PLFQNKLAHAK,CVHWMTNTARTACIAP,Tier1,2.6293900976448965
PLFQNKLAHAK,AMRLTYNKPCLYGT,Tier1,1.527062282254988
PLFQNKLAHAK,NPYVPR,Tier1,2.648147637360412
PLFQNKLAHAK,FLKPLFNAALKLLP,Tier1,2.339892542478987
PLFQNKLAHAK,PYFNK,Tier1,2.842430193230736
PLFQNKLAHAK,YWVTSGPK,Tier1,2.7049834133259885
PLFQNKLAHAK,FVNQPYLLYSVHMK,Tier1,2.137128619683728
PLFQNKLAHAK,LVMFLDNQHRVIRH,Tier1,2.3589840885256894
PLFQNKLAHAK,VLSRYPS,Tier1,2.669862130068593
PLFQNKLAHAK,YLKT,Tier1,2.5529001291415225
PLFQNKLAHAK,YQKFP,Tier1,2.892654757932577
PLFQNKLAHAK,RASDPLLSV,Tier1,3.117455589425254
PLFQNKLAHAK,LAPSLPGKPKPD,Tier1,2.5328981535425683
PLFQNKLAHAK,NFHPQ,Tier1,3.0705781225021225
PLFQNKLAHAK,PYSFK,Tier1,3.021962358251571
PLFQNKLAHAK,STMMEERRMKVY,Tier1,2.674158472218247
PLFQNKLAHAK,YLGAK,Tier1,2.855442336471531
PLFQNKLAHAK,GIISHR,Tier1,2.518790572246609
PLFQNKLAHAK,PSLVGRPPVGKLTL,Tier1,2.1575374051767233
PLFQNKLAHAK,LSGNK,Tier1,2.3820987565489893
PLFQNKLAHAK,GLTSK,Tier1,2.8423869316554278
PLFQNKLAHAK,VAWRNRCKGTD,Tier1,1.5309998812685595
PLFQNKLAHAK,IRGCRL,Tier1,2.7688863232780516
PLFQNKLAHAK,WIRGCRL,Tier1,2.4284092873672494
PLFQNKLAHAK,AWIRGCRL,Tier1,1.9651329607247254
PLFQNKLAHAK,WRNRCKGTD,Tier1,2.725845287271555
PLFQNKLAHAK,SDRDLLGPNNQYLPK,Tier1,3.041913373389491
PLFQNKLAHAK,VKRRGQDCIHGFCSD,Tier1,2.3123812567313875
PLFQNKLAHAK,GQFNDKRWIPFG,Tier1,2.3605240542171937
PLFQNKLAHAK,PKLPPVKK,Tier1,1.6993463362559666
PLFQNKLAHAK,RYLGY,Tier1,3.0533472265585937
PLFQNKLAHAK,RYLG,Tier1,3.1047032461702133
PLFQNKLAHAK,VPKVK,Tier1,2.447248720558102
AEAQKQLR,FRDEHKK,Tier1,2.807999948619075
AEAQKQLR,KHNRGDEF,Tier1,2.332540487161706
AEAQKQLR,WEGPK,Tier1,2.611752919279107
AEAQKQLR,VKEAMPK,Tier1,1.980846156761902
AEAQKQLR,IAPNYNTRATKL,Tier1,2.906482812434501
AEAQKQLR,IIENGEKWS,Tier1,2.7327611743791644
AEAQKQLR,NYKQM,Tier1,2.012094169948003
AEAQKQLR,HEKVC,Tier1,2.7059827149488584
AEAQKQLR,QWPAQ,Tier1,2.867967668349992
AEAQKQLR,VECYGPNRPQF,Tier1,2.4904301642739433
AEAQKQLR,VKEAMAPK,Tier1,2.159700246022717
AEAQKQLR,FRADHPFL,Tier1,3.021745008277063
AEAQKQLR,RADHPFL,Tier1,2.8277693496593512
AEAQKQLR,RADHPF,Tier1,2.9468910723185036
AEAQKQLR,QVVPYPQ,Tier1,3.121947137002801
AEAQKQLR,QGAR,Tier1,2.9508018720972538
AEAQKQLR,AIRQGDVF,Tier1,2.61579777278116
AEAQKQLR,VLEANPRSF,Tier1,2.6663415857037585
AEAQKQLR,QYDQGV,Tier1,2.9968888444130077
AEAQKQLR,NPYVPR,Tier1,3.0355819410550677
AEAQKQLR,TEFTK,Tier1,2.6940241641448237
AEAQKQLR,FHNMEK,Tier1,2.475236960049968
AEAQKQLR,RDMPIQ,Tier1,2.842152254016404
AEAQKQLR,YQKFP,Tier1,3.0036292685520305
AEAQKQLR,RNDDLNYIQ,Tier1,2.737554668294313
AEAQKQLR,LAPSLPGKPKPD,Tier1,2.9720739719135754
AEAQKQLR,ALEPDHR,Tier1,2.788096266039019
AEAQKQLR,TSQLLSDQ,Tier1,3.1018035468326715
AEAQKQLR,NFHPQ,Tier1,2.86566056440963
AEAQKQLR,STMMEERRMKVY,Tier1,2.8564953330203005
AEAQKQLR,KFPE,Tier1,2.8258865549974894
AEAQKQLR,LSGNK,Tier1,2.593000468261395
AEAQKQLR,VAWRNRCKGTD,Tier1,2.3300391487445813
AEAQKQLR,WRNRCKGTD,Tier1,2.247501034846943
AEAQKQLR,SDRDLLGPNNQYLPK,Tier1,2.8428322218237128
AEAQKQLR,KLSDW,Tier1,3.0316258418819158
AEAQKQLR,KGLWE,Tier1,2.643315373292637
AEAQKQLR,VKRRGQDCIHGFCSD,Tier1,2.678318687180076
AEAQKQLR,GQFNDKRWIPFG,Tier1,2.856575587283969
AEAQKQLR,KDVPP,Tier1,2.7377751033541005
AEAQKQLR,PKLPPVKK,Tier1,3.0599755171869405
AEAQKQLR,YQKFPQY,Tier1,2.9218398883778205
AEAQKQLR,VPKVK,Tier1,3.1130992385770844
LMCH,LLPH,Tier1,2.3153319389036704
LMCH,LLHH,Tier1,2.965605286763439
LMCH,HHPLL,Tier1,3.080598068161717
LMCH,LLPHH,Tier1,2.7824477925578233
LMCH,LHM,Tier1,2.950723633330927
LMCH,LWA,Tier1,2.5239744960671056
LMCH,LWG,Tier1,2.2657879783290737
LMCH,LWH,Tier1,2.4742623492653073
LMCH,LWM,Tier1,3.084432621386111
LMCH,LWS,Tier1,2.1780385882736035
LMCH,LWT,Tier1,2.3626776934865186
LMCH,PHI,Tier1,3.1227641478638604
LMCH,PWI,Tier1,2.7097746249939285
LMCH,PWL,Tier1,2.3966268098147934
LMCH,PWV,Tier1,2.997780057787821
LMCH,ACFL,Tier1,2.086723621649817
LMCH,FIGP,Tier1,2.6526684612670373
LMCH,VLPVPQK,Tier1,2.75231358402234
LMCH,IPAGM,Tier1,2.654966382961114
LMCH,LPAGV,Tier1,2.703286066173199
LMCH,IPAGV,Tier1,2.842022975837236
LMCH,HVCYMF,Tier1,2.148409565251289
LMCH,MWL,Tier1,2.89333928041547
LMCH,FLQEFLHV,Tier1,2.9554070094320317
LMCH,LMGQW,Tier1,2.9764316788449983
LMCH,PVMGA,Tier1,2.7440850679639093
LMCH,VCSV,Tier1,2.5436422165415458
LMCH,YPIL,Tier1,2.7365033583969423
LMCH,HQIYPV,Tier1,3.067543163245025
LMCH,LQGM,Tier1,2.9352758885752395
LMCH,FPLEMMPF,Tier1,3.087071893016912
LMCH,LNLPTAVYMVT,Tier1,2.9182402636211706
LMCH,VFPW,Tier1,2.923111896302016
LMCH,VIPMGL,Tier1,3.0998356644489276
LMCH,WISELG,Tier1,3.109683115665586
LMCH,WISELGW,Tier1,3.0593859820816247
LMCH,ISELWG,Tier1,3.026922410915263
LMCH,SVMPVVA,Tier1,2.2589055653944463
LMCH,YLMSR,Tier1,2.9863203064481327
LMCH,MILMR,Tier1,2.6688331631269313
LMCH,LVSK,Tier1,2.963822523924951
LMCH,VAMVPPFET,Tier1,2.9152810781049237
LMCH,FVPH,Tier1,2.09560566012845
LMCH,VPVTST,Tier1,3.0478050906093146
LMCH,GGIF,Tier1,2.5879988880175984
LMCH,LLPF,Tier1,2.6819868666413953
LMCH,FLPF,Tier1,2.8664401288586725
LMCH,LPM,Tier1,2.89640747720111
LMCH,VLVPK,Tier1,2.4970179994732096
PSYV,LPTSEAAKY,Tier1,3.0024325735684503
PSYV,PMDYMVT,Tier1,2.697955000143491
PSYV,HHLP,Tier1,3.037302880389961
PSYV,HLPH,Tier1,3.037302880389961
PSYV,LLPH,Tier1,3.0212236085508684
PSYV,HPHL,Tier1,2.9516603138340654
PSYV,YLYP,Tier1,1.7480272379859823
PSYV,LYPY,Tier1,1.2676260428170092
PSYV,LPYY,Tier1,1.3439373613135075
PSYV,HHPLL,Tier1,2.9250661205171795
PSYV,LPHH,Tier1,2.7886350329349594
PSYV,HHPL,Tier1,2.9516603138340654
PSYV,LHPH,Tier1,2.9516603138340654
PSYV,LLPHH,Tier1,2.7767086654519035
PSYV,LLPHHH,Tier1,2.9826571180269954
PSYV,LHA,Tier1,2.7540005418690696
PSYV,LHG,Tier1,2.726177946297606
PSYV,LHS,Tier1,2.453522936468998
PSYV,LHT,Tier1,2.635399110322537
PSYV,LHY,Tier1,2.661040623388214
PSYV,LWG,Tier1,2.8710186472891066
PSYV,LWS,Tier1,2.896318676172112
PSYV,LWT,Tier1,2.87325972289258
PSYV,PHA,Tier1,3.0796532728524686
PSYV,PHF,Tier1,2.6701550803493053
PSYV,PHI,Tier1,2.8610142539156342
PSYV,PHL,Tier1,2.4719178875556493
PSYV,PHM,Tier1,2.6818706852172487
PSYV,PHV,Tier1,2.3121569676791713
PSYV,PHW,Tier1,2.8454687437509762
PSYV,PWI,Tier1,3.0176712303172306
PSYV,PWL,Tier1,2.834259999791554
PSYV,PWS,Tier1,3.0889992875187353
PSYV,PWV,Tier1,3.097920772092092
PSYV,AYY,Tier1,2.796472325331115
PSYV,IYY,Tier1,2.276106101630009
PSYV,LYY,Tier1,2.252094423213821
PSYV,VYY,Tier1,2.1759016346465914
PSYV,YAY,Tier1,2.8434697580372514
PSYV,YYA,Tier1,3.058555426292
PSYV,YYI,Tier1,2.276106101630009
PSYV,YYL,Tier1,2.252094423213821
PSYV,YYV,Tier1,2.1006221191121623
PSYV,MYY,Tier1,2.6964494352347623
PSYV,YYS,Tier1,3.106932216241187
PSYV,YPFPG,Tier1,1.8565001918246011
PSYV,LPHSGY,Tier1,1.4219924169542442
PSYV,GAWA,Tier1,2.2895820222656793
PSYV,PHYL,Tier1,1.7391428346731035
PSYV,GALAAH,Tier1,2.197900196209369
PSYV,GPP,Tier1,2.7816839730651135
PSYV,GVPLT,Tier1,3.0869642542444558
PSYV,GSGGL,Tier1,1.3022199864943071
PSYV,GPGGFI,Tier1,1.0753301089357823
PSYV,FIGP,Tier1,2.025822329529241
PSYV,AMTGLDA,Tier1,2.737461162984911
PSYV,AVPYPQR,Tier1,2.4190183313524733
PSYV,YGYTGA,Tier1,3.051422854961166
PSYV,FFAPGRNPTSFS,Tier1,2.62894141877509
PSYV,YLAGMN,Tier1,2.1440812079129272
PSYV,LVDTGRGPIMY,Tier1,3.0894894531639445
PSYV,AAVGGYRVAVL,Tier1,2.81760106667815
PSYV,NHAV,Tier1,2.784898911559384
PSYV,IPAGM,Tier1,1.8628499812223538
PSYV,LPAGV,Tier1,2.41056239556674
PSYV,IPAGV,Tier1,2.4218520554732783
PSYV,SVYT,Tier1,2.011365578265295
PSYV,PSIPA,Tier1,1.4562882953414091
PSYV,PSLPA,Tier1,1.8206547443272054
PSYV,WVYY,Tier1,2.918672595596738
PSYV,WYT,Tier1,2.8378465082030884
PSYV,WSY,Tier1,2.6469201163821787
PSYV,VSYT,Tier1,1.2404483669729964
PSYV,YSTA,Tier1,2.281810888739404
PSYV,HVCYMF,Tier1,3.1094808560391534
PSYV,GPAGPAG,Tier1,2.377206297330805
PSYV,GFPSG,Tier1,1.485119028464456
PSYV,YPPAK,Tier1,3.022126002412509
PSYV,TCSP,Tier1,2.3567494597624505
PSYV,TGGGNV,Tier1,2.424120383982646
PSYV,PVMGA,Tier1,1.827217083004461
PSYV,QHGV,Tier1,2.989249293233724
PSYV,CAAP,Tier1,1.4364396080750799
PSYV,ARHPHPHLSFM,Tier1,3.1083524932729176
PSYV,FGHPY,Tier1,2.0816497433967367
PSYV,TTYY,Tier1,2.745809014244735
PSYV,YQEPVLGP,Tier1,2.71738895037653
PSYV,SALAM,Tier1,2.695592164157133
PSYV,YQIGL,Tier1,2.9567360254959185
PSYV,YPI,Tier1,1.3423216179902633
PSYV,YPIL,Tier1,2.7393362623695277
PSYV,QVVPYPQ,Tier1,2.4571167361157196
PSYV,HQIYPV,Tier1,2.210173406969659
PSYV,IYPF,Tier1,2.473704588019431
PSYV,WYS,Tier1,2.6469201163821787
PSYV,WYSL,Tier1,2.448895379243954
PSYV,WYSLA,Tier1,2.162996738982167
PSYV,WYSLAM,Tier1,2.587930463705668
PSYV,WYSLAMA,Tier1,2.406295633754466
PSYV,LNLPTAVYMVT,Tier1,2.85993321818032
PSYV,YGGFL,Tier1,1.5179795275365395
PSYV,YGGFM,Tier1,1.8516806268204669
PSYV,DRVYIHPF,Tier1,3.0621406220294647
PSYV,FALPQYLK,Tier1,2.981827601254218
PSYV,PYVRYL,Tier1,2.6196865383162358
PSYV,AGWNIPIGT,Tier1,2.0692891361283445
PSYV,AGWNIP,Tier1,2.564806459959397
PSYV,LGFEYY,Tier1,2.8230628443825596
PSYV,VPYPQ,Tier1,2.0012327032361927
PSYV,VPNSYP,Tier1,2.1595686798519202
PSYV,NPYVPR,Tier1,3.119309595013493
PSYV,ISELGY,Tier1,2.7425161463368544
PSYV,YLMSR,Tier1,2.868727821880946
PSYV,WHNVSGSP,Tier1,2.2641350804761067
PSYV,YWVTSGPK,Tier1,2.346752325809087
PSYV,VAMVPPFET,Tier1,2.7104409291615217
PSYV,AYPS,Tier1,2.2160253796380127
PSYV,VLSRYPS,Tier1,2.251341923262218
PSYV,TIASGEP,Tier1,2.705618198862968
PSYV,TVYQ,Tier1,2.7145132717333964
PSYV,YGLN,Tier1,2.543536672353731
PSYV,YIPIQY,Tier1,2.6324912598349917
PSYV,MPDAHL,Tier1,3.0917347238162924
PSYV,FVPH,Tier1,1.960821550739349
PSYV,SAEHGSLH,Tier1,3.0862394669943187
PSYV,LSGYGP,Tier1,1.5904338035160521
PSYV,PYSFK,Tier1,2.975388111083101
PSYV,GFGPEL,Tier1,2.5228029741414715
PSYV,VGGRP,Tier1,2.876034797730994
PSYV,VPVTST,Tier1,1.7219051843343618
PSYV,YLGAK,Tier1,2.3667257258599523
PSYV,GGIF,Tier1,2.085491046369622
PSYV,GVQEGAGHYALL,Tier1,2.5720007366861855
PSYV,WPP,Tier1,1.8936617799847513
PSYV,YYIVS,Tier1,1.9735702338655507
PSYV,TYQTF,Tier1,2.852397021341458
PSYV,SGQYFL,Tier1,2.4935837252262965
PSYV,GIISHR,Tier1,3.001144684266799
PSYV,SNAAC,Tier1,2.758248219967104
PSYV,HYVPV,Tier1,2.9854586320950176
PSYV,MPACGSS,Tier1,2.890507575714131
PSYV,GLTSK,Tier1,2.4882704384083225
PSYV,GTW,Tier1,2.747288821544343
PSYV,CSQAPLA,Tier1,2.187502876264227
PSYV,AGGF,Tier1,1.079903739509508
PSYV,SGAF,Tier1,1.6109073542961578
PSYV,GQVPP,Tier1,2.3184399832988936
PSYV,DGVVYY,Tier1,2.503810959312016
PSYV,GFYPPP,Tier1,2.228629341010572
PSYV,DVPPYM,Tier1,2.925759734011134
PSYV,PGVPWP,Tier1,1.9454565620736952
PSYV,RYLGY,Tier1,2.663635394784697
PSYV,RYLG,Tier1,3.058857577905591
PSYV,YLG,Tier1,2.842332667953079
PSYV,YLGY,Tier1,2.093538630590615
PSYV,LGY,Tier1,1.9333017237633312
PSYV,AYFYPEL,Tier1,2.5016793786594858
PSYV,AYFYPE,Tier1,2.8350055364339313
PSYV,VAGTWY,Tier1,1.9909403528499179
LPTSEAAKY,PMDYMVT,Tier1,2.944609135826308
LPTSEAAKY,PHN,Tier1,3.020574955104049
LPTSEAAKY,PHQ,Tier1,3.0524083717882218
LPTSEAAKY,LPHSGY,Tier1,2.6719415941114817
LPTSEAAKY,VHDY,Tier1,2.4739891621092176
LPTSEAAKY,GGE,Tier1,3.02821241782153
LPTSEAAKY,WEGPK,Tier1,2.8351750847828785
LPTSEAAKY,GSGGL,Tier1,3.016550855726642
LPTSEAAKY,GPGGFI,Tier1,3.035716127104555
LPTSEAAKY,AMTGLDA,Tier1,2.9578659686573987
LPTSEAAKY,VKEAMPK,Tier1,2.727408311317647
LPTSEAAKY,AVPYPQR,Tier1,2.1586813837369423
LPTSEAAKY,HGGEGGRPYHLGEES,Tier1,2.4714900036527125
LPTSEAAKY,FFAPGRNPTSFS,Tier1,2.42797147870514
LPTSEAAKY,IAPNYNTRATKL,Tier1,2.5192237637174557
LPTSEAAKY,IIENGEKWS,Tier1,3.058771308560407
LPTSEAAKY,LVDTGRGPIMY,Tier1,2.2616837635034686
LPTSEAAKY,NHAV,Tier1,2.3431364299543183
LPTSEAAKY,HVRETALV,Tier1,2.9036469699303775
LPTSEAAKY,HDHPVC,Tier1,2.1016253092353394
LPTSEAAKY,QWPAQ,Tier1,2.714646114996447
LPTSEAAKY,YPPAK,Tier1,2.5039088337598483
LPTSEAAKY,TGGGNV,Tier1,2.3063988540766145
LPTSEAAKY,ESTTVPERTHPACPDFN,Tier1,3.0905197662235926
LPTSEAAKY,VECYGPNRPQF,Tier1,2.4774296936606515
LPTSEAAKY,EWPAQ,Tier1,2.8498776252571494
LPTSEAAKY,FLHRP,Tier1,2.6954184039778655
LPTSEAAKY,QHGV,Tier1,2.472764991021091
LPTSEAAKY,VKEAMAPK,Tier1,2.2872379074095526
LPTSEAAKY,ARHPHPHLSFM,Tier1,2.68503250026173
LPTSEAAKY,YQEPVLGP,Tier1,1.8334852355937408
LPTSEAAKY,FRADHPFL,Tier1,2.1397935796766676
LPTSEAAKY,RADHPFL,Tier1,1.6781998891151713
LPTSEAAKY,RADHPF,Tier1,1.9933322237545514
LPTSEAAKY,RADHP,Tier1,3.0213567020600327
LPTSEAAKY,ADHP,Tier1,2.746244928961142
LPTSEAAKY,QVVPYPQ,Tier1,2.2963807777001604
LPTSEAAKY,HQIYPV,Tier1,2.5641868130586367
LPTSEAAKY,PYPQ,Tier1,2.5127310052026717
LPTSEAAKY,WSVPQPK,Tier1,2.4470817638754916
LPTSEAAKY,QGAR,Tier1,3.03376519028111
LPTSEAAKY,AIRQGDVF,Tier1,2.792783511059514
LPTSEAAKY,VLEANPRSF,Tier1,1.9637602643665415
LPTSEAAKY,FALPQYLK,Tier1,3.0619496225101357
LPTSEAAKY,PYVRYL,Tier1,3.072011687541567
LPTSEAAKY,HNPI,Tier1,2.1903458869738834
LPTSEAAKY,QYDQGV,Tier1,2.453616437150209
LPTSEAAKY,AADNANELFPPN,Tier1,2.5134716780992443
LPTSEAAKY,AMRLTGNRPGLYAT,Tier1,2.944919945291177
LPTSEAAKY,AMRLTYNRPCLGAT,Tier1,3.115947509121092
LPTSEAAKY,CVHWMTNTARTACIAP,Tier1,2.9122270983363454
LPTSEAAKY,LGFEYY,Tier1,3.083947480533165
LPTSEAAKY,VPYPQ,Tier1,2.077340157191059
LPTSEAAKY,VPNSYP,Tier1,1.4137582030904434
LPTSEAAKY,NPYVPR,Tier1,2.1449367011485245
LPTSEAAKY,ISELGY,Tier1,2.8634263360106518
LPTSEAAKY,TERGY,Tier1,2.4195677158355666
LPTSEAAKY,TEFTK,Tier1,2.5232053886331856
LPTSEAAKY,WHNVSGSP,Tier1,2.4645558070785163
LPTSEAAKY,YWVTSGPK,Tier1,2.6396300644038013
LPTSEAAKY,LYEGY,Tier1,2.435050093532061
LPTSEAAKY,YSEMPPGK,Tier1,1.8961049402103594
LPTSEAAKY,YAKPA,Tier1,1.952410667296649
LPTSEAAKY,GTQY,Tier1,2.9220565870519812
LPTSEAAKY,ARHPHP,Tier1,3.01583446266248
LPTSEAAKY,RYPS,Tier1,2.6309183601115773
LPTSEAAKY,SRYPS,Tier1,2.349604523334715
LPTSEAAKY,YAKP,Tier1,2.286926673629266
LPTSEAAKY,VLSRYPS,Tier1,1.862953335073483
LPTSEAAKY,TIASGEP,Tier1,1.9781615804753936
LPTSEAAKY,YPELF,Tier1,3.045156221744667
LPTSEAAKY,YLKT,Tier1,2.9825441431336035
LPTSEAAKY,TVYQ,Tier1,2.973170889704458
LPTSEAAKY,LGNTDYAVH,Tier1,1.5590845089277106
LPTSEAAKY,RASDPLLSV,Tier1,2.2692027987403027
LPTSEAAKY,LAPSLPGKPKPD,Tier1,1.4441436289918266
LPTSEAAKY,MPDAHL,Tier1,2.193797782309364
LPTSEAAKY,ALEPDHR,Tier1,2.681570320616489
LPTSEAAKY,TETWNPNHPEL,Tier1,2.8755816074155067
LPTSEAAKY,SAEHGSLH,Tier1,2.1184491359599993
LPTSEAAKY,RPNYTDA,Tier1,2.3808324817585094
LPTSEAAKY,TSQLLSDQ,Tier1,2.4056009419652735
LPTSEAAKY,TRTGDPFF,Tier1,1.7005784666372656
LPTSEAAKY,NFHPQ,Tier1,2.9481711810070723
LPTSEAAKY,LSGYGP,Tier1,3.005057299775087
LPTSEAAKY,GFGPEL,Tier1,2.630151363426146
LPTSEAAKY,VGGRP,Tier1,1.8523760831783496
LPTSEAAKY,LTTLDSE,Tier1,3.0615455474572975
LPTSEAAKY,AEERYP,Tier1,3.026424058672288
LPTSEAAKY,YLGAK,Tier1,2.691234986047879
LPTSEAAKY,GVQEGAGHYALL,Tier1,2.2968984372285806
LPTSEAAKY,TYQTF,Tier1,2.2265402056092594
LPTSEAAKY,SGQYFL,Tier1,2.3159765137120156
LPTSEAAKY,YYDPL,Tier1,2.097629760947127
LPTSEAAKY,GIISHR,Tier1,3.098914513211161
LPTSEAAKY,LANAK,Tier1,2.7396978486307817
LPTSEAAKY,SNAAC,Tier1,2.036993966875431
LPTSEAAKY,QYP,Tier1,2.6845365785627937
LPTSEAAKY,LSGNK,Tier1,2.5053725339810526
LPTSEAAKY,GEGSGA,Tier1,2.417089795864326
LPTSEAAKY,GLTSK,Tier1,2.569329987463025
LPTSEAAKY,SDRDLLGPNNQYLPK,Tier1,2.8159863392897413
LPTSEAAKY,CAQ,Tier1,3.0523015948762477
LPTSEAAKY,CSQAPLA,Tier1,2.3799371911963947
LPTSEAAKY,WYGPD,Tier1,2.944255579145541
LPTSEAAKY,IYIEQGNGITGM,Tier1,2.582117775169129
LPTSEAAKY,ADGF,Tier1,2.796826181283688
LPTSEAAKY,ETTL,Tier1,2.5015608326055947
LPTSEAAKY,GQVPP,Tier1,2.2566660341852005
LPTSEAAKY,DGVVYY,Tier1,2.7436845377956414
LPTSEAAKY,RYLGY,Tier1,2.9427159489926966
LPTSEAAKY,AYFYPEL,Tier1,2.7877292879211577
LPTSEAAKY,AYFYPE,Tier1,2.9387827670389073
LPTSEAAKY,YQKFPQY,Tier1,2.8474171291847807
LPTSEAAKY,FPQY,Tier1,2.8777292162717343
PMDYMVT,YLYP,Tier1,3.1115404736455434
PMDYMVT,LYPY,Tier1,3.1115404736455434
PMDYMVT,LWG,Tier1,2.9467628327095006
PMDYMVT,LWS,Tier1,2.979748523596277
PMDYMVT,LWT,Tier1,2.9115161306765622
PMDYMVT,PWI,Tier1,3.0780177667312336
PMDYMVT,PWL,Tier1,2.9296730728968234
PMDYMVT,PWV,Tier1,3.0569169263893614
PMDYMVT,DPALATEPDPMPF,Tier1,3.017249716977442
PMDYMVT,FLNDFLHV,Tier1,2.808423700143878
PMDYMVT,GSGGL,Tier1,3.0156648958610175
PMDYMVT,GPGGFI,Tier1,2.5201936971279735
PMDYMVT,FIGP,Tier1,2.63539233915744
PMDYMVT,AMTGLDA,Tier1,1.7185074457317981
PMDYMVT,VKEAMPK,Tier1,2.9518275502712954
PMDYMVT,AVPYPQR,Tier1,2.9682254130316204
PMDYMVT,ISELGW,Tier1,1.6680369048526524
PMDYMVT,FFAPGRNPTSFS,Tier1,2.8005201146093333
PMDYMVT,YLAGMN,Tier1,1.925851448381082
PMDYMVT,IIENGEKWS,Tier1,2.6772956184221313
PMDYMVT,LVDTGRGPIMY,Tier1,2.257478097582416
PMDYMVT,AAVGGYRVAVL,Tier1,3.0875853992545865
PMDYMVT,NHAV,Tier1,2.8596207957930866
PMDYMVT,HVRETALV,Tier1,2.4833023910285084
PMDYMVT,IPAGM,Tier1,2.500455154855739
PMDYMVT,IPAGV,Tier1,3.1149104628857267
PMDYMVT,SVYT,Tier1,2.9520745085604965
PMDYMVT,PSIPA,Tier1,2.990352037531601
PMDYMVT,VSYT,Tier1,2.8558814347065122
PMDYMVT,SWN,Tier1,3.067384268566132
PMDYMVT,HVCYMF,Tier1,2.6705136579310707
PMDYMVT,HDHPVC,Tier1,2.5397317539591384
PMDYMVT,QWPAQ,Tier1,2.7532215931464554
PMDYMVT,GFPSG,Tier1,2.8429715207864854
PMDYMVT,TCSP,Tier1,2.954911582864529
PMDYMVT,TGGGNV,Tier1,2.8852785174003492
PMDYMVT,VECYGPNRPQF,Tier1,2.6620584981016546
PMDYMVT,FLQEFLHV,Tier1,2.717146510195924
PMDYMVT,EWPAQ,Tier1,2.527416935878167
PMDYMVT,LMGQW,Tier1,2.331179410696306
PMDYMVT,PVMGA,Tier1,2.468820549907067
PMDYMVT,QHGV,Tier1,2.9727735932385113
PMDYMVT,CAAP,Tier1,2.8173010888946832
PMDYMVT,MQFHT,Tier1,3.029958904244631
PMDYMVT,VKEAMAPK,Tier1,2.710910684828815
PMDYMVT,YQEPVLGP,Tier1,1.8831570820852233
PMDYMVT,SALAM,Tier1,2.9448595008504297
PMDYMVT,YQIGL,Tier1,2.554428250463652
PMDYMVT,FRADHPFL,Tier1,2.4280120208416283
PMDYMVT,RADHPFL,Tier1,2.809659505227993
PMDYMVT,YPI,Tier1,2.8438321778434608
PMDYMVT,QVVPYPQ,Tier1,2.210899795632791
PMDYMVT,HQIYPV,Tier1,2.0985415592096204
PMDYMVT,WSVPQPK,Tier1,2.985109218130236
PMDYMVT,IYPF,Tier1,2.927505957627575
PMDYMVT,WYSL,Tier1,2.8292223624624766
PMDYMVT,WYSLA,Tier1,2.7264512608662326
PMDYMVT,WYSLAM,Tier1,2.540812888251467
PMDYMVT,WYSLAMA,Tier1,2.5186200623824653
PMDYMVT,LQGM,Tier1,2.543312355961607
PMDYMVT,FPLEMMPF,Tier1,1.9758759012289975
PMDYMVT,LNLPTAVYMVT,Tier1,2.3723260262290853
PMDYMVT,YGGFL,Tier1,2.6876770657357727
PMDYMVT,YGGFM,Tier1,2.6484235279158086
PMDYMVT,DRVYIHPF,Tier1,2.015503297033898
PMDYMVT,AIRQGDVF,Tier1,2.412338711157511
PMDYMVT,VLEANPRSF,Tier1,2.809041296798078
PMDYMVT,FALPQYLK,Tier1,2.5079916582543356
PMDYMVT,PYVRYL,Tier1,2.8834527964564467
PMDYMVT,AADNANELFPPN,Tier1,2.942106414609248
PMDYMVT,CVHWMTNTARTACIAP,Tier1,3.07087230635814
PMDYMVT,AGWNIPIGT,Tier1,1.9713460409425003
PMDYMVT,AGWNIP,Tier1,2.4082625793595667
PMDYMVT,AGWNI,Tier1,3.084025580680625
PMDYMVT,LGFEY,Tier1,1.7326458374368088
PMDYMVT,LGFEYY,Tier1,1.8375039276775356
PMDYMVT,GWNIP,Tier1,2.811291034065816
PMDYMVT,VPYPQ,Tier1,2.6223169487122804
PMDYMVT,VPNSYP,Tier1,2.711050963236773
PMDYMVT,WISELG,Tier1,1.6594510124065625
PMDYMVT,WISELGW,Tier1,1.585617642107271
PMDYMVT,ISELWG,Tier1,1.671989105746512
PMDYMVT,ISELGF,Tier1,1.80960535274442
PMDYMVT,ISELGY,Tier1,1.7093130903096414
PMDYMVT,QLGNLGV,Tier1,2.7900949384379397
PMDYMVT,SVMPVVA,Tier1,3.085867413836886
PMDYMVT,YLMSR,Tier1,2.8687974163210046
PMDYMVT,TEFTK,Tier1,2.9089691470611276
PMDYMVT,WHNVSGSP,Tier1,2.5292859561859293
PMDYMVT,YWVTSGPK,Tier1,2.9693292494060897
PMDYMVT,LYEGY,Tier1,2.9611471057786067
PMDYMVT,VAMVPPFET,Tier1,1.0388843338188583
PMDYMVT,YSEMPPGK,Tier1,2.8920147516046355
PMDYMVT,FVNQPYLLYSVHMK,Tier1,3.0837275822985557
PMDYMVT,VLSRYPS,Tier1,2.8783686520797396
PMDYMVT,TIASGEP,Tier1,2.3691517959178734
PMDYMVT,GYLEQ,Tier1,2.4244553705334595
PMDYMVT,RDMPIQ,Tier1,2.988523318799272
PMDYMVT,YPELF,Tier1,2.4062588032507346
PMDYMVT,TVYQ,Tier1,2.449817684641291
PMDYMVT,YGLN,Tier1,2.675854650328702
PMDYMVT,YIPIQY,Tier1,2.446933992684589
PMDYMVT,FYQL,Tier1,2.8717072423753502
PMDYMVT,YVGD,Tier1,2.3643482490331635
PMDYMVT,LGNTDYAVH,Tier1,2.290562670289187
PMDYMVT,RASDPLLSV,Tier1,2.3712858916351722
PMDYMVT,AGTTCLFTPLALPYDYSH,Tier1,2.9612851960962496
PMDYMVT,FFGFN,Tier1,3.087859078492263
PMDYMVT,MPDAHL,Tier1,1.8985948431290733
PMDYMVT,FVPH,Tier1,2.5295891908261305
PMDYMVT,SAEHGSLH,Tier1,2.9459896653649205
PMDYMVT,TSQLLSDQ,Tier1,2.4205606313255053
PMDYMVT,TRTGDPFF,Tier1,2.7764565815455833
PMDYMVT,GFGPEL,Tier1,0.9839023667101232
PMDYMVT,VVGGDGDV,Tier1,2.6672482530579984
PMDYMVT,VPVTST,Tier1,2.4735962039392936
PMDYMVT,LTTLDSE,Tier1,2.428845634162483
PMDYMVT,YLGAK,Tier1,3.041637892732962
PMDYMVT,GGLEPINFN,Tier1,2.2733524310803386
PMDYMVT,GGIF,Tier1,2.7146632111506537
PMDYMVT,GIFE,Tier1,2.482154879370288
PMDYMVT,GVQEGAGHYALL,Tier1,2.2187239079430237
PMDYMVT,WPP,Tier1,2.7992951626654636
PMDYMVT,YYIVS,Tier1,2.8930603513208433
PMDYMVT,TYQTF,Tier1,2.92828771372224
PMDYMVT,SGQYFL,Tier1,2.4690740716045694
PMDYMVT,YYDPL,Tier1,2.765462548463822
PMDYMVT,SNAAC,Tier1,2.8284701241415307
PMDYMVT,GLTSK,Tier1,2.98172850740354
PMDYMVT,ACQ,Tier1,3.039141777635855
PMDYMVT,CAQ,Tier1,2.724696332084513
PMDYMVT,CSQAPLA,Tier1,2.1574075282493324
PMDYMVT,WYGPD,Tier1,2.9395535327657107
PMDYMVT,KLSDW,Tier1,3.092796430670236
PMDYMVT,KGLWE,Tier1,2.5354917439681635
PMDYMVT,IYIEQGNGITGM,Tier1,1.704752716653377
PMDYMVT,ADGF,Tier1,2.9926347440810597
PMDYMVT,AGGF,Tier1,2.781425014023721
PMDYMVT,ETTL,Tier1,2.3732150321961507
PMDYMVT,SGAF,Tier1,2.8848767248744966
PMDYMVT,KDVPP,Tier1,2.857722589244071
PMDYMVT,GQVPP,Tier1,2.438078276244204
PMDYMVT,DGVVYY,Tier1,1.736512493967544
PMDYMVT,IVEYF,Tier1,2.9199573843967213
PMDYMVT,DVPPYM,Tier1,2.0146561419080617
PMDYMVT,PGVPWP,Tier1,2.4646828534368628
PMDYMVT,AYFYPEL,Tier1,1.936064019290859
PMDYMVT,AYFYPE,Tier1,2.7183949190176104
PMDYMVT,VAGTWY,Tier1,2.705921251546589
PMDYMVT,YQEPVLGPVRGPFPIIV,Tier1,2.808405094712865
FRDEHKK,KHNRGDEF,Tier1,1.7471851389838704
FRDEHKK,WEGPK,Tier1,3.0800858865692167
FRDEHKK,NHRYDR,Tier1,2.506104503432559
FRDEHKK,FHNMEK,Tier1,2.7887840889805724
FRDEHKK,DHTKE,Tier1,2.9296017974729924
FRDEHKK,WRNRCKGTD,Tier1,2.482619687479144
KHNRGDEF,PHD,Tier1,2.954379829895665
KHNRGDEF,PHE,Tier1,2.940497553960313
KHNRGDEF,RHD,Tier1,3.061024226576611
KHNRGDEF,RHE,Tier1,3.0495704267961714
KHNRGDEF,WEGPK,Tier1,1.9487436342600044
KHNRGDEF,NHRYDR,Tier1,1.9775537153482823
KHNRGDEF,VKEAMPK,Tier1,2.9852477488525984
KHNRGDEF,NYKQM,Tier1,2.532699372831249
KHNRGDEF,HEKVC,Tier1,2.979265051218817
KHNRGDEF,EWPAQ,Tier1,3.1218702348523437
KHNRGDEF,YQEP,Tier1,3.045287161845552
KHNRGDEF,RADHPFL,Tier1,2.9859328583279017
KHNRGDEF,RADHPF,Tier1,2.3546833025555767
KHNRGDEF,RADHP,Tier1,2.4972036181734163
KHNRGDEF,QGAR,Tier1,3.1248971864990587
KHNRGDEF,QYDQGV,Tier1,2.7732452755411643
KHNRGDEF,TERGY,Tier1,2.406369106578747
KHNRGDEF,TEFTK,Tier1,2.360348066981844
KHNRGDEF,FHNMEK,Tier1,2.5891494986356927
KHNRGDEF,DHTKE,Tier1,2.179262217361978
KHNRGDEF,ALEPDHR,Tier1,2.2644559232130375
KHNRGDEF,RPNYTDA,Tier1,2.566191527502658
KHNRGDEF,EERYP,Tier1,2.6635452070653525
KHNRGDEF,AEERYP,Tier1,2.3990411478746188
KHNRGDEF,KFPE,Tier1,2.7418118395151887
KHNRGDEF,WRNRCKGTD,Tier1,2.701029222367495
KHNRGDEF,DYK,Tier1,2.611820654388934
KHNRGDEF,DWDPK,Tier1,2.552458244394733
KHNRGDEF,YQKFPQY,Tier1,3.1240267813761626
KHNRGDEF,YQK,Tier1,2.8110796857486835
HPLH,HHLP,Tier1,0.9673744163202012
HPLH,HLPH,Tier1,0.9673744163202012
HPLH,PLHH,Tier1,0.21403100144008502
HPLH,HPHL,Tier1,1.2036292786040859
HPLH,LLHH,Tier1,2.718143164675537
HPLH,HHPLL,Tier1,2.200840796573337
HPLH,LPHH,Tier1,1.5441945154882017
HPLH,HHPL,Tier1,1.2036292786040859
HPLH,LHPH,Tier1,1.2036292786040859
HPLH,LLPHH,Tier1,2.344163098724402
HPLH,HLH,Tier1,1.6353696422542368
HPLH,LLPHHH,Tier1,2.0664729098570804
HPLH,LHH,Tier1,1.2601155846080172
HPLH,LHA,Tier1,2.1322085883435764
HPLH,LHG,Tier1,1.62554966658485
HPLH,LHS,Tier1,1.4841049478553954
HPLH,LHT,Tier1,1.523209057864481
HPLH,PHF,Tier1,2.52035291818385
HPLH,PHI,Tier1,3.0459641671505353
HPLH,PHL,Tier1,1.3870843595078262
HPLH,PHM,Tier1,1.9551157502409142
HPLH,PHV,Tier1,1.337413956677481
HPLH,PHW,Tier1,2.534993848844207
HPLH,PWH,Tier1,3.0430210046958828
HPLH,IHH,Tier1,1.5323137577511798
HPLH,FHH,Tier1,2.4513254295272753
HPLH,WHH,Tier1,3.0543749370884115
HPLH,HFH,Tier1,2.7066715883125645
HPLH,HHF,Tier1,2.497904823395743
HPLH,HHW,Tier1,2.6664296872147633
HPLH,LPHSGY,Tier1,2.619367786712409
HPLH,PHYL,Tier1,2.9013166181066
HPLH,GALAAH,Tier1,2.490385566655431
HPLH,GSGGL,Tier1,3.0932921543028895
HPLH,NHAV,Tier1,2.739668820131848
HPLH,SVYT,Tier1,2.9362536826242116
HPLH,PSIPA,Tier1,3.041166921242283
HPLH,VSYT,Tier1,3.1079217268429593
HPLH,QHGV,Tier1,2.7145255294435957
HPLH,ARHPHPHLSFM,Tier1,2.8747942471558603
HPLH,HQIYPV,Tier1,3.0170182332700133
HPLH,HMPVTK,Tier1,2.8033800562854685
HPLH,FVPH,Tier1,3.0092706087066987
HPLH,SAEHGSLH,Tier1,2.9015303764993834
HPLH,VPVTST,Tier1,2.9858963313768894
HPLH,YLGAK,Tier1,2.5870052720061945
HPLH,GIISHR,Tier1,2.3831466369051477
HPLH,GLTSK,Tier1,2.3595602666595212
HPLH,PGVPWP,Tier1,2.830774447951692
HPLH,RYLGY,Tier1,2.978707102724165
HPLH,RYLG,Tier1,2.7381466166651034
HHLP,LLPH,Tier1,3.082132912505405
HHLP,PLHH,Tier1,0.8591617532334243
HHLP,HPHL,Tier1,1.5441945154882017
HHLP,LLHH,Tier1,2.842648749373378
HHLP,HHPLL,Tier1,2.3903793747737097
HHLP,HLHP,Tier1,0.9673744163202012
HHLP,LPHH,Tier1,1.2036292786040859
HHLP,HHPL,Tier1,1.5441945154882017
HHLP,LHPH,Tier1,1.5441945154882017
HHLP,LLPHH,Tier1,2.206357350644229
HHLP,HLH,Tier1,1.8425423127642988
HHLP,LLPHHH,Tier1,1.9618968721473296
HHLP,LHH,Tier1,1.5193484110275912
HHLP,LHA,Tier1,2.2949600806389134
HHLP,LHG,Tier1,2.1288003185665847
HHLP,LHS,Tier1,1.7097063501575138
HHLP,LHT,Tier1,1.972450884877052
HHLP,LHY,Tier1,2.6595521058885323
HHLP,PHF,Tier1,2.870811367887644
HHLP,PHI,Tier1,2.246273565401561
HHLP,PHL,Tier1,1.6262015028622059
HHLP,PHM,Tier1,2.131432828958059
HHLP,PHV,Tier1,1.584046842437362
HHLP,PHW,Tier1,2.733375252591
HHLP,PWH,Tier1,2.7633386914852767
HHLP,IHH,Tier1,1.2952278399868455
HHLP,FHH,Tier1,2.594132739272827
HHLP,WHH,Tier1,2.7167355401058404
HHLP,HFH,Tier1,3.035695993470614
HHLP,HWH,Tier1,2.884388009100339
HHLP,HHF,Tier1,2.8511239160265895
HHLP,HHW,Tier1,2.8556949652683787
HHLP,LPHSGY,Tier1,2.630264298428918
HHLP,PHYL,Tier1,2.32281659925956
HHLP,GALAAH,Tier1,2.796987400021429
HHLP,GSGGL,Tier1,3.0674679531894875
HHLP,AVPYPQR,Tier1,3.0816495738343432
HHLP,NHAV,Tier1,2.863238532264526
HHLP,PSIPA,Tier1,2.7411400785717244
HHLP,PSLPA,Tier1,2.9175578106685665
HHLP,QHGV,Tier1,2.9895880278642037
HHLP,ARHPHPHLSFM,Tier1,2.9134174428386355
HHLP,HQIYPV,Tier1,2.8258943307444624
HHLP,HMPVTK,Tier1,2.332338284912929
HHLP,WHNVSGSP,Tier1,3.1113271593258043
HHLP,FVPH,Tier1,2.849543180068541
HHLP,VPVTST,Tier1,2.8084404282907705
HHLP,YLGAK,Tier1,2.8181921659120914
HHLP,GIISHR,Tier1,2.611902086700503
HHLP,HYVPV,Tier1,3.071511052417304
HHLP,GLTSK,Tier1,2.4985930251469552
HHLP,PGVPWP,Tier1,2.7846583453062848
HHLP,RYLG,Tier1,2.9710600476639804
HLPH,LLPH,Tier1,3.082132912505405
HLPH,PLHH,Tier1,0.8591617532334243
HLPH,HPHL,Tier1,1.5441945154882017
HLPH,LLHH,Tier1,2.842648749373378
HLPH,HHPLL,Tier1,2.3903793747737097
HLPH,HLHP,Tier1,0.9673744163202012
HLPH,LPHH,Tier1,1.2036292786040859
HLPH,HHPL,Tier1,1.5441945154882017
HLPH,LHPH,Tier1,1.5441945154882017
HLPH,LLPHH,Tier1,2.206357350644229
HLPH,HLH,Tier1,1.8425423127642988
HLPH,LLPHHH,Tier1,1.9618968721473296
HLPH,LHH,Tier1,1.5193484110275912
HLPH,LHA,Tier1,2.2949600806389134
HLPH,LHG,Tier1,2.1288003185665847
HLPH,LHS,Tier1,1.7097063501575138
HLPH,LHT,Tier1,1.972450884877052
HLPH,LHY,Tier1,2.6595521058885323
HLPH,PHF,Tier1,2.870811367887644
HLPH,PHI,Tier1,2.246273565401561
HLPH,PHL,Tier1,1.6262015028622059
HLPH,PHM,Tier1,2.131432828958059
HLPH,PHV,Tier1,1.584046842437362
HLPH,PHW,Tier1,2.733375252591
HLPH,PWH,Tier1,2.7633386914852767
HLPH,IHH,Tier1,1.2952278399868455
HLPH,FHH,Tier1,2.594132739272827
HLPH,WHH,Tier1,2.7167355401058404
HLPH,HFH,Tier1,3.035695993470614
HLPH,HWH,Tier1,2.884388009100339
HLPH,HHF,Tier1,2.8511239160265895
HLPH,HHW,Tier1,2.8556949652683787
HLPH,LPHSGY,Tier1,2.630264298428918
HLPH,PHYL,Tier1,2.32281659925956
HLPH,GALAAH,Tier1,2.796987400021429
HLPH,GSGGL,Tier1,3.0674679531894875
HLPH,AVPYPQR,Tier1,3.0816495738343432
HLPH,NHAV,Tier1,2.863238532264526
HLPH,PSIPA,Tier1,2.7411400785717244
HLPH,PSLPA,Tier1,2.9175578106685665
HLPH,QHGV,Tier1,2.9895880278642037
HLPH,ARHPHPHLSFM,Tier1,2.9134174428386355
HLPH,HQIYPV,Tier1,2.8258943307444624
HLPH,HMPVTK,Tier1,2.332338284912929
HLPH,WHNVSGSP,Tier1,3.1113271593258043
HLPH,FVPH,Tier1,2.849543180068541
HLPH,VPVTST,Tier1,2.8084404282907705
HLPH,YLGAK,Tier1,2.8181921659120914
HLPH,GIISHR,Tier1,2.611902086700503
HLPH,HYVPV,Tier1,3.071511052417304
HLPH,GLTSK,Tier1,2.4985930251469552
HLPH,PGVPWP,Tier1,2.7846583453062848
HLPH,RYLG,Tier1,2.9710600476639804
LLPH,HPHL,Tier1,2.9977713574231957
LLPH,LLHH,Tier1,1.4827114468848106
LLPH,HHPLL,Tier1,1.6382679900605348
LLPH,LPHH,Tier1,2.83739666772837
LLPH,HHPL,Tier1,2.9977713574231957
LLPH,LHPH,Tier1,2.9977713574231957
LLPH,LLPHH,Tier1,1.3557364089878443
LLPH,LLPHHH,Tier1,2.279002599916545
LLPH,LHH,Tier1,2.928216363426447
LLPH,LHA,Tier1,1.6258764241050234
LLPH,LHG,Tier1,2.267185727452204
LLPH,LHL,Tier1,3.0369161538841274
LLPH,LHM,Tier1,2.978226441829433
LLPH,LHS,Tier1,1.9532958213157958
LLPH,LHT,Tier1,2.17172328563837
LLPH,LHV,Tier1,2.919120386882743
LLPH,LHY,Tier1,2.8858936235746584
LLPH,LWA,Tier1,2.427342600771523
LLPH,LWG,Tier1,2.489339052615412
LLPH,LWH,Tier1,2.983676048992204
LLPH,LWS,Tier1,2.5357893362116166
LLPH,LWT,Tier1,2.5045260852709688
LLPH,PHI,Tier1,2.4567998667700897
LLPH,PHL,Tier1,2.029892980587342
LLPH,PHV,Tier1,2.326455733777254
LLPH,PWI,Tier1,2.683799283934677
LLPH,PWL,Tier1,2.5078064387327585
LLPH,IHH,Tier1,2.7309033495231123
LLPH,LARL,Tier1,2.842608415585454
LLPH,PHYL,Tier1,2.874752933415632
LLPH,GALAAH,Tier1,2.8016471675255685
LLPH,GVPLT,Tier1,2.92828105720964
LLPH,GSGGL,Tier1,2.951406727612476
LLPH,GPGGFI,Tier1,2.810471043321906
LLPH,FIGP,Tier1,2.4679540693894144
LLPH,VLPVPQK,Tier1,2.6423189840579537
LLPH,ISELGW,Tier1,3.0518890469046873
LLPH,YLAGMN,Tier1,3.037347123750799
LLPH,AAVGGYRVAVL,Tier1,2.5263838496896582
LLPH,NHAV,Tier1,2.8764173187467836
LLPH,HVRETALV,Tier1,2.5305038062395897
LLPH,IPAGM,Tier1,2.199641337114329
LLPH,LPAGV,Tier1,1.7973639921384643
LLPH,IPAGV,Tier1,1.7858608480436964
LLPH,LALPA,Tier1,2.2750434852761883
LLPH,PSIPA,Tier1,2.7931409862168177
LLPH,PSLPA,Tier1,3.015198059019885
LLPH,PVMGA,Tier1,2.4638293602626313
LLPH,VCSV,Tier1,2.924456948118732
LLPH,CAAP,Tier1,3.069699728807603
LLPH,SALAM,Tier1,2.6422458053404787
LLPH,YQIGL,Tier1,2.6951868081161297
LLPH,YPI,Tier1,2.490162564216861
LLPH,YPIL,Tier1,1.7856077683824492
LLPH,HQIYPV,Tier1,2.4495775494720906
LLPH,LNLPTAVYMVT,Tier1,2.554280110642084
LLPH,YGGFL,Tier1,3.033245652164395
LLPH,YVL,Tier1,2.7292767918115053
LLPH,TIIPLPV,Tier1,2.4867002351114573
LLPH,AGWNIPIGT,Tier1,2.779645604466368
LLPH,VIPMGL,Tier1,2.7987549060202292
LLPH,WISELG,Tier1,2.9166381218397093
LLPH,ISELWG,Tier1,2.907038869251788
LLPH,ISELGF,Tier1,3.057504378264219
LLPH,ISELGY,Tier1,2.9781696168613094
LLPH,GPLGLLGFLGPLGLS,Tier1,2.9151721662152243
LLPH,QLGNLGV,Tier1,2.9884860566719977
LLPH,SVMPVVA,Tier1,2.3969157963111845
LLPH,LVSK,Tier1,2.387403606231951
LLPH,VAMVPPFET,Tier1,3.1041980527470914
LLPH,VLSRYPS,Tier1,2.908705587960764
LLPH,RASDPLLSV,Tier1,2.8498983814728542
LLPH,FVPH,Tier1,2.283221705656805
LLPH,VPVTST,Tier1,2.4438949391324645
LLPH,GGIF,Tier1,2.4770611158118134
LLPH,GVQEGAGHYALL,Tier1,3.06238196869939
LLPH,YYIVS,Tier1,2.6338632231885573
LLPH,GIISHR,Tier1,2.3656150794320867
LLPH,LLPF,Tier1,2.9120145712586964
LLPH,HYVPV,Tier1,3.074361196953714
LLPH,YLL,Tier1,2.837831129561107
LLPH,LPM,Tier1,3.1128831292815833
LLPH,CSQAPLA,Tier1,2.917658548838958
LLPH,VLVPK,Tier1,2.136804261491725
LLPH,LGY,Tier1,2.8333142224764547
PLHH,HPHL,Tier1,1.2225108219931788
PLHH,LLHH,Tier1,2.7207428158148184
PLHH,HHPLL,Tier1,2.209293135550237
PLHH,HLHP,Tier1,0.21403100144008502
PLHH,LPHH,Tier1,1.4788111301082782
PLHH,HHPL,Tier1,1.2225108219931788
PLHH,LHPH,Tier1,1.2225108219931788
PLHH,LLPHH,Tier1,2.3103258839786425
PLHH,HLH,Tier1,1.6408042508307987
PLHH,LLPHHH,Tier1,2.0281152265757543
PLHH,LHH,Tier1,1.2671606091216983
PLHH,LHA,Tier1,2.1425347352774775
PLHH,LHG,Tier1,1.684814225620202
PLHH,LHS,Tier1,1.4989026399047038
PLHH,LHT,Tier1,1.5731685994651392
PLHH,PHF,Tier1,2.547237250984464
PLHH,PHI,Tier1,2.93561572102642
PLHH,PHL,Tier1,1.3813747400117797
PLHH,PHM,Tier1,1.9510691296803064
PLHH,PHV,Tier1,1.3314913606430538
PLHH,PHW,Tier1,2.540199542729888
PLHH,PWH,Tier1,2.9898493282571783
PLHH,IHH,Tier1,1.478127286620904
PLHH,FHH,Tier1,2.4549543955407294
PLHH,WHH,Tier1,2.9999688742558477
PLHH,HFH,Tier1,2.737868046193934
PLHH,HWH,Tier1,3.1074851632225773
PLHH,HHF,Tier1,2.531675109119463
PLHH,HHW,Tier1,2.677662927041729
PLHH,LPHSGY,Tier1,2.611368374101445
PLHH,PHYL,Tier1,2.813410594226402
PLHH,GALAAH,Tier1,2.522560565947251
PLHH,GSGGL,Tier1,3.0861808304460916
PLHH,NHAV,Tier1,2.7470459324636334
PLHH,SVYT,Tier1,2.9925903683054518
PLHH,PSIPA,Tier1,2.989954488800599
PLHH,QHGV,Tier1,2.7428377973466893
PLHH,ARHPHPHLSFM,Tier1,2.8068381853680267
PLHH,HQIYPV,Tier1,2.9846022819518585
PLHH,HMPVTK,Tier1,2.6819495090497796
PLHH,YWVTSGPK,Tier1,3.1167419774823055
PLHH,FVPH,Tier1,2.980669749942288
PLHH,SAEHGSLH,Tier1,2.9862827264052427
PLHH,VPVTST,Tier1,2.9608212970603285
PLHH,YLGAK,Tier1,2.5554616074770236
PLHH,GIISHR,Tier1,2.3401546584401576
PLHH,GLTSK,Tier1,2.3087490160857964
PLHH,PGVPWP,Tier1,2.8100535003744245
PLHH,RYLGY,Tier1,2.962569486662365
PLHH,RYLG,Tier1,2.7102325690399014
HPHL,HPH,Tier1,2.918163032198883
HPHL,LLHH,Tier1,2.4371251144246475
HPHL,HHPLL,Tier1,1.6342016556692358
HPHL,HLHP,Tier1,1.2036292786040859
HPHL,LPHH,Tier1,0.9673744163202012
HPHL,HHP,Tier1,2.918163032198883
HPHL,LLPHH,Tier1,1.8226396991593543
HPHL,HLH,Tier1,2.6496422754299735
HPHL,LLPHHH,Tier1,1.2894216124331879
HPHL,LHH,Tier1,1.2601155846080172
HPHL,PHH,Tier1,2.9248654582102085
HPHL,LHA,Tier1,2.1322085883435764
HPHL,LHG,Tier1,1.6255496665848501
HPHL,LHS,Tier1,1.4841049478553956
HPHL,LHT,Tier1,1.523209057864481
HPHL,PHA,Tier1,2.3769502999859755
HPHL,PHF,Tier1,2.52035291818385
HPHL,PHG,Tier1,2.7559977539745644
HPHL,PHI,Tier1,3.0459641671505358
HPHL,PHL,Tier1,1.3870843595078262
HPHL,PHM,Tier1,1.9551157502409142
HPHL,PHS,Tier1,2.7270846311240153
HPHL,PHT,Tier1,2.7351835192194374
HPHL,PHV,Tier1,1.3374139566774812
HPHL,PHW,Tier1,2.534993848844207
HPHL,AHH,Tier1,2.420239462039493
HPHL,IHH,Tier1,1.53231375775118
HPHL,FHH,Tier1,2.4513254295272753
HPHL,WHH,Tier1,3.0543749370884115
HPHL,HHF,Tier1,2.497904823395743
HPHL,HHW,Tier1,2.6664296872147633
HPHL,GHH,Tier1,2.8102513965415556
HPHL,SHH,Tier1,2.8518695744735556
HPHL,THH,Tier1,2.845556511286231
HPHL,LPHSGY,Tier1,2.0623737317720274
HPHL,GAH,Tier1,2.5678226862713744
HPHL,PHYL,Tier1,2.6398702010115054
HPHL,GALAAH,Tier1,2.3092826172683796
HPHL,GSGGL,Tier1,2.7194431767187788
HPHL,GPGGFI,Tier1,3.01084411886676
HPHL,NHAV,Tier1,2.4611098723319205
HPHL,HVRETALV,Tier1,3.0390042235308408
HPHL,PSIPA,Tier1,3.041166921242283
HPHL,VSYT,Tier1,2.865388982297086
HPHL,HDHPVC,Tier1,2.965006665601362
HPHL,QHGV,Tier1,2.4330896838563185
HPHL,ARHPHPHLSFM,Tier1,2.554598566331869
HPHL,FGHPY,Tier1,2.8302016075792538
HPHL,HQIYPV,Tier1,2.869349221634745
HPHL,PYVRYL,Tier1,3.1219189828435265
HPHL,YWVTSGPK,Tier1,2.8180237922461475
HPHL,ARHPHP,Tier1,3.116123201538178
HPHL,VLSRYPS,Tier1,3.042403043462617
HPHL,FVPH,Tier1,2.7580765319535625
HPHL,SAEHGSLH,Tier1,2.560514421456964
HPHL,LSGYGP,Tier1,2.7493566123664146
HPHL,VGGRP,Tier1,3.04685857541988
HPHL,YLGAK,Tier1,2.5870052720061945
HPHL,GIISHR,Tier1,2.1932062896144813
HPHL,GLTSK,Tier1,2.3595602666595217
HPHL,RYLGY,Tier1,2.978707102724165
HPHL,RYLG,Tier1,2.991014933875715
YLYP,LYPY,Tier1,1.2036292786040859
YLYP,LPYY,Tier1,1.4686415902716357
YLYP,LHS,Tier1,2.9775011001674265
YLYP,LHT,Tier1,3.0859782163203264
YLYP,LHY,Tier1,2.8324098013165138
YLYP,LWG,Tier1,2.899926943516178
YLYP,LWS,Tier1,2.9768064264110263
YLYP,LWT,Tier1,2.8629811006325623
YLYP,LWY,Tier1,2.940130902523113
YLYP,PHF,Tier1,2.799201847462773
YLYP,PHL,Tier1,2.989488366641344
YLYP,PHV,Tier1,2.9423499430445657
YLYP,PHW,Tier1,2.950479607372708
YLYP,PWA,Tier1,2.4670277574375854
YLYP,PWG,Tier1,2.6773417165175095
YLYP,PWH,Tier1,3.1151676298660207
YLYP,PWI,Tier1,2.947327632648741
YLYP,PWL,Tier1,2.825898594879222
YLYP,PWS,Tier1,2.4559462487601387
YLYP,PWT,Tier1,2.8290177776583225
YLYP,PWV,Tier1,3.0496954827698706
YLYP,PWY,Tier1,2.482049950788777
YLYP,IYY,Tier1,1.3587628439281196
YLYP,LYY,Tier1,1.2942353076868747
YLYP,VYY,Tier1,1.2445053298045081
YLYP,YIY,Tier1,1.792242020630755
YLYP,YLY,Tier1,1.74382912756334
YLYP,YVY,Tier1,1.88301586908234
YLYP,YYI,Tier1,1.3587628439281196
YLYP,YYL,Tier1,1.2942353076868747
YLYP,YYV,Tier1,1.2249162096145556
YLYP,WYY,Tier1,2.9744600585727503
YLYP,YYF,Tier1,2.8639196848174024
YLYP,YYW,Tier1,3.0021380135996765
YLYP,MYY,Tier1,2.4805915079165417
YLYP,YCY,Tier1,2.2636433078627856
YLYP,YPFPG,Tier1,2.1849261363152306
YLYP,LPHSGY,Tier1,2.5443039589529035
YLYP,GAWA,Tier1,2.1620387512661337
YLYP,PHYL,Tier1,2.488428610123495
YLYP,GALAAH,Tier1,2.929858191291951
YLYP,GVPLT,Tier1,2.922917110784773
YLYP,GSGGL,Tier1,2.7809167050660144
YLYP,GPGGFI,Tier1,2.4629117705681662
YLYP,FIGP,Tier1,2.570765341991552
YLYP,YLAGMN,Tier1,2.32360191753201
YLYP,IPAGM,Tier1,2.704695867718044
YLYP,LPAGV,Tier1,3.07783204980481
YLYP,IPAGV,Tier1,3.016138643957724
YLYP,SVYT,Tier1,1.7824279018966245
YLYP,PSIPA,Tier1,2.4955393900846046
YLYP,PSLPA,Tier1,2.8021846957805683
YLYP,WVYY,Tier1,2.401916228345302
YLYP,WYT,Tier1,2.292649089880083
YLYP,WSY,Tier1,2.1237528743936136
YLYP,VSYT,Tier1,1.962139086275216
YLYP,GFPSG,Tier1,2.3374304994975033
YLYP,TCSP,Tier1,3.102713922043701
YLYP,PVMGA,Tier1,2.7172292804653555
YLYP,CAAP,Tier1,2.8656628964869073
YLYP,FGHPY,Tier1,2.570381177140483
YLYP,SALAM,Tier1,2.891060073563064
YLYP,YQIGL,Tier1,3.03670126789874
YLYP,YPI,Tier1,1.3566139997213167
YLYP,YPIL,Tier1,3.08419665171486
YLYP,HQIYPV,Tier1,2.716618161019196
YLYP,IYPF,Tier1,1.9765373678648746
YLYP,WYS,Tier1,2.1237528743936136
YLYP,WYSL,Tier1,1.6388309167835369
YLYP,WYSLA,Tier1,1.2942883483588177
YLYP,WYSLAM,Tier1,2.026009197992384
YLYP,WYSLAMA,Tier1,1.877329347008377
YLYP,YGGFL,Tier1,2.039273098658392
YLYP,YGGFM,Tier1,2.4883311076175887
YLYP,DRVYIHPF,Tier1,3.0444955750913563
YLYP,FALPQYLK,Tier1,3.0086791029032973
YLYP,PYVRYL,Tier1,2.701500398069943
YLYP,WPL,Tier1,3.0574975774316946
YLYP,VPW,Tier1,3.00640635135626
YLYP,AGWNIPIGT,Tier1,2.6035417654894935
YLYP,LGFEY,Tier1,3.1233319337212246
YLYP,LGFEYY,Tier1,2.6647125834715344
YLYP,VPYPQ,Tier1,2.938457601902096
YLYP,VPNSYP,Tier1,3.1008347298907366
YLYP,ISELGY,Tier1,3.0501820225205725
YLYP,YWVTSGPK,Tier1,2.8724718376497194
YLYP,TVYQ,Tier1,2.5480161649500546
YLYP,YGLN,Tier1,2.8766903656420744
YLYP,YIPIQY,Tier1,2.2569117286812617
YLYP,FVPH,Tier1,2.6369994742219487
YLYP,LSGYGP,Tier1,2.579515087689959
YLYP,GFGPEL,Tier1,3.0158104662206586
YLYP,VPVTST,Tier1,2.4329007759361208
YLYP,YLGAK,Tier1,2.6141475482231775
YLYP,GGIF,Tier1,2.658548235561561
YLYP,WPP,Tier1,2.2499533283646445
YLYP,YYIVS,Tier1,1.6694750247531558
YLYP,SGQYFL,Tier1,2.9506190526253078
YLYP,HYVPV,Tier1,3.074843197805084
YLYP,GTW,Tier1,2.7807784035597822
YLYP,CSQAPLA,Tier1,2.9514013034238715
YLYP,AGGF,Tier1,2.219238075251082
YLYP,SGAF,Tier1,2.377185249750107
YLYP,DGVVYY,Tier1,2.5816373688609264
YLYP,GFYPPP,Tier1,2.846384915844188
YLYP,PGVPWP,Tier1,1.8602822756034605
YLYP,RYLGY,Tier1,2.4757337048640724
YLYP,RYLG,Tier1,2.914353155765722
YLYP,YLG,Tier1,1.8473856904911552
YLYP,YLGY,Tier1,0.9428312382852899
YLYP,LGY,Tier1,1.7659854825647021
YLYP,AYFYPEL,Tier1,2.7003366440082597
YLYP,AYFYPE,Tier1,2.9248775255346335
YLYP,VAGTWY,Tier1,1.6984428969330443
HPH,LPHH,Tier1,3.092057881135333
HPH,HHPL,Tier1,2.918163032198883
HPH,LHPH,Tier1,2.918163032198883
HPH,PHH,Tier1,0.24109210970163328
HPH,PHA,Tier1,2.111498863298209
HPH,PHG,Tier1,1.7898369893896096
HPH,PHR,Tier1,3.055169661579573
HPH,PHS,Tier1,1.699008747985409
HPH,PHT,Tier1,1.7202527444869693
HPH,RHG,Tier1,3.0593531593984404
HPH,RHT,Tier1,3.102133225409244
HPH,AHH,Tier1,1.0801772135007832
HPH,YHH,Tier1,1.7443581940291615
HPH,HHW,Tier1,3.117643075973819
HPH,HHY,Tier1,3.113935477333182
HPH,GHH,Tier1,0.3610757438119217
HPH,NHH,Tier1,2.919000680598131
HPH,QHH,Tier1,2.9195068110662183
HPH,SHH,Tier1,0.3733502546572325
HPH,THH,Tier1,0.42599144455423915
HPH,GAH,Tier1,2.453573121868051
HPH,ARHPHP,Tier1,2.47568178542312
HPH,RHPHP,Tier1,2.0335481186080373
LYPY,LPYY,Tier1,0.8415370938720448
LYPY,PYY,Tier1,2.8220268716134433
LYPY,LHS,Tier1,2.9775011001674265
LYPY,LHT,Tier1,3.0859782163203264
LYPY,LHY,Tier1,2.8324098013165138
LYPY,LWG,Tier1,2.899926943516178
LYPY,LWS,Tier1,2.9768064264110268
LYPY,LWT,Tier1,2.8629811006325627
LYPY,LWY,Tier1,2.940130902523113
LYPY,PHF,Tier1,2.799201847462773
LYPY,PHL,Tier1,2.989488366641344
LYPY,PHV,Tier1,2.9423499430445657
LYPY,PHW,Tier1,2.950479607372708
LYPY,PWI,Tier1,2.9473276326487414
LYPY,PWL,Tier1,2.825898594879222
LYPY,PWV,Tier1,3.049695482769871
LYPY,AYY,Tier1,2.3577484372575355
LYPY,IYY,Tier1,1.3587628439281196
LYPY,LYY,Tier1,1.2942353076868747
LYPY,VYY,Tier1,1.2445053298045081
LYPY,YAY,Tier1,2.492525440060852
LYPY,YIY,Tier1,2.7492365815719806
LYPY,YLY,Tier1,2.717923903842287
LYPY,YVY,Tier1,2.8092559662933705
LYPY,YYA,Tier1,2.8136912485167067
LYPY,YYI,Tier1,1.3587628439281196
LYPY,YYL,Tier1,1.2942353076868747
LYPY,YYV,Tier1,1.2249162096145556
LYPY,WYY,Tier1,2.9744600585727508
LYPY,YYF,Tier1,2.8639196848174024
LYPY,YYW,Tier1,3.002138013599677
LYPY,GYY,Tier1,2.7456274985927385
LYPY,YYG,Tier1,2.7456274985927385
LYPY,MYY,Tier1,2.4805915079165417
LYPY,SYY,Tier1,2.7645298597099592
LYPY,TYY,Tier1,2.7602926618995145
LYPY,YSY,Tier1,2.8024066211519125
LYPY,YTY,Tier1,2.931087225957899
LYPY,YYS,Tier1,2.7521138159668914
LYPY,YYT,Tier1,2.756948474377828
LYPY,YCY,Tier1,3.077377348680358
LYPY,YPFPG,Tier1,2.1849261363152306
LYPY,LPHSGY,Tier1,1.9661588041101947
LYPY,GAWA,Tier1,2.4744969190300914
LYPY,PHYL,Tier1,2.1779700428077877
LYPY,GALAAH,Tier1,2.7775591725276976
LYPY,GSGGL,Tier1,2.3580527051034568
LYPY,GPGGFI,Tier1,1.8596322746822376
LYPY,FIGP,Tier1,2.2715877714215553
LYPY,AVPYPQR,Tier1,2.9509988212639
LYPY,YGYTGA,Tier1,3.039547618483043
LYPY,FFAPGRNPTSFS,Tier1,2.9270943687628397
LYPY,YLAGMN,Tier1,2.503669294325077
LYPY,AAVGGYRVAVL,Tier1,3.1050037461581796
LYPY,IPAGM,Tier1,2.704695867718044
LYPY,LPAGV,Tier1,3.0778320498048104
LYPY,IPAGV,Tier1,3.0161386439577242
LYPY,SVYT,Tier1,2.1507609504016467
LYPY,PSIPA,Tier1,2.4955393900846046
LYPY,PSLPA,Tier1,2.8021846957805683
LYPY,WVYY,Tier1,2.0785759855428743
LYPY,WYT,Tier1,2.292649089880083
LYPY,WSY,Tier1,2.1237528743936136
LYPY,VSYT,Tier1,1.5496019984421634
LYPY,YSTA,Tier1,2.605197886296038
LYPY,GFPSG,Tier1,2.3374304994975033
LYPY,TGGGNV,Tier1,3.107890544657349
LYPY,PVMGA,Tier1,2.7172292804653555
LYPY,CAAP,Tier1,2.60063461408725
LYPY,FGHPY,Tier1,2.105652923757524
LYPY,TTYY,Tier1,2.620882032858249
LYPY,YQEPVLGP,Tier1,3.0784145864795804
LYPY,YQIGL,Tier1,3.03670126789874
LYPY,YPI,Tier1,1.3566139997213167
LYPY,YPIL,Tier1,2.8396382773402955
LYPY,QVVPYPQ,Tier1,2.8704135986171164
LYPY,HQIYPV,Tier1,2.551623045943802
LYPY,IYPF,Tier1,2.3141787759114893
LYPY,WYS,Tier1,2.1237528743936136
LYPY,WYSL,Tier1,2.0333445881400825
LYPY,WYSLA,Tier1,1.9617001527162312
LYPY,WYSLAM,Tier1,2.5908329670036876
LYPY,WYSLAMA,Tier1,2.5341295069046654
LYPY,YGGFL,Tier1,1.4090953163084143
LYPY,YGGFM,Tier1,2.0046711801858894
LYPY,FALPQYLK,Tier1,3.1101497421614357
LYPY,PYVRYL,Tier1,2.53552170895543
LYPY,AGWNIPIGT,Tier1,2.6035417654894935
LYPY,AGWNIP,Tier1,3.052921983535959
LYPY,LGFEY,Tier1,3.1233319337212246
LYPY,LGFEYY,Tier1,2.49628906345474
LYPY,VPYPQ,Tier1,2.541937827270118
LYPY,VPNSYP,Tier1,2.6471633552792264
LYPY,ISELGY,Tier1,2.904199770387687
LYPY,WHNVSGSP,Tier1,2.922829777302321
LYPY,YWVTSGPK,Tier1,2.5275383349874625
LYPY,AYPS,Tier1,2.6981278080710718
LYPY,VLSRYPS,Tier1,2.7323725684390414
LYPY,TVYQ,Tier1,2.817997483526161
LYPY,YGLN,Tier1,2.612780897715103
LYPY,YIPIQY,Tier1,2.4419018439009452
LYPY,FVPH,Tier1,2.3462827593309896
LYPY,LSGYGP,Tier1,2.011515820235265
LYPY,PYSFK,Tier1,2.9930224427214616
LYPY,GFGPEL,Tier1,2.8680792708672245
LYPY,VPVTST,Tier1,2.605425157193807
LYPY,YLGAK,Tier1,2.6141475482231775
LYPY,GGIF,Tier1,2.3704757498220683
LYPY,GVQEGAGHYALL,Tier1,2.9587054627224907
LYPY,WPP,Tier1,2.2499533283646445
LYPY,YYIVS,Tier1,1.6694750247531558
LYPY,TYQTF,Tier1,2.8995209142834746
LYPY,SGQYFL,Tier1,2.469504120497086
LYPY,YYDPL,Tier1,3.109018025469785
LYPY,GTW,Tier1,2.7807784035597822
LYPY,CSQAPLA,Tier1,2.9514013034238715
LYPY,AGGF,Tier1,1.8644822858721763
LYPY,SGAF,Tier1,2.049947870389998
LYPY,GQVPP,Tier1,3.0919494307698714
LYPY,DGVVYY,Tier1,2.4074088643417784
LYPY,GFYPPP,Tier1,2.6893629403554904
LYPY,PGVPWP,Tier1,2.4634025934645307
LYPY,RYLGY,Tier1,2.4757337048640724
LYPY,YLG,Tier1,2.785498915880324
LYPY,YLGY,Tier1,1.5289389079356852
LYPY,LGY,Tier1,1.7659854825647021
LYPY,AYFYPEL,Tier1,2.417249377011151
LYPY,AYFYPE,Tier1,2.772304902998551
LYPY,VAGTWY,Tier1,1.937509313095064
LLHH,HHPLL,Tier1,1.1052616864026572
LLHH,HLHP,Tier1,2.718143164675537
LLHH,LPHH,Tier1,2.5752530889217544
LLHH,HHPL,Tier1,2.4371251144246475
LLHH,LHPH,Tier1,2.4371251144246475
LLHH,LLPHH,Tier1,1.2954662970613882
LLHH,HLH,Tier1,3.070139014461967
LLHH,LLPHHH,Tier1,1.8552627542019695
LLHH,LHH,Tier1,1.9982594093229673
LLHH,LHA,Tier1,1.604997080730016
LLHH,LHG,Tier1,1.9266039521312228
LLHH,LHL,Tier1,3.075367216899205
LLHH,LHM,Tier1,2.965993341787745
LLHH,LHS,Tier1,1.824784721519611
LLHH,LHT,Tier1,1.8714902538918397
LLHH,LHV,Tier1,2.9706343974144787
LLHH,PHL,Tier1,1.8649853514337262
LLHH,PHV,Tier1,2.1996550244484485
LLHH,IHH,Tier1,2.048764138614547
LLHH,LARL,Tier1,2.9989386554624278
LLHH,GALAAH,Tier1,2.9723389258058184
LLHH,AAVGGYRVAVL,Tier1,2.895428000423941
LLHH,NHAV,Tier1,2.9416274972441263
LLHH,HVRETALV,Tier1,2.6186256738331455
LLHH,IPAGM,Tier1,3.103021757828232
LLHH,LPAGV,Tier1,3.080084834114125
LLHH,IPAGV,Tier1,2.8652748142588846
LLHH,YPIL,Tier1,3.0611601486911706
LLHH,HQIYPV,Tier1,2.96242199340344
LLHH,LVSK,Tier1,2.536104658697696
LLHH,FVPH,Tier1,2.70797468452116
LLHH,GIISHR,Tier1,2.1297096366621227
LLHH,VLVPK,Tier1,2.684952126207847
LPYY,PYY,Tier1,2.8972471953662504
LPYY,LHY,Tier1,2.3139338248570263
LPYY,LWG,Tier1,2.957138977567379
LPYY,LWS,Tier1,2.860011540818987
LPYY,LWT,Tier1,2.9981128080055344
LPYY,LWY,Tier1,2.8218184274093865
LPYY,PWL,Tier1,2.949288035189629
LPYY,AYY,Tier1,2.447280805371463
LPYY,IYY,Tier1,1.508788292965212
LPYY,LYY,Tier1,1.4509481998378118
LPYY,VYY,Tier1,1.6487314923645378
LPYY,YAY,Tier1,2.3518019862748547
LPYY,YIY,Tier1,3.0328989648785725
LPYY,YLY,Tier1,3.0045440081292245
LPYY,YYA,Tier1,2.4546240552305827
LPYY,YYI,Tier1,1.508788292965212
LPYY,YYL,Tier1,1.4509481998378118
LPYY,YYV,Tier1,1.3894694554130138
LPYY,FYY,Tier1,3.1096989567053845
LPYY,WYY,Tier1,3.0459182994614054
LPYY,YYF,Tier1,2.938067665666306
LPYY,GYY,Tier1,2.9666719265333947
LPYY,YYG,Tier1,2.9666719265333947
LPYY,MYY,Tier1,2.0643776397948104
LPYY,YYM,Tier1,2.6950588162839333
LPYY,SYY,Tier1,2.841272776798668
LPYY,TYY,Tier1,2.8371501945236446
LPYY,YSY,Tier1,3.081177894894095
LPYY,YYS,Tier1,2.8291935428643074
LPYY,YYT,Tier1,2.9771524732581267
LPYY,YPFPG,Tier1,1.8392072597735367
LPYY,LPHSGY,Tier1,2.2201160833397005
LPYY,GAWA,Tier1,3.077083607693735
LPYY,PHYL,Tier1,1.768584829725886
LPYY,GSGGL,Tier1,2.536805995825529
LPYY,GPGGFI,Tier1,2.1081735959867727
LPYY,FIGP,Tier1,2.6030313503113183
LPYY,AVPYPQR,Tier1,2.855743772999133
LPYY,FFAPGRNPTSFS,Tier1,3.0709117408916997
LPYY,YLAGMN,Tier1,2.803481407197404
LPYY,IPAGM,Tier1,2.820048299187548
LPYY,LPAGV,Tier1,2.967795894550562
LPYY,IPAGV,Tier1,3.119997594946935
LPYY,SVYT,Tier1,2.7240174164773574
LPYY,PSIPA,Tier1,2.394141606460066
LPYY,PSLPA,Tier1,2.460468639424643
LPYY,WVYY,Tier1,2.4914854645584237
LPYY,WYT,Tier1,2.7800864214515704
LPYY,WSY,Tier1,2.480020286449904
LPYY,VSYT,Tier1,2.1543623870614685
LPYY,YSTA,Tier1,2.8987440787680723
LPYY,GFPSG,Tier1,2.1905121969271564
LPYY,TCSP,Tier1,3.0756943793109843
LPYY,PVMGA,Tier1,2.88975303151083
LPYY,CAAP,Tier1,2.6386724394466134
LPYY,FGHPY,Tier1,2.490815608753144
LPYY,TTYY,Tier1,2.7526727576160948
LPYY,YQEPVLGP,Tier1,2.9884734931365173
LPYY,YPI,Tier1,1.506853407332351
LPYY,YPIL,Tier1,2.7120768546952263
LPYY,QVVPYPQ,Tier1,2.8289578565890854
LPYY,HQIYPV,Tier1,2.559823752113418
LPYY,IYPF,Tier1,2.1557455152490963
LPYY,WYS,Tier1,2.480020286449904
LPYY,WYSL,Tier1,2.3979473350243072
LPYY,WYSLA,Tier1,2.3343566161220344
LPYY,WYSLAM,Tier1,2.88159045113431
LPYY,WYSLAMA,Tier1,2.7363111395665687
LPYY,YGGFL,Tier1,1.8330306865612025
LPYY,YGGFM,Tier1,2.322317469275166
LPYY,PYVRYL,Tier1,2.8964938438164047
LPYY,AGWNIPIGT,Tier1,2.545990148159956
LPYY,AGWNIP,Tier1,2.7728131484510725
LPYY,LGFEYY,Tier1,2.6865633813665575
LPYY,VPYPQ,Tier1,2.2517169095952116
LPYY,VPNSYP,Tier1,2.655068982686827
LPYY,ISELGY,Tier1,3.0818032524552046
LPYY,YLMSR,Tier1,2.9969201355130934
LPYY,WHNVSGSP,Tier1,2.6009134100084106
LPYY,YWVTSGPK,Tier1,2.9954954833439458
LPYY,VAMVPPFET,Tier1,3.0954208882466117
LPYY,AYPS,Tier1,2.5635344718423037
LPYY,VLSRYPS,Tier1,2.688789352104254
LPYY,YGLN,Tier1,3.011085345963176
LPYY,YIPIQY,Tier1,2.839874392546341
LPYY,FVPH,Tier1,2.3883748938222085
LPYY,LSGYGP,Tier1,2.54358217321862
LPYY,GFGPEL,Tier1,2.9941526253030304
LPYY,VPVTST,Tier1,2.628141737003254
LPYY,YLGAK,Tier1,2.9890133009020183
LPYY,GGIF,Tier1,2.636605714670802
LPYY,GVQEGAGHYALL,Tier1,2.8981007082195975
LPYY,WPP,Tier1,2.1940765366231227
LPYY,YYIVS,Tier1,2.0399996925752886
LPYY,TYQTF,Tier1,3.0466692686896453
LPYY,SGQYFL,Tier1,2.8388830289101645
LPYY,YYDPL,Tier1,3.0245386890002566
LPYY,HYVPV,Tier1,2.8943825359776802
LPYY,CSQAPLA,Tier1,2.9455400393208935
LPYY,AGGF,Tier1,2.0455998813780134
LPYY,SGAF,Tier1,2.538168082008307
LPYY,GQVPP,Tier1,3.055896505115272
LPYY,DGVVYY,Tier1,2.674217519091164
LPYY,GFYPPP,Tier1,2.1753248849462823
LPYY,DVPPYM,Tier1,3.022838078159196
LPYY,PGVPWP,Tier1,2.618482358480033
LPYY,RYLGY,Tier1,2.945043345881352
LPYY,YLG,Tier1,3.065807978344108
LPYY,YLGY,Tier1,2.1395478787371895
LPYY,LGY,Tier1,2.3646025852224537
LPYY,AYFYPEL,Tier1,2.1927956568381197
LPYY,AYFYPE,Tier1,2.4942845588948415
LPYY,VAGTWY,Tier1,2.5491544904464014
HHPLL,HLHP,Tier1,2.200840796573337
HHPLL,LPHH,Tier1,1.881708902799278
HHPLL,HHPL,Tier1,1.6342016556692358
HHPLL,LHPH,Tier1,1.6342016556692358
HHPLL,LLPHH,Tier1,0.7738995330561608
HHPLL,LLPHHH,Tier1,1.1369215618345847
HHPLL,LHH,Tier1,1.8165478482247572
HHPLL,LHA,Tier1,1.3789006103618606
HHPLL,LHG,Tier1,1.3868537125639924
HHPLL,LHQ,Tier1,3.085336338178001
HHPLL,LHS,Tier1,1.2516392928945064
HHPLL,LHT,Tier1,1.2890252254349222
HHPLL,PHI,Tier1,2.9149338377418985
HHPLL,PHL,Tier1,1.2592910691493797
HHPLL,PHM,Tier1,2.8624407988086995
HHPLL,PHV,Tier1,1.528147994281546
HHPLL,IHH,Tier1,1.934401766641286
HHPLL,LPHSGY,Tier1,2.5212819226621783
HHPLL,PHYL,Tier1,2.7965991266683754
HHPLL,GALAAH,Tier1,2.1843929785678893
HHPLL,GSGGL,Tier1,2.698393853902993
HHPLL,GPGGFI,Tier1,2.6725015114280306
HHPLL,FIGP,Tier1,2.740659065502798
HHPLL,YLAGMN,Tier1,3.0055747416775165
HHPLL,LVDTGRGPIMY,Tier1,2.8628424513756836
HHPLL,AAVGGYRVAVL,Tier1,2.462615233497631
HHPLL,NHAV,Tier1,2.348838626018266
HHPLL,HVRETALV,Tier1,2.25510946369434
HHPLL,IPAGM,Tier1,2.6119447962137246
HHPLL,LPAGV,Tier1,2.860659721935104
HHPLL,IPAGV,Tier1,2.612901610753842
HHPLL,PSIPA,Tier1,2.9663031625445146
HHPLL,VSYT,Tier1,2.8058448049542015
HHPLL,HDHPVC,Tier1,3.1162001985482104
HHPLL,FLHRP,Tier1,3.0409993130239754
HHPLL,PVMGA,Tier1,2.6857365160902
HHPLL,QHGV,Tier1,2.6103411260854026
HHPLL,CAAP,Tier1,3.077495781673269
HHPLL,ARHPHPHLSFM,Tier1,2.8698099821171663
HHPLL,SALAM,Tier1,3.051459270341083
HHPLL,YQIGL,Tier1,3.0461050778459557
HHPLL,YPI,Tier1,2.833898466469076
HHPLL,YPIL,Tier1,3.0201319847556376
HHPLL,HQIYPV,Tier1,2.454162181106708
HHPLL,LNLPTAVYMVT,Tier1,3.0402030078039433
HHPLL,YGGFL,Tier1,3.0027187946298817
HHPLL,DRVYIHPF,Tier1,3.01083596537941
HHPLL,PYVRYL,Tier1,2.742488515384173
HHPLL,AGWNIPIGT,Tier1,3.039260545714161
HHPLL,LVSK,Tier1,2.6647762082513737
HHPLL,YWVTSGPK,Tier1,3.0535455870800314
HHPLL,VLSRYPS,Tier1,2.7370962039433717
HHPLL,YLKT,Tier1,3.097562385934013
HHPLL,RASDPLLSV,Tier1,2.7250457687524086
HHPLL,FVPH,Tier1,2.2854467878244558
HHPLL,SAEHGSLH,Tier1,3.056687118096141
HHPLL,LSGYGP,Tier1,2.919082559089025
HHPLL,VPVTST,Tier1,2.765467090226636
HHPLL,YLGAK,Tier1,2.6032645119237876
HHPLL,GGIF,Tier1,2.863028473976069
HHPLL,GVQEGAGHYALL,Tier1,3.011679218309698
HHPLL,YYIVS,Tier1,2.9201784868940917
HHPLL,GIISHR,Tier1,1.6688868631000504
HHPLL,GLTSK,Tier1,2.5988433806125664
HHPLL,CSQAPLA,Tier1,3.1114603379366854
HHPLL,VLVPK,Tier1,2.9713224815460637
HHPLL,RYLG,Tier1,3.0944576211476744
HHPLL,LGY,Tier1,2.79196729933407
PYY,PHY,Tier1,2.8853806995073263
PYY,HYY,Tier1,3.0324692800893778
PYY,YHY,Tier1,3.0324692800893778
PYY,YYH,Tier1,1.7775891027183257
PYY,AYY,Tier1,1.0388133505283248
PYY,YAY,Tier1,1.235078818172242
PYY,YYA,Tier1,1.7297758718001344
PYY,WYY,Tier1,3.122446570723672
PYY,YYY,Tier1,1.674416474416539
PYY,GYY,Tier1,0.6138716443532722
PYY,NYY,Tier1,2.9193129403482962
PYY,QYY,Tier1,2.9526762846181005
PYY,YGY,Tier1,1.746393496329276
PYY,YYG,Tier1,0.6138716443532722
PYY,YYN,Tier1,2.9193129403482962
PYY,YYQ,Tier1,2.9198190166883125
PYY,SYY,Tier1,0.4814928670649486
PYY,TYY,Tier1,0.5409527318462568
PYY,YSY,Tier1,0.7678160594297213
PYY,YTY,Tier1,1.2474775588497249
PYY,YYS,Tier1,0.2696638533677855
PYY,YYT,Tier1,0.5729069130055476
PYY,YPFPG,Tier1,2.835806310179239
PYY,LPHSGY,Tier1,3.0148361947531535
PYY,GPP,Tier1,3.0449449529258494
PYY,YGYTGA,Tier1,2.610936809924902
PYY,WYT,Tier1,3.0063602820696915
PYY,WSY,Tier1,2.839616041818916
PYY,YSTA,Tier1,2.227864003358817
PYY,YPPAK,Tier1,3.105804123137227
PYY,FGHPY,Tier1,2.3806658539901955
PYY,TTYY,Tier1,0.9837786079743792
PYY,PYPQ,Tier1,2.8905855215472647
PYY,WYS,Tier1,2.839616041818916
PYY,AYPS,Tier1,2.153453754927429
PYY,GFYPPP,Tier1,3.004658075289032
HLHP,LPHH,Tier1,1.5441945154882017
HLHP,HHPL,Tier1,1.2036292786040859
HLHP,LHPH,Tier1,1.2036292786040859
HLHP,LLPHH,Tier1,2.344163098724402
HLHP,HLH,Tier1,1.6353696422542368
HLHP,LLPHHH,Tier1,2.0664729098570804
HLHP,LHH,Tier1,1.2601155846080172
HLHP,LHA,Tier1,2.1322085883435764
HLHP,LHG,Tier1,1.62554966658485
HLHP,LHS,Tier1,1.4841049478553954
HLHP,LHT,Tier1,1.523209057864481
HLHP,PHF,Tier1,2.52035291818385
HLHP,PHI,Tier1,3.0459641671505353
HLHP,PHL,Tier1,1.3870843595078262
HLHP,PHM,Tier1,1.9551157502409142
HLHP,PHV,Tier1,1.337413956677481
HLHP,PHW,Tier1,2.534993848844207
HLHP,PWH,Tier1,3.0430210046958828
HLHP,IHH,Tier1,1.5323137577511798
HLHP,FHH,Tier1,2.4513254295272753
HLHP,WHH,Tier1,3.0543749370884115
HLHP,HFH,Tier1,2.7066715883125645
HLHP,HHF,Tier1,2.497904823395743
HLHP,HHW,Tier1,2.6664296872147633
HLHP,LPHSGY,Tier1,2.619367786712409
HLHP,PHYL,Tier1,2.9013166181066
HLHP,GALAAH,Tier1,2.490385566655431
HLHP,GSGGL,Tier1,3.0932921543028895
HLHP,NHAV,Tier1,2.739668820131848
HLHP,SVYT,Tier1,2.9362536826242116
HLHP,PSIPA,Tier1,3.041166921242283
HLHP,VSYT,Tier1,3.1079217268429593
HLHP,QHGV,Tier1,2.7145255294435957
HLHP,ARHPHPHLSFM,Tier1,2.8747942471558603
HLHP,HQIYPV,Tier1,3.0170182332700133
HLHP,HMPVTK,Tier1,2.8033800562854685
HLHP,FVPH,Tier1,3.0092706087066987
HLHP,SAEHGSLH,Tier1,2.9015303764993834
HLHP,VPVTST,Tier1,2.9858963313768894
HLHP,YLGAK,Tier1,2.5870052720061945
HLHP,GIISHR,Tier1,2.3831466369051477
HLHP,GLTSK,Tier1,2.3595602666595212
HLHP,PGVPWP,Tier1,2.830774447951692
HLHP,RYLGY,Tier1,2.978707102724165
HLHP,RYLG,Tier1,2.7381466166651034
LPHH,HHPL,Tier1,0.9673744163202012
LPHH,LHPH,Tier1,0.9673744163202012
LPHH,HHP,Tier1,3.092057881135333
LPHH,LLPHH,Tier1,1.6416234642183736
LPHH,HLH,Tier1,2.7822890747127245
LPHH,LLPHHH,Tier1,1.1141531063449444
LPHH,LHH,Tier1,1.5193484110275912
LPHH,PHH,Tier1,3.045548596911774
LPHH,LHA,Tier1,2.2949600806389134
LPHH,LHG,Tier1,2.1288003185665847
LPHH,LHS,Tier1,1.7097063501575138
LPHH,LHT,Tier1,1.972450884877052
LPHH,LHY,Tier1,2.6595521058885323
LPHH,PHA,Tier1,2.52396930173952
LPHH,PHF,Tier1,2.870811367887644
LPHH,PHG,Tier1,3.079756921854048
LPHH,PHI,Tier1,2.246273565401561
LPHH,PHL,Tier1,1.626201502862206
LPHH,PHM,Tier1,2.131432828958059
LPHH,PHS,Tier1,2.8561370577815186
LPHH,PHT,Tier1,3.00859195357255
LPHH,PHV,Tier1,1.584046842437362
LPHH,PHW,Tier1,2.733375252591
LPHH,AHH,Tier1,2.7450017516648155
LPHH,IHH,Tier1,1.2952278399868458
LPHH,FHH,Tier1,2.594132739272827
LPHH,WHH,Tier1,2.7167355401058404
LPHH,HHF,Tier1,2.8511239160265895
LPHH,HHW,Tier1,2.8556949652683787
LPHH,GHH,Tier1,2.9356500505482295
LPHH,SHH,Tier1,2.9755148087899075
LPHH,THH,Tier1,2.9694646262320634
LPHH,LPHSGY,Tier1,2.07619558014807
LPHH,GAH,Tier1,3.0377847465989527
LPHH,PHYL,Tier1,1.986643781225702
LPHH,GALAAH,Tier1,2.6370256827893876
LPHH,GSGGL,Tier1,2.690032431658588
LPHH,GPGGFI,Tier1,3.0056453544554387
LPHH,AVPYPQR,Tier1,2.8368716318509017
LPHH,NHAV,Tier1,2.5979629428325812
LPHH,PSIPA,Tier1,2.7411400785717244
LPHH,PSLPA,Tier1,2.9175578106685665
LPHH,VSYT,Tier1,3.1016953606283515
LPHH,HDHPVC,Tier1,2.9210105532106923
LPHH,FLHRP,Tier1,3.063835747314287
LPHH,QHGV,Tier1,2.736587863752229
LPHH,CAAP,Tier1,3.0083980958882366
LPHH,ARHPHPHLSFM,Tier1,2.597986348667141
LPHH,FGHPY,Tier1,2.979975584300345
LPHH,HQIYPV,Tier1,2.667666527950204
LPHH,HMPVTK,Tier1,2.8368123074736493
LPHH,WHNVSGSP,Tier1,2.796017215451081
LPHH,YWVTSGPK,Tier1,3.122077711152436
LPHH,ARHPHP,Tier1,3.1005759154085744
LPHH,VLSRYPS,Tier1,2.796374171043278
LPHH,FVPH,Tier1,2.5828613773801608
LPHH,SAEHGSLH,Tier1,2.8219382405681332
LPHH,LSGYGP,Tier1,3.0298646879416693
LPHH,VGGRP,Tier1,2.8975659605769293
LPHH,VPVTST,Tier1,2.9591505036827446
LPHH,YLGAK,Tier1,2.8181921659120914
LPHH,GIISHR,Tier1,2.4398357416684116
LPHH,LSGNK,Tier1,3.0830307702431097
LPHH,GLTSK,Tier1,2.4985930251469552
HHPL,HHP,Tier1,2.918163032198883
HHPL,LLPHH,Tier1,1.8226396991593543
HHPL,HLH,Tier1,2.6496422754299735
HHPL,LLPHHH,Tier1,1.2894216124331879
HHPL,LHH,Tier1,1.2601155846080172
HHPL,PHH,Tier1,2.9248654582102085
HHPL,LHA,Tier1,2.1322085883435764
HHPL,LHG,Tier1,1.6255496665848501
HHPL,LHS,Tier1,1.4841049478553956
HHPL,LHT,Tier1,1.523209057864481
HHPL,PHA,Tier1,2.3769502999859755
HHPL,PHF,Tier1,2.52035291818385
HHPL,PHG,Tier1,2.7559977539745644
HHPL,PHI,Tier1,3.0459641671505358
HHPL,PHL,Tier1,1.3870843595078262
HHPL,PHM,Tier1,1.9551157502409142
HHPL,PHS,Tier1,2.7270846311240153
HHPL,PHT,Tier1,2.7351835192194374
HHPL,PHV,Tier1,1.3374139566774812
HHPL,PHW,Tier1,2.534993848844207
HHPL,AHH,Tier1,2.420239462039493
HHPL,IHH,Tier1,1.53231375775118
HHPL,FHH,Tier1,2.4513254295272753
HHPL,WHH,Tier1,3.0543749370884115
HHPL,HHF,Tier1,2.497904823395743
HHPL,HHW,Tier1,2.6664296872147633
HHPL,GHH,Tier1,2.8102513965415556
HHPL,SHH,Tier1,2.8518695744735556
HHPL,THH,Tier1,2.845556511286231
HHPL,LPHSGY,Tier1,2.0623737317720274
HHPL,GAH,Tier1,2.5678226862713744
HHPL,PHYL,Tier1,2.6398702010115054
HHPL,GALAAH,Tier1,2.3092826172683796
HHPL,GSGGL,Tier1,2.7194431767187788
HHPL,GPGGFI,Tier1,3.01084411886676
HHPL,NHAV,Tier1,2.4611098723319205
HHPL,HVRETALV,Tier1,3.0390042235308408
HHPL,PSIPA,Tier1,3.041166921242283
HHPL,VSYT,Tier1,2.865388982297086
HHPL,HDHPVC,Tier1,2.965006665601362
HHPL,QHGV,Tier1,2.4330896838563185
HHPL,ARHPHPHLSFM,Tier1,2.554598566331869
HHPL,FGHPY,Tier1,2.8302016075792538
HHPL,HQIYPV,Tier1,2.869349221634745
HHPL,PYVRYL,Tier1,3.1219189828435265
HHPL,YWVTSGPK,Tier1,2.8180237922461475
HHPL,ARHPHP,Tier1,3.116123201538178
HHPL,VLSRYPS,Tier1,3.042403043462617
HHPL,FVPH,Tier1,2.7580765319535625
HHPL,SAEHGSLH,Tier1,2.560514421456964
HHPL,LSGYGP,Tier1,2.7493566123664146
HHPL,VGGRP,Tier1,3.04685857541988
HHPL,YLGAK,Tier1,2.5870052720061945
HHPL,GIISHR,Tier1,2.1932062896144813
HHPL,GLTSK,Tier1,2.3595602666595217
HHPL,RYLGY,Tier1,2.978707102724165
HHPL,RYLG,Tier1,2.991014933875715
LHPH,HHP,Tier1,2.918163032198883
LHPH,LLPHH,Tier1,1.8226396991593543
LHPH,HLH,Tier1,2.6496422754299735
LHPH,LLPHHH,Tier1,1.2894216124331879
LHPH,LHH,Tier1,1.2601155846080172
LHPH,PHH,Tier1,2.9248654582102085
LHPH,LHA,Tier1,2.1322085883435764
LHPH,LHG,Tier1,1.6255496665848501
LHPH,LHS,Tier1,1.4841049478553956
LHPH,LHT,Tier1,1.523209057864481
LHPH,PHA,Tier1,2.3769502999859755
LHPH,PHF,Tier1,2.52035291818385
LHPH,PHG,Tier1,2.7559977539745644
LHPH,PHI,Tier1,3.0459641671505358
LHPH,PHL,Tier1,1.3870843595078262
LHPH,PHM,Tier1,1.9551157502409142
LHPH,PHS,Tier1,2.7270846311240153
LHPH,PHT,Tier1,2.7351835192194374
LHPH,PHV,Tier1,1.3374139566774812
LHPH,PHW,Tier1,2.534993848844207
LHPH,AHH,Tier1,2.420239462039493
LHPH,IHH,Tier1,1.53231375775118
LHPH,FHH,Tier1,2.4513254295272753
LHPH,WHH,Tier1,3.0543749370884115
LHPH,HHF,Tier1,2.497904823395743
LHPH,HHW,Tier1,2.6664296872147633
LHPH,GHH,Tier1,2.8102513965415556
LHPH,SHH,Tier1,2.8518695744735556
LHPH,THH,Tier1,2.845556511286231
LHPH,LPHSGY,Tier1,2.0623737317720274
LHPH,GAH,Tier1,2.5678226862713744
LHPH,PHYL,Tier1,2.6398702010115054
LHPH,GALAAH,Tier1,2.3092826172683796
LHPH,GSGGL,Tier1,2.7194431767187788
LHPH,GPGGFI,Tier1,3.01084411886676
LHPH,NHAV,Tier1,2.4611098723319205
LHPH,HVRETALV,Tier1,3.0390042235308408
LHPH,PSIPA,Tier1,3.041166921242283
LHPH,VSYT,Tier1,2.865388982297086
LHPH,HDHPVC,Tier1,2.965006665601362
LHPH,QHGV,Tier1,2.4330896838563185
LHPH,ARHPHPHLSFM,Tier1,2.554598566331869
LHPH,FGHPY,Tier1,2.8302016075792538
LHPH,HQIYPV,Tier1,2.869349221634745
LHPH,PYVRYL,Tier1,3.1219189828435265
LHPH,YWVTSGPK,Tier1,2.8180237922461475
LHPH,ARHPHP,Tier1,3.116123201538178
LHPH,VLSRYPS,Tier1,3.042403043462617
LHPH,FVPH,Tier1,2.7580765319535625
LHPH,SAEHGSLH,Tier1,2.560514421456964
LHPH,LSGYGP,Tier1,2.7493566123664146
LHPH,VGGRP,Tier1,3.04685857541988
LHPH,YLGAK,Tier1,2.5870052720061945
LHPH,GIISHR,Tier1,2.1932062896144813
LHPH,GLTSK,Tier1,2.3595602666595217
LHPH,RYLGY,Tier1,2.978707102724165
LHPH,RYLG,Tier1,2.991014933875715
HHP,PHH,Tier1,0.24109210970163328
HHP,PHA,Tier1,2.111498863298209
HHP,PHG,Tier1,1.7898369893896096
HHP,PHR,Tier1,3.055169661579573
HHP,PHS,Tier1,1.699008747985409
HHP,PHT,Tier1,1.7202527444869693
HHP,RHG,Tier1,3.0593531593984404
HHP,RHT,Tier1,3.102133225409244
HHP,AHH,Tier1,1.0801772135007832
HHP,YHH,Tier1,1.7443581940291615
HHP,HHW,Tier1,3.117643075973819
HHP,HHY,Tier1,3.113935477333182
HHP,GHH,Tier1,0.3610757438119217
HHP,NHH,Tier1,2.919000680598131
HHP,QHH,Tier1,2.9195068110662183
HHP,SHH,Tier1,0.3733502546572325
HHP,THH,Tier1,0.42599144455423915
HHP,GAH,Tier1,2.453573121868051
HHP,ARHPHP,Tier1,2.47568178542312
HHP,RHPHP,Tier1,2.0335481186080373
LLPHH,LLPHHH,Tier1,0.9264576029468222
LLPHH,LHH,Tier1,1.943969789730539
LLPHH,LHA,Tier1,1.5428996570585243
LLPHH,LHG,Tier1,1.8269144191142452
LLPHH,LHS,Tier1,1.4303053443277276
LLPHH,LHT,Tier1,1.6794800301640969
LLPHH,LHY,Tier1,2.6701309417535177
LLPHH,PHI,Tier1,2.239166556854825
LLPHH,PHL,Tier1,1.4370060735203547
LLPHH,PHM,Tier1,2.944951576033057
LLPHH,PHV,Tier1,1.677619966178786
LLPHH,IHH,Tier1,1.763055237787698
LLPHH,LPHSGY,Tier1,2.511050475008522
LLPHH,PHYL,Tier1,2.3034729336366544
LLPHH,GALAAH,Tier1,2.4436073934889784
LLPHH,GSGGL,Tier1,2.6564641606538855
LLPHH,GPGGFI,Tier1,2.6495266543252707
LLPHH,FIGP,Tier1,2.822736552481469
LLPHH,VLPVPQK,Tier1,2.9172669328278378
LLPHH,YLAGMN,Tier1,3.076941034875298
LLPHH,LVDTGRGPIMY,Tier1,3.030500897946105
LLPHH,AAVGGYRVAVL,Tier1,2.647268506416608
LLPHH,NHAV,Tier1,2.4441097402669287
LLPHH,HVRETALV,Tier1,2.34698398673319
LLPHH,IPAGM,Tier1,2.5256982882635204
LLPHH,LPAGV,Tier1,2.5578172911766117
LLPHH,IPAGV,Tier1,2.5266877631296953
LLPHH,PSIPA,Tier1,2.7044086996228383
LLPHH,PSLPA,Tier1,2.95307789803467
LLPHH,VSYT,Tier1,2.9838838707608173
LLPHH,HDHPVC,Tier1,3.0669665778806654
LLPHH,FLHRP,Tier1,2.9408767969005
LLPHH,PVMGA,Tier1,2.6596230614958207
LLPHH,QHGV,Tier1,2.823441302398567
LLPHH,CAAP,Tier1,2.936848564297287
LLPHH,ARHPHPHLSFM,Tier1,2.8839914237291118
LLPHH,SALAM,Tier1,3.123220686035685
LLPHH,YQIGL,Tier1,3.117989724230918
LLPHH,YPI,Tier1,2.719822438131116
LLPHH,YPIL,Tier1,2.727775146048576
LLPHH,QVVPYPQ,Tier1,3.097172194386654
LLPHH,HQIYPV,Tier1,2.2432756456961256
LLPHH,LNLPTAVYMVT,Tier1,2.91486008605758
LLPHH,YGGFL,Tier1,3.041566584562182
LLPHH,DRVYIHPF,Tier1,3.00445004329231
LLPHH,PYVRYL,Tier1,2.8801522879897177
LLPHH,AGWNIPIGT,Tier1,2.816981697156801
LLPHH,YLMSR,Tier1,3.088215876473366
LLPHH,LVSK,Tier1,2.7491201813407264
LLPHH,VLSRYPS,Tier1,2.4990476631321132
LLPHH,RASDPLLSV,Tier1,2.8008806522264633
LLPHH,MPDAHL,Tier1,3.07321682745706
LLPHH,FVPH,Tier1,2.092215625449584
LLPHH,LSGYGP,Tier1,3.1178016927757026
LLPHH,VPVTST,Tier1,2.5938324212693447
LLPHH,YLGAK,Tier1,2.7711774711874915
LLPHH,GGIF,Tier1,2.897100406640034
LLPHH,GVQEGAGHYALL,Tier1,2.7775196373031696
LLPHH,YYIVS,Tier1,2.9601097148620683
LLPHH,GIISHR,Tier1,1.8979064435112123
LLPHH,GLTSK,Tier1,2.682739400703026
LLPHH,CSQAPLA,Tier1,2.936021987893071
LLPHH,VLVPK,Tier1,2.8687692138052014
LLPHH,LGY,Tier1,3.0066279556096536
HLH,LHH,Tier1,1.8054439179061288
HLH,LHA,Tier1,2.7724117100424013
HLH,LHG,Tier1,2.575671406396672
HLH,LHM,Tier1,2.888570168163059
HLH,LHS,Tier1,2.4727454308928674
HLH,LHT,Tier1,2.516845522900296
HLH,LHW,Tier1,3.0404507523439026
HLH,PHL,Tier1,2.429532434749977
HLH,PHV,Tier1,2.5090902278313902
HLH,IHH,Tier1,1.9516245070901934
HLH,HFH,Tier1,2.6660744304952906
HLH,HWH,Tier1,3.1022061227869293
LLPHHH,LHH,Tier1,1.6473892108347918
LLPHHH,LHA,Tier1,2.089842570770824
LLPHHH,LHG,Tier1,2.0745506922386183
LLPHHH,LHS,Tier1,1.738337838536118
LLPHHH,LHT,Tier1,1.9253514236678717
LLPHHH,LHY,Tier1,2.9078674351984373
LLPHHH,PHA,Tier1,3.0010012422851284
LLPHHH,PHI,Tier1,2.5447003971254287
LLPHHH,PHL,Tier1,1.684527471708803
LLPHHH,PHM,Tier1,2.693643885513194
LLPHHH,PHV,Tier1,1.7975013583023045
LLPHHH,IHH,Tier1,1.529884059839889
LLPHHH,FHH,Tier1,3.0755302106474574
LLPHHH,LPHSGY,Tier1,2.297508820451472
LLPHHH,PHYL,Tier1,2.3314208074443874
LLPHHH,GALAAH,Tier1,2.610738582662146
LLPHHH,GSGGL,Tier1,2.852425972229767
LLPHHH,GPGGFI,Tier1,2.9258354794053774
LLPHHH,AVPYPQR,Tier1,3.046516113063428
LLPHHH,AAVGGYRVAVL,Tier1,3.0437562701369267
LLPHHH,NHAV,Tier1,2.5664081437585153
LLPHHH,HVRETALV,Tier1,2.62108723012146
LLPHHH,IPAGM,Tier1,3.0842953728120635
LLPHHH,PSIPA,Tier1,3.0146377226476653
LLPHHH,HDHPVC,Tier1,2.9273285295606035
LLPHHH,FLHRP,Tier1,2.894888180107571
LLPHHH,QHGV,Tier1,2.7939875777238004
LLPHHH,ARHPHPHLSFM,Tier1,2.4368266300888743
LLPHHH,HQIYPV,Tier1,2.5291235092798154
LLPHHH,DRVYIHPF,Tier1,3.1061621330397373
LLPHHH,PYVRYL,Tier1,3.0372747208179254
LLPHHH,WHNVSGSP,Tier1,3.0540883458168855
LLPHHH,YWVTSGPK,Tier1,3.0873092916285128
LLPHHH,VLSRYPS,Tier1,2.597388215769063
LLPHHH,RASDPLLSV,Tier1,3.0978260049744795
LLPHHH,FVPH,Tier1,2.437759740982116
LLPHHH,SAEHGSLH,Tier1,2.961808549154535
LLPHHH,LSGYGP,Tier1,3.1073740897384785
LLPHHH,VGGRP,Tier1,3.0774259851592833
LLPHHH,VPVTST,Tier1,3.0460793439949376
LLPHHH,YLGAK,Tier1,2.8597074798918123
LLPHHH,GVQEGAGHYALL,Tier1,2.916666151563657
LLPHHH,GIISHR,Tier1,2.065842639356318
LLPHHH,LSGNK,Tier1,3.119158024429119
LLPHHH,GLTSK,Tier1,2.7006184307742545
LHH,LHA,Tier1,2.1039579247874705
LHH,LHG,Tier1,1.8369690941943417
LHH,LHR,Tier1,3.0000263376620726
LHH,LHS,Tier1,1.6896278363288524
LHH,LHT,Tier1,1.7535346148391349
LHH,PHF,Tier1,3.0866635014807833
LHH,PHI,Tier1,3.062076903036475
LHH,PHL,Tier1,1.625730639065992
LHH,PHM,Tier1,2.6296688415242064
LHH,PHV,Tier1,1.7423851556687304
LHH,IHH,Tier1,0.7410873605525923
LHH,FHH,Tier1,2.596723506397486
LHH,HHF,Tier1,2.6660744304952906
LHH,HHW,Tier1,2.860673906083691
LHH,GALAAH,Tier1,2.9977510802200764
LHH,NHAV,Tier1,2.9286301330628692
LHH,QHGV,Tier1,3.01454716512217
LHH,FVPH,Tier1,3.055591557798647
LHH,YLGAK,Tier1,3.067344863113039
LHH,GIISHR,Tier1,2.4041716084227662
LHH,GLTSK,Tier1,2.9337736353205375
PHH,PHA,Tier1,2.1039579247874705
PHH,PHG,Tier1,1.8369690941943417
PHH,PHR,Tier1,3.000026337662073
PHH,PHS,Tier1,1.6896278363288524
PHH,PHT,Tier1,1.7535346148391349
PHH,RHG,Tier1,2.9852792557433476
PHH,RHT,Tier1,3.0199596297176656
PHH,AHH,Tier1,1.1505532625023833
PHH,YHH,Tier1,1.6744164744165393
PHH,HHY,Tier1,2.9731662325508075
PHH,GHH,Tier1,0.36359147834072925
PHH,NHH,Tier1,2.9193129403482962
PHH,QHH,Tier1,2.9198190166883125
PHH,SHH,Tier1,0.48149286706494887
PHH,THH,Tier1,0.5409527318462568
PHH,GAH,Tier1,2.5258919658441
PHH,ARHPHP,Tier1,2.382470832071858
PHH,RHPHP,Tier1,1.915425749317932
LHA,LHG,Tier1,0.9887810613453875
LHA,LHM,Tier1,2.7801906179263884
LHA,LHS,Tier1,0.8601595536206198
LHA,LHT,Tier1,0.9497117981969642
LHA,LHV,Tier1,2.9764171917674824
LHA,LHY,Tier1,3.122289767021591
LHA,LWA,Tier1,3.077358760287058
LHA,LWG,Tier1,3.1233348792359945
LHA,LWT,Tier1,3.0711483366489003
LHA,PHI,Tier1,2.71285862555221
LHA,PHL,Tier1,1.0435356368087534
LHA,PHM,Tier1,2.984044257152577
LHA,PHV,Tier1,1.339111637265134
LHA,PWI,Tier1,3.0356260321009017
LHA,PWL,Tier1,3.091926645468544
LHA,IHH,Tier1,2.12442224448871
LHA,LPHSGY,Tier1,2.769503813715314
LHA,GAWA,Tier1,2.9647697469210343
LHA,PHYL,Tier1,2.8676451550214677
LHA,GALAAH,Tier1,1.6734014122056957
LHA,GVPLT,Tier1,2.5893368167965733
LHA,GSGGL,Tier1,2.487955449318491
LHA,GPGGFI,Tier1,2.6600700534570616
LHA,FIGP,Tier1,2.542009513036733
LHA,AMTGLDA,Tier1,2.898075217693306
LHA,YLAGMN,Tier1,2.7145936642340165
LHA,AAVGGYRVAVL,Tier1,2.4224196018860047
LHA,NHAV,Tier1,2.462941299420049
LHA,HVRETALV,Tier1,2.6728037972122602
LHA,IPAGM,Tier1,2.0779125027299057
LHA,LPAGV,Tier1,2.218732788108454
LHA,IPAGV,Tier1,1.881442827827877
LHA,SVYT,Tier1,2.6983866249237627
LHA,LALPA,Tier1,2.5374386086025176
LHA,PSIPA,Tier1,2.45451879482075
LHA,PSLPA,Tier1,2.9421378280670876
LHA,VSYT,Tier1,2.614036689380997
LHA,PVMGA,Tier1,2.2070775215672827
LHA,QHGV,Tier1,2.8469639771226634
LHA,CAAP,Tier1,2.6942959460447384
LHA,SALAM,Tier1,2.16259812413525
LHA,YQIGL,Tier1,2.8198867991637635
LHA,YPI,Tier1,2.3574747307539163
LHA,YPIL,Tier1,2.7624316836526686
LHA,HQIYPV,Tier1,2.5832028122605317
LHA,WYSLA,Tier1,2.8670247522200802
LHA,WYSLAM,Tier1,3.0784209329328087
LHA,WYSLAMA,Tier1,2.959665021999559
LHA,LNLPTAVYMVT,Tier1,2.9962952449707294
LHA,YGGFL,Tier1,2.9677002015506155
LHA,PYVRYL,Tier1,2.931099646978666
LHA,TIIPLPV,Tier1,3.000424509955329
LHA,AGWNIPIGT,Tier1,2.9204623836839887
LHA,VIPMGL,Tier1,3.042773211864759
LHA,ISELGY,Tier1,3.039663010284356
LHA,GPLGLLGFLGPLGLS,Tier1,3.0038476036557302
LHA,SVMPVVA,Tier1,3.037600488934496
LHA,LVSK,Tier1,2.776312852078251
LHA,VLSRYPS,Tier1,3.1001777280102054
LHA,YIPIQY,Tier1,2.9703975120399275
LHA,RASDPLLSV,Tier1,2.881980727969047
LHA,FVPH,Tier1,2.420828665408227
LHA,LSGYGP,Tier1,2.9620122652519183
LHA,VPVTST,Tier1,2.2106835624155106
LHA,YLGAK,Tier1,2.4474895059992163
LHA,GGIF,Tier1,2.590411157488609
LHA,YYIVS,Tier1,2.551687290008406
LHA,GIISHR,Tier1,1.95494917313573
LHA,GLTSK,Tier1,2.5110819299131637
LHA,CSQAPLA,Tier1,2.841748532750271
LHA,AGGF,Tier1,3.112106792484319
LHA,SGAF,Tier1,3.1004239590106075
LHA,VLVPK,Tier1,3.1229504457134984
LHA,PGVPWP,Tier1,3.0164803040679486
LHA,RYLG,Tier1,2.955302322399484
LHA,YLG,Tier1,2.872781082836819
LHA,YLGY,Tier1,3.117860414042432
LHA,LGY,Tier1,2.2886421830028056
LHA,VAGTWY,Tier1,2.903495599451941
LHD,LHE,Tier1,0.029566604915071047
LHD,LHN,Tier1,3.0488323082841653
LHD,LHQ,Tier1,2.719000322134319
LHD,VHDY,Tier1,2.08135322015266
LHD,IIENGEKWS,Tier1,3.0726667579324043
LHD,NHAV,Tier1,3.1226858282974583
LHD,HVRETALV,Tier1,2.9876182844554715
LHD,HDHPVC,Tier1,2.561798971243231
LHD,HEKVC,Tier1,3.0924102263586746
LHD,RADHPFL,Tier1,2.6680211627799157
LHD,RADHPF,Tier1,3.073221199420006
LHD,ISELGY,Tier1,3.113964417261367
LHD,VLYEE,Tier1,2.8900727065601965
LHD,YVGD,Tier1,2.6450858882686594
LHD,LGNTDYAVH,Tier1,2.8643087240598066
LHD,RASDPLLSV,Tier1,2.8201772705301265
LHD,MPDAHL,Tier1,2.4140981757352686
LHD,ALEPDHR,Tier1,2.4345443441491197
LHD,VVGGDGDV,Tier1,2.8619421609055498
LHD,LTTLDSE,Tier1,2.6775471362188967
LHD,KGLWE,Tier1,2.7763514815728745
LHD,ADGF,Tier1,3.0777430623385063
LHD,ETTL,Tier1,2.2367686380632086
LHE,LHN,Tier1,3.048064102111077
LHE,LHQ,Tier1,2.7178212002189155
LHE,VHDY,Tier1,2.0771891497200565
LHE,IIENGEKWS,Tier1,3.058999387379242
LHE,NHAV,Tier1,3.12081059369957
LHE,HVRETALV,Tier1,2.9756469425129604
LHE,HDHPVC,Tier1,2.5541047475850016
LHE,HEKVC,Tier1,3.0870312471322934
LHE,RADHPFL,Tier1,2.6562128170806187
LHE,RADHPF,Tier1,3.0652488459616505
LHE,ISELGY,Tier1,3.108303342467817
LHE,VLYEE,Tier1,2.8855983538078775
LHE,YVGD,Tier1,2.6437385882429405
LHE,LGNTDYAVH,Tier1,2.851419660375927
LHE,RASDPLLSV,Tier1,2.8068580392636653
LHE,MPDAHL,Tier1,2.406944545449053
LHE,ALEPDHR,Tier1,2.4231885873063477
LHE,VVGGDGDV,Tier1,2.856029944866859
LHE,LTTLDSE,Tier1,2.6697835036984228
LHE,KGLWE,Tier1,2.770055151579578
LHE,ADGF,Tier1,3.0774354622231472
LHE,ETTL,Tier1,2.2348050918898554
LHF,LHL,Tier1,2.6660744304952906
LHF,LHM,Tier1,1.6282227388576316
LHF,LHV,Tier1,2.2784428081712793
LHF,LHW,Tier1,1.0497430589459766
LHF,LWA,Tier1,2.712454465180964
LHF,LWG,Tier1,2.7725158792082074
LHF,LWT,Tier1,2.6543896146619623
LHF,PWI,Tier1,2.4589320261735774
LHF,PWL,Tier1,2.7115491216616836
LHF,PWV,Tier1,2.4927349032021193
LHF,YIY,Tier1,3.0623012213114307
LHF,YLY,Tier1,3.090126244091295
LHF,YVY,Tier1,3.0647920163993043
LHF,GVPLT,Tier1,3.0139392293495204
LHF,HVCYMF,Tier1,2.95953359263797
LHF,VCSV,Tier1,2.829053784043324
LHF,SALAM,Tier1,2.9881516468958385
LHF,WYSL,Tier1,2.605820630509129
LHF,WYSLA,Tier1,2.671311415090379
LHF,WYSLAM,Tier1,2.3829987498851497
LHF,WYSLAMA,Tier1,2.6952228130519895
LHF,YVL,Tier1,3.04383946479795
LHF,WPL,Tier1,1.7662377576092938
LHF,VPW,Tier1,2.319411602594418
LHF,VFPW,Tier1,2.7312626089598906
LHF,VIPMGL,Tier1,2.5808129421322934
LHF,YYIVS,Tier1,3.049183457272046
LHF,LTC,Tier1,2.325727421072332
LHF,LPM,Tier1,2.5292109799616043
LHF,YLG,Tier1,2.6682094600558677
LHG,LHM,Tier1,2.856529899633155
LHG,LHQ,Tier1,3.0454692248294317
LHG,LHS,Tier1,0.6160457074695092
LHG,LHT,Tier1,0.20407891100434467
LHG,PHF,Tier1,2.6543864377438715
LHG,PHL,Tier1,0.7051089727024676
LHG,PHM,Tier1,2.342069744298011
LHG,PHV,Tier1,0.8556672389771299
LHG,PHW,Tier1,3.0412451491438106
LHG,PWI,Tier1,3.0494316057495645
LHG,PWV,Tier1,3.054244772614006
LHG,IHH,Tier1,2.1291304386646885
LHG,LPHSGY,Tier1,2.4847107680308738
LHG,GAWA,Tier1,2.5238581948270276
LHG,PHYL,Tier1,3.0346199750831455
LHG,GALAAH,Tier1,1.5842283404209403
LHG,GVPLT,Tier1,2.879240310331167
LHG,GSGGL,Tier1,2.417541271500774
LHG,GPGGFI,Tier1,2.6043516129897095
LHG,FIGP,Tier1,2.602589950364485
LHG,AMTGLDA,Tier1,2.7601857228739815
LHG,YLAGMN,Tier1,2.57455241297395
LHG,AAVGGYRVAVL,Tier1,2.589335010112768
LHG,NHAV,Tier1,2.2516384771246765
LHG,HVRETALV,Tier1,2.6926577735831922
LHG,IPAGM,Tier1,2.296329683845588
LHG,LPAGV,Tier1,2.8468305886104206
LHG,IPAGV,Tier1,2.4307536105518044
LHG,SVYT,Tier1,2.3372056236182015
LHG,PSIPA,Tier1,2.6669236041419624
LHG,VSYT,Tier1,2.3264761906646942
LHG,PVMGA,Tier1,2.2771178066617734
LHG,QHGV,Tier1,2.375660570212323
LHG,CAAP,Tier1,2.7517834937407497
LHG,SALAM,Tier1,2.3859142730246004
LHG,YQIGL,Tier1,2.950134679078481
LHG,YPI,Tier1,2.5678563341950293
LHG,HQIYPV,Tier1,2.6729425444309256
LHG,WYSLA,Tier1,2.8060381338621245
LHG,WYSLAM,Tier1,3.0113886599531026
LHG,WYSLAMA,Tier1,2.9856658716517877
LHG,YGGFL,Tier1,2.9316990019396725
LHG,DRVYIHPF,Tier1,3.0706171616793894
LHG,PYVRYL,Tier1,2.7787067442823097
LHG,AGWNIPIGT,Tier1,3.0729701489858807
LHG,ISELGY,Tier1,3.1186725839371845
LHG,LVSK,Tier1,2.9757110129291364
LHG,YWVTSGPK,Tier1,2.9319755656323667
LHG,YLKT,Tier1,3.025453052122442
LHG,TVYQ,Tier1,3.036998286314893
LHG,YGLN,Tier1,2.9835687597874814
LHG,YIPIQY,Tier1,2.903928050135056
LHG,RASDPLLSV,Tier1,2.890897441028638
LHG,FVPH,Tier1,2.466361115398871
LHG,SAEHGSLH,Tier1,2.8985627242878
LHG,LSGYGP,Tier1,2.5880046753996786
LHG,VPVTST,Tier1,2.406767348254372
LHG,YLGAK,Tier1,2.195704135740233
LHG,GGIF,Tier1,2.73531700581263
LHG,YYIVS,Tier1,2.732233563060264
LHG,GIISHR,Tier1,1.8195443276620753
LHG,GLTSK,Tier1,2.188614168101371
LHG,CSQAPLA,Tier1,2.9520332165438483
LHG,AGGF,Tier1,3.006847796540334
LHG,SGAF,Tier1,2.7902170775996513
LHG,PGVPWP,Tier1,2.781794769600326
LHG,RYLGY,Tier1,2.8727920324184497
LHG,RYLG,Tier1,2.641425009658973
LHG,YLG,Tier1,2.9259049751764983
LHG,YLGY,Tier1,2.934801418153609
LHG,LGY,Tier1,2.224479270587785
LHG,VAGTWY,Tier1,2.5751622936264895
LHI,LHL,Tier1,2.566175635562316
LHI,LHV,Tier1,2.6175593185405113
LHI,LALPA,Tier1,2.9169154841945484
LHI,LPL,Tier1,2.142658283300478
LHI,TIIPLPV,Tier1,2.703038583536473
LHI,SVMPVVA,Tier1,3.1036964271708625
LHI,LPF,Tier1,3.038987293447737
LHI,LLPF,Tier1,2.734912366286465
LHI,LAC,Tier1,2.3537115877264267
LHI,CHI,Tier1,2.856492626499838
LHK,LHN,Tier1,1.7968150281386883
LHK,LHQ,Tier1,2.2651342960466647
LHK,LHR,Tier1,1.3893875789846433
LHK,RHF,Tier1,2.756866091562488
LHK,RHI,Tier1,2.3032484428214133
LHK,RHL,Tier1,0.30585353259136444
LHK,RHM,Tier1,2.220146168927411
LHK,RHV,Tier1,0.6014519429258228
LHK,RHW,Tier1,2.958743131149911
LHK,IHH,Tier1,3.074385184353621
LHK,VKEAMPK,Tier1,2.9078870745073266
LHK,KVLPVPQK,Tier1,2.952280185510452
LHK,NHAV,Tier1,2.9661699842373364
LHK,KTFCGRH,Tier1,2.94308185638812
LHK,FLHRP,Tier1,2.338479601222736
LHK,WSVPQPK,Tier1,3.1090629577883977
LHK,HNPI,Tier1,2.582560272730679
LHK,YLMSR,Tier1,3.0755278759597227
LHK,HMPVTK,Tier1,2.9244195428142445
LHK,VGGRP,Tier1,3.07074591202464
LHK,GIISHR,Tier1,2.955144736081117
LHK,LSGNK,Tier1,2.941020165249485
LHK,KYL,Tier1,2.6152380817368974
LHK,RYL,Tier1,2.8508260387323388
LHL,LHM,Tier1,2.1634152845829107
LHL,LHV,Tier1,0.5507937524283262
LHL,LHW,Tier1,2.8606739060836905
LHL,LALPA,Tier1,3.0102792201725848
LHL,LPL,Tier1,1.9744259330700284
LHL,VCSV,Tier1,2.8847382101421255
LHL,YVL,Tier1,2.931991807668614
LHL,TIIPLPV,Tier1,2.35790974787151
LHL,VIPMGL,Tier1,2.3019484898017923
LHL,LTC,Tier1,2.6475132545882527
LHL,YLL,Tier1,2.86285522223864
LHL,LPM,Tier1,2.7161949231584153
LHM,LHS,Tier1,2.812719744207444
LHM,LHT,Tier1,2.8398497351268723
LHM,LHV,Tier1,1.6761077266466837
LHM,LHW,Tier1,1.6706602813298082
LHM,LWA,Tier1,2.96994093052398
LHM,LWG,Tier1,2.925448370310994
LHM,LWT,Tier1,2.8663039691294427
LHM,PHL,Tier1,2.8750239972530616
LHM,PHV,Tier1,2.896249482301884
LHM,PWI,Tier1,2.829049397676303
LHM,PWL,Tier1,2.890978910287953
LHM,PWV,Tier1,2.9548037515814873
LHM,GVPLT,Tier1,2.3841336651996534
LHM,IPAGM,Tier1,3.023669687991184
LHM,IPAGV,Tier1,3.0625636505900937
LHM,LALPA,Tier1,3.11376790902285
LHM,LPL,Tier1,2.9978210498673907
LHM,HVCYMF,Tier1,3.026222814998668
LHM,PVMGA,Tier1,3.058677650049457
LHM,VCSV,Tier1,2.437132581934417
LHM,SALAM,Tier1,2.563598043223845
LHM,WYSLA,Tier1,3.119916609206618
LHM,WYSLAM,Tier1,2.734506105909258
LHM,WYSLAMA,Tier1,2.8481068475784412
LHM,TIIPLPV,Tier1,2.6406831031323743
LHM,WPL,Tier1,2.1887804314863137
LHM,VPW,Tier1,2.4379179879020763
LHM,VIPMGL,Tier1,2.1939458375749883
LHM,SVMPVVA,Tier1,2.8577142254252568
LHM,LTC,Tier1,1.7657100538430266
LHM,LPM,Tier1,1.7622589921195482
LHM,YLG,Tier1,2.979401882088892
LHN,LHQ,Tier1,1.3798628346129425
LHN,LHR,Tier1,2.2793930557474567
LHN,RHI,Tier1,2.921159681209282
LHN,RHL,Tier1,1.8326978041541757
LHN,RHM,Tier1,2.880447743298637
LHN,RHV,Tier1,1.8984456599509931
LHN,VKEAMPK,Tier1,2.4262960837341807
LHN,AVPYPQR,Tier1,2.838573163711431
LHN,KVLPVPQK,Tier1,2.6687797443749273
LHN,VLPVPQK,Tier1,2.307259150468385
LHN,NHAV,Tier1,2.054850961460447
LHN,HVRETALV,Tier1,2.883552866784119
LHN,HDHPVC,Tier1,2.777474584098385
LHN,FLHRP,Tier1,2.1706196102002346
LHN,QHGV,Tier1,2.432642486446458
LHN,VKEAMAPK,Tier1,2.576138607003985
LHN,YQEPVLGP,Tier1,2.919375645295193
LHN,FRADHPFL,Tier1,3.0614063551632844
LHN,RADHPFL,Tier1,2.585643836390212
LHN,QVVPYPQ,Tier1,2.9252109017003654
LHN,HQIYPV,Tier1,2.421818584913961
LHN,WSVPQPK,Tier1,2.259007919530309
LHN,LQGM,Tier1,2.8051325527788995
LHN,AIRQGDVF,Tier1,3.0849169338363422
LHN,VLEANPRSF,Tier1,2.775341980767311
LHN,FALPQYLK,Tier1,2.74358417681842
LHN,HNPI,Tier1,1.490554992663433
LHN,VPYPQ,Tier1,2.9574797050430863
LHN,VPNSYP,Tier1,3.1097387119404916
LHN,NPYVPR,Tier1,2.599790605744984
LHN,YLMSR,Tier1,2.358378174268105
LHN,HMPVTK,Tier1,2.611091768162094
LHN,LVSK,Tier1,2.5845741395010284
LHN,VLSRYPS,Tier1,2.6597988191116824
LHN,YLKT,Tier1,3.050441652395214
LHN,TVYQ,Tier1,3.0762692973538033
LHN,LGNTDYAVH,Tier1,2.862710299823768
LHN,RASDPLLSV,Tier1,2.630132773594889
LHN,LAPSLPGKPKPD,Tier1,2.990680021907927
LHN,MPDAHL,Tier1,2.5619283333525007
LHN,VGGRP,Tier1,2.35132060426609
LHN,YLGAK,Tier1,2.8970204137593574
LHN,GIISHR,Tier1,2.6279930035534496
LHN,LANAK,Tier1,2.428367608052646
LHN,SNAAC,Tier1,2.9213809207180086
LHN,LSGNK,Tier1,2.204029821491973
LHN,GLTSK,Tier1,2.5914415504185526
LHN,CAQ,Tier1,2.7829136236188106
LHN,KYL,Tier1,2.2185514190032762
LHN,CSQAPLA,Tier1,2.6824750657901575
LHN,KGLWE,Tier1,2.9628327261328034
LHN,GQVPP,Tier1,2.999657660997492
LHN,RYL,Tier1,2.4992798743471623
LHN,RYLG,Tier1,2.622994476342948
LHQ,LHR,Tier1,1.8133275628083918
LHQ,LHS,Tier1,2.956650301844105
LHQ,LHT,Tier1,2.9944778519711415
LHQ,PHL,Tier1,2.9198190166883125
LHQ,PHV,Tier1,2.9888129676136157
LHQ,RHL,Tier1,2.1324051766378553
LHQ,RHM,Tier1,3.0794689233178727
LHQ,RHV,Tier1,2.189564687725655
LHQ,VHDY,Tier1,2.9043260395319197
LHQ,LARL,Tier1,3.116187773884156
LHQ,VKEAMPK,Tier1,2.6178939640630383
LHQ,AVPYPQR,Tier1,3.1137789406999214
LHQ,KVLPVPQK,Tier1,3.06395805068039
LHQ,VLPVPQK,Tier1,2.9616243864286043
LHQ,LVDTGRGPIMY,Tier1,2.98613233764688
LHQ,NHAV,Tier1,1.5340399633393675
LHQ,HVRETALV,Tier1,2.538967577813055
LHQ,HDHPVC,Tier1,2.6774918846482083
LHQ,FLHRP,Tier1,2.166988626110588
LHQ,QHGV,Tier1,1.6728606204534355
LHQ,VKEAMAPK,Tier1,2.5505711353112646
LHQ,YQIGL,Tier1,2.816351250936086
LHQ,FRADHPFL,Tier1,2.823059400920072
LHQ,RADHPFL,Tier1,2.315266778878662
LHQ,RADHPF,Tier1,2.9407441245328196
LHQ,QVVPYPQ,Tier1,3.110556556921637
LHQ,HQIYPV,Tier1,2.556753382585141
LHQ,WSVPQPK,Tier1,2.686371030301514
LHQ,DRVYIHPF,Tier1,3.114695931833341
LHQ,AIRQGDVF,Tier1,2.968413583273745
LHQ,VLEANPRSF,Tier1,2.7610485307272286
LHQ,FALPQYLK,Tier1,2.6471844692390483
LHQ,PYVRYL,Tier1,2.9151966200991373
LHQ,HNPI,Tier1,1.6897416073128506
LHQ,NPYVPR,Tier1,2.367030471021182
LHQ,QLGNLGV,Tier1,2.949677288969915
LHQ,VKP,Tier1,3.116910687371113
LHQ,HMPVTK,Tier1,3.0581605382189703
LHQ,LVSK,Tier1,2.1932031635984814
LHQ,VLSRYPS,Tier1,2.8625761068632936
LHQ,YLKT,Tier1,2.5302546975552485
LHQ,TVYQ,Tier1,2.583928537725475
LHQ,YIPIQY,Tier1,3.119275129425453
LHQ,LGNTDYAVH,Tier1,2.5853957647481542
LHQ,RASDPLLSV,Tier1,2.247600670483203
LHQ,LAPSLPGKPKPD,Tier1,2.8515089202327175
LHQ,MPDAHL,Tier1,2.635847404165659
LHQ,TSQLLSDQ,Tier1,3.1014038562534174
LHQ,VGGRP,Tier1,2.430422056405263
LHQ,YLGAK,Tier1,2.390649983225184
LHQ,SGQYFL,Tier1,3.079583211014357
LHQ,GIISHR,Tier1,2.089311679275705
LHQ,LANAK,Tier1,2.010614837534754
LHQ,LSGNK,Tier1,2.1137854396988827
LHQ,GLTSK,Tier1,2.205114427876709
LHQ,CAQ,Tier1,2.418667719692901
LHQ,KYL,Tier1,1.7363001666990063
LHQ,CSQAPLA,Tier1,2.828619736515521
LHQ,KGLWE,Tier1,2.893901415512916
LHQ,ETTL,Tier1,3.015073472164434
LHQ,RYLGY,Tier1,2.912177630232816
LHQ,RYL,Tier1,1.7674109275295369
LHQ,RYLG,Tier1,2.0232638020261327
LHR,RHF,Tier1,2.64786851399831
LHR,RHL,Tier1,1.1220494584960599
LHR,RHM,Tier1,2.4370803599549724
LHR,RHV,Tier1,1.249947496907521
LHR,RHW,Tier1,3.0109680036319375
LHR,IHH,Tier1,3.109608526205942
LHR,VKEAMPK,Tier1,3.080995687882279
LHR,NHAV,Tier1,2.678333396870475
LHR,KTFCGRH,Tier1,2.9920265697115416
LHR,FLHRP,Tier1,2.3623429767015676
LHR,QHGV,Tier1,2.7203921538504554
LHR,RADHPFL,Tier1,3.0610758181650026
LHR,HNPI,Tier1,2.7126001722925452
LHR,NPYVPR,Tier1,3.1159266085779254
LHR,LVSK,Tier1,2.9388967261068286
LHR,YLKT,Tier1,3.110638347249166
LHR,GIISHR,Tier1,2.5397926266509416
LHR,LANAK,Tier1,2.8744243218122256
LHR,LSGNK,Tier1,2.882121963909089
LHR,GLTSK,Tier1,2.9877006574255254
LHR,KYL,Tier1,2.260085093974353
LHR,RYL,Tier1,2.264788386213217
LHR,RYLG,Tier1,2.7092764868748707
LHS,LHT,Tier1,0.44099730531438036
LHS,LHW,Tier1,3.118399490233918
LHS,LHY,Tier1,2.9709055179501553
LHS,LWT,Tier1,3.083521980482668
LHS,PHF,Tier1,2.699893330392388
LHS,PHI,Tier1,2.5659203530093997
LHS,PHL,Tier1,0.26966385336778587
LHS,PHM,Tier1,2.22611967140743
LHS,PHV,Tier1,0.5766752302411826
LHS,PHW,Tier1,2.959672371445554
LHS,PWI,Tier1,3.036939300888633
LHS,PWL,Tier1,3.054077917185495
LHS,IHH,Tier1,1.7838067485384497
LHS,LPHSGY,Tier1,2.2835108405330566
LHS,GAWA,Tier1,2.7025142246123393
LHS,PHYL,Tier1,2.523046950330365
LHS,GALAAH,Tier1,1.6742285586349268
LHS,GVPLT,Tier1,2.6857636274329852
LHS,GSGGL,Tier1,2.230331064664863
LHS,GPGGFI,Tier1,2.4520957805495045
LHS,FIGP,Tier1,2.5645275400075804
LHS,AMTGLDA,Tier1,2.752093037686386
LHS,YLAGMN,Tier1,2.4905147548972884
LHS,AAVGGYRVAVL,Tier1,2.593782023840682
LHS,NHAV,Tier1,2.1525382388560583
LHS,HVRETALV,Tier1,2.594077071171685
LHS,IPAGM,Tier1,2.084726492728336
LHS,LPAGV,Tier1,2.5102852509333853
LHS,IPAGV,Tier1,2.2500977735978624
LHS,SVYT,Tier1,2.438849475786498
LHS,LALPA,Tier1,2.980814701068903
LHS,PSIPA,Tier1,2.291140959369406
LHS,PSLPA,Tier1,2.781453461874969
LHS,VSYT,Tier1,2.3451831914386956
LHS,PVMGA,Tier1,2.118805496401443
LHS,QHGV,Tier1,2.3806574489340457
LHS,CAAP,Tier1,2.519147957439506
LHS,ARHPHPHLSFM,Tier1,3.0224364383717353
LHS,SALAM,Tier1,2.3514397632149424
LHS,YQIGL,Tier1,2.8882540480785837
LHS,YPI,Tier1,2.330539717150456
LHS,YPIL,Tier1,3.0772532228907465
LHS,HQIYPV,Tier1,2.344985944896861
LHS,WYSL,Tier1,3.0666486356996145
LHS,WYSLA,Tier1,2.73579467212276
LHS,WYSLAM,Tier1,2.9451743725086454
LHS,WYSLAMA,Tier1,2.8543920731813204
LHS,LNLPTAVYMVT,Tier1,3.0574939505674954
LHS,YGGFL,Tier1,2.8504660776660784
LHS,DRVYIHPF,Tier1,2.9020825649121176
LHS,FALPQYLK,Tier1,3.0939146820788244
LHS,PYVRYL,Tier1,2.728395400762947
LHS,AGWNIPIGT,Tier1,2.7552153514644964
LHS,ISELGY,Tier1,2.9862995581394554
LHS,HMPVTK,Tier1,2.9541115900649966
LHS,LVSK,Tier1,2.9283834521231786
LHS,YWVTSGPK,Tier1,2.9402585526952345
LHS,VLSRYPS,Tier1,2.8551281804412394
LHS,YLKT,Tier1,3.01453594960866
LHS,TVYQ,Tier1,3.0236898536496315
LHS,YGLN,Tier1,2.979735401487502
LHS,YIPIQY,Tier1,2.8833431289920015
LHS,RASDPLLSV,Tier1,2.797345413296262
LHS,MPDAHL,Tier1,2.999130348316209
LHS,FVPH,Tier1,2.1746510327817776
LHS,SAEHGSLH,Tier1,2.8652543526542424
LHS,LSGYGP,Tier1,2.609640082479384
LHS,VGGRP,Tier1,3.064131159744743
LHS,VPVTST,Tier1,2.094734045658701
LHS,YLGAK,Tier1,2.17511714926603
LHS,GGIF,Tier1,2.6721115281221537
LHS,YYIVS,Tier1,2.645289784359962
LHS,GIISHR,Tier1,1.7669292753549546
LHS,LSGNK,Tier1,3.115949062755159
LHS,GLTSK,Tier1,2.071271304850959
LHS,CSQAPLA,Tier1,2.6732098507956596
LHS,AGGF,Tier1,2.8557223492334707
LHS,SGAF,Tier1,2.8240470730183413
LHS,GQVPP,Tier1,3.1226923312878796
LHS,PGVPWP,Tier1,2.574761896383916
LHS,RYLGY,Tier1,2.8865824858773994
LHS,RYLG,Tier1,2.6178928240339028
LHS,YLG,Tier1,2.881679789226937
LHS,YLGY,Tier1,2.9435547898944145
LHS,LGY,Tier1,2.299802230530652
LHS,VAGTWY,Tier1,2.6526980961873465
LHT,LHW,Tier1,3.124197139591867
LHT,PHF,Tier1,2.6403639159284946
LHT,PHI,Tier1,3.0045674941770812
LHT,PHL,Tier1,0.5258677113894724
LHT,PHM,Tier1,2.2764716095940263
LHT,PHV,Tier1,0.7299395953623669
LHT,PHW,Tier1,2.978122390341892
LHT,PWI,Tier1,3.03870300432677
LHT,PWV,Tier1,3.0691551735279314
LHT,IHH,Tier1,2.0060742051458145
LHT,LPHSGY,Tier1,2.3856909934797663
LHT,GAWA,Tier1,2.5644986613474883
LHT,PHYL,Tier1,2.8737708001220152
LHT,GALAAH,Tier1,1.5894541614804856
LHT,GVPLT,Tier1,2.821173542671648
LHT,GSGGL,Tier1,2.3552423759561325
LHT,GPGGFI,Tier1,2.548077858179577
LHT,FIGP,Tier1,2.5921783707674484
LHT,AMTGLDA,Tier1,2.7348450532971356
LHT,YLAGMN,Tier1,2.5231775759048536
LHT,LVDTGRGPIMY,Tier1,3.1224006786617737
LHT,AAVGGYRVAVL,Tier1,2.551964313068697
LHT,NHAV,Tier1,2.198781339480982
LHT,HVRETALV,Tier1,2.621570642859341
LHT,IPAGM,Tier1,2.2351615886349654
LHT,LPAGV,Tier1,2.76089601602239
LHT,IPAGV,Tier1,2.3871547760752363
LHT,SVYT,Tier1,2.3472282811564704
LHT,PSIPA,Tier1,2.55383543789504
LHT,PSLPA,Tier1,3.113627907244297
LHT,VSYT,Tier1,2.3131816329506942
LHT,PVMGA,Tier1,2.2295804918361175
LHT,QHGV,Tier1,2.3436075890649795
LHT,CAAP,Tier1,2.691619749853759
LHT,ARHPHPHLSFM,Tier1,3.0758416992407946
LHT,SALAM,Tier1,2.378526083462219
LHT,YQIGL,Tier1,2.9155641210933583
LHT,YPI,Tier1,2.4958439732197064
LHT,HQIYPV,Tier1,2.545916965369648
LHT,WYSL,Tier1,3.094333554495102
LHT,WYSLA,Tier1,2.7643035311616257
LHT,WYSLAM,Tier1,2.96828183778227
LHT,WYSLAMA,Tier1,2.922983355797159
LHT,YGGFL,Tier1,2.897472624686462
LHT,DRVYIHPF,Tier1,2.972462999326379
LHT,PYVRYL,Tier1,2.7234669862327245
LHT,AGWNIPIGT,Tier1,2.951073047549338
LHT,ISELGY,Tier1,3.058718916560391
LHT,LVSK,Tier1,2.9557131801595404
LHT,YWVTSGPK,Tier1,2.880827475253508
LHT,VLSRYPS,Tier1,3.0448982015449095
LHT,YLKT,Tier1,2.9943724330158457
LHT,TVYQ,Tier1,3.008622120751683
LHT,YGLN,Tier1,2.95937127746133
LHT,YIPIQY,Tier1,2.8638444849004596
LHT,RASDPLLSV,Tier1,2.8224881078082396
LHT,FVPH,Tier1,2.3735231468904883
LHT,SAEHGSLH,Tier1,2.839315063232357
LHT,LSGYGP,Tier1,2.562914689663936
LHT,VPVTST,Tier1,2.3049890268426623
LHT,YLGAK,Tier1,2.158398176906105
LHT,GGIF,Tier1,2.7246264056611804
LHT,YYIVS,Tier1,2.692685588718104
LHT,GIISHR,Tier1,1.7553778575949028
LHT,GLTSK,Tier1,2.1213125408070157
LHT,CSQAPLA,Tier1,2.8545321070477647
LHT,AGGF,Tier1,2.9658738180504134
LHT,SGAF,Tier1,2.7959230331717793
LHT,PGVPWP,Tier1,2.6911093857649013
LHT,RYLGY,Tier1,2.8360043125475243
LHT,RYLG,Tier1,2.6026175443184334
LHT,YLG,Tier1,2.910093451308938
LHT,YLGY,Tier1,2.918170029918181
LHT,LGY,Tier1,2.2403403949569825
LHT,VAGTWY,Tier1,2.5676028653543463
LHV,LHW,Tier1,2.5430803304257705
LHV,LWA,Tier1,3.043789243030674
LHV,GVPLT,Tier1,2.829509363399923
LHV,LALPA,Tier1,2.860906600269829
LHV,LPL,Tier1,2.0278558530405406
LHV,VCSV,Tier1,2.5388843250835245
LHV,SALAM,Tier1,3.03748770412386
LHV,YVL,Tier1,2.86285522223864
LHV,TIIPLPV,Tier1,2.2234413817912744
LHV,WPL,Tier1,2.82297216036193
LHV,VIPMGL,Tier1,2.026606953205353
LHV,SVMPVVA,Tier1,3.0942592152265416
LHV,LLPF,Tier1,2.9750938220751455
LHV,LTC,Tier1,2.22856148773527
LHV,YLL,Tier1,2.898629262632666
LHV,LPM,Tier1,2.3274780592234494
LHW,LWA,Tier1,2.8526247012736854
LHW,LWG,Tier1,2.675579285348645
LHW,LWS,Tier1,2.916969212203131
LHW,LWT,Tier1,2.567636701511405
LHW,PWI,Tier1,2.4663886305539546
LHW,PWL,Tier1,2.53366350544171
LHW,PWV,Tier1,2.5573762734525345
LHW,YIY,Tier1,3.0338649534421935
LHW,YLY,Tier1,3.00551911012865
LHW,YVY,Tier1,3.0758767626532926
LHW,GVPLT,Tier1,2.986480879681207
LHW,HVCYMF,Tier1,2.843272656519907
LHW,IYPF,Tier1,3.0196931151010706
LHW,WYSL,Tier1,2.4352933384253284
LHW,WYSLA,Tier1,2.5911058354570766
LHW,WYSLAM,Tier1,2.354582893532551
LHW,WYSLAMA,Tier1,2.655718035759563
LHW,WPL,Tier1,1.6332525663142277
LHW,VPW,Tier1,2.0724981945710064
LHW,VFPW,Tier1,2.709189095604255
LHW,VIPMGL,Tier1,2.9616246197125466
LHW,FVPH,Tier1,3.0504372359299867
LHW,YYIVS,Tier1,3.090089357904091
LHW,LTC,Tier1,2.662185498164184
LHW,LPM,Tier1,2.5956385272309173
LHW,YLG,Tier1,2.6608600419925654
LHY,LWH,Tier1,2.05279737039247
LHY,LWS,Tier1,2.922139301043827
LHY,PHI,Tier1,1.5137616780775547
LHY,PHL,Tier1,2.9731662325508075
LHY,PHV,Tier1,3.022476002759071
LHY,IHH,Tier1,2.860417997400938
LHY,IYY,Tier1,2.9212373370979545
LHY,LYY,Tier1,2.885380699507326
LHY,YYI,Tier1,2.9212373370979545
LHY,YYL,Tier1,2.885380699507326
LHY,YYV,Tier1,2.9539901350252
LHY,MYY,Tier1,3.072898599351729
LHY,YYM,Tier1,3.108118745763924
LHY,YPFPG,Tier1,2.889862242353424
LHY,LPHSGY,Tier1,3.1208209122671233
LHY,PHYL,Tier1,1.3133063961957745
LHY,VLPVPQK,Tier1,3.0777846366732273
LHY,LPAGV,Tier1,2.8931880864119495
LHY,PSIPA,Tier1,2.7563027646874905
LHY,PSLPA,Tier1,2.4686951522590372
LHY,GFPSG,Tier1,3.0595718139443475
LHY,YPI,Tier1,2.4917699134523583
LHY,YPIL,Tier1,2.8259914348991604
LHY,HQIYPV,Tier1,2.635912381341
LHY,IYPF,Tier1,2.6767928833620536
LHY,AGWNIPIGT,Tier1,2.95676534540794
LHY,AGWNIP,Tier1,2.9472822589519088
LHY,VPYPQ,Tier1,2.8739695755329806
LHY,YLMSR,Tier1,2.3593959254438204
LHY,HMPVTK,Tier1,2.985374600402378
LHY,WHNVSGSP,Tier1,2.7273862122327808
LHY,VLSRYPS,Tier1,3.005444127305346
LHY,FVPH,Tier1,2.4190541946614497
LHY,VPVTST,Tier1,2.930274689376541
LHY,WPP,Tier1,3.1208141352699843
LHY,YYIVS,Tier1,3.1129868248965855
LHY,HYVPV,Tier1,1.5278585977420334
LHY,MPACGSS,Tier1,3.035583342891398
LHY,GFYPPP,Tier1,2.9044010650665166
LHY,DVPPYM,Tier1,3.119480415129678
LHY,AYFYPEL,Tier1,3.106565928763428
LWA,LWG,Tier1,0.8284991038555057
LWA,LWH,Tier1,3.084221358812347
LWA,LWS,Tier1,1.2274287765680243
LWA,LWT,Tier1,0.8420203964887447
LWA,LWV,Tier1,3.000704246552712
LWA,LWY,Tier1,1.990610587036632
LWA,PWI,Tier1,1.1215761653502203
LWA,PWL,Tier1,1.0446020422273763
LWA,PWV,Tier1,1.7758196061667566
LWA,IYY,Tier1,2.696317375563311
LWA,LYY,Tier1,2.7498391785260257
LWA,VYY,Tier1,2.8740176133245825
LWA,YYI,Tier1,2.696317375563311
LWA,YYL,Tier1,2.7498391785260257
LWA,YYV,Tier1,2.873201031382449
LWA,ACFL,Tier1,2.0156716166590036
LWA,FLNDFLHV,Tier1,3.005500776570276
LWA,GVPLT,Tier1,2.9294832905983004
LWA,GPGGFI,Tier1,2.9921736899324958
LWA,FIGP,Tier1,1.7214700374765903
LWA,ISELGW,Tier1,2.7342401197573314
LWA,YLAGMN,Tier1,2.8614813510406947
LWA,AAVGGYRVAVL,Tier1,2.9055175820914716
LWA,IPAGM,Tier1,2.4761513799738184
LWA,LPAGV,Tier1,2.3829229922436324
LWA,IPAGV,Tier1,2.224333526614333
LWA,LALPA,Tier1,2.61795487609192
LWA,WVYY,Tier1,2.9812433170338832
LWA,LPL,Tier1,2.906844304887407
LWA,HVCYMF,Tier1,2.3906115281704787
LWA,MWL,Tier1,2.7976839340504056
LWA,FLQEFLHV,Tier1,3.037901726639747
LWA,LMGQW,Tier1,2.8769009425097374
LWA,PVMGA,Tier1,2.639989023187083
LWA,VCSV,Tier1,1.9313924031274219
LWA,SALAM,Tier1,2.570288575074601
LWA,YQIGL,Tier1,2.4782695673403787
LWA,YPI,Tier1,2.265999774883517
LWA,YPIL,Tier1,1.639240190577526
LWA,HQIYPV,Tier1,3.079240107888581
LWA,IYPF,Tier1,2.030308382964188
LWA,WYSL,Tier1,2.1425661550734256
LWA,WYSLA,Tier1,2.4179525864495384
LWA,WYSLAM,Tier1,2.2862477037566906
LWA,WYSLAMA,Tier1,2.539433786090711
LWA,LNLPTAVYMVT,Tier1,2.6294939848543044
LWA,YGGFL,Tier1,2.4469266508569802
LWA,YVL,Tier1,1.2539263148587563
LWA,FALPQYLK,Tier1,3.117718204398877
LWA,TIIPLPV,Tier1,2.3384150901824508
LWA,WPL,Tier1,2.1383562513595145
LWA,VPW,Tier1,2.2860869959401207
LWA,VFPW,Tier1,1.9044509148047395
LWA,AGWNIPIGT,Tier1,3.0719970784061474
LWA,VIPMGL,Tier1,2.114864460977107
LWA,WISELG,Tier1,2.6990513263598133
LWA,WISELGW,Tier1,2.5820484221555997
LWA,ISELWG,Tier1,2.7389875025369994
LWA,ISELGF,Tier1,2.567189871178741
LWA,ISELGY,Tier1,3.0991093300468977
LWA,GPLGLLGFLGPLGLS,Tier1,2.8939125639452024
LWA,QLGNLGV,Tier1,3.103629302104334
LWA,SVMPVVA,Tier1,2.219162372772948
LWA,LVSK,Tier1,3.0450114763325105
LWA,VAMVPPFET,Tier1,3.0040835366759198
LWA,YIPIQY,Tier1,2.795255296031121
LWA,FVPH,Tier1,2.426918761369072
LWA,VPVTST,Tier1,2.904059655889544
LWA,GGIF,Tier1,1.6691161750775052
LWA,YYIVS,Tier1,1.872775679940782
LWA,LPF,Tier1,2.5664049065828487
LWA,LLPF,Tier1,1.6531121836246891
LWA,FLPF,Tier1,1.9774288982308144
LWA,LTC,Tier1,2.470413108896366
LWA,YLL,Tier1,1.697032475278528
LWA,LFC,Tier1,3.040856985509777
LWA,LPM,Tier1,2.4171265852319626
LWA,VLVPK,Tier1,2.7177470084051047
LWA,DGVVYY,Tier1,3.065793991354159
LWA,IVEYF,Tier1,2.963636479970731
LWA,YLG,Tier1,2.9016770790183375
LWA,LGY,Tier1,2.4296587905929186
LWA,VAGTWY,Tier1,3.0552460366357774
LWD,LWE,Tier1,0.02956660491507111
LWD,LWN,Tier1,2.812302154813794
LWD,LWQ,Tier1,2.719000322134319
LWD,YVEEL,Tier1,2.1838935470848986
LWD,EFLQ,Tier1,1.6503386381118064
LWD,EFQI,Tier1,3.013441540153506
LWD,FEQI,Tier1,1.7404401095859146
LWD,EFQL,Tier1,3.006957154448938
LWD,LEEAF,Tier1,2.7034173353668347
LWD,IEEAF,Tier1,3.015523626042232
LWD,FEQL,Tier1,1.7291885923242583
LWD,EFIQ,Tier1,2.149955868564752
LWD,LNGDVW,Tier1,3.0929630438905797
LWD,FLQEFLHV,Tier1,2.8032063388408677
LWD,YPELF,Tier1,2.986460410977143
LWD,GIFE,Tier1,2.872107865233312
LWD,CME,Tier1,2.6649595347653836
LWD,IVEYF,Tier1,3.119499452693331
LWE,LWN,Tier1,2.8114693198594862
LWE,LWQ,Tier1,2.7178212002189155
LWE,YVEEL,Tier1,2.179214099687983
LWE,EFLQ,Tier1,1.6466275471980696
LWE,EFQI,Tier1,3.0114107283247717
LWE,FEQI,Tier1,1.7370428957824253
LWE,EFQL,Tier1,3.004921960290891
LWE,LEEAF,Tier1,2.7006418773630423
LWE,IEEAF,Tier1,3.0130356784850645
LWE,FEQL,Tier1,1.7257692298094531
LWE,EFIQ,Tier1,2.147108496448844
LWE,LNGDVW,Tier1,3.087723163761131
LWE,FLQEFLHV,Tier1,2.7900737535975324
LWE,YPELF,Tier1,2.981755497670435
LWE,GIFE,Tier1,2.871569486130617
LWE,CME,Tier1,2.6663079620448684
LWE,IVEYF,Tier1,3.114955650545272
LWF,LWI,Tier1,2.6206671760864095
LWF,LWM,Tier1,2.046774860223171
LWF,LWV,Tier1,2.2518795177502033
LWF,LWW,Tier1,0.9547549041033574
LWF,LWY,Tier1,2.921167220132918
LWF,ACFL,Tier1,2.829292618934147
LWF,MWL,Tier1,1.6655164277648884
LWF,FLPF,Tier1,3.0147183924844847
LWF,LFC,Tier1,2.220150723090746
LWG,LWH,Tier1,2.63523888670605
LWG,LWS,Tier1,0.6160457074695093
LWG,LWT,Tier1,0.29693214476072827
LWG,LWY,Tier1,1.6429902707304136
LWG,PWF,Tier1,2.8169821759463596
LWG,PWI,Tier1,0.9711665449037369
LWG,PWL,Tier1,0.4272075391269609
LWG,PWV,Tier1,1.5602814338494528
LWG,IYY,Tier1,2.5397112342692654
LWG,LYY,Tier1,2.5569595750467986
LWG,VYY,Tier1,2.6468177257182046
LWG,YYI,Tier1,2.5397112342692654
LWG,YYL,Tier1,2.5569595750467986
LWG,YYV,Tier1,2.6004702144243343
LWG,ACFL,Tier1,2.0678237674401996
LWG,FLNDFLHV,Tier1,3.0064428121633364
LWG,GVPLT,Tier1,2.873122742884923
LWG,GPGGFI,Tier1,2.6993845258854026
LWG,FIGP,Tier1,1.5990657053429345
LWG,VLPVPQK,Tier1,3.069212123937366
LWG,ISELGW,Tier1,2.5300548918358765
LWG,YLAGMN,Tier1,2.589162211209148
LWG,AAVGGYRVAVL,Tier1,3.0185076754635682
LWG,IPAGM,Tier1,2.313143818036077
LWG,LPAGV,Tier1,2.4017929642732727
LWG,IPAGV,Tier1,2.3622647304883904
LWG,LALPA,Tier1,2.8217310024651088
LWG,WVYY,Tier1,2.674308944513933
LWG,VSYT,Tier1,3.0548053612820065
LWG,HVCYMF,Tier1,1.9070760962525684
LWG,MWL,Tier1,2.8016672002848027
LWG,FLQEFLHV,Tier1,2.9211916131313336
LWG,LMGQW,Tier1,2.559216575665544
LWG,PVMGA,Tier1,2.427123118862672
LWG,VCSV,Tier1,2.2802669160680367
LWG,SALAM,Tier1,2.624638271030865
LWG,YQIGL,Tier1,2.481922548328323
LWG,YPI,Tier1,2.0541127810375444
LWG,YPIL,Tier1,1.8081728094156535
LWG,HQIYPV,Tier1,2.7564137514595983
LWG,IYPF,Tier1,1.6681673561684198
LWG,WYSL,Tier1,1.7942231149374117
LWG,WYSLA,Tier1,2.1833690050139234
LWG,WYSLAM,Tier1,2.0186874082574597
LWG,WYSLAMA,Tier1,2.3049610568322856
LWG,LQGM,Tier1,3.097638015648386
LWG,FPLEMMPF,Tier1,2.926406450650816
LWG,LNLPTAVYMVT,Tier1,2.566665584833855
LWG,YGGFL,Tier1,2.1922537762144576
LWG,YGGFM,Tier1,2.936277928764689
LWG,YVL,Tier1,2.0552330983476237
LWG,FALPQYLK,Tier1,2.8935296723610238
LWG,PYVRYL,Tier1,3.0302259103379567
LWG,TIIPLPV,Tier1,2.6514200903265843
LWG,WPL,Tier1,1.9907585267919368
LWG,VPW,Tier1,1.9050845718462466
LWG,VFPW,Tier1,1.494544294149148
LWG,AGWNIPIGT,Tier1,2.7647137050182047
LWG,VIPMGL,Tier1,2.5120196967962456
LWG,WISELG,Tier1,2.5308410732826183
LWG,WISELGW,Tier1,2.278285587511337
LWG,ISELWG,Tier1,2.5321571273693793
LWG,ISELGF,Tier1,2.4987929641302973
LWG,ISELGY,Tier1,2.9661479035163487
LWG,GPLGLLGFLGPLGLS,Tier1,3.0133066930706582
LWG,QLGNLGV,Tier1,3.110637700539231
LWG,SVMPVVA,Tier1,2.2316643469102746
LWG,YLMSR,Tier1,3.0652099930288994
LWG,LVSK,Tier1,3.114631250333633
LWG,VAMVPPFET,Tier1,2.692761934221796
LWG,YIPIQY,Tier1,2.6853148141004377
LWG,FYQL,Tier1,2.8400020793529817
LWG,FFGFN,Tier1,3.049514540549124
LWG,FVPH,Tier1,1.9800556152866193
LWG,VPVTST,Tier1,2.657718998363116
LWG,GGIF,Tier1,1.59529775610847
LWG,YYIVS,Tier1,1.8687410193662692
LWG,LPF,Tier1,2.414492451025281
LWG,LLPF,Tier1,1.9724678401989577
LWG,FLPF,Tier1,1.7737881013455106
LWG,HYVPV,Tier1,3.1063183885562786
LWG,LTC,Tier1,2.5950555544775207
LWG,YLL,Tier1,2.4496605272759986
LWG,LPM,Tier1,2.38114843426441
LWG,CSQAPLA,Tier1,3.0994707234018453
LWG,VLVPK,Tier1,2.885801818664396
LWG,DGVVYY,Tier1,2.837115174447639
LWG,IVEYF,Tier1,3.04134012269276
LWG,PGVPWP,Tier1,2.978542786825706
LWG,YLG,Tier1,2.8346383342181776
LWG,YLGY,Tier1,3.0504931855773196
LWG,LGY,Tier1,2.405668839194761
LWG,VAGTWY,Tier1,2.8269919436380913
LWH,LWS,Tier1,2.1812840637270017
LWH,LWT,Tier1,2.822713576469611
LWH,LWY,Tier1,2.6152380817368974
LWH,PHI,Tier1,2.5489909420110477
LWH,PWL,Tier1,2.7419283600256663
LWH,PHYL,Tier1,2.8814770505664113
LWH,ACFL,Tier1,2.943506006617238
LWH,VLPVPQK,Tier1,2.9129849371929004
LWH,HVCYMF,Tier1,2.459671955770119
LWH,YPIL,Tier1,2.8700300315567757
LWH,IYPF,Tier1,2.7292571653369073
LWH,VPW,Tier1,3.0908421664427115
LWH,VFPW,Tier1,3.092385408875772
LWH,SVMPVVA,Tier1,3.1141610062391134
LWH,YLMSR,Tier1,2.479077554383689
LWH,FVPH,Tier1,2.5388022282850176
LWH,LPF,Tier1,2.8057222162312647
LWH,LLPF,Tier1,2.9348974892798183
LWH,FLPF,Tier1,2.750962921136157
LWH,HYVPV,Tier1,2.1445612139183803
LWH,CHI,Tier1,3.085845644797494
LWI,LWM,Tier1,2.606094670863816
LWI,LWV,Tier1,0.7371476072059016
LWI,LWW,Tier1,2.9364281665547862
LWI,ACFL,Tier1,3.0408347733217482
LWI,MWL,Tier1,2.318703749127498
LWI,YVL,Tier1,3.1071710281086027
LWI,LLPF,Tier1,3.089255993189312
LWI,YLL,Tier1,3.0669964320196765
LWI,LFC,Tier1,2.558347112442021
LWI,CLV,Tier1,1.8073057794227834
LWK,LWN,Tier1,1.9352951073802822
LWK,LWQ,Tier1,1.7965732486472
LWK,LWR,Tier1,0.1650451552295375
LWK,RWI,Tier1,1.9585179635815726
LWK,RWL,Tier1,2.6814575517030335
LWK,FLQEFLHV,Tier1,3.114266768882377
LWK,FIKK,Tier1,2.587840447542823
LWK,IRW,Tier1,2.9751684410654415
LWK,WNIP,Tier1,2.8889796382607913
LWK,VKCFR,Tier1,2.544430000744099
LWK,MILMR,Tier1,2.8406703557261976
LWK,LLR,Tier1,2.803230194215628
LWK,IRGCRL,Tier1,2.9042199495958188
LWK,WIRGCRL,Tier1,2.5348844739270744
LWK,AWIRGCRL,Tier1,2.9914570761436785
LWK,QCL,Tier1,2.6332384586932256
LWK,VPKVK,Tier1,2.9038583045701243
LWM,LWV,Tier1,2.514321908956182
LWM,LWW,Tier1,2.1601186424549
LWM,ACFL,Tier1,2.3188884710512485
LWM,MWL,Tier1,2.0527448992342414
LWM,LFC,Tier1,2.9756672789404104
LWM,CLV,Tier1,3.093916732700352
LWN,LWQ,Tier1,0.7195042795418392
LWN,LWR,Tier1,1.9517422136446927
LWN,RWI,Tier1,2.183201986017352
LWN,RWL,Tier1,2.6691124834377153
LWN,EFLQ,Tier1,2.6682545009841068
LWN,FEQI,Tier1,2.893995593553923
LWN,FEQL,Tier1,2.887242959689822
LWN,YNI,Tier1,2.879959712566501
LWN,FLQEFLHV,Tier1,2.7654362409266375
LWN,LQGM,Tier1,2.9458752858093153
LWN,AGWNI,Tier1,2.4929440133201486
LWN,WNIP,Tier1,2.069319118737856
LWN,GWNIP,Tier1,2.99127868234785
LWN,GWNI,Tier1,2.2405202954441545
LWN,FYQL,Tier1,2.6621739433641505
LWN,IQW,Tier1,3.074507170950513
LWN,QCL,Tier1,2.240684830114006
LWQ,LWR,Tier1,1.8133275628083918
LWQ,RWI,Tier1,2.6570086932974313
LWQ,FLNDFLHV,Tier1,2.9742814867426137
LWQ,EFLQ,Tier1,2.5838428938974825
LWQ,FEQI,Tier1,2.663421722354797
LWQ,FEQL,Tier1,2.656082958772243
LWQ,YNI,Tier1,3.078652357985032
LWQ,EFIQ,Tier1,2.9282992874151033
LWQ,FLQEFLHV,Tier1,2.5991420078031306
LWQ,LMGQW,Tier1,2.707118921729376
LWQ,LQGM,Tier1,2.871529741958548
LWQ,AIRQGDVF,Tier1,3.104249009442977
LWQ,AGWNI,Tier1,2.67987638120224
LWQ,WNIP,Tier1,2.2685502243027833
LWQ,GWNIP,Tier1,3.1251825548795864
LWQ,GWNI,Tier1,2.616346070616482
LWQ,MILMR,Tier1,2.940019292424589
LWQ,FYQL,Tier1,2.57676181732217
LWQ,IQW,Tier1,2.6365470124915107
LWQ,QCL,Tier1,1.8738714022647498
LWR,RWI,Tier1,1.965724868004465
LWR,RWL,Tier1,2.6763734228093963
LWR,FIKK,Tier1,2.5981355290301478
LWR,IRW,Tier1,2.9799175988156503
LWR,WNIP,Tier1,2.888704266169438
LWR,VKCFR,Tier1,2.5653182075960577
LWR,MILMR,Tier1,2.9128320887644863
LWR,LLR,Tier1,2.8673350884711986
LWR,IRGCRL,Tier1,2.9203350917596462
LWR,WIRGCRL,Tier1,2.536767461868907
LWR,AWIRGCRL,Tier1,2.9987076631297085
LWR,QCL,Tier1,2.6989892807773366
LWR,VPKVK,Tier1,2.90849764308615
LWS,LWT,Tier1,0.8764881149368479
LWS,LWW,Tier1,3.1138824982949025
LWS,LWY,Tier1,1.5077830655299223
LWS,PWF,Tier1,3.052651882244874
LWS,PWI,Tier1,1.557342882296449
LWS,PWL,Tier1,0.8712136748340282
LWS,PWV,Tier1,2.1218124189039216
LWS,IYY,Tier1,2.616161383046097
LWS,LYY,Tier1,2.625870357215334
LWS,VYY,Tier1,2.813964600867428
LWS,YYI,Tier1,2.616161383046097
LWS,YYL,Tier1,2.625870357215334
LWS,YYV,Tier1,2.6729096818774423
LWS,ACFL,Tier1,1.880014966557349
LWS,GVPLT,Tier1,2.9557268123847704
LWS,GPGGFI,Tier1,2.841652407923552
LWS,FIGP,Tier1,1.9795260492563864
LWS,VLPVPQK,Tier1,2.858201805545947
LWS,ISELGW,Tier1,2.5342860523878326
LWS,YLAGMN,Tier1,2.7993373803681
LWS,IPAGM,Tier1,2.4457665570231986
LWS,LPAGV,Tier1,2.350294083726526
LWS,IPAGV,Tier1,2.508556702251395
LWS,LALPA,Tier1,2.78696120531766
LWS,WVYY,Tier1,2.9109876588394092
LWS,HVCYMF,Tier1,1.8193423591361217
LWS,MWL,Tier1,2.8981387032955457
LWS,FLQEFLHV,Tier1,2.8764674252022693
LWS,LMGQW,Tier1,2.768730228969063
LWS,PVMGA,Tier1,2.5986887186125402
LWS,VCSV,Tier1,2.5996818724274964
LWS,SALAM,Tier1,2.8781232238261283
LWS,YQIGL,Tier1,2.7123498213547186
LWS,YPI,Tier1,2.148276921938503
LWS,YPIL,Tier1,1.716882091892925
LWS,HQIYPV,Tier1,2.740499808635664
LWS,IYPF,Tier1,1.5531754106939826
LWS,WYSL,Tier1,2.0896588186903053
LWS,WYSLA,Tier1,2.436392391907329
LWS,WYSLAM,Tier1,2.2888587705243744
LWS,WYSLAMA,Tier1,2.4707051786421452
LWS,LQGM,Tier1,3.0154659039551013
LWS,FPLEMMPF,Tier1,2.750359389811651
LWS,LNLPTAVYMVT,Tier1,2.6006957216216278
LWS,YGGFL,Tier1,2.4278508268094012
LWS,YGGFM,Tier1,3.1056684128676184
LWS,YVL,Tier1,2.3994735548068076
LWS,FALPQYLK,Tier1,2.9660364721676635
LWS,TIIPLPV,Tier1,2.701152325101277
LWS,WPL,Tier1,2.2815630690456348
LWS,VPW,Tier1,1.934836694621835
LWS,VFPW,Tier1,1.6335067119441944
LWS,AGWNIPIGT,Tier1,2.7110686385749054
LWS,AGWNIP,Tier1,2.9934595780813718
LWS,VIPMGL,Tier1,2.8437316036838802
LWS,WISELG,Tier1,2.6193319950759513
LWS,WISELGW,Tier1,2.2991731755030473
LWS,ISELWG,Tier1,2.529645801759621
LWS,ISELGF,Tier1,2.6091803335282644
LWS,ISELGY,Tier1,3.0899975641800244
LWS,SVMPVVA,Tier1,2.1086548891616035
LWS,YLMSR,Tier1,2.78858382439903
LWS,VAMVPPFET,Tier1,2.646211562111363
LWS,YIPIQY,Tier1,2.9410831892234954
LWS,FYQL,Tier1,2.744276101028105
LWS,FVPH,Tier1,2.031003544658882
LWS,VPVTST,Tier1,2.686454377732872
LWS,GGIF,Tier1,1.9394280144005958
LWS,YYIVS,Tier1,2.140755939744148
LWS,LPF,Tier1,2.1369697691579663
LWS,LLPF,Tier1,1.828263556651265
LWS,FLPF,Tier1,1.5967525794188844
LWS,HYVPV,Tier1,2.707859811325023
LWS,LTC,Tier1,2.8679156145619022
LWS,YLL,Tier1,2.7403428587825327
LWS,LAC,Tier1,3.098193270509286
LWS,LPM,Tier1,2.499969438540701
LWS,CSQAPLA,Tier1,3.097814512846028
LWS,VLVPK,Tier1,2.9724621348372984
LWS,DGVVYY,Tier1,2.998308147360394
LWS,PGVPWP,Tier1,3.0530180169477865
LWS,YLG,Tier1,3.055571659388338
LWS,LGY,Tier1,2.7724014922289393
LWT,LWY,Tier1,1.7432388574907656
LWT,PWF,Tier1,2.719474291746789
LWT,PWI,Tier1,0.6956212647170772
LWT,PWL,Tier1,0.29293258556587287
LWT,PWV,Tier1,1.3039068056934413
LWT,PWW,Tier1,3.0408405565097727
LWT,IYY,Tier1,2.5400188679391213
LWT,LYY,Tier1,2.5518315366212208
LWT,VYY,Tier1,2.6004283371138266
LWT,YYI,Tier1,2.5400188679391213
LWT,YYL,Tier1,2.5518315366212208
LWT,YYV,Tier1,2.5995258147404154
LWT,ACFL,Tier1,2.277768834904143
LWT,FLNDFLHV,Tier1,2.8983802530216973
LWT,GVPLT,Tier1,2.878222426712972
LWT,GPGGFI,Tier1,2.6623887239434545
LWT,FIGP,Tier1,1.5060221545009218
LWT,ISELGW,Tier1,2.5319882247131837
LWT,YLAGMN,Tier1,2.493943417617414
LWT,AAVGGYRVAVL,Tier1,2.899980137453639
LWT,IPAGM,Tier1,2.3121269818319607
LWT,LPAGV,Tier1,2.4969135942334684
LWT,IPAGV,Tier1,2.3754408040268262
LWT,SVYT,Tier1,3.074961763096271
LWT,LALPA,Tier1,2.9086280277947445
LWT,WVYY,Tier1,2.5617194818164175
LWT,VSYT,Tier1,2.9515409604678617
LWT,HVCYMF,Tier1,1.9718949692754473
LWT,MWL,Tier1,2.823006887948834
LWT,FLQEFLHV,Tier1,2.9307040571490504
LWT,LMGQW,Tier1,2.4599553984703375
LWT,PVMGA,Tier1,2.4037544441555223
LWT,VCSV,Tier1,2.2502307506678694
LWT,SALAM,Tier1,2.5741657133691374
LWT,YQIGL,Tier1,2.3937340516531265
LWT,YPI,Tier1,2.057811533525745
LWT,YPIL,Tier1,1.9249291267021627
LWT,HQIYPV,Tier1,2.741547141893543
LWT,IYPF,Tier1,1.7820629212142434
LWT,WYSL,Tier1,1.6565724909921382
LWT,WYSLA,Tier1,2.0754343811350493
LWT,WYSLAM,Tier1,1.8961070964995204
LWT,WYSLAMA,Tier1,2.2344748481777494
LWT,FPLEMMPF,Tier1,2.9909899025469526
LWT,LNLPTAVYMVT,Tier1,2.527228310474976
LWT,YGGFL,Tier1,2.12054569277013
LWT,YGGFM,Tier1,2.87407026260109
LWT,DRVYIHPF,Tier1,3.0473780738905307
LWT,YVL,Tier1,2.0125432048354
LWT,FALPQYLK,Tier1,2.8322205917531464
LWT,PYVRYL,Tier1,2.909388865255066
LWT,TIIPLPV,Tier1,2.678793077521381
LWT,WPL,Tier1,1.888698898921958
LWT,VPW,Tier1,1.9423777792422217
LWT,VFPW,Tier1,1.5050046497848846
LWT,AGWNIPIGT,Tier1,2.768740910737162
LWT,LGFEY,Tier1,3.0523021818218883
LWT,VIPMGL,Tier1,2.424204685182573
LWT,WISELG,Tier1,2.4939473530771057
LWT,WISELGW,Tier1,2.2441664677605746
LWT,ISELWG,Tier1,2.5371140842795192
LWT,ISELGF,Tier1,2.4793236272170227
LWT,ISELGY,Tier1,2.9119320964925812
LWT,GPLGLLGFLGPLGLS,Tier1,2.9031144615849263
LWT,QLGNLGV,Tier1,3.014833290032659
LWT,SVMPVVA,Tier1,2.3521928525966884
LWT,LVSK,Tier1,3.0573664386467083
LWT,VAMVPPFET,Tier1,2.7037632915991012
LWT,YIPIQY,Tier1,2.5480823037013622
LWT,FYQL,Tier1,2.8970673460336642
LWT,FFGFN,Tier1,2.981304824220954
LWT,FVPH,Tier1,1.9927082835194483
LWT,GFGPEL,Tier1,3.0968246756218525
LWT,VPVTST,Tier1,2.6693065027381984
LWT,GGIF,Tier1,1.548737772478216
LWT,YYIVS,Tier1,1.7798587800736536
LWT,SGQYFL,Tier1,3.0827921594372585
LWT,LPF,Tier1,2.61038975513366
LWT,LLPF,Tier1,2.1442896838203582
LWT,FLPF,Tier1,1.952120843815422
LWT,LTC,Tier1,2.5572419443930765
LWT,YLL,Tier1,2.4095428112314448
LWT,LPM,Tier1,2.4035340168405765
LWT,CSQAPLA,Tier1,3.108282746777159
LWT,VLVPK,Tier1,2.892015981355056
LWT,DGVVYY,Tier1,2.7595345184346933
LWT,IVEYF,Tier1,2.952032344185039
LWT,PGVPWP,Tier1,2.9274031423178797
LWT,YLG,Tier1,2.774052141344457
LWT,YLGY,Tier1,2.9410212647108533
LWT,LGY,Tier1,2.2757146681213842
LWT,VAGTWY,Tier1,2.670766214035889
LWV,LWW,Tier1,2.5852941867635844
LWV,ACFL,Tier1,2.822051526042053
LWV,MWL,Tier1,1.6994903274354691
LWV,YVL,Tier1,2.8665353368210686
LWV,MILMR,Tier1,2.9717817430016944
LWV,LLPF,Tier1,3.039478281066011
LWV,YLL,Tier1,2.922107681894443
LWV,LFC,Tier1,1.873001719087006
LWV,CLV,Tier1,1.7556003276233487
LWW,LWY,Tier1,2.726519253516121
LWW,MWL,Tier1,1.8029892379585446
LWW,LFC,Tier1,2.7444656701832573
LWY,PWF,Tier1,2.642168324799975
LWY,PWI,Tier1,2.1646509734725314
LWY,PWL,Tier1,1.7242802254555791
LWY,PWV,Tier1,2.598465890329864
LWY,PWW,Tier1,2.918473071073007
LWY,IYY,Tier1,2.1461840008196136
LWY,LYY,Tier1,2.1472616423942767
LWY,VYY,Tier1,2.381113709404325
LWY,YIY,Tier1,3.054903989594843
LWY,YLY,Tier1,3.0556611692342743
LWY,YYI,Tier1,2.1461840008196136
LWY,YYL,Tier1,2.1472616423942767
LWY,YYV,Tier1,2.212643579292264
LWY,MYY,Tier1,3.0854571259588064
LWY,ACFL,Tier1,2.7005641217572203
LWY,FIGP,Tier1,2.72265716359463
LWY,WVYY,Tier1,2.2167599457049185
LWY,HVCYMF,Tier1,2.325778655808015
LWY,YPI,Tier1,2.6199496372269016
LWY,YPIL,Tier1,2.529587899012928
LWY,IYPF,Tier1,1.5633249865089014
LWY,WYSL,Tier1,2.049505657023288
LWY,WYSLA,Tier1,2.6692069350290932
LWY,WYSLAM,Tier1,2.6977942681637193
LWY,WYSLAMA,Tier1,2.960309627037312
LWY,YGGFL,Tier1,2.685883068408266
LWY,YVL,Tier1,2.8882978275909594
LWY,WPL,Tier1,2.723849711414622
LWY,VPW,Tier1,2.4480989647843874
LWY,VFPW,Tier1,1.6428256286971117
LWY,WISELGW,Tier1,2.7898965846087553
LWY,FYQL,Tier1,2.7226966627655145
LWY,FFGFN,Tier1,3.0203384093084904
LWY,FVPH,Tier1,2.724269569097666
LWY,GGIF,Tier1,2.7096066234492557
LWY,YYIVS,Tier1,2.423885057341214
LWY,LPF,Tier1,2.6553908714526666
LWY,LLPF,Tier1,2.6406276629815006
LWY,FLPF,Tier1,1.6614710221648439
PHA,PHG,Tier1,0.9887810613453873
PHA,PHM,Tier1,2.7801906179263884
PHA,PHS,Tier1,0.8601595536206198
PHA,PHT,Tier1,0.9497117981969639
PHA,PHV,Tier1,2.9764171917674824
PHA,PHY,Tier1,3.122289767021591
PHA,AHH,Tier1,1.69780869949042
PHA,YHH,Tier1,2.654026044926204
PHA,GHH,Tier1,1.9277198271938265
PHA,SHH,Tier1,2.0143801828669066
PHA,THH,Tier1,2.0130415102423456
PHA,LPHSGY,Tier1,1.9453535307177985
PHA,GAH,Tier1,1.053924709643896
PHA,GALAAH,Tier1,2.8577404034827953
PHA,GPP,Tier1,2.0265688886953765
PHA,GSGGL,Tier1,2.585104659912286
PHA,YGYTGA,Tier1,2.6312055305156075
PHA,VSYT,Tier1,3.046831181668178
PHA,YSTA,Tier1,2.0465407391393837
PHA,GPAGPAG,Tier1,2.040009178363443
PHA,YPPAK,Tier1,2.7842985954518356
PHA,TGGGNV,Tier1,2.797898418011699
PHA,FGHPY,Tier1,2.5832685498763563
PHA,TTYY,Tier1,2.9353968123148397
PHA,YAKPA,Tier1,2.993010791878086
PHA,ARHPHP,Tier1,2.5357395631486397
PHA,RHPHP,Tier1,2.7694547054138887
PHA,RYPS,Tier1,2.8692692186343622
PHA,AYPS,Tier1,2.4383604150260307
PHA,SAEHGSLH,Tier1,2.8509611319270096
PHA,LSGYGP,Tier1,2.429446968418979
PHA,GEGSGA,Tier1,3.0680674671648784
PHD,PHE,Tier1,0.029566604915071085
PHD,PHN,Tier1,3.0488323082841657
PHD,PHQ,Tier1,2.719000322134319
PHD,HEH,Tier1,2.598773170136769
PHD,HDH,Tier1,2.560306361418294
PHD,PSDHDHE,Tier1,2.5846294290627845
PHD,VHDY,Tier1,3.030627946457922
PHD,GGE,Tier1,1.9243175204027836
PHD,WEGPK,Tier1,2.558682783658376
PHD,HDHPVC,Tier1,3.093509872433338
PHD,YQEP,Tier1,2.960938212523623
PHD,RADHPF,Tier1,2.518366921464767
PHD,RADHP,Tier1,1.8600691291391578
PHD,ADHP,Tier1,1.5778423780158057
PHD,TERGY,Tier1,1.762673334492321
PHD,TEFTK,Tier1,2.955810025366591
PHD,TDY,Tier1,3.0734183588654065
PHD,DHG,Tier1,0.7057955612383539
PHD,DHTKE,Tier1,1.8842401992425322
PHD,ALEPDHR,Tier1,2.523630419668296
PHD,RPNYTDA,Tier1,2.7224162952916533
PHD,EERYP,Tier1,2.7376792062823503
PHD,AEERYP,Tier1,2.177063329066238
PHD,GEGSGA,Tier1,2.9133884888429846
PHE,PHN,Tier1,3.048064102111077
PHE,PHQ,Tier1,2.7178212002189155
PHE,HEH,Tier1,2.597784503003736
PHE,HDH,Tier1,2.5596420917669005
PHE,PSDHDHE,Tier1,2.575730227515365
PHE,VHDY,Tier1,3.0276304019924964
PHE,GGE,Tier1,1.928353237474943
PHE,WEGPK,Tier1,2.552077038623195
PHE,HDHPVC,Tier1,3.087004533193707
PHE,YQEP,Tier1,2.957864833956259
PHE,RADHPF,Tier1,2.50846376548979
PHE,RADHP,Tier1,1.8515388755747455
PHE,ADHP,Tier1,1.5756443983133293
PHE,TERGY,Tier1,1.7533446017254404
PHE,TEFTK,Tier1,2.950255574858219
PHE,TDY,Tier1,3.073563908094281
PHE,DHG,Tier1,0.7107068742769677
PHE,DHTKE,Tier1,1.8762131962195048
PHE,ALEPDHR,Tier1,2.512509467771424
PHE,RPNYTDA,Tier1,2.7112156148782462
PHE,EERYP,Tier1,2.7307339297607767
PHE,AEERYP,Tier1,2.166354380074327
PHE,GEGSGA,Tier1,2.911513988106974
PHF,PHL,Tier1,2.6660744304952906
PHF,PHM,Tier1,1.6282227388576316
PHF,PHV,Tier1,2.278442808171279
PHF,PHW,Tier1,1.0497430589459766
PHF,PWA,Tier1,2.514468078499943
PHF,PWF,Tier1,3.0670169828060274
PHF,PWG,Tier1,2.4107752957489534
PHF,PWH,Tier1,2.7328897631314324
PHF,PWS,Tier1,2.454667481427353
PHF,PWT,Tier1,2.4517187274523007
PHF,PWW,Tier1,3.034796863149666
PHF,PWY,Tier1,2.8943904669952407
PHF,FHH,Tier1,1.7343529084535971
PHF,WHH,Tier1,2.8785185883696873
PHF,HFH,Tier1,2.429532434749977
PHF,HHF,Tier1,1.625730639065992
PHF,HHW,Tier1,2.13102425824756
PHF,VYY,Tier1,2.9774305178387395
PHF,YCY,Tier1,2.9376083597914002
PHF,YPFPG,Tier1,3.0395465979100407
PHF,LPHSGY,Tier1,2.3989720820237337
PHF,GAWA,Tier1,2.2410905934242296
PHF,GALAAH,Tier1,3.024623670019885
PHF,GSGGL,Tier1,3.094936663203403
PHF,GPGGFI,Tier1,2.763200576678389
PHF,FIGP,Tier1,3.0506403580103334
PHF,FFAPGRNPTSFS,Tier1,3.0052556990118053
PHF,YLAGMN,Tier1,2.867246568516688
PHF,NHAV,Tier1,3.100069861503608
PHF,SVYT,Tier1,2.3461664638899915
PHF,WVYY,Tier1,3.1070764691045287
PHF,WYT,Tier1,2.199501248462089
PHF,WSY,Tier1,2.2794098155902356
PHF,VSYT,Tier1,2.3176983833189135
PHF,GFPSG,Tier1,2.7679064473893162
PHF,PVMGA,Tier1,3.0854720977759302
PHF,QHGV,Tier1,2.8278326560179257
PHF,MQFHT,Tier1,3.0362866129379453
PHF,ARHPHPHLSFM,Tier1,2.911909824984651
PHF,FGHPY,Tier1,1.577015814877855
PHF,YPI,Tier1,3.093142193177212
PHF,WYS,Tier1,2.2794098155902356
PHF,WYSL,Tier1,2.8163282539087655
PHF,WYSLA,Tier1,2.7561724196715263
PHF,WYSLAM,Tier1,2.946738941740161
PHF,WYSLAMA,Tier1,3.0708532176168397
PHF,YGGFL,Tier1,2.7086552839282043
PHF,YGGFM,Tier1,2.2676102677845513
PHF,DRVYIHPF,Tier1,3.0401814855624907
PHF,PYVRYL,Tier1,2.890554387505321
PHF,YWVTSGPK,Tier1,2.1379194108311466
PHF,YLKT,Tier1,3.1163196527052484
PHF,TVYQ,Tier1,2.9442184332179986
PHF,FVPH,Tier1,2.4824551963653936
PHF,LSGYGP,Tier1,2.6008884800962395
PHF,PYSFK,Tier1,2.216153629048043
PHF,YLGAK,Tier1,2.554070338925984
PHF,WPP,Tier1,2.406375310571433
PHF,SGQYFL,Tier1,3.0896385780053572
PHF,GLTSK,Tier1,2.7357565081776443
PHF,GTW,Tier1,1.7641887817130035
PHF,AGGF,Tier1,2.5173041181763627
PHF,SGAF,Tier1,2.252921279237047
PHF,PGVPWP,Tier1,2.5285380152088526
PHF,RYLGY,Tier1,2.277572885580205
PHF,RYLG,Tier1,2.7349411138758373
PHF,YLGY,Tier1,2.600863146614201
PHF,LGY,Tier1,2.844892999040663
PHF,VAGTWY,Tier1,2.214064724282866
PHG,PHM,Tier1,2.856529899633155
PHG,PHQ,Tier1,3.0454692248294317
PHG,PHS,Tier1,0.6160457074695093
PHG,PHT,Tier1,0.2040789110043446
PHG,AHH,Tier1,1.6739841823002934
PHG,YHH,Tier1,2.6373629295820926
PHG,GHH,Tier1,1.7343529084535971
PHG,SHH,Tier1,1.7991580927720603
PHG,THH,Tier1,1.8062082272781739
PHG,LPHSGY,Tier1,2.4774117992458424
PHG,GAH,Tier1,1.1123207609427201
PHG,GPP,Tier1,2.3823074942279674
PHG,YGYTGA,Tier1,2.5934528930369027
PHG,YSTA,Tier1,2.3888127404141373
PHG,GPAGPAG,Tier1,2.6562883898369805
PHG,FGHPY,Tier1,2.6901569042051436
PHG,TTYY,Tier1,3.1155943185285415
PHG,ARHPHP,Tier1,2.5996218038364507
PHG,RHPHP,Tier1,2.667101486912908
PHG,RYPS,Tier1,3.00377040693906
PHG,AYPS,Tier1,2.9891767803896023
PHG,SAEHGSLH,Tier1,3.0683077055438277
PHG,LSGYGP,Tier1,2.770558923706438
PHI,PHL,Tier1,2.566175635562316
PHI,PHV,Tier1,2.6175593185405113
PHI,IHH,Tier1,2.456035343616309
PHI,MHH,Tier1,2.9643175302759897
PHI,PHYL,Tier1,1.7177817752148852
PHI,GSGGL,Tier1,3.044820009536236
PHI,AVPYPQR,Tier1,3.1146885705268166
PHI,VLPVPQK,Tier1,2.675975325996101
PHI,IPAGM,Tier1,2.8188454556839906
PHI,LPAGV,Tier1,2.440227089881846
PHI,IPAGV,Tier1,2.9468310474285144
PHI,LALPA,Tier1,2.9240789422637006
PHI,PSIPA,Tier1,2.3047480349283895
PHI,PSLPA,Tier1,1.9573765471118023
PHI,TCSP,Tier1,2.872097868794983
PHI,PVMGA,Tier1,3.005329920537158
PHI,CAAP,Tier1,2.9365287711082897
PHI,YPI,Tier1,2.895174388566501
PHI,YPIL,Tier1,2.996610368081196
PHI,HQIYPV,Tier1,2.680094566674618
PHI,AGWNIPIGT,Tier1,2.875185818220798
PHI,AGWNIP,Tier1,2.976242215689612
PHI,VPYPQ,Tier1,2.99720047006186
PHI,SVMPVVA,Tier1,3.034384225599659
PHI,YLMSR,Tier1,2.4341383155788234
PHI,HMPVTK,Tier1,2.5787927035666285
PHI,WHNVSGSP,Tier1,2.7025951960661527
PHI,VLSRYPS,Tier1,2.9523120885287137
PHI,FVPH,Tier1,2.6347482024725433
PHI,VPVTST,Tier1,2.527799640739551
PHI,HYVPV,Tier1,1.6841389551965442
PHI,MPACGSS,Tier1,2.6801358770469044
PHI,CSQAPLA,Tier1,2.942940500539319
PHK,PHN,Tier1,1.7968150281386885
PHK,PHQ,Tier1,2.2651342960466647
PHK,PHR,Tier1,1.3893875789846433
PHK,RHA,Tier1,0.9519115656495077
PHK,RHG,Tier1,0.8924826376070435
PHK,RHH,Tier1,1.6950301408882895
PHK,RHM,Tier1,2.8442544224335857
PHK,RHQ,Tier1,2.962586417026345
PHK,RHS,Tier1,0.31629842458066887
PHK,RHT,Tier1,0.724984491055279
PHK,RHY,Tier1,2.7580941296206545
PHK,NHH,Tier1,1.7145550776199083
PHK,QHH,Tier1,1.715738385588018
PHK,YPPAK,Tier1,3.0476403890264594
PHK,KTFCGRH,Tier1,3.099784290659854
PHK,QGAR,Tier1,3.088574772520559
PHK,NHK,Tier1,2.9193129403482962
PHK,ARHPHP,Tier1,1.9408552652478674
PHK,RHPHP,Tier1,1.6934535489123834
PHK,RYPS,Tier1,2.5452803944556677
PHK,SRYPS,Tier1,2.747473603374732
PHK,YAKP,Tier1,2.850211092825847
PHK,KKY,Tier1,2.981071182803798
PHL,PHM,Tier1,2.1634152845829107
PHL,PHV,Tier1,0.5507937524283266
PHL,PHW,Tier1,2.8606739060836905
PHL,PWI,Tier1,3.080513096901851
PHL,PWL,Tier1,3.0854373788432405
PHL,IHH,Tier1,1.7447501626338517
PHL,FHH,Tier1,3.0999087870194297
PHL,LPHSGY,Tier1,2.257334766378354
PHL,GAWA,Tier1,2.757169659211242
PHL,PHYL,Tier1,2.490441556496024
PHL,GALAAH,Tier1,1.7823813279044616
PHL,GVPLT,Tier1,2.767374935120788
PHL,GSGGL,Tier1,2.281622648214716
PHL,GPGGFI,Tier1,2.5207301711853622
PHL,FIGP,Tier1,2.666568962439278
PHL,AMTGLDA,Tier1,2.8582881073194635
PHL,AVPYPQR,Tier1,3.1020210042440945
PHL,YLAGMN,Tier1,2.5332323622749877
PHL,AAVGGYRVAVL,Tier1,2.628738471674943
PHL,NHAV,Tier1,2.159713151470684
PHL,HVRETALV,Tier1,2.6182887401128854
PHL,IPAGM,Tier1,2.201828907095224
PHL,LPAGV,Tier1,2.6282786048873192
PHL,IPAGV,Tier1,2.3903291847844232
PHL,SVYT,Tier1,2.5020379250931524
PHL,LALPA,Tier1,3.0989218477749283
PHL,PSIPA,Tier1,2.333288284005042
PHL,PSLPA,Tier1,2.808375588151257
PHL,VSYT,Tier1,2.393607861694733
PHL,PVMGA,Tier1,2.2166538258442463
PHL,QHGV,Tier1,2.350313516903919
PHL,CAAP,Tier1,2.612620224348906
PHL,ARHPHPHLSFM,Tier1,2.9244814662432503
PHL,SALAM,Tier1,2.5034871171996302
PHL,YQIGL,Tier1,2.9391012953948525
PHL,YPI,Tier1,2.3912243616581934
PHL,HQIYPV,Tier1,2.3473931655602067
PHL,WYSL,Tier1,3.0934761007164138
PHL,WYSLA,Tier1,2.7830011456347585
PHL,WYSLAM,Tier1,2.999330978368601
PHL,WYSLAMA,Tier1,2.917330197645378
PHL,LNLPTAVYMVT,Tier1,3.120206854810028
PHL,YGGFL,Tier1,2.917800860463755
PHL,DRVYIHPF,Tier1,2.8899725693956544
PHL,FALPQYLK,Tier1,3.0677986520502616
PHL,PYVRYL,Tier1,2.669423483034009
PHL,AGWNIPIGT,Tier1,2.7868412706929395
PHL,ISELGY,Tier1,3.0712723028550135
PHL,HMPVTK,Tier1,2.8832138574070383
PHL,LVSK,Tier1,2.940683567930948
PHL,YWVTSGPK,Tier1,2.863286073750459
PHL,VLSRYPS,Tier1,2.8092162969911465
PHL,YLKT,Tier1,2.9537655981474193
PHL,TVYQ,Tier1,3.042343152445179
PHL,YGLN,Tier1,2.979695687129639
PHL,YIPIQY,Tier1,2.909364706408883
PHL,RASDPLLSV,Tier1,2.8242876554775065
PHL,MPDAHL,Tier1,3.0655760747346483
PHL,FVPH,Tier1,2.2326793003016303
PHL,SAEHGSLH,Tier1,2.8942766430179545
PHL,LSGYGP,Tier1,2.621604633842961
PHL,VGGRP,Tier1,3.0053579457778006
PHL,VPVTST,Tier1,2.176569543288513
PHL,YLGAK,Tier1,2.1289955939240786
PHL,GGIF,Tier1,2.787952369863555
PHL,YYIVS,Tier1,2.7256676935991626
PHL,GIISHR,Tier1,1.7000948068007815
PHL,LSGNK,Tier1,3.0345778904318963
PHL,GLTSK,Tier1,1.992110315274323
PHL,CSQAPLA,Tier1,2.7241818941010547
PHL,AGGF,Tier1,2.9268402799068958
PHL,SGAF,Tier1,2.9074977383270584
PHL,GQVPP,Tier1,3.1104599730351925
PHL,PGVPWP,Tier1,2.5618501934937465
PHL,RYLGY,Tier1,2.808645466220064
PHL,RYLG,Tier1,2.5432236520212816
PHL,YLG,Tier1,2.940582377969712
PHL,YLGY,Tier1,2.972331166578414
PHL,LGY,Tier1,2.373191229871872
PHL,VAGTWY,Tier1,2.697773875455476
PHM,PHS,Tier1,2.812719744207444
PHM,PHT,Tier1,2.8398497351268723
PHM,PHV,Tier1,1.6761077266466833
PHM,PHW,Tier1,1.670660281329808
PHM,PWA,Tier1,3.1072958860396187
PHM,PWG,Tier1,2.924523806360463
PHM,PWH,Tier1,2.736962028897335
PHM,PWS,Tier1,2.8271992999088007
PHM,PWT,Tier1,3.0083944282697193
PHM,IHH,Tier1,2.7371754538567985
PHM,FHH,Tier1,2.178160535394698
PHM,WHH,Tier1,2.814368538233575
PHM,HFH,Tier1,2.8929208352318736
PHM,HHF,Tier1,2.2603900588647194
PHM,HHW,Tier1,2.458793097259463
PHM,LPHSGY,Tier1,2.2580001026385275
PHM,GAH,Tier1,2.9741378391620747
PHM,GAWA,Tier1,2.7378367022417747
PHM,PHYL,Tier1,2.9076738540002665
PHM,GALAAH,Tier1,2.7856023433523855
PHM,GSGGL,Tier1,2.6177358080675828
PHM,GPGGFI,Tier1,2.716933748637747
PHM,AVPYPQR,Tier1,2.950622635651934
PHM,FFAPGRNPTSFS,Tier1,3.088174543098631
PHM,YLAGMN,Tier1,2.878886983674715
PHM,NHAV,Tier1,2.6892647838806543
PHM,IPAGM,Tier1,2.9169469507435575
PHM,SVYT,Tier1,2.740648381566907
PHM,PSIPA,Tier1,2.918504753831462
PHM,VSYT,Tier1,2.642029214135925
PHM,HDHPVC,Tier1,2.9532835102765866
PHM,GFPSG,Tier1,2.5220253377156694
PHM,TCSP,Tier1,2.7476922091283114
PHM,PVMGA,Tier1,2.676721725978584
PHM,QHGV,Tier1,2.443258272899603
PHM,CAAP,Tier1,2.6722251847955567
PHM,ARHPHPHLSFM,Tier1,2.6380928919902273
PHM,FGHPY,Tier1,2.3235551612102276
PHM,HQIYPV,Tier1,3.021323761516752
PHM,YGGFM,Tier1,2.8658362062903637
PHM,NPYVPR,Tier1,3.0404950272276854
PHM,HMPVTK,Tier1,2.682592005170701
PHM,WHNVSGSP,Tier1,2.9584786885336603
PHM,YWVTSGPK,Tier1,2.4751761629031375
PHM,FVPH,Tier1,2.5262137914419367
PHM,SAEHGSLH,Tier1,2.818482096953395
PHM,LSGYGP,Tier1,2.6907494366602394
PHM,PYSFK,Tier1,2.8741695879749054
PHM,VGGRP,Tier1,2.9358881937256447
PHM,VPVTST,Tier1,2.816384454425164
PHM,YLGAK,Tier1,2.6923636760345806
PHM,WPP,Tier1,2.4710455089601235
PHM,GIISHR,Tier1,2.790040143806539
PHM,GLTSK,Tier1,2.241504154559779
PHM,GTW,Tier1,2.5853280955579563
PHM,CSQAPLA,Tier1,3.0998722848321645
PHM,AGGF,Tier1,2.6539231407996784
PHM,SGAF,Tier1,2.617317744446127
PHM,GQVPP,Tier1,3.0381215986540955
PHM,PGVPWP,Tier1,2.3731396179038566
PHM,RYLGY,Tier1,2.9430973487835494
PHM,RYLG,Tier1,2.950380458032228
PHM,VAGTWY,Tier1,2.838303125949767
PHN,PHQ,Tier1,1.3798628346129425
PHN,PHR,Tier1,2.2793930557474567
PHN,RHA,Tier1,1.9200402191829942
PHN,RHG,Tier1,1.9213387580564532
PHN,RHS,Tier1,1.7377921005264036
PHN,RHT,Tier1,1.8552422337209604
PHN,NHH,Tier1,2.1321721441220416
PHN,QHH,Tier1,2.1335298109757534
PHN,WEGPK,Tier1,3.0644490011164818
PHN,AVPYPQR,Tier1,3.0406602426169287
PHN,NYKQM,Tier1,3.124864934368149
PHN,YPPAK,Tier1,2.230140068007967
PHN,RADHPF,Tier1,2.6605396438605156
PHN,RADHP,Tier1,2.696133594956914
PHN,PYPQ,Tier1,2.2038327662352377
PHN,QGAR,Tier1,2.449381753311248
PHN,HNPI,Tier1,2.960703936183063
PHN,VPNSYP,Tier1,2.9394141000213407
PHN,NPYVPR,Tier1,2.901359278547515
PHN,TERGY,Tier1,2.505965145338041
PHN,YSEMPPGK,Tier1,2.5832839229989424
PHN,YAKPA,Tier1,2.3554526635488378
PHN,ARHPHP,Tier1,2.0811419269413185
PHN,RHPHP,Tier1,2.228312676868642
PHN,RYPS,Tier1,1.7354580694648676
PHN,SRYPS,Tier1,1.6910421251413517
PHN,YAKP,Tier1,2.1267861526809475
PHN,RPNYTDA,Tier1,2.6860441000378166
PHN,NFHPQ,Tier1,2.992612386844532
PHN,VGGRP,Tier1,2.6719882101613033
PHN,QYP,Tier1,2.4913448649115773
PHN,LSGNK,Tier1,2.995898306616118
PHN,YQK,Tier1,2.982394697714793
PHQ,PHR,Tier1,1.8133275628083918
PHQ,PHS,Tier1,2.956650301844105
PHQ,PHT,Tier1,2.9944778519711415
PHQ,RHA,Tier1,2.208649098163888
PHQ,RHG,Tier1,1.7938716300469457
PHQ,RHS,Tier1,2.0517134011609963
PHQ,RHT,Tier1,1.8487363169443223
PHQ,NHH,Tier1,1.6244801354875558
PHQ,QHH,Tier1,1.625730639065992
PHQ,RYY,Tier1,3.0901401923802267
PHQ,YYR,Tier1,3.088956459056061
PHQ,WEGPK,Tier1,2.74265451276427
PHQ,YPPAK,Tier1,2.831079720232001
PHQ,QHGV,Tier1,2.847611092603467
PHQ,RADHPF,Tier1,2.41752796148933
PHQ,RADHP,Tier1,2.0752033439619257
PHQ,ADHP,Tier1,2.609039285689531
PHQ,PYPQ,Tier1,2.6052659152278124
PHQ,QGAR,Tier1,1.7623736458022903
PHQ,HNPI,Tier1,3.06549590067709
PHQ,VPNSYP,Tier1,3.0528394414884787
PHQ,NPYVPR,Tier1,2.694407639212091
PHQ,TERGY,Tier1,2.1517331276928244
PHQ,YSEMPPGK,Tier1,3.043608240970517
PHQ,YAKPA,Tier1,2.664925765470842
PHQ,GTQY,Tier1,2.5568703527851926
PHQ,ARHPHP,Tier1,1.8845278135388657
PHQ,RHPHP,Tier1,2.096508218098857
PHQ,RYPS,Tier1,2.0077711212840343
PHQ,SRYPS,Tier1,2.2737065912063397
PHQ,YAKP,Tier1,2.1431693219612655
PHQ,DHG,Tier1,2.863797729433616
PHQ,RPNYTDA,Tier1,2.4674912713553776
PHQ,TRTGDPFF,Tier1,3.116744928864033
PHQ,NFHPQ,Tier1,2.6858952430474976
PHQ,VGGRP,Tier1,2.7414938609203148
PHQ,QYP,Tier1,2.251915391267526
PHQ,LSGNK,Tier1,2.929807655913646
PHQ,GEGSGA,Tier1,3.109031114179869
PHQ,YQK,Tier1,2.6426553796458534
PHR,RHA,Tier1,1.5323059787787658
PHR,RHG,Tier1,0.6327981209424995
PHR,RHH,Tier1,1.9753468298274153
PHR,RHM,Tier1,3.0862206616008963
PHR,RHS,Tier1,1.153998951959864
PHR,RHT,Tier1,0.7414692682698373
PHR,GHH,Tier1,3.101782720235416
PHR,NHH,Tier1,0.9817795090393421
PHR,QHH,Tier1,0.9820901151985703
PHR,NHRYDR,Tier1,3.10530003221032
PHR,RADHP,Tier1,2.661594795969593
PHR,QGAR,Tier1,2.6392455998331905
PHR,ARHPHP,Tier1,1.7823479652318392
PHR,RHPHP,Tier1,1.5208107297570235
PHR,RYPS,Tier1,2.776914091544883
PHR,YAKP,Tier1,2.933068836800365
PHR,KKY,Tier1,2.6389447684679963
PHR,YQK,Tier1,3.0199639169019856
PHS,PHT,Tier1,0.4409973053143804
PHS,PHW,Tier1,3.118399490233918
PHS,PHY,Tier1,2.9709055179501553
PHS,AHH,Tier1,1.751251022911388
PHS,YHH,Tier1,2.3592142255385746
PHS,GHH,Tier1,1.6007433792055805
PHS,SHH,Tier1,1.6620181620367735
PHS,THH,Tier1,1.6701238137086796
PHS,LPHSGY,Tier1,2.336560414111125
PHS,GAH,Tier1,1.5062217994624099
PHS,GPP,Tier1,2.0160244243426972
PHS,GSGGL,Tier1,3.0980742837418167
PHS,YGYTGA,Tier1,2.8220345678100465
PHS,YSTA,Tier1,2.3535348675154713
PHS,GPAGPAG,Tier1,2.3880905885723482
PHS,YPPAK,Tier1,2.8095183004044517
PHS,TGGGNV,Tier1,3.1032952213027394
PHS,FGHPY,Tier1,2.6562672759248143
PHS,TTYY,Tier1,2.9565537577061454
PHS,ARHPHP,Tier1,2.3959155203291402
PHS,RHPHP,Tier1,2.4298981003866826
PHS,RYPS,Tier1,2.6978144438142655
PHS,SRYPS,Tier1,3.0799282537048285
PHS,AYPS,Tier1,2.6579989308514613
PHS,SAEHGSLH,Tier1,3.0828298691880835
PHS,LSGYGP,Tier1,2.8407324931445057
PHT,PHW,Tier1,3.124197139591867
PHT,AHH,Tier1,1.6764995226008341
PHT,YHH,Tier1,2.530891828312323
PHT,GHH,Tier1,1.6647793513740363
PHT,SHH,Tier1,1.724240748360714
PHT,THH,Tier1,1.7311748603067372
PHT,LPHSGY,Tier1,2.4214157608958695
PHT,GAH,Tier1,1.2453072912718248
PHT,GPP,Tier1,2.2862139522573353
PHT,YGYTGA,Tier1,2.646304895177101
PHT,YSTA,Tier1,2.381142239660164
PHT,GPAGPAG,Tier1,2.5844171271777636
PHT,YPPAK,Tier1,3.1015390751704985
PHT,FGHPY,Tier1,2.6651584912748167
PHT,TTYY,Tier1,3.059784999882663
PHT,ARHPHP,Tier1,2.5034224081768444
PHT,RHPHP,Tier1,2.5562438051977048
PHT,RYPS,Tier1,2.8972196375938344
PHT,AYPS,Tier1,2.901393702445024
PHT,SAEHGSLH,Tier1,3.0467207758568198
PHT,LSGYGP,Tier1,2.7847282461318312
PHV,PHW,Tier1,2.54308033042577
PHV,PWI,Tier1,3.1048902468617374
PHV,PWL,Tier1,3.1157215356680745
PHV,PWV,Tier1,3.1072423468067476
PHV,IHH,Tier1,1.843921008535401
PHV,FHH,Tier1,2.7896801628842076
PHV,HHF,Tier1,2.854346739878179
PHV,LPHSGY,Tier1,2.082758472522757
PHV,GAH,Tier1,3.09821932508566
PHV,GAWA,Tier1,2.5228276338527063
PHV,PHYL,Tier1,2.4484335662643146
PHV,GALAAH,Tier1,1.7429577819539481
PHV,GVPLT,Tier1,2.803675898992663
PHV,GSGGL,Tier1,2.1192701289799314
PHV,GPGGFI,Tier1,2.3171890399334427
PHV,FIGP,Tier1,2.567077040400123
PHV,AMTGLDA,Tier1,2.7480024323844363
PHV,AVPYPQR,Tier1,2.9624871941250364
PHV,YLAGMN,Tier1,2.4078139871180926
PHV,AAVGGYRVAVL,Tier1,2.6899749921537808
PHV,NHAV,Tier1,2.093432813571851
PHV,HVRETALV,Tier1,2.683049824506219
PHV,IPAGM,Tier1,2.0871921307377055
PHV,LPAGV,Tier1,2.716135345039979
PHV,IPAGV,Tier1,2.482137744120076
PHV,SVYT,Tier1,2.3368107023162277
PHV,PSIPA,Tier1,2.2529512116194446
PHV,PSLPA,Tier1,2.7460402415660132
PHV,VSYT,Tier1,2.220326344351669
PHV,HDHPVC,Tier1,3.002502979516782
PHV,GFPSG,Tier1,2.895463204684896
PHV,TCSP,Tier1,3.1017262893365323
PHV,TGGGNV,Tier1,3.085194715883331
PHV,FLHRP,Tier1,3.0565745252736694
PHV,PVMGA,Tier1,2.0197385837282953
PHV,QHGV,Tier1,2.2116554284142698
PHV,CAAP,Tier1,2.3443370805711745
PHV,ARHPHPHLSFM,Tier1,2.745441308070183
PHV,FGHPY,Tier1,2.8404182662953406
PHV,SALAM,Tier1,2.460408461291648
PHV,YQIGL,Tier1,3.0453011104599614
PHV,YPI,Tier1,2.4263246201383493
PHV,HQIYPV,Tier1,2.353865429423744
PHV,WYSL,Tier1,3.0403926453190744
PHV,WYSLA,Tier1,2.7177629151055425
PHV,WYSLAM,Tier1,2.88629483550219
PHV,WYSLAMA,Tier1,2.8064851503203987
PHV,YGGFL,Tier1,2.78098352811438
PHV,YGGFM,Tier1,3.1176656701069647
PHV,DRVYIHPF,Tier1,2.8195009961387045
PHV,FALPQYLK,Tier1,3.05768768226115
PHV,PYVRYL,Tier1,2.6753731595239656
PHV,AGWNIPIGT,Tier1,2.731973438149024
PHV,ISELGY,Tier1,3.1082508680631875
PHV,HMPVTK,Tier1,2.694966007239592
PHV,LVSK,Tier1,3.078595857949552
PHV,YWVTSGPK,Tier1,2.642768944428084
PHV,VLSRYPS,Tier1,2.765033276919603
PHV,YLKT,Tier1,2.916970071230747
PHV,TVYQ,Tier1,2.9271955951514506
PHV,YGLN,Tier1,2.937286603357783
PHV,YIPIQY,Tier1,2.9552550581222476
PHV,RASDPLLSV,Tier1,2.873611187495943
PHV,MPDAHL,Tier1,2.9768889323516845
PHV,FVPH,Tier1,2.0389515784388976
PHV,SAEHGSLH,Tier1,2.7579102896126093
PHV,LSGYGP,Tier1,2.455859123098701
PHV,GFGPEL,Tier1,3.0813325456318315
PHV,VGGRP,Tier1,2.849884740054447
PHV,VPVTST,Tier1,2.0764570876342536
PHV,YLGAK,Tier1,2.060438932438658
PHV,GGIF,Tier1,2.6831791252598594
PHV,WPP,Tier1,3.0470441329710147
PHV,YYIVS,Tier1,2.766038910558547
PHV,GIISHR,Tier1,1.782449286653896
PHV,LSGNK,Tier1,2.9528534492038623
PHV,GLTSK,Tier1,1.8408555375383824
PHV,GTW,Tier1,3.03540472336078
PHV,CSQAPLA,Tier1,2.6115310285471094
PHV,AGGF,Tier1,2.612498047863758
PHV,SGAF,Tier1,2.5945819171801054
PHV,GQVPP,Tier1,2.9618324740030983
PHV,PGVPWP,Tier1,2.33849941607854
PHV,RYLGY,Tier1,2.717191682364398
PHV,RYLG,Tier1,2.502377350853283
PHV,YLG,Tier1,2.963907944433579
PHV,YLGY,Tier1,2.915923928802208
PHV,LGY,Tier1,2.4020329296225826
PHV,VAGTWY,Tier1,2.521749724251383
PHW,PWA,Tier1,2.9073998063291335
PHW,PWG,Tier1,2.575671406396672
PHW,PWH,Tier1,2.27217641966382
PHW,PWS,Tier1,2.472745430892867
PHW,PWT,Tier1,2.6283576960669315
PHW,PWW,Tier1,3.035817782727538
PHW,PWY,Tier1,2.8628552222386405
PHW,FHH,Tier1,1.669252652109561
PHW,WHH,Tier1,2.244379542264926
PHW,HFH,Tier1,2.491642942452032
PHW,HWH,Tier1,2.7938836398236444
PHW,HHF,Tier1,1.7171653420584716
PHW,HHW,Tier1,1.6257306390659922
PHW,YPFPG,Tier1,2.9226596796085724
PHW,LPHSGY,Tier1,2.4615497426334656
PHW,GAWA,Tier1,2.881311876518664
PHW,PHYL,Tier1,2.985370793796431
PHW,FFAPGRNPTSFS,Tier1,3.067724385613658
PHW,SVYT,Tier1,2.8541044178502397
PHW,WYT,Tier1,2.319550263461782
PHW,WSY,Tier1,2.294005668782213
PHW,VSYT,Tier1,2.7795015426642458
PHW,GFPSG,Tier1,2.8070518584631348
PHW,QHGV,Tier1,2.9756965377583735
PHW,ARHPHPHLSFM,Tier1,2.906687256697218
PHW,FGHPY,Tier1,1.7164378045821351
PHW,WYS,Tier1,2.294005668782213
PHW,WYSL,Tier1,3.1157342020370673
PHW,YGGFM,Tier1,2.6945440959789853
PHW,PYVRYL,Tier1,3.1245271881088166
PHW,NPYVPR,Tier1,3.0435573026817684
PHW,YWVTSGPK,Tier1,2.332093515310009
PHW,FVPH,Tier1,2.782355532818077
PHW,NFHPQ,Tier1,3.0583071920629736
PHW,LSGYGP,Tier1,2.9131465558516205
PHW,PYSFK,Tier1,2.3261817242753082
PHW,YLGAK,Tier1,2.8745577847043897
PHW,WPP,Tier1,2.0879037192434713
PHW,GLTSK,Tier1,2.897244421662348
PHW,GTW,Tier1,2.212599290179428
PHW,AGGF,Tier1,2.969399573298034
PHW,SGAF,Tier1,2.8624158266913904
PHW,PGVPWP,Tier1,2.636955591955163
PHW,RYLGY,Tier1,2.455637705420834
PHW,RYLG,Tier1,2.8965845157316994
PHW,YLGY,Tier1,2.9803528111568816
PHW,VAGTWY,Tier1,2.754324706838597
PHY,YHH,Tier1,2.456035343616309
PHY,HYH,Tier1,1.7775891027183257
PHY,HHY,Tier1,1.625730639065992
PHY,HYY,Tier1,1.6744164744165404
PHY,YHY,Tier1,1.6744164744165404
PHY,YYH,Tier1,1.883040788141296
PHY,YAY,Tier1,2.8797686620052363
PHY,YYA,Tier1,2.666989877735444
PHY,SYY,Tier1,2.9703208409387676
PHY,TYY,Tier1,2.9866769782663183
PHY,YYS,Tier1,2.9365660794873376
PHY,YPFPG,Tier1,3.0998094929470783
PHY,PHYL,Tier1,2.879703780222507
PHY,GPP,Tier1,2.706401887374196
PHY,GPAGPAG,Tier1,3.1076627199876983
PHY,YPPAK,Tier1,2.184733925819603
PHY,TTYY,Tier1,2.8408667440709054
PHY,PYPQ,Tier1,2.8589902364572586
PHY,RYPS,Tier1,2.6727412057167026
PHY,SRYPS,Tier1,2.7562016056597627
PHY,AYPS,Tier1,2.3688195794506637
PHY,GFYPPP,Tier1,2.6738436207872156
PWA,PWG,Tier1,0.8284991038555056
PWA,PWH,Tier1,3.0842213588123464
PWA,PWS,Tier1,1.227428776568024
PWA,PWT,Tier1,0.8420203964887446
PWA,PWV,Tier1,3.000704246552712
PWA,PWY,Tier1,1.9906105870366317
PWA,VYY,Tier1,2.9506456074629863
PWA,YIY,Tier1,2.506892457619589
PWA,YLY,Tier1,2.4650160233767697
PWA,YVY,Tier1,2.0131418160092895
PWA,YCY,Tier1,1.9220581071395624
PWA,GAWA,Tier1,1.5313606919057228
PWA,GVPLT,Tier1,3.045640871574741
PWA,YLAGMN,Tier1,2.6334894593833877
PWA,SVYT,Tier1,1.6768919687797135
PWA,WYT,Tier1,2.5445843750466297
PWA,WSY,Tier1,2.6983701570121497
PWA,VSYT,Tier1,2.7112992286177144
PWA,PVMGA,Tier1,3.0818292581626223
PWA,SALAM,Tier1,2.9511144938139275
PWA,YPI,Tier1,3.03348643624457
PWA,WYS,Tier1,2.6983701570121497
PWA,WYSL,Tier1,2.3573850631692688
PWA,WYSLA,Tier1,1.9965734594937392
PWA,WYSLAM,Tier1,2.150563383167985
PWA,WYSLAMA,Tier1,2.2594601036913873
PWA,WPL,Tier1,2.829728790576107
PWA,VPW,Tier1,3.102980762149479
PWA,TVYQ,Tier1,2.579012780856576
PWA,YIPIQY,Tier1,2.92993888133853
PWA,YLGAK,Tier1,3.0398362362663125
PWA,WPP,Tier1,3.0062885133876294
PWA,YYIVS,Tier1,3.0127265859170267
PWA,GTW,Tier1,1.9494869068215128
PWA,AGGF,Tier1,3.1014227447136875
PWA,SGAF,Tier1,2.751761753763505
PWA,PGVPWP,Tier1,1.971438787358081
PWA,RYLGY,Tier1,2.904039885293953
PWA,RYLG,Tier1,3.0054893024600946
PWA,YLG,Tier1,2.023431302110569
PWA,YLGY,Tier1,2.0128164954713523
PWA,LGY,Tier1,2.5624962663956405
PWA,VAGTWY,Tier1,1.809721022805367
PWD,PWE,Tier1,0.029566604915071217
PWD,PWN,Tier1,2.812302154813794
PWD,PWQ,Tier1,2.719000322134319
PWD,YFE,Tier1,1.831316471987599
PWD,SWN,Tier1,2.766731241154534
PWD,EWPAQ,Tier1,2.36439442660436
PWD,SDF,Tier1,2.964034483453457
PWD,LGFEY,Tier1,2.9875998444004166
PWD,GYLEQ,Tier1,2.605259170572391
PWD,GIFE,Tier1,3.124732716269795
PWD,KFPE,Tier1,3.058430582855495
PWD,WEN,Tier1,2.8110411188461417
PWD,KLSDW,Tier1,2.725239648283455
PWD,KGLWE,Tier1,3.0432615712525375
PWD,AWDPE,Tier1,3.0389450060039334
PWE,PWN,Tier1,2.8114693198594867
PWE,PWQ,Tier1,2.7178212002189155
PWE,YFE,Tier1,1.8304797912407451
PWE,SWN,Tier1,2.766621872123303
PWE,EWPAQ,Tier1,2.3591735454470864
PWE,SDF,Tier1,2.965683310345222
PWE,LGFEY,Tier1,2.9835821185021163
PWE,GYLEQ,Tier1,2.6011016143822947
PWE,GIFE,Tier1,3.1241028851193127
PWE,KFPE,Tier1,3.0557458190348017
PWE,WEN,Tier1,2.8107202052639777
PWE,KLSDW,Tier1,2.7193344468787535
PWE,KGLWE,Tier1,3.0382922958660847
PWE,AWDPE,Tier1,3.036118615080188
PWF,PWI,Tier1,2.6206671760864095
PWF,PWL,Tier1,2.6944008380310236
PWF,PWV,Tier1,2.2518795177502033
PWF,PWW,Tier1,0.9547549041033576
PWF,PWY,Tier1,2.921167220132918
PWF,IYY,Tier1,3.0964593462321135
PWF,LYY,Tier1,3.0777249056366487
PWF,VYY,Tier1,2.6396239578185305
PWF,YYI,Tier1,3.0964593462321135
PWF,YYL,Tier1,3.0777249056366487
PWF,YYV,Tier1,2.746844491986064
PWF,WYY,Tier1,2.8624523535902524
PWF,YYF,Tier1,2.686712366001318
PWF,YYW,Tier1,2.736284858487431
PWF,MYY,Tier1,3.0867003123850676
PWF,YCY,Tier1,2.7374093394292864
PWF,FIGP,Tier1,2.88858299160455
PWF,WVYY,Tier1,1.761102791741613
PWF,WYT,Tier1,2.23093133963204
PWF,WSY,Tier1,2.22255600643838
PWF,HVCYMF,Tier1,2.6414575705991776
PWF,IYPF,Tier1,2.7499158632208767
PWF,WYS,Tier1,2.22255600643838
PWF,WYSL,Tier1,2.142388430396099
PWF,WYSLA,Tier1,2.785711700489441
PWF,WYSLAM,Tier1,2.640331496509901
PWF,WYSLAMA,Tier1,3.114366440127981
PWF,YGGFL,Tier1,2.659369773892275
PWF,YGGFM,Tier1,2.2839294646370467
PWF,VPW,Tier1,3.0632216853080685
PWF,VFPW,Tier1,2.018454528589274
PWF,FFGFN,Tier1,1.8046256059287673
PWF,FVPH,Tier1,2.9735006993528534
PWF,GGIF,Tier1,2.989481795865782
PWF,WPP,Tier1,3.0622090235513073
PWF,FLPF,Tier1,3.040996388104727
PWF,GTW,Tier1,2.872439545779295
PWF,VAGTWY,Tier1,2.872551488620429
PWG,PWH,Tier1,2.63523888670605
PWG,PWS,Tier1,0.6160457074695092
PWG,PWT,Tier1,0.2969321447607283
PWG,PWY,Tier1,1.6429902707304134
PWG,YIY,Tier1,2.9772874288741766
PWG,YLY,Tier1,2.907310721702166
PWG,YVY,Tier1,2.4896047234841663
PWG,YWY,Tier1,3.0229988270373798
PWG,YCY,Tier1,1.847717462545176
PWG,GAWA,Tier1,2.0040051823876763
PWG,YLAGMN,Tier1,2.9086659377249453
PWG,SVYT,Tier1,2.1239255695594004
PWG,WYT,Tier1,2.3772857424175458
PWG,WSY,Tier1,2.4816151064795204
PWG,VSYT,Tier1,2.978482400584976
PWG,GFPSG,Tier1,3.0684532928295547
PWG,WYS,Tier1,2.4816151064795204
PWG,WYSL,Tier1,2.6824049963346925
PWG,WYSLA,Tier1,2.4323438186018103
PWG,WYSLAM,Tier1,2.546071194084244
PWG,WYSLAMA,Tier1,2.641716648459039
PWG,TVYQ,Tier1,2.7504749527080814
PWG,WPP,Tier1,2.641768748011277
PWG,GTW,Tier1,1.923846441328452
PWG,SGAF,Tier1,2.9471656918451354
PWG,PGVPWP,Tier1,1.9889686297097335
PWG,RYLGY,Tier1,3.036770127314333
PWG,YLG,Tier1,2.5921234963399886
PWG,YLGY,Tier1,2.4257671566283627
PWG,LGY,Tier1,3.0756744319672364
PWG,VAGTWY,Tier1,2.2230228645693035
PWH,PWS,Tier1,2.181284063727002
PWH,PWT,Tier1,2.822713576469611
PWH,PWY,Tier1,2.6152380817368974
PWH,FHH,Tier1,2.7361030296002427
PWH,WHH,Tier1,2.4353190795060127
PWH,HFH,Tier1,2.4608443751862645
PWH,HWH,Tier1,1.6257306390659922
PWH,HHF,Tier1,3.0521112003972117
PWH,HHW,Tier1,2.7938836398236444
PWH,YCY,Tier1,2.880577658773087
PWH,YPFPG,Tier1,2.8761722285085596
PWH,GFPSG,Tier1,2.966493535043868
PWH,TCSP,Tier1,3.0125099378711755
PWH,HMPVTK,Tier1,2.6733767625108196
PWH,WPP,Tier1,2.441997310460036
PWH,PGVPWP,Tier1,2.518930122566167
PWI,PWL,Tier1,0.7410873605525922
PWI,PWV,Tier1,0.7371476072059019
PWI,PWW,Tier1,2.9364281665547867
PWI,IYY,Tier1,2.686712366001319
PWI,LYY,Tier1,2.694450685638458
PWI,VYY,Tier1,2.6340651422485686
PWI,YIY,Tier1,3.1176895780454212
PWI,YLY,Tier1,3.1243606489594296
PWI,YYI,Tier1,2.686712366001319
PWI,YYL,Tier1,2.694450685638458
PWI,YYV,Tier1,2.7415030910202502
PWI,GAWA,Tier1,3.071713106462283
PWI,ACFL,Tier1,2.7830342585453467
PWI,FLNDFLHV,Tier1,2.8886479503933087
PWI,GVPLT,Tier1,3.009162372955461
PWI,GPGGFI,Tier1,2.7245265388247835
PWI,FIGP,Tier1,1.4635507957820009
PWI,ISELGW,Tier1,2.789689913271776
PWI,YLAGMN,Tier1,2.459074516054939
PWI,AAVGGYRVAVL,Tier1,2.7523659983291013
PWI,IPAGM,Tier1,2.448658916153754
PWI,LPAGV,Tier1,2.8193111241507607
PWI,IPAGV,Tier1,2.515567777343366
PWI,SVYT,Tier1,2.8988222428029586
PWI,WVYY,Tier1,2.4770907625063985
PWI,VSYT,Tier1,2.831825163600635
PWI,HVCYMF,Tier1,2.3403450995096415
PWI,MWL,Tier1,2.9816649027203392
PWI,LMGQW,Tier1,2.4193443908316827
PWI,PVMGA,Tier1,2.469695177106025
PWI,VCSV,Tier1,2.245565877016115
PWI,SALAM,Tier1,2.5757293276456203
PWI,YQIGL,Tier1,2.3591465349777088
PWI,YPI,Tier1,2.2340030201556593
PWI,YPIL,Tier1,2.332152139350775
PWI,HQIYPV,Tier1,2.9179471350060657
PWI,IYPF,Tier1,2.2114908029824596
PWI,WYSL,Tier1,1.5918266964109185
PWI,WYSLA,Tier1,2.0338921777764174
PWI,WYSLAM,Tier1,1.8588099560400595
PWI,WYSLAMA,Tier1,2.2992867780358077
PWI,LNLPTAVYMVT,Tier1,2.7043673080107147
PWI,YGGFL,Tier1,2.129325753922676
PWI,YGGFM,Tier1,2.8754278467056356
PWI,DRVYIHPF,Tier1,3.07478652553296
PWI,YVL,Tier1,1.993896400052179
PWI,FALPQYLK,Tier1,2.866381345679731
PWI,PYVRYL,Tier1,2.756870324181076
PWI,TIIPLPV,Tier1,2.9041833898389844
PWI,WPL,Tier1,1.8303389617036516
PWI,VPW,Tier1,2.2035771658120127
PWI,VFPW,Tier1,1.759678009901188
PWI,AGWNIPIGT,Tier1,2.999418821360776
PWI,LGFEY,Tier1,3.0704535804759394
PWI,VIPMGL,Tier1,2.331531319769929
PWI,WISELG,Tier1,2.666135835041317
PWI,WISELGW,Tier1,2.4955651210976257
PWI,ISELWG,Tier1,2.8011269373210763
PWI,ISELGF,Tier1,2.661408957334044
PWI,ISELGY,Tier1,3.0049668178305744
PWI,GPLGLLGFLGPLGLS,Tier1,2.8944415932676524
PWI,QLGNLGV,Tier1,2.9416096633070197
PWI,SVMPVVA,Tier1,2.775641076034861
PWI,LVSK,Tier1,2.979991564689514
PWI,VAMVPPFET,Tier1,3.0023167043227286
PWI,TVYQ,Tier1,3.12197975732343
PWI,YGLN,Tier1,3.0744620416307185
PWI,YIPIQY,Tier1,2.4297783125149093
PWI,FFGFN,Tier1,2.957537084831648
PWI,FVPH,Tier1,2.2112929234912193
PWI,VPVTST,Tier1,2.85715966662096
PWI,GGIF,Tier1,1.5877187846404495
PWI,YYIVS,Tier1,1.7947948676366268
PWI,SGQYFL,Tier1,3.0175486076612383
PWI,LPF,Tier1,3.11582067084431
PWI,LLPF,Tier1,2.6085082003767517
PWI,FLPF,Tier1,2.4491783173975503
PWI,LTC,Tier1,2.5369968635363223
PWI,YLL,Tier1,2.3918831140840044
PWI,LPM,Tier1,2.5591615766414058
PWI,VLVPK,Tier1,2.97747424362561
PWI,DGVVYY,Tier1,2.8157770861866696
PWI,IVEYF,Tier1,2.917618125869214
PWI,PGVPWP,Tier1,2.986912301780159
PWI,YLG,Tier1,2.738168376438295
PWI,YLGY,Tier1,2.8176894553571943
PWI,LGY,Tier1,2.0776437033091075
PWI,VAGTWY,Tier1,2.460495842290811
PWL,PWV,Tier1,1.3326632429827097
PWL,PWW,Tier1,2.9448475235144667
PWL,IYY,Tier1,2.546270712624096
PWL,LYY,Tier1,2.541723935510858
PWL,VYY,Tier1,2.6090590212058133
PWL,YYI,Tier1,2.546270712624096
PWL,YYL,Tier1,2.541723935510858
PWL,YYV,Tier1,2.598682287097502
PWL,ACFL,Tier1,2.417287975428399
PWL,FLNDFLHV,Tier1,2.98354195402396
PWL,GVPLT,Tier1,2.9104536883487433
PWL,GPGGFI,Tier1,2.682432593728821
PWL,FIGP,Tier1,1.616096842528979
PWL,VLPVPQK,Tier1,3.067275131494341
PWL,ISELGW,Tier1,2.5816354216044997
PWL,YLAGMN,Tier1,2.496894198886488
PWL,AAVGGYRVAVL,Tier1,2.917773907726403
PWL,IPAGM,Tier1,2.36776820742852
PWL,LPAGV,Tier1,2.5563698096080794
PWL,IPAGV,Tier1,2.462960940679307
PWL,SVYT,Tier1,3.0998938247132477
PWL,LALPA,Tier1,2.9816171846960735
PWL,WVYY,Tier1,2.553102869228828
PWL,VSYT,Tier1,2.958330704609207
PWL,HVCYMF,Tier1,2.0092758216236106
PWL,MWL,Tier1,2.9023698828424256
PWL,FLQEFLHV,Tier1,2.9946516345433243
PWL,LMGQW,Tier1,2.4479767003010955
PWL,PVMGA,Tier1,2.44439822732275
PWL,VCSV,Tier1,2.4177434641256665
PWL,SALAM,Tier1,2.6824816802397766
PWL,YQIGL,Tier1,2.4139350486479305
PWL,YPI,Tier1,2.056229540996171
PWL,YPIL,Tier1,1.9825384745940535
PWL,HQIYPV,Tier1,2.688925897400345
PWL,IYPF,Tier1,1.820113963736356
PWL,WYSL,Tier1,1.640546130456521
PWL,WYSLA,Tier1,2.0905661107153617
PWL,WYSLAM,Tier1,1.9350444747128805
PWL,WYSLAMA,Tier1,2.273457569167685
PWL,FPLEMMPF,Tier1,3.043378260499877
PWL,LNLPTAVYMVT,Tier1,2.568719428335977
PWL,YGGFL,Tier1,2.163278507469449
PWL,YGGFM,Tier1,2.882419139929357
PWL,DRVYIHPF,Tier1,3.0010304894895636
PWL,YVL,Tier1,2.172213673506252
PWL,FALPQYLK,Tier1,2.7651721351897702
PWL,PYVRYL,Tier1,2.8221893928694435
PWL,TIIPLPV,Tier1,2.783775328171151
PWL,WPL,Tier1,1.8956097138913013
PWL,VPW,Tier1,1.9400800047520128
PWL,VFPW,Tier1,1.57533946232641
PWL,AGWNIPIGT,Tier1,2.7507936436739513
PWL,LGFEY,Tier1,3.097548806196269
PWL,VIPMGL,Tier1,2.5548360860396646
PWL,WISELG,Tier1,2.5509948718233906
PWL,WISELGW,Tier1,2.2890745082778587
PWL,ISELWG,Tier1,2.5861473842993408
PWL,ISELGF,Tier1,2.579454131736393
PWL,ISELGY,Tier1,2.960775312333815
PWL,GPLGLLGFLGPLGLS,Tier1,2.965876029281526
PWL,QLGNLGV,Tier1,3.0317511211263612
PWL,SVMPVVA,Tier1,2.4620445276173197
PWL,YLMSR,Tier1,3.0568028808849945
PWL,LVSK,Tier1,3.0350179459944147
PWL,VAMVPPFET,Tier1,2.7747089924975654
PWL,YIPIQY,Tier1,2.5458588877432486
PWL,FYQL,Tier1,2.880108172400568
PWL,FFGFN,Tier1,3.014343347819873
PWL,FVPH,Tier1,1.9835548319797929
PWL,GFGPEL,Tier1,3.1243140764741275
PWL,VPVTST,Tier1,2.6831877924651093
PWL,GGIF,Tier1,1.682870534633086
PWL,YYIVS,Tier1,1.8470115290606643
PWL,SGQYFL,Tier1,3.0870968443313687
PWL,LPF,Tier1,2.658445708854227
PWL,LLPF,Tier1,2.257669697610081
PWL,FLPF,Tier1,2.054709208046014
PWL,LTC,Tier1,2.6603482804509984
PWL,YLL,Tier1,2.5351488825071424
PWL,LPM,Tier1,2.463715033237443
PWL,CSQAPLA,Tier1,3.1073378061269983
PWL,VLVPK,Tier1,2.891152974414125
PWL,DGVVYY,Tier1,2.810069992060548
PWL,IVEYF,Tier1,3.0660359021956562
PWL,PGVPWP,Tier1,2.8685757759904598
PWL,YLG,Tier1,2.795494635797809
PWL,YLGY,Tier1,2.9377235247296185
PWL,LGY,Tier1,2.3119218370236223
PWL,VAGTWY,Tier1,2.6916617400768974
PWN,PWQ,Tier1,0.7195042795418395
PWN,PWR,Tier1,1.9517422136446925
PWN,RWA,Tier1,2.696186087005766
PWN,RWG,Tier1,2.7765472998720195
PWN,RWT,Tier1,2.570138606776225
PWN,YLAGMN,Tier1,3.048403991696685
PWN,SWN,Tier1,0.5098887609452522
PWN,QWPAQ,Tier1,2.110098158183191
PWN,EWPAQ,Tier1,2.8097964382660483
PWN,MQFHT,Tier1,2.454563248089441
PWN,QVVPYPQ,Tier1,3.07125473790028
PWN,AGWNIP,Tier1,2.8779199656342964
PWN,WNIP,Tier1,3.0541344113893074
PWN,GWNIP,Tier1,2.7195155460637004
PWN,PYFNK,Tier1,2.2104598675224802
PWN,FHNMEK,Tier1,2.92822087515791
PWN,GYLEQ,Tier1,2.9793742381157595
PWN,RDMPIQ,Tier1,2.935551770207496
PWN,YGLN,Tier1,2.6048513120135306
PWN,YQKFP,Tier1,2.3570371243942434
PWN,NFHPQ,Tier1,2.311786852160824
PWN,PYSFK,Tier1,2.7715595433099947
PWN,GGLEPINFN,Tier1,3.019231172161877
PWN,ACQ,Tier1,2.8469835967174757
PWN,QCH,Tier1,2.396621737407337
PWN,KLSDW,Tier1,2.995177253620869
PWN,KGLWE,Tier1,3.099167670801652
PWN,GQVPP,Tier1,3.103825897823422
PWQ,PWR,Tier1,1.8133275628083914
PWQ,YLAGMN,Tier1,3.00480639181403
PWQ,SWN,Tier1,1.0100241198303892
PWQ,QWPAQ,Tier1,2.2700266846408295
PWQ,EWPAQ,Tier1,2.799992741796447
PWQ,MQFHT,Tier1,2.14857480156154
PWQ,PYFNK,Tier1,2.409143066872548
PWQ,FHNMEK,Tier1,3.0472037806517096
PWQ,GYLEQ,Tier1,3.0253845476784234
PWQ,YLKT,Tier1,3.0458179459287282
PWQ,YGLN,Tier1,2.447844424456706
PWQ,YQKFP,Tier1,2.4999185556018975
PWQ,NFHPQ,Tier1,2.2678489077262873
PWQ,PYSFK,Tier1,2.58015663009251
PWQ,GGLEPINFN,Tier1,3.0483573853685373
PWQ,QCH,Tier1,2.751685062858476
PWQ,KLSDW,Tier1,2.876557155186971
PWR,RWA,Tier1,2.828705954300974
PWR,RWG,Tier1,2.9233656355071576
PWR,RWT,Tier1,2.645031842711631
PWR,SWN,Tier1,2.2756974382386583
PWR,QWPAQ,Tier1,2.9793726202486592
PWR,MQFHT,Tier1,2.45807798702411
PWR,PHCKRM,Tier1,2.7007881519754124
PWR,PYFNK,Tier1,2.182526675524287
PWR,FHNMEK,Tier1,2.811574487832029
PWR,YLKT,Tier1,2.867670941976765
PWR,YQKFP,Tier1,2.346850204229314
PWR,NFHPQ,Tier1,2.3830512282645393
PWR,PYSFK,Tier1,2.4160858465389725
PWR,VAWRNRCKGTD,Tier1,3.088337984141261
PWR,QKW,Tier1,2.7875995154899615
PWR,QCH,Tier1,2.5255224853910847
PWR,KLSDW,Tier1,3.038897752251609
PWS,PWT,Tier1,0.8764881149368478
PWS,PWW,Tier1,3.1138824982949025
PWS,PWY,Tier1,1.507783065529922
PWS,YIY,Tier1,2.9221142679885586
PWS,YLY,Tier1,2.8442842033427325
PWS,YVY,Tier1,2.528087916456925
PWS,YWY,Tier1,3.0394406984616893
PWS,YCY,Tier1,1.7278470322604123
PWS,YPFPG,Tier1,2.890858843112841
PWS,GAWA,Tier1,2.2180302073772356
PWS,YLAGMN,Tier1,2.829236546783813
PWS,SVYT,Tier1,2.2285454329370316
PWS,WYT,Tier1,2.3805283342514767
PWS,WSY,Tier1,2.361064702777242
PWS,VSYT,Tier1,2.988084408017295
PWS,GFPSG,Tier1,2.70557606010873
PWS,TCSP,Tier1,3.0241593330035377
PWS,FGHPY,Tier1,3.0501559840164507
PWS,WYS,Tier1,2.361064702777242
PWS,WYSL,Tier1,2.5989319044405423
PWS,WYSLA,Tier1,2.344550535685258
PWS,WYSLAM,Tier1,2.4612938125501937
PWS,WYSLAMA,Tier1,2.486346424817856
PWS,YGGFM,Tier1,3.072133073418735
PWS,VPW,Tier1,3.093054695656013
PWS,TVYQ,Tier1,2.730266010597393
PWS,WPP,Tier1,2.235176582441907
PWS,GTW,Tier1,2.2023071346007663
PWS,AGGF,Tier1,3.0668730305442384
PWS,SGAF,Tier1,2.974157767982137
PWS,PGVPWP,Tier1,1.6783656264440519
PWS,RYLGY,Tier1,3.044880207095294
PWS,YLG,Tier1,2.536170535929911
PWS,YLGY,Tier1,2.430164607275712
PWS,VAGTWY,Tier1,2.3058784205944143
PWT,PWY,Tier1,1.7432388574907656
PWT,YIY,Tier1,3.086026901898946
PWT,YLY,Tier1,3.0139702162586257
PWT,YVY,Tier1,2.5714731286913626
PWT,YWY,Tier1,3.037666248779215
PWT,YCY,Tier1,1.9994843049912452
PWT,GAWA,Tier1,2.0345150675871935
PWT,YLAGMN,Tier1,3.00406870195388
PWT,SVYT,Tier1,2.1817509571225915
PWT,WYT,Tier1,2.4181907339188666
PWT,WSY,Tier1,2.573827237853141
PWT,VSYT,Tier1,3.0494612755453137
PWT,WYS,Tier1,2.573827237853141
PWT,WYSL,Tier1,2.787183311257311
PWT,WYSLA,Tier1,2.550435751922821
PWT,WYSLAM,Tier1,2.6553154631677844
PWT,WYSLAMA,Tier1,2.776111964389221
PWT,TVYQ,Tier1,2.8141294881287875
PWT,WPP,Tier1,2.834146555629596
PWT,GTW,Tier1,1.8704659077907768
PWT,SGAF,Tier1,3.0343366229945614
PWT,PGVPWP,Tier1,2.1684249235618744
PWT,RYLGY,Tier1,3.056773170787079
PWT,YLG,Tier1,2.725324463584137
PWT,YLGY,Tier1,2.505302799435304
PWT,VAGTWY,Tier1,2.265179417064482
PWV,PWW,Tier1,2.5852941867635844
PWV,IYY,Tier1,2.939433729049799
PWV,LYY,Tier1,2.9417938462860818
PWV,VYY,Tier1,2.7070503979589056
PWV,YVY,Tier1,3.1211573715526355
PWV,YYI,Tier1,2.939433729049799
PWV,YYL,Tier1,2.9417938462860818
PWV,YYV,Tier1,2.887939158559959
PWV,GAWA,Tier1,2.7801152129710016
PWV,FLNDFLHV,Tier1,3.0154207885875484
PWV,GPGGFI,Tier1,2.721109059737968
PWV,FIGP,Tier1,1.5417587532575936
PWV,ISELGW,Tier1,3.0726114236609687
PWV,YLAGMN,Tier1,2.4364087632945477
PWV,AAVGGYRVAVL,Tier1,2.891631636854351
PWV,IPAGM,Tier1,2.60987197210773
PWV,IPAGV,Tier1,2.8653613623164884
PWV,SVYT,Tier1,2.7195368140871494
PWV,WVYY,Tier1,2.379302867939936
PWV,VSYT,Tier1,2.7088451176655175
PWV,HVCYMF,Tier1,2.4811057902116715
PWV,LMGQW,Tier1,2.375689226210341
PWV,PVMGA,Tier1,2.522246128245501
PWV,VCSV,Tier1,2.499837143401089
PWV,SALAM,Tier1,2.6998214108495238
PWV,YQIGL,Tier1,2.601882104000168
PWV,YPI,Tier1,2.5283563925233516
PWV,YPIL,Tier1,2.959641143813256
PWV,IYPF,Tier1,2.5451640492487906
PWV,WYSL,Tier1,1.6284167792895838
PWV,WYSLA,Tier1,2.0781655816220783
PWV,WYSLAM,Tier1,1.8440210695388422
PWV,WYSLAMA,Tier1,2.3692465286827877
PWV,LNLPTAVYMVT,Tier1,3.0004635132095085
PWV,YGGFL,Tier1,2.1292879063366317
PWV,YGGFM,Tier1,2.6189082001336197
PWV,DRVYIHPF,Tier1,3.1090251724836144
PWV,YVL,Tier1,2.561642254395268
PWV,FALPQYLK,Tier1,3.0192221637596073
PWV,PYVRYL,Tier1,2.790125941536699
PWV,WPL,Tier1,2.007919602010796
PWV,VPW,Tier1,2.4313782261071677
PWV,VFPW,Tier1,1.895249215939839
PWV,LGFEY,Tier1,3.038010338793886
PWV,VIPMGL,Tier1,2.6293584277219773
PWV,WISELG,Tier1,2.900219634564511
PWV,WISELGW,Tier1,2.7267446758510556
PWV,ISELWG,Tier1,3.08752876097975
PWV,ISELGF,Tier1,2.9076885628070595
PWV,QLGNLGV,Tier1,3.099972980060667
PWV,TVYQ,Tier1,3.0051911151125563
PWV,YGLN,Tier1,3.020790504196357
PWV,YIPIQY,Tier1,2.5169763011574338
PWV,FFGFN,Tier1,2.6938313056002343
PWV,FVPH,Tier1,2.3313832838177784
PWV,VPVTST,Tier1,3.0361242330216722
PWV,GGIF,Tier1,1.7184459545988198
PWV,YYIVS,Tier1,2.065658256379419
PWV,SGQYFL,Tier1,2.90815995819566
PWV,FLPF,Tier1,2.8255798648951136
PWV,LTC,Tier1,2.697915413345552
PWV,GTW,Tier1,2.8388002087142405
PWV,YLL,Tier1,2.9794674302702333
PWV,LPM,Tier1,2.830300755411277
PWV,SGAF,Tier1,2.9471196428339272
PWV,DGVVYY,Tier1,2.8664521501117988
PWV,IVEYF,Tier1,3.0278666843222837
PWV,PGVPWP,Tier1,2.934885215464993
PWV,YLG,Tier1,2.864109619393462
PWV,YLGY,Tier1,2.77195060134722
PWV,LGY,Tier1,2.129056586105082
PWV,VAGTWY,Tier1,2.232665082097157
PWW,PWY,Tier1,2.726519253516121
PWW,VYY,Tier1,2.9183464661173613
PWW,YYV,Tier1,3.01567341082623
PWW,WYY,Tier1,2.686712366001318
PWW,YYF,Tier1,2.840127999315039
PWW,YYW,Tier1,2.551870821150162
PWW,YCY,Tier1,2.8652513689568964
PWW,WVYY,Tier1,2.0151940040136123
PWW,WYT,Tier1,2.07763898688954
PWW,WSY,Tier1,2.0579549889061863
PWW,HVCYMF,Tier1,3.051146132162739
PWW,WYS,Tier1,2.0579549889061863
PWW,WYSL,Tier1,2.367974687893411
PWW,WYSLA,Tier1,3.0369168927283443
PWW,WYSLAM,Tier1,2.9540754797835715
PWW,YGGFL,Tier1,3.020097295110334
PWW,YGGFM,Tier1,2.588686541306094
PWW,VFPW,Tier1,2.5408241017116073
PWW,FFGFN,Tier1,2.2977578967949244
PWW,WPP,Tier1,2.855470690884268
PWW,GTW,Tier1,2.840247803495685
PWW,VAGTWY,Tier1,3.097089429652728
PWY,VYY,Tier1,2.807675189942281
PWY,YIY,Tier1,2.578073687111544
PWY,YLY,Tier1,2.4802009626525767
PWY,YVY,Tier1,2.118603481684767
PWY,YYV,Tier1,2.9087144438760077
PWY,WYY,Tier1,2.516483519512135
PWY,YFY,Tier1,2.755941283313216
PWY,YWY,Tier1,1.57392858331893
PWY,YYF,Tier1,2.7144698893376202
PWY,YYW,Tier1,2.371984539196954
PWY,MYY,Tier1,3.031780773605894
PWY,YCY,Tier1,0.9836908512524984
PWY,YPFPG,Tier1,3.121648609153062
PWY,GAWA,Tier1,2.937789952726984
PWY,SVYT,Tier1,2.9306706213631086
PWY,WVYY,Tier1,3.1213154575387074
PWY,WYT,Tier1,1.8574247353354942
PWY,WSY,Tier1,1.8331659777612215
PWY,WYS,Tier1,1.8331659777612215
PWY,WYSL,Tier1,2.6332780448181747
PWY,WYSLA,Tier1,2.6516941276866204
PWY,WYSLAM,Tier1,2.905700161990346
PWY,WYSLAMA,Tier1,3.030985699426409
PWY,WPP,Tier1,2.6850586121532833
PWY,GTW,Tier1,2.688230403276002
PWY,PGVPWP,Tier1,2.7020774154287026
PWY,YLG,Tier1,3.0144518012067762
PWY,YLGY,Tier1,2.4740348380483184
PWY,VAGTWY,Tier1,2.7734815588734745
RHA,RHG,Tier1,0.9887810613453871
RHA,RHH,Tier1,2.10395792478747
RHA,RHM,Tier1,2.7801906179263884
RHA,RHS,Tier1,0.8601595536206194
RHA,RHT,Tier1,0.949711798196964
RHA,RHV,Tier1,2.9764171917674824
RHA,RHY,Tier1,3.1222897670215906
RHA,NHH,Tier1,1.8014803376106565
RHA,QHH,Tier1,1.8025390970346533
RHA,YPPAK,Tier1,2.866534769297549
RHA,KTFCGRH,Tier1,2.900225264268528
RHA,RADHPF,Tier1,2.9582767194812836
RHA,RADHP,Tier1,2.8963073413420988
RHA,QGAR,Tier1,2.763883324739055
RHA,YAKPA,Tier1,2.7421651913916207
RHA,ARHPHP,Tier1,1.7076681404299572
RHA,RHPHP,Tier1,1.786601677706916
RHA,RYPS,Tier1,2.488141792934242
RHA,SRYPS,Tier1,2.6710772830989575
RHA,YAKP,Tier1,2.51636691699405
RHA,VGGRP,Tier1,2.9184913420951624
RHA,KKY,Tier1,3.0730563206780372
RHD,RHE,Tier1,0.029566604915070984
RHD,RHN,Tier1,3.0488323082841653
RHD,RHQ,Tier1,2.719000322134319
RHD,HEH,Tier1,2.74350741330768
RHD,HDH,Tier1,2.520309417558015
RHD,NHRYDR,Tier1,2.409623149753748
RHD,NHK,Tier1,2.735783197915539
RHD,DHTKE,Tier1,3.0116322340659796
RHD,DYK,Tier1,2.523374555186494
RHE,RHN,Tier1,3.048064102111077
RHE,RHQ,Tier1,2.7178212002189155
RHE,HEH,Tier1,2.7447295035843617
RHE,HDH,Tier1,2.521984004827562
RHE,NHRYDR,Tier1,2.3975214138991467
RHE,NHK,Tier1,2.7355585859263507
RHE,DHTKE,Tier1,3.008585768968622
RHE,DYK,Tier1,2.5237004070876665
RHF,RHL,Tier1,2.6660744304952906
RHF,RHM,Tier1,1.6282227388576316
RHF,RHV,Tier1,2.278442808171279
RHF,RHW,Tier1,1.0497430589459769
RHF,FHH,Tier1,3.04440350896731
RHF,HHW,Tier1,3.1208196001718473
RHF,KTFCGRH,Tier1,2.0708021804034225
RHF,FLHRP,Tier1,2.42256447054928
RHF,RADHPF,Tier1,2.887727521226938
RHF,WSVPQPK,Tier1,3.0317120902150743
RHF,NPYVPR,Tier1,2.912776353897932
RHF,YQKFP,Tier1,2.964250315520708
RHF,KYL,Tier1,2.8261861477876025
RHF,RYL,Tier1,2.894120289067814
RHF,RYLG,Tier1,3.0598992260086852
RHG,RHH,Tier1,1.8369690941943415
RHG,RHM,Tier1,2.856529899633155
RHG,RHQ,Tier1,3.0454692248294317
RHG,RHS,Tier1,0.6160457074695092
RHG,RHT,Tier1,0.20407891100434478
RHG,GHH,Tier1,3.0444035089673096
RHG,NHH,Tier1,1.0597421652319217
RHG,QHH,Tier1,1.0623541068114422
RHG,SHH,Tier1,3.113606092201546
RHG,KTFCGRH,Tier1,3.0485693904436513
RHG,RADHPF,Tier1,2.9936667997464035
RHG,RADHP,Tier1,2.673479034301447
RHG,QGAR,Tier1,2.639434083900648
RHG,NHK,Tier1,3.0678594891653015
RHG,ARHPHP,Tier1,1.6506285012253792
RHG,RHPHP,Tier1,1.4546072017189002
RHG,RYPS,Tier1,2.541882367596823
RHG,SRYPS,Tier1,2.8642227188697316
RHG,YAKP,Tier1,2.7045815956044104
RHG,KKY,Tier1,2.749162156043247
RHG,YQK,Tier1,3.05757427332521
RHH,RHS,Tier1,1.6896278363288524
RHH,RHT,Tier1,1.7535346148391344
RHH,NHH,Tier1,2.133417387322266
RHH,QHH,Tier1,2.1324051766378553
RHH,ARHPHP,Tier1,3.022326603277073
RHH,RHPHP,Tier1,2.482550598895641
RHI,RHL,Tier1,2.5661756355623155
RHI,RHV,Tier1,2.6175593185405104
RHK,RHN,Tier1,1.7968150281386885
RHK,RHQ,Tier1,2.2651342960466647
RHK,NHK,Tier1,2.133417387322266
RHL,RHM,Tier1,2.163415284582911
RHL,RHV,Tier1,0.5507937524283265
RHL,RHW,Tier1,2.860673906083691
RHL,IHH,Tier1,3.0521088725479224
RHL,VKEAMPK,Tier1,2.894171604334444
RHL,KVLPVPQK,Tier1,2.9925234098950377
RHL,NHAV,Tier1,2.8982374958586976
RHL,KTFCGRH,Tier1,2.8923972780393807
RHL,FLHRP,Tier1,2.297078718413056
RHL,QHGV,Tier1,3.105422581543779
RHL,VKEAMAPK,Tier1,3.0899087842727346
RHL,WSVPQPK,Tier1,3.112344737713616
RHL,HNPI,Tier1,2.5583230943221533
RHL,HMPVTK,Tier1,2.9705819819783437
RHL,VGGRP,Tier1,3.0581603988713244
RHL,GIISHR,Tier1,2.863415920790056
RHL,LANAK,Tier1,3.0771765411841714
RHL,LSGNK,Tier1,2.884751718756537
RHL,KYL,Tier1,2.5232874626796606
RHL,RYL,Tier1,2.7155140550257264
RHL,RYLG,Tier1,3.050541960209057
RHM,RHS,Tier1,2.812719744207444
RHM,RHT,Tier1,2.8398497351268723
RHM,RHV,Tier1,1.6761077266466833
RHM,RHW,Tier1,1.6706602813298082
RHM,VKEAMPK,Tier1,2.8919721483643284
RHM,KTFCGRH,Tier1,2.069206062716352
RHM,FLHRP,Tier1,2.634133518338097
RHM,RADHPF,Tier1,3.034206566957788
RHM,WSVPQPK,Tier1,2.891055314298835
RHM,HNPI,Tier1,3.0430630664747205
RHM,NPYVPR,Tier1,3.051679457580023
RHM,HMPVTK,Tier1,2.906110452696922
RHM,VGGRP,Tier1,3.110844107632335
RHM,LSGNK,Tier1,3.113093450976408
RHN,RHQ,Tier1,1.3798628346129422
RHN,NHRYDR,Tier1,3.0467315293355197
RHN,NHK,Tier1,1.13412296095972
RHQ,RHS,Tier1,2.956650301844105
RHQ,RHT,Tier1,2.9944778519711415
RHQ,NHRYDR,Tier1,2.23662517128967
RHQ,NHK,Tier1,0.3128242125529518
RHQ,RYQ,Tier1,2.7155140550257264
RHQ,KKY,Tier1,2.885097248719946
RHS,RHT,Tier1,0.44099730531438036
RHS,RHW,Tier1,3.118399490233918
RHS,RHY,Tier1,2.9709055179501545
RHS,NHH,Tier1,1.4223746537630315
RHS,QHH,Tier1,1.423023381930171
RHS,YPPAK,Tier1,3.059924153148619
RHS,KTFCGRH,Tier1,3.0724176888687253
RHS,RADHPF,Tier1,3.1253061638013477
RHS,RADHP,Tier1,2.9367546259866844
RHS,QGAR,Tier1,2.924505219424038
RHS,NHK,Tier1,2.9343374822000303
RHS,YAKPA,Tier1,3.11780697672746
RHS,ARHPHP,Tier1,1.7976669196584765
RHS,RHPHP,Tier1,1.5593302393870696
RHS,RYPS,Tier1,2.4982766727795265
RHS,SRYPS,Tier1,2.72593837995242
RHS,YAKP,Tier1,2.766155095805336
RHS,KKY,Tier1,2.9141181194737604
RHT,RHW,Tier1,3.124197139591867
RHT,GHH,Tier1,3.0886467491526814
RHT,NHH,Tier1,1.1177646938303285
RHT,QHH,Tier1,1.1178178736619346
RHT,KTFCGRH,Tier1,3.040570844549608
RHT,RADHPF,Tier1,3.017170954670538
RHT,RADHP,Tier1,2.7304376377441972
RHT,QGAR,Tier1,2.719830428954757
RHT,NHK,Tier1,3.0098039176585085
RHT,ARHPHP,Tier1,1.6557476914604659
RHT,RHPHP,Tier1,1.4299195429639164
RHT,RYPS,Tier1,2.517984646397826
RHT,SRYPS,Tier1,2.8148500794533464
RHT,YAKP,Tier1,2.723995010680762
RHT,KKY,Tier1,2.775594259667598
RHT,YQK,Tier1,3.083937634928227
RHV,RHW,Tier1,2.5430803304257705
RHV,IHH,Tier1,3.083932869699943
RHV,VKEAMPK,Tier1,2.7077616656929466
RHV,KVLPVPQK,Tier1,3.00070591830878
RHV,NHAV,Tier1,2.8208620047651807
RHV,KTFCGRH,Tier1,2.5309802166232576
RHV,FLHRP,Tier1,2.139772105763369
RHV,QHGV,Tier1,2.974975182329709
RHV,VKEAMAPK,Tier1,2.9256007174538308
RHV,RADHPFL,Tier1,3.0514412045559776
RHV,WSVPQPK,Tier1,2.909854636812425
RHV,HNPI,Tier1,2.496071371320994
RHV,NPYVPR,Tier1,3.0414343917762765
RHV,YLMSR,Tier1,3.0640971452572088
RHV,HMPVTK,Tier1,2.7592859155060276
RHV,VGGRP,Tier1,2.877741040085587
RHV,GIISHR,Tier1,2.8853657761258926
RHV,LANAK,Tier1,3.0605866389534477
RHV,LSGNK,Tier1,2.769811332468054
RHV,GLTSK,Tier1,3.0647484274007555
RHV,KYL,Tier1,2.55693478535223
RHV,RYL,Tier1,2.7532032547077967
RHV,RYLG,Tier1,2.989831756484261
RHW,WHH,Tier1,3.0300204816144714
RHW,KTFCGRH,Tier1,2.415903876985661
RHW,FLHRP,Tier1,2.8891443405944246
RHY,HYH,Tier1,3.026992619350796
RWA,RWG,Tier1,0.8284991038555056
RWA,RWH,Tier1,3.084221358812347
RWA,RWT,Tier1,0.8420203964887443
RWA,RWY,Tier1,1.9906105870366315
RWA,RPPGFSPFR,Tier1,2.848879857828924
RWA,SWN,Tier1,2.691509336573017
RWA,PHCKRM,Tier1,2.914656635943447
RWA,AGWNIP,Tier1,2.6601327249476427
RWA,AGWNI,Tier1,2.726987383958136
RWA,WNIP,Tier1,2.589320398676172
RWA,GWNIP,Tier1,2.2830660787761703
RWA,GWNI,Tier1,2.704925858655398
RWA,PYFNK,Tier1,2.516244227027615
RWA,YLMSR,Tier1,2.9623062919456884
RWA,WHNVSGSP,Tier1,3.094431786329341
RWA,RDMPIQ,Tier1,2.957522457961325
RWA,YQKFP,Tier1,2.7984718907574018
RWA,KFPE,Tier1,3.077225820317294
RWA,ACQ,Tier1,2.6193854827826013
RWA,QCH,Tier1,2.051142397559083
RWA,GQFNDKRWIPFG,Tier1,3.0337338822075854
RWE,RWN,Tier1,2.8114693198594862
RWE,RWQ,Tier1,2.7178212002189155
RWG,RWH,Tier1,2.635238886706051
RWG,RWT,Tier1,0.2969321447607285
RWG,RWY,Tier1,1.6429902707304131
RWG,RPPGFSPFR,Tier1,2.945270086051008
RWG,SWN,Tier1,2.797202801636659
RWG,PHCKRM,Tier1,3.03511717233065
RWG,WNIP,Tier1,3.0509631262913883
RWG,GWNIP,Tier1,2.7370986680749168
RWG,PYFNK,Tier1,2.660027181177035
RWG,YQKFP,Tier1,2.94301201462953
RWG,KFPE,Tier1,3.1203583649806843
RWG,ACQ,Tier1,2.9997660107638726
RWG,QCH,Tier1,2.1618133402628317
RWH,RWT,Tier1,2.822713576469612
RWH,RWY,Tier1,2.6152380817368983
RWI,RWL,Tier1,0.741087360552592
RWI,RWW,Tier1,2.9364281665547862
RWI,MHIRL,Tier1,2.7425404315682758
RWI,IRW,Tier1,2.239605911547846
RWI,WNIP,Tier1,2.893803575662908
RWI,GWNI,Tier1,2.741370223650656
RWL,RWW,Tier1,2.9448475235144667
RWL,MHIRL,Tier1,2.8231483062635365
RWL,IRW,Tier1,2.359034784612314
RWL,GWNI,Tier1,2.931369765372788
RWN,RWR,Tier1,1.9517422136446927
RWN,RWQ,Tier1,0.7195042795418392
RWR,RWQ,Tier1,1.8133275628083918
RWT,RWY,Tier1,1.7432388574907653
RWT,RPPGFSPFR,Tier1,2.8687565623852582
RWT,SWN,Tier1,2.6167631708191434
RWT,PHCKRM,Tier1,2.875150406758356
RWT,AGWNIP,Tier1,3.121822060441002
RWT,WNIP,Tier1,3.0544857792704136
RWT,GWNIP,Tier1,2.734252441321098
RWT,PYFNK,Tier1,2.4691914794884773
RWT,FHNMEK,Tier1,3.1012308539277695
RWT,YQKFP,Tier1,2.755570643995865
RWT,KFPE,Tier1,3.037139699529652
RWT,ACQ,Tier1,3.0089204882741396
RWT,QCH,Tier1,2.0361482089810137
RWW,RWY,Tier1,2.726519253516121
HEH,HDH,Tier1,0.440249731440559
HEH,PSDHDHE,Tier1,2.9713160807526138
HEH,RADHP,Tier1,2.3192731753555504
HEH,ADHP,Tier1,2.8465257545995573
HEH,DHG,Tier1,2.6380353334648157
HEH,DHTKE,Tier1,2.971521411606375
HDH,PSDHDHE,Tier1,2.8690277769591495
HDH,RADHP,Tier1,2.3535712412247016
HDH,ADHP,Tier1,2.887253867205718
HDH,DHG,Tier1,2.699273511746665
HDH,DHTKE,Tier1,2.978964095276432
HDH,DYK,Tier1,3.1052599308428586
AHH,YHH,Tier1,2.160895591142134
AHH,GHH,Tier1,0.9264566565049963
AHH,SHH,Tier1,1.0345630692335137
AHH,THH,Tier1,1.0363556479159388
AHH,LPHSGY,Tier1,3.0955078668712126
AHH,GAH,Tier1,1.8055020041070824
AHH,ARHPHP,Tier1,2.5643374943809962
AHH,RHPHP,Tier1,2.4383675596935763
IHH,FHH,Tier1,2.717484011934888
IHH,WHH,Tier1,3.009827808886116
IHH,HHF,Tier1,2.935699286467204
IHH,HHW,Tier1,3.067380693379249
IHH,PHYL,Tier1,2.747724554281575
IHH,GALAAH,Tier1,3.1153332404025846
IHH,NHAV,Tier1,2.98548688783489
IHH,HQIYPV,Tier1,3.0888317508801886
IHH,HMPVTK,Tier1,2.993391691532923
IHH,FVPH,Tier1,2.874310867182195
IHH,GIISHR,Tier1,2.529372852223608
IHH,GLTSK,Tier1,2.998863519346819
FHH,WHH,Tier1,1.6777111993074012
FHH,YHH,Tier1,3.0083285783444773
FHH,HFH,Tier1,1.9038402351478352
FHH,HWH,Tier1,2.3747765087321575
FHH,HHF,Tier1,0.6041356637904537
FHH,HHW,Tier1,0.9693854209824242
FHH,FGHPY,Tier1,2.581988771271223
FHH,FVPH,Tier1,3.055886975143219
FHH,PYSFK,Tier1,3.1056799997432396
WHH,YHH,Tier1,2.805416243911409
WHH,HFH,Tier1,2.847137703880819
WHH,HWH,Tier1,1.8132233475796886
WHH,HHF,Tier1,2.2014916225494727
WHH,HHW,Tier1,1.5473330019551064
WHH,HHY,Tier1,2.97103230927672
WHH,MHH,Tier1,2.5779844488304864
WHH,PHYL,Tier1,3.0792107211498587
YHH,HYH,Tier1,2.5598573835055483
YHH,HHW,Tier1,2.8670753705777545
YHH,HHY,Tier1,1.8409534210008038
YHH,GHH,Tier1,1.6885674510531952
YHH,SHH,Tier1,1.6906422816718936
YHH,THH,Tier1,1.69945764511231
YHH,YYH,Tier1,2.3351948933868125
YHH,ARHPHP,Tier1,2.8045213583382504
YHH,RHPHP,Tier1,2.4238990416656487
YHH,RYPS,Tier1,2.996098645893082
HYH,HHY,Tier1,0.7189039625047446
HYH,HYY,Tier1,2.221781331003306
HYH,YHY,Tier1,2.221781331003306
HYH,YYH,Tier1,2.8853806995073263
HFH,HWH,Tier1,2.0515990633465266
HFH,HHF,Tier1,1.8054439179061288
HFH,HHW,Tier1,2.088441579386287
HWH,HHF,Tier1,2.732889763131433
HWH,HHW,Tier1,2.27217641966382
HHF,HHW,Tier1,1.0497430589459769
HHF,FGHPY,Tier1,2.6340398649622045
HHF,PYSFK,Tier1,3.066528046396852
HHW,FGHPY,Tier1,2.862455179643931
HHY,GHH,Tier1,2.9811586595381225
HHY,SHH,Tier1,2.982334361060073
HHY,THH,Tier1,2.987340490153998
HHY,HYY,Tier1,2.3351948933868125
HHY,YHY,Tier1,2.3351948933868125
HHY,YYH,Tier1,2.489037418382079
GHH,NHH,Tier1,2.9836244822535014
GHH,QHH,Tier1,2.984946046266104
GHH,SHH,Tier1,0.28814458631075807
GHH,THH,Tier1,0.3378980665084187
GHH,GAH,Tier1,2.3249080583438078
GHH,ARHPHP,Tier1,2.4252721836972513
GHH,RHPHP,Tier1,2.0506759705581135
NHH,QHH,Tier1,0.02938538708267635
NHH,SHH,Tier1,2.967504835751073
NHH,THH,Tier1,2.9784540608874286
NHH,RADHPF,Tier1,3.0423391084299682
NHH,RADHP,Tier1,2.4979447852943424
NHH,QGAR,Tier1,2.7913639522566087
NHH,TERGY,Tier1,3.0830765071192996
NHH,ARHPHP,Tier1,2.065989596419336
NHH,RHPHP,Tier1,1.777465221377826
NHH,RYPS,Tier1,2.9055333147938924
NHH,YAKP,Tier1,3.085717997817072
NHH,KKY,Tier1,3.0245617721532807
NHH,YQK,Tier1,3.1057372833087507
QHH,SHH,Tier1,2.968210891528255
QHH,THH,Tier1,2.978867660244371
QHH,RADHPF,Tier1,3.0356869757589617
QHH,RADHP,Tier1,2.493474853578863
QHH,QGAR,Tier1,2.790987909348538
QHH,TERGY,Tier1,3.0788557875913964
QHH,ARHPHP,Tier1,2.057019556368728
QHH,RHPHP,Tier1,1.7695056950937915
QHH,RYPS,Tier1,2.9032408105045118
QHH,YAKP,Tier1,3.0844380242969525
QHH,KKY,Tier1,3.024070728689871
QHH,YQK,Tier1,3.1052599308428586
SHH,THH,Tier1,0.06667914677942753
SHH,GAH,Tier1,2.3937861127156825
SHH,ARHPHP,Tier1,2.5251382045248882
SHH,RHPHP,Tier1,2.140069700457708
THH,GAH,Tier1,2.3864563431864316
THH,ARHPHP,Tier1,2.540020198138102
THH,RHPHP,Tier1,2.165915967109346
DYY,EYY,Tier1,0.07221568189187215
DYY,YDY,Tier1,2.085203850945965
DYY,YEY,Tier1,2.2921265547208005
DYY,YYD,Tier1,1.379552697117868
DYY,YYE,Tier1,0.4402887474636237
DYY,NYY,Tier1,2.719751918392393
DYY,QYY,Tier1,2.7551310128978974
DYY,YYN,Tier1,2.719751918392393
DYY,YYQ,Tier1,2.7198883702645493
DYY,GGE,Tier1,3.0830977286236902
DYY,YQEP,Tier1,2.553576345154541
DYY,TERGY,Tier1,2.7031340630012
DYY,TDY,Tier1,2.6076384576322447
DYY,LYEGY,Tier1,3.054820704772142
DYY,AEERYP,Tier1,2.7422638936929156
DYY,YYDPL,Tier1,2.7793917407163518
DYY,WYGPD,Tier1,2.7419622723465755
EYY,YDY,Tier1,2.086453978574891
EYY,YEY,Tier1,2.2928449004892206
EYY,YYD,Tier1,1.381309010735885
EYY,YYE,Tier1,0.4433338389632523
EYY,NYY,Tier1,2.6995188574035245
EYY,QYY,Tier1,2.734843955358683
EYY,YYN,Tier1,2.6995188574035245
EYY,YYQ,Tier1,2.6993364571002405
EYY,GGE,Tier1,3.0877312845234997
EYY,YQEP,Tier1,2.552702162930696
EYY,TERGY,Tier1,2.6866424573350303
EYY,TDY,Tier1,2.6180490592247403
EYY,LYEGY,Tier1,3.051928315603389
EYY,AEERYP,Tier1,2.735508070282806
EYY,YYDPL,Tier1,2.775670020377042
EYY,QYP,Tier1,3.1205637953790197
EYY,WYGPD,Tier1,2.7388452296509214
YDY,YEY,Tier1,1.819053335529854
YDY,YYD,Tier1,2.1043889013797172
YDY,YYE,Tier1,2.2632558803445004
YDY,YNY,Tier1,3.049624311119514
YDY,YQEP,Tier1,2.6396751633227167
YDY,TDY,Tier1,2.0674842977874643
YEY,YYE,Tier1,2.104392032577115
YEY,YNY,Tier1,2.754709019337155
YEY,YQY,Tier1,2.7192798452603713
YEY,TDY,Tier1,1.6042829803707195
YYD,YYE,Tier1,1.8190556745538202
YYD,NYY,Tier1,3.0488323082841653
YYD,YYN,Tier1,3.0488323082841653
YYD,YYQ,Tier1,3.0489540326378477
YYD,YQEP,Tier1,2.3923791430775685
YYD,AEERYP,Tier1,2.884493506464803
YYD,YYDPL,Tier1,2.841392229381743
YYD,MTEEY,Tier1,3.0481872453278953
YYD,AYFYPE,Tier1,2.994855666259344
YYE,NYY,Tier1,2.7532691442606168
YYE,QYY,Tier1,2.7178212002189155
YYE,YYN,Tier1,2.7532691442606168
YYE,YYQ,Tier1,2.7530903050737066
YYE,GGE,Tier1,3.0557729820464505
YYE,YQEP,Tier1,2.750464923897268
YYE,TERGY,Tier1,2.6329831081479167
YYE,TDY,Tier1,2.5245795112091116
YYE,LYEGY,Tier1,2.8982256678370417
YYE,AEERYP,Tier1,2.8332072003732307
YYE,YYDPL,Tier1,2.896206197942666
YYE,QYP,Tier1,3.105672790202258
YYE,WYGPD,Tier1,2.5665110876656163
HYY,YYH,Tier1,1.840953421000804
HYY,YAY,Tier1,2.834368191605002
HYY,YYA,Tier1,2.4124188467693695
HYY,YYY,Tier1,2.8853806995073255
HYY,SYY,Tier1,3.084804607338429
HYY,TYY,Tier1,3.0955683526201883
HYY,YYS,Tier1,3.067199382039777
HYY,GFYPPP,Tier1,3.1127983816976688
KYY,RYY,Tier1,0.4692483934934573
KYY,YKY,Tier1,2.10438707121504
KYY,YRY,Tier1,2.9210701118619844
KYY,YYR,Tier1,0.9988727922035574
KYY,YYH,Tier1,3.07165287773095
KYY,NYY,Tier1,1.7968150281386883
KYY,QYY,Tier1,1.8494944145052727
KYY,YNY,Tier1,2.7671265223769677
KYY,YQY,Tier1,2.9121562296877146
KYY,YYN,Tier1,1.7968150281386883
KYY,YYQ,Tier1,1.7965732486472
KYY,YPPAK,Tier1,2.8614295934542104
KYY,PYPQ,Tier1,2.759506273110228
KYY,TERGY,Tier1,3.036019919468571
KYY,YAKPA,Tier1,2.7544927503864605
KYY,RYPS,Tier1,2.1178285141189477
KYY,SRYPS,Tier1,2.5219938237246744
KYY,YAKP,Tier1,2.2383861153970184
KYY,YQKFP,Tier1,2.7212985009396284
KYY,TYQTF,Tier1,3.0034026732088113
KYY,QYP,Tier1,2.379042523118597
KYY,YQKFPQY,Tier1,2.367097670407249
KYY,YQK,Tier1,2.722959526782532
KYY,FPQY,Tier1,3.005878639488373
RYY,YKY,Tier1,2.0042603695546783
RYY,YRY,Tier1,2.6106318145978458
RYY,YYR,Tier1,0.5458776441385296
RYY,YYK,Tier1,0.4692483934934573
RYY,NYY,Tier1,1.8669303449108943
RYY,QYY,Tier1,1.8133275628083918
RYY,YNY,Tier1,2.6985726758641086
RYY,YQY,Tier1,2.7778772103060345
RYY,YYN,Tier1,1.8669303449108943
RYY,YYQ,Tier1,1.8657735665326782
RYY,YPPAK,Tier1,3.0878905502578418
RYY,PYPQ,Tier1,2.9090413882768673
RYY,TERGY,Tier1,2.980232042156147
RYY,YAKPA,Tier1,2.9373402691027772
RYY,GTQY,Tier1,3.0926202453443437
RYY,RYPS,Tier1,2.24184703052968
RYY,SRYPS,Tier1,2.7118400940607046
RYY,YAKP,Tier1,2.3341419525243237
RYY,YQKFP,Tier1,2.7772620685393337
RYY,TYQTF,Tier1,3.052619252221586
RYY,QYP,Tier1,2.3494292117716746
RYY,YQKFPQY,Tier1,2.4238232298822484
RYY,YQK,Tier1,2.614812173294338
YHY,YYH,Tier1,1.840953421000804
YHY,YAY,Tier1,2.834368191605002
YHY,YYA,Tier1,2.4124188467693695
YHY,YYY,Tier1,2.8853806995073255
YHY,SYY,Tier1,3.084804607338429
YHY,TYY,Tier1,3.0955683526201883
YHY,YYS,Tier1,3.067199382039777
YHY,GFYPPP,Tier1,3.1127983816976688
YKY,YRY,Tier1,1.4339385298669487
YKY,YYR,Tier1,2.0024348244943977
YKY,YYK,Tier1,2.10438707121504
YKY,NYY,Tier1,2.7671265223769677
YKY,QYY,Tier1,2.6865396262585572
YKY,YNY,Tier1,1.7968150281386883
YKY,YQY,Tier1,1.8494944145052727
YKY,YYN,Tier1,2.7671265223769677
YKY,YYQ,Tier1,2.766969530596925
YKY,YAKP,Tier1,2.6138717985534607
YKY,RYQ,Tier1,2.698844252331886
YKY,QYP,Tier1,3.0751762390109882
YRY,YYR,Tier1,2.291937710400135
YRY,YYK,Tier1,2.9210701118619844
YRY,YNY,Tier1,2.3068191444909387
YRY,YQY,Tier1,2.0636530235920016
YRY,GTQY,Tier1,3.0592003238462566
YRY,RYQ,Tier1,2.8050298802206224
YYR,YYK,Tier1,0.9988727922035574
YYR,NYY,Tier1,2.0646989400291393
YYR,QYY,Tier1,1.893710445768004
YYR,YNY,Tier1,2.697217099957071
YYR,YQY,Tier1,2.688813306103639
YYR,YYN,Tier1,2.0646989400291393
YYR,YYQ,Tier1,2.0636530235920016
YYR,TERGY,Tier1,2.9978191426956617
YYR,GTQY,Tier1,2.906636469345217
YYR,RYPS,Tier1,2.4864009646864136
YYR,SRYPS,Tier1,3.004228002760623
YYR,YAKP,Tier1,2.4953407597476533
YYR,YQKFP,Tier1,2.9096930513641017
YYR,QYP,Tier1,2.4120116134663
YYR,YQKFPQY,Tier1,2.597772560165827
YYR,YQK,Tier1,2.613413151223647
YYH,YYK,Tier1,3.07165287773095
YYH,AYY,Tier1,2.2225408857049764
YYH,YAY,Tier1,2.104764344559686
YYH,YYA,Tier1,2.205241939353569
YYH,YYY,Tier1,2.2217813310033057
YYH,GYY,Tier1,2.117095442875631
YYH,YGY,Tier1,2.9832776938619223
YYH,YYG,Tier1,2.117095442875631
YYH,SYY,Tier1,1.8654684529290624
YYH,TYY,Tier1,1.8832144087067775
YYH,YSY,Tier1,2.218588257094455
YYH,YTY,Tier1,2.572191827773518
YYH,YYS,Tier1,1.8362094468230856
YYH,YYT,Tier1,2.0867551498416628
YYH,YPPAK,Tier1,2.9053031296268426
YYH,FGHPY,Tier1,2.71311320508119
YYH,TTYY,Tier1,2.1182753170824187
YYH,RYPS,Tier1,2.9342363412036465
YYH,AYPS,Tier1,2.7177214950576674
YYK,NYY,Tier1,1.7968150281386883
YYK,QYY,Tier1,1.8494944145052727
YYK,YNY,Tier1,2.7671265223769677
YYK,YQY,Tier1,2.9121562296877146
YYK,YYN,Tier1,1.7968150281386883
YYK,YYQ,Tier1,1.7965732486472
YYK,YPPAK,Tier1,2.8614295934542104
YYK,PYPQ,Tier1,2.759506273110228
YYK,TERGY,Tier1,3.036019919468571
YYK,YAKPA,Tier1,2.7544927503864605
YYK,RYPS,Tier1,2.1178285141189477
YYK,SRYPS,Tier1,2.5219938237246744
YYK,YAKP,Tier1,2.2383861153970184
YYK,YQKFP,Tier1,2.7212985009396284
YYK,TYQTF,Tier1,3.0034026732088113
YYK,QYP,Tier1,2.379042523118597
YYK,YQKFPQY,Tier1,2.367097670407249
YYK,YQK,Tier1,2.722959526782532
YYK,FPQY,Tier1,3.005878639488373
AYY,VYY,Tier1,3.0091409215396645
AYY,YAY,Tier1,0.661382853239738
AYY,YYA,Tier1,1.3799029524295212
AYY,YYV,Tier1,2.9765808432160332
AYY,YYY,Tier1,1.9270898011352295
AYY,GYY,Tier1,0.9264566565049961
AYY,YGY,Tier1,1.879194983141084
AYY,YYG,Tier1,0.9264566565049961
AYY,MYY,Tier1,3.1143381469392186
AYY,SYY,Tier1,0.9086699684719833
AYY,TYY,Tier1,0.9107103800595839
AYY,YSY,Tier1,1.1214595765079949
AYY,YTY,Tier1,1.4773591730983442
AYY,YYS,Tier1,0.8607256673507934
AYY,YYT,Tier1,0.9770425771038336
AYY,YPFPG,Tier1,2.7896599589418485
AYY,LPHSGY,Tier1,2.820318449729229
AYY,YGYTGA,Tier1,2.4954819460200603
AYY,WYT,Tier1,3.0806363680907864
AYY,WSY,Tier1,2.9252825104375675
AYY,VSYT,Tier1,3.01278641956095
AYY,YSTA,Tier1,2.001210379375628
AYY,GPAGPAG,Tier1,3.0126389179580007
AYY,FGHPY,Tier1,2.4228481757653504
AYY,TTYY,Tier1,1.180192055592167
AYY,WYS,Tier1,2.9252825104375675
AYY,YGGFM,Tier1,3.0530373581759385
AYY,AYPS,Tier1,1.9975387956343889
AYY,LSGYGP,Tier1,2.8984567509243644
AYY,AGGF,Tier1,2.8672037713529064
AYY,SGAF,Tier1,3.0467411956817654
AYY,GFYPPP,Tier1,3.009277771467363
IYY,LYY,Tier1,0.17996546520314682
IYY,VYY,Tier1,0.7015840877745713
IYY,YIY,Tier1,1.943309200309939
IYY,YLY,Tier1,1.9516245070901934
IYY,YVY,Tier1,2.2135336304327624
IYY,YYL,Tier1,0.17996546520314682
IYY,YYV,Tier1,0.546577498796276
IYY,WYY,Tier1,2.936428166554786
IYY,YYF,Tier1,2.6206671760864086
IYY,YYW,Tier1,2.9979309994727754
IYY,MYY,Tier1,2.6159304187577486
IYY,YCY,Tier1,2.912332558145196
IYY,YPFPG,Tier1,2.9036055241254153
IYY,GAWA,Tier1,2.9673576757906095
IYY,PHYL,Tier1,2.8634850381130317
IYY,GPGGFI,Tier1,2.730642643953359
IYY,FIGP,Tier1,2.439292506558515
IYY,YLAGMN,Tier1,2.891321370970576
IYY,IPAGM,Tier1,3.098296325504075
IYY,SVYT,Tier1,2.6584325997948772
IYY,WVYY,Tier1,1.8479642849819142
IYY,WYT,Tier1,2.726967471873717
IYY,WSY,Tier1,2.5581599524401493
IYY,VSYT,Tier1,2.4864948038853676
IYY,YQIGL,Tier1,3.0797873531750715
IYY,YPI,Tier1,1.5021889256339298
IYY,YPIL,Tier1,2.6023130573868563
IYY,HQIYPV,Tier1,3.027696168910231
IYY,IYPF,Tier1,1.6893269410925325
IYY,WYS,Tier1,2.5581599524401493
IYY,WYSL,Tier1,1.7026236800277832
IYY,WYSLA,Tier1,1.8204786452348771
IYY,WYSLAM,Tier1,2.443615776166015
IYY,WYSLAMA,Tier1,2.466225537243528
IYY,YGGFL,Tier1,1.8759655959182528
IYY,YGGFM,Tier1,2.6891303423717874
IYY,PYVRYL,Tier1,2.89187322712502
IYY,VFPW,Tier1,2.9104823824363515
IYY,AGWNIPIGT,Tier1,3.0674137924937273
IYY,LGFEYY,Tier1,2.7479698065303513
IYY,YIPIQY,Tier1,2.543226064839262
IYY,FVPH,Tier1,2.678907088865927
IYY,VPVTST,Tier1,3.079920716632718
IYY,GGIF,Tier1,2.461245186857934
IYY,WPP,Tier1,3.0379487288550107
IYY,YYIVS,Tier1,1.4762372155285561
IYY,SGQYFL,Tier1,3.0750883871111965
IYY,FLPF,Tier1,3.1156909180565413
IYY,AGGF,Tier1,2.6728389186569386
IYY,SGAF,Tier1,2.8781144765097815
IYY,DGVVYY,Tier1,2.726968796001614
IYY,PGVPWP,Tier1,2.9537879428250418
IYY,RYLGY,Tier1,3.0120819745918213
IYY,YLG,Tier1,2.461705308663082
IYY,YLGY,Tier1,1.6552669300084688
IYY,LGY,Tier1,1.9380815101986453
IYY,AYFYPEL,Tier1,2.798026917016286
IYY,VAGTWY,Tier1,2.373151223892481
LYY,VYY,Tier1,0.704873767239327
LYY,YIY,Tier1,1.9516245070901934
LYY,YLY,Tier1,1.943309200309939
LYY,YVY,Tier1,2.214578499078443
LYY,YYI,Tier1,0.17996546520314682
LYY,YYV,Tier1,0.5507937524283266
LYY,WYY,Tier1,2.8557492938709204
LYY,YYF,Tier1,2.596723506397486
LYY,YYW,Tier1,2.91895253981763
LYY,MYY,Tier1,2.575827276277726
LYY,YCY,Tier1,2.8860001172818732
LYY,YPFPG,Tier1,2.8584784643758665
LYY,GAWA,Tier1,2.970085076290971
LYY,PHYL,Tier1,2.810069653353083
LYY,GPGGFI,Tier1,2.7424777822815924
LYY,FIGP,Tier1,2.4848636814624614
LYY,YLAGMN,Tier1,2.884913327301481
LYY,SVYT,Tier1,2.6497161984664155
LYY,WVYY,Tier1,1.8221203830519004
LYY,WYT,Tier1,2.650389931887286
LYY,WSY,Tier1,2.4744987269371106
LYY,VSYT,Tier1,2.477173480907645
LYY,FGHPY,Tier1,3.124467101379784
LYY,YQIGL,Tier1,3.084440998466975
LYY,YPI,Tier1,1.5037281548939967
LYY,YPIL,Tier1,2.646388676069769
LYY,HQIYPV,Tier1,2.9969771888164822
LYY,IYPF,Tier1,1.7365953349096552
LYY,WYS,Tier1,2.4744987269371106
LYY,WYSL,Tier1,1.6766091616239496
LYY,WYSLA,Tier1,1.8207327801906985
LYY,WYSLAM,Tier1,2.4568339786927003
LYY,WYSLAMA,Tier1,2.487706714545919
LYY,YGGFL,Tier1,1.9041174370593974
LYY,YGGFM,Tier1,2.6893023923258133
LYY,PYVRYL,Tier1,2.861313078267127
LYY,VFPW,Tier1,2.939351243911968
LYY,AGWNIPIGT,Tier1,3.060618600000268
LYY,LGFEYY,Tier1,2.7225969572986655
LYY,YIPIQY,Tier1,2.5267996551866743
LYY,FVPH,Tier1,2.680633653042408
LYY,VPVTST,Tier1,3.091167021304195
LYY,GGIF,Tier1,2.522976371699962
LYY,WPP,Tier1,2.9506447744477016
LYY,YYIVS,Tier1,1.5264697345783145
LYY,SGQYFL,Tier1,3.0562229467848137
LYY,AGGF,Tier1,2.6952485170579292
LYY,SGAF,Tier1,2.894145616649039
LYY,DGVVYY,Tier1,2.7167696383908386
LYY,PGVPWP,Tier1,2.9143650140286845
LYY,RYLGY,Tier1,2.9536041439528122
LYY,YLG,Tier1,2.4720209904975565
LYY,YLGY,Tier1,1.628496083701055
LYY,LGY,Tier1,1.9511675199568028
LYY,AYFYPEL,Tier1,2.7772800975514826
LYY,VAGTWY,Tier1,2.3692487310047556
VYY,YIY,Tier1,1.9071160187314204
VYY,YLY,Tier1,1.908328667820527
VYY,YVY,Tier1,1.9434427613145417
VYY,YYI,Tier1,0.7015840877745713
VYY,YYL,Tier1,0.704873767239327
VYY,YYV,Tier1,0.4398559650932158
VYY,WYY,Tier1,2.5753795195121567
VYY,YYF,Tier1,2.2404899017563045
VYY,YYW,Tier1,2.5429918795374338
VYY,MYY,Tier1,2.4817294018491203
VYY,YCY,Tier1,2.446280390713282
VYY,YPFPG,Tier1,2.736157436560536
VYY,LPHSGY,Tier1,3.016417059837412
VYY,GAWA,Tier1,2.522102263264054
VYY,PHYL,Tier1,3.0111096112423934
VYY,GPGGFI,Tier1,2.5582835637080388
VYY,FIGP,Tier1,2.309459442536637
VYY,YLAGMN,Tier1,2.719474848477041
VYY,IPAGM,Tier1,3.0820469067439693
VYY,SVYT,Tier1,2.2965087433864806
VYY,WVYY,Tier1,1.451295420757877
VYY,WYT,Tier1,2.0967601911675042
VYY,WSY,Tier1,1.9831973991974123
VYY,VSYT,Tier1,2.1655631722293904
VYY,HVCYMF,Tier1,3.098415757721092
VYY,GFPSG,Tier1,2.9848244660386873
VYY,PVMGA,Tier1,3.0806045169824303
VYY,FGHPY,Tier1,2.736204318687095
VYY,YPI,Tier1,1.6519082188621903
VYY,YPIL,Tier1,3.0146508608495495
VYY,HQIYPV,Tier1,3.084955402573837
VYY,IYPF,Tier1,1.8537902915147964
VYY,WYS,Tier1,1.9831973991974123
VYY,WYSL,Tier1,1.4714389266573973
VYY,WYSLA,Tier1,1.6259170169161101
VYY,WYSLAM,Tier1,2.2501691733461695
VYY,WYSLAMA,Tier1,2.349697290618298
VYY,YGGFL,Tier1,1.628372912128378
VYY,YGGFM,Tier1,2.225877233702025
VYY,PYVRYL,Tier1,2.786769268139398
VYY,VFPW,Tier1,2.834531220266338
VYY,AGWNIPIGT,Tier1,3.121506483898619
VYY,LGFEY,Tier1,3.041055372948812
VYY,LGFEYY,Tier1,2.557897706278803
VYY,YWVTSGPK,Tier1,3.1155592117467013
VYY,TVYQ,Tier1,2.949648058195898
VYY,YGLN,Tier1,3.002183033437112
VYY,YIPIQY,Tier1,2.465698140475252
VYY,FVPH,Tier1,2.6039982139764914
VYY,LSGYGP,Tier1,2.8987616741300193
VYY,VPVTST,Tier1,3.0966983153892556
VYY,YLGAK,Tier1,2.9958533530431435
VYY,GGIF,Tier1,2.370596755487132
VYY,WPP,Tier1,2.7483259427285183
VYY,YYIVS,Tier1,1.535384191193131
VYY,SGQYFL,Tier1,2.8226074104840357
VYY,GTW,Tier1,2.8800691317238902
VYY,AGGF,Tier1,2.382852140613233
VYY,SGAF,Tier1,2.4487400882408776
VYY,DGVVYY,Tier1,2.610716243538855
VYY,PGVPWP,Tier1,2.7420153808734975
VYY,RYLGY,Tier1,2.7300682511867906
VYY,YLG,Tier1,2.4321881450263936
VYY,YLGY,Tier1,1.2936934434358445
VYY,LGY,Tier1,1.7824632911481992
VYY,AYFYPEL,Tier1,2.8262927590409497
VYY,VAGTWY,Tier1,1.9452921461763957
YAY,YYA,Tier1,0.718903962504744
YAY,YYV,Tier1,3.048854270255782
YAY,YYY,Tier1,1.788635670619825
YAY,GYY,Tier1,1.3954661358918212
YAY,YGY,Tier1,2.4947513928129976
YAY,YYG,Tier1,1.3954661358918212
YAY,MYY,Tier1,2.880563365313848
YAY,SYY,Tier1,1.1157160968117463
YAY,TYY,Tier1,1.1158675964228344
YAY,YSY,Tier1,1.6257405694196383
YAY,YTY,Tier1,2.05462305512116
YAY,YYS,Tier1,1.084586335656464
YAY,YYT,Tier1,1.4295509775842676
YAY,YPFPG,Tier1,2.6053469211226705
YAY,LPHSGY,Tier1,2.9818377894945174
YAY,YGYTGA,Tier1,3.034487670655666
YAY,YSTA,Tier1,2.3175448754874597
YAY,GPAGPAG,Tier1,3.0243537155775293
YAY,GFPSG,Tier1,3.0747840046208674
YAY,YPPAK,Tier1,3.091270680466983
YAY,FGHPY,Tier1,2.7134075484616322
YAY,TTYY,Tier1,1.4236737390936913
YAY,AYPS,Tier1,1.8798812005276855
YAY,AGGF,Tier1,2.979365721150993
YAY,GFYPPP,Tier1,2.681499460983004
YAY,AYFYPE,Tier1,3.088747762325035
YIY,YLY,Tier1,0.17996546520314682
YIY,YVY,Tier1,0.7012140284690841
YIY,YYI,Tier1,1.943309200309939
YIY,YYL,Tier1,1.9516245070901934
YIY,YYV,Tier1,2.018711869039177
YIY,YWY,Tier1,2.9979309994727754
YIY,YCY,Tier1,2.1691542778749713
YIY,GAWA,Tier1,2.8139435016576124
YIY,GVPLT,Tier1,3.1142742111646444
YIY,SVYT,Tier1,2.578928794384591
YIY,WVYY,Tier1,2.849559004358225
YIY,WYT,Tier1,3.0770117654142046
YIY,WSY,Tier1,3.047455852948127
YIY,YPI,Tier1,2.456221125287069
YIY,IYPF,Tier1,2.330169352458038
YIY,WYS,Tier1,3.047455852948127
YIY,WYSL,Tier1,1.8680439045452857
YIY,WYSLA,Tier1,1.6825056099138418
YIY,WYSLAM,Tier1,2.200997848080959
YIY,WYSLAMA,Tier1,2.22929563521499
YIY,YGGFL,Tier1,3.122287543443636
YIY,WPL,Tier1,2.5347121146057865
YIY,VPW,Tier1,2.759125506302395
YIY,YIPIQY,Tier1,2.740880306858109
YIY,YYIVS,Tier1,2.269158690502196
YIY,PGVPWP,Tier1,2.878197794760117
YIY,YLG,Tier1,1.5111394305922754
YIY,YLGY,Tier1,1.6724840737441367
YIY,LGY,Tier1,2.405786722054549
YIY,VAGTWY,Tier1,2.475402917447747
YLY,YVY,Tier1,0.7045054359233328
YLY,YYI,Tier1,1.9516245070901934
YLY,YYL,Tier1,1.943309200309939
YLY,YYV,Tier1,2.0198575211443335
YLY,YWY,Tier1,2.91895253981763
YLY,YCY,Tier1,2.133669615695394
YLY,GAWA,Tier1,2.816819450169641
YLY,SVYT,Tier1,2.5699427564187345
YLY,WVYY,Tier1,2.832867312650475
YLY,WYT,Tier1,3.0093548482838646
YLY,WSY,Tier1,2.97757431192113
YLY,YPI,Tier1,2.45716279717689
YLY,IYPF,Tier1,2.3646621438302002
YLY,WYS,Tier1,2.97757431192113
YLY,WYSL,Tier1,1.844364094846462
YLY,WYSLA,Tier1,1.6827805818039039
YLY,WYSLAM,Tier1,2.2156639331334937
YLY,WYSLAMA,Tier1,2.2530369118665874
YLY,WPL,Tier1,2.5301445662868596
YLY,VPW,Tier1,2.7616397205463823
YLY,YIPIQY,Tier1,2.72564534323457
YLY,YYIVS,Tier1,2.3021543598885206
YLY,PGVPWP,Tier1,2.8377249284555086
YLY,YLG,Tier1,1.5278864910232255
YLY,YLGY,Tier1,1.6459932751921542
YLY,LGY,Tier1,2.4163411395691816
YLY,VAGTWY,Tier1,2.471661874450889
YVY,YYI,Tier1,2.2135336304327624
YVY,YYL,Tier1,2.214578499078443
YVY,YYV,Tier1,2.1449904826983386
YVY,YWY,Tier1,2.5428898090355183
YVY,YYF,Tier1,3.0703918155034127
YVY,YCY,Tier1,1.6850195870584372
YVY,GAWA,Tier1,2.470839350297119
YVY,YLAGMN,Tier1,3.0834071484788432
YVY,SVYT,Tier1,2.345316335351712
YVY,WVYY,Tier1,2.7280639970301683
YVY,WYT,Tier1,2.6568917261723595
YVY,WSY,Tier1,2.7031273168463286
YVY,VSYT,Tier1,3.1185232581615985
YVY,YPI,Tier1,2.6713801573441303
YVY,IYPF,Tier1,2.5774837876592773
YVY,WYS,Tier1,2.7031273168463286
YVY,WYSL,Tier1,1.8403297753115775
YVY,WYSLA,Tier1,1.6707211942843603
YVY,WYSLAM,Tier1,2.1371512131585826
YVY,WYSLAMA,Tier1,2.2449027862412416
YVY,YGGFL,Tier1,3.084161387042848
YVY,WPL,Tier1,2.6243808303613005
YVY,VPW,Tier1,2.8885986511759087
YVY,TVYQ,Tier1,3.0761679579619563
YVY,YIPIQY,Tier1,2.784807643701272
YVY,YYIVS,Tier1,2.440956720952879
YVY,GTW,Tier1,3.1142347822510636
YVY,PGVPWP,Tier1,2.7750494083112454
YVY,YLG,Tier1,1.66436446077652
YVY,YLGY,Tier1,1.536879092761082
YVY,LGY,Tier1,2.4165772757412953
YVY,VAGTWY,Tier1,2.2163016890111145
YYA,YYY,Tier1,1.9058532543634514
YYA,GYY,Tier1,2.0310553014490083
YYA,YYG,Tier1,2.0310553014490083
YYA,MYY,Tier1,2.7894125536182734
YYA,YYM,Tier1,3.0203618351081656
YYA,SYY,Tier1,1.6466715787457469
YYA,TYY,Tier1,1.6467742323435373
YYA,YSY,Tier1,2.267902796248355
YYA,YTY,Tier1,2.7263495033411846
YYA,YYS,Tier1,1.625740569419638
YYA,YYT,Tier1,2.0546230551211595
YYA,YPFPG,Tier1,2.5881538446269623
YYA,YSTA,Tier1,2.8018608073001556
YYA,YPPAK,Tier1,3.076794137404833
YYA,TTYY,Tier1,1.9315854337859282
YYA,AYPS,Tier1,2.0070276525169484
YYA,GFYPPP,Tier1,2.480604988511247
YYA,AYFYPE,Tier1,3.0640999172173897
YYI,YYL,Tier1,0.17996546520314682
YYI,YYV,Tier1,0.546577498796276
YYI,WYY,Tier1,2.936428166554786
YYI,YYF,Tier1,2.6206671760864086
YYI,YYW,Tier1,2.9979309994727754
YYI,MYY,Tier1,2.6159304187577486
YYI,YCY,Tier1,2.912332558145196
YYI,YPFPG,Tier1,2.9036055241254153
YYI,GAWA,Tier1,2.9673576757906095
YYI,PHYL,Tier1,2.8634850381130317
YYI,GPGGFI,Tier1,2.730642643953359
YYI,FIGP,Tier1,2.439292506558515
YYI,YLAGMN,Tier1,2.891321370970576
YYI,IPAGM,Tier1,3.098296325504075
YYI,SVYT,Tier1,2.6584325997948772
YYI,WVYY,Tier1,1.8479642849819142
YYI,WYT,Tier1,2.726967471873717
YYI,WSY,Tier1,2.5581599524401493
YYI,VSYT,Tier1,2.4864948038853676
YYI,YQIGL,Tier1,3.0797873531750715
YYI,YPI,Tier1,1.5021889256339298
YYI,YPIL,Tier1,2.6023130573868563
YYI,HQIYPV,Tier1,3.027696168910231
YYI,IYPF,Tier1,1.6893269410925325
YYI,WYS,Tier1,2.5581599524401493
YYI,WYSL,Tier1,1.7026236800277832
YYI,WYSLA,Tier1,1.8204786452348771
YYI,WYSLAM,Tier1,2.443615776166015
YYI,WYSLAMA,Tier1,2.466225537243528
YYI,YGGFL,Tier1,1.8759655959182528
YYI,YGGFM,Tier1,2.6891303423717874
YYI,PYVRYL,Tier1,2.89187322712502
YYI,VFPW,Tier1,2.9104823824363515
YYI,AGWNIPIGT,Tier1,3.0674137924937273
YYI,LGFEYY,Tier1,2.7479698065303513
YYI,YIPIQY,Tier1,2.543226064839262
YYI,FVPH,Tier1,2.678907088865927
YYI,VPVTST,Tier1,3.079920716632718
YYI,GGIF,Tier1,2.461245186857934
YYI,WPP,Tier1,3.0379487288550107
YYI,YYIVS,Tier1,1.4762372155285561
YYI,SGQYFL,Tier1,3.0750883871111965
YYI,FLPF,Tier1,3.1156909180565413
YYI,AGGF,Tier1,2.6728389186569386
YYI,SGAF,Tier1,2.8781144765097815
YYI,DGVVYY,Tier1,2.726968796001614
YYI,PGVPWP,Tier1,2.9537879428250418
YYI,RYLGY,Tier1,3.0120819745918213
YYI,YLG,Tier1,2.461705308663082
YYI,YLGY,Tier1,1.6552669300084688
YYI,LGY,Tier1,1.9380815101986453
YYI,AYFYPEL,Tier1,2.798026917016286
YYI,VAGTWY,Tier1,2.373151223892481
YYL,YYV,Tier1,0.5507937524283266
YYL,WYY,Tier1,2.8557492938709204
YYL,YYF,Tier1,2.596723506397486
YYL,YYW,Tier1,2.91895253981763
YYL,MYY,Tier1,2.575827276277726
YYL,YCY,Tier1,2.8860001172818732
YYL,YPFPG,Tier1,2.8584784643758665
YYL,GAWA,Tier1,2.970085076290971
YYL,PHYL,Tier1,2.810069653353083
YYL,GPGGFI,Tier1,2.7424777822815924
YYL,FIGP,Tier1,2.4848636814624614
YYL,YLAGMN,Tier1,2.884913327301481
YYL,SVYT,Tier1,2.6497161984664155
YYL,WVYY,Tier1,1.8221203830519004
YYL,WYT,Tier1,2.650389931887286
YYL,WSY,Tier1,2.4744987269371106
YYL,VSYT,Tier1,2.477173480907645
YYL,FGHPY,Tier1,3.124467101379784
YYL,YQIGL,Tier1,3.084440998466975
YYL,YPI,Tier1,1.5037281548939967
YYL,YPIL,Tier1,2.646388676069769
YYL,HQIYPV,Tier1,2.9969771888164822
YYL,IYPF,Tier1,1.7365953349096552
YYL,WYS,Tier1,2.4744987269371106
YYL,WYSL,Tier1,1.6766091616239496
YYL,WYSLA,Tier1,1.8207327801906985
YYL,WYSLAM,Tier1,2.4568339786927003
YYL,WYSLAMA,Tier1,2.487706714545919
YYL,YGGFL,Tier1,1.9041174370593974
YYL,YGGFM,Tier1,2.6893023923258133
YYL,PYVRYL,Tier1,2.861313078267127
YYL,VFPW,Tier1,2.939351243911968
YYL,AGWNIPIGT,Tier1,3.060618600000268
YYL,LGFEYY,Tier1,2.7225969572986655
YYL,YIPIQY,Tier1,2.5267996551866743
YYL,FVPH,Tier1,2.680633653042408
YYL,VPVTST,Tier1,3.091167021304195
YYL,GGIF,Tier1,2.522976371699962
YYL,WPP,Tier1,2.9506447744477016
YYL,YYIVS,Tier1,1.5264697345783145
YYL,SGQYFL,Tier1,3.0562229467848137
YYL,AGGF,Tier1,2.6952485170579292
YYL,SGAF,Tier1,2.894145616649039
YYL,DGVVYY,Tier1,2.7167696383908386
YYL,PGVPWP,Tier1,2.9143650140286845
YYL,RYLGY,Tier1,2.9536041439528122
YYL,YLG,Tier1,2.4720209904975565
YYL,YLGY,Tier1,1.628496083701055
YYL,LGY,Tier1,1.9511675199568028
YYL,AYFYPEL,Tier1,2.7772800975514826
YYL,VAGTWY,Tier1,2.3692487310047556
YYV,FYY,Tier1,2.9040570101392578
YYV,WYY,Tier1,2.5375394380175815
YYV,YFY,Tier1,3.078833016203816
YYV,YYF,Tier1,2.196889102764154
YYV,YYW,Tier1,2.6084643566202157
YYV,MYY,Tier1,2.182626302181407
YYV,YYM,Tier1,3.0597723665679095
YYV,YCY,Tier1,2.5343219024520924
YYV,YPFPG,Tier1,2.518391846816005
YYV,LPHSGY,Tier1,3.038448507369022
YYV,GAWA,Tier1,2.772917650548764
YYV,PHYL,Tier1,2.7917756777087397
YYV,GPGGFI,Tier1,2.577103225141432
YYV,FIGP,Tier1,2.3997571150470347
YYV,YLAGMN,Tier1,2.7942832886428386
YYV,IPAGM,Tier1,3.068151837298131
YYV,SVYT,Tier1,2.5152492139216047
YYV,WVYY,Tier1,1.634996592279953
YYV,WYT,Tier1,2.2954303263705262
YYV,WSY,Tier1,2.090726741147722
YYV,VSYT,Tier1,2.3327818436857815
YYV,HVCYMF,Tier1,2.9807929469171315
YYV,GFPSG,Tier1,2.853738770979488
YYV,PVMGA,Tier1,3.0933888066146307
YYV,FGHPY,Tier1,2.826549749817657
YYV,YPI,Tier1,1.5922587020285046
YYV,YPIL,Tier1,2.881039730219144
YYV,HQIYPV,Tier1,3.0194854283911567
YYV,IYPF,Tier1,1.627516070333803
YYV,WYS,Tier1,2.090726741147722
YYV,WYSL,Tier1,1.6094730593305302
YYV,WYSLA,Tier1,1.749628514525947
YYV,WYSLAM,Tier1,2.3400292635706066
YYV,WYSLAMA,Tier1,2.3789115810249997
YYV,YGGFL,Tier1,1.7178367012893998
YYV,YGGFM,Tier1,2.2921374415284026
YYV,PYVRYL,Tier1,2.8851177685933465
YYV,VPW,Tier1,3.1172254339233216
YYV,VFPW,Tier1,2.7985839954912635
YYV,AGWNIPIGT,Tier1,3.0281302827396126
YYV,LGFEY,Tier1,3.1153264488957535
YYV,LGFEYY,Tier1,2.5844174709298557
YYV,TVYQ,Tier1,3.0707515217281474
YYV,YGLN,Tier1,3.1247835135538913
YYV,YIPIQY,Tier1,2.5997765590476627
YYV,FVPH,Tier1,2.542293385687282
YYV,LSGYGP,Tier1,3.041352592364852
YYV,VPVTST,Tier1,3.038836094539607
YYV,YLGAK,Tier1,3.10060158617762
YYV,GGIF,Tier1,2.4284097202946366
YYV,WPP,Tier1,2.6468031639519074
YYV,YYIVS,Tier1,1.629972062717655
YYV,SGQYFL,Tier1,2.929926334057776
YYV,FLPF,Tier1,3.098656414189457
YYV,AGGF,Tier1,2.372363545195415
YYV,SGAF,Tier1,2.5998813959126283
YYV,DGVVYY,Tier1,2.6730569812442084
YYV,PGVPWP,Tier1,2.739346406709612
YYV,RYLGY,Tier1,2.8850322214543276
YYV,YLG,Tier1,2.5206359425299247
YYV,YLGY,Tier1,1.557193464294115
YYV,LGY,Tier1,2.0124046482374225
YYV,AYFYPEL,Tier1,2.658572805913383
YYV,AYFYPE,Tier1,3.0119088156620446
YYV,VAGTWY,Tier1,2.190791987821354
FYY,WYY,Tier1,2.125742767882438
FYY,YFY,Tier1,1.9433092003099393
FYY,YYF,Tier1,1.8992696986723807
FYY,YYW,Tier1,2.6792900805469135
FYY,MYY,Tier1,1.6148066673475232
FYY,YMY,Tier1,2.700262103334049
FYY,YYM,Tier1,1.6500016595212132
FYY,YPFPG,Tier1,2.9560700120301657
WYY,YYY,Tier1,2.8197039112465565
WYY,YFY,Tier1,2.3589082090518505
WYY,YWY,Tier1,2.2383166874800287
WYY,YYF,Tier1,0.9547549041033575
WYY,YYW,Tier1,0.6041356637904537
WYY,MYY,Tier1,2.171974924293212
WYY,YYM,Tier1,3.052183551491785
WYY,SYY,Tier1,3.124861453309478
WYY,YYS,Tier1,3.113882498294902
WYY,YCY,Tier1,2.6081338040594364
WYY,YPFPG,Tier1,3.067435575875443
WYY,WVYY,Tier1,2.4293852599577686
WYY,WYT,Tier1,1.9351465918339026
WYY,WSY,Tier1,1.6703989583341545
WYY,WYS,Tier1,1.6703989583341545
WYY,WPP,Tier1,3.031305422442113
YYY,YYF,Tier1,3.0083285783444773
YYY,YYW,Tier1,3.03056778385527
YYY,GYY,Tier1,1.951167519956802
YYY,YGY,Tier1,2.86790993153267
YYY,YYG,Tier1,1.951167519956802
YYY,SYY,Tier1,1.6906422816718933
YYY,TYY,Tier1,1.6994576451123096
YYY,YSY,Tier1,2.083435000646504
YYY,YTY,Tier1,2.4507990687448324
YYY,YYS,Tier1,1.6703989583341545
YYY,YYT,Tier1,1.9351465918339026
YYY,TTYY,Tier1,2.441672645537718
YFY,YWY,Tier1,2.679290080546913
YFY,YYF,Tier1,2.1570560984412985
YFY,YYW,Tier1,2.712126456134748
YFY,MYY,Tier1,2.374193333178015
YFY,YMY,Tier1,2.5393484939997437
YFY,YYM,Tier1,2.729240614685487
YFY,YCY,Tier1,2.419344529497218
YWY,YYF,Tier1,2.4334375932743746
YWY,YYW,Tier1,1.943309200309939
YWY,YCY,Tier1,1.8414372626108728
YWY,WYT,Tier1,2.3545271825968435
YWY,WSY,Tier1,2.42858341706983
YWY,WYS,Tier1,2.42858341706983
YYF,YYW,Tier1,1.129839292631011
YYF,MYY,Tier1,2.0592838198555548
YYF,YYM,Tier1,2.9730454438096614
YYF,YCY,Tier1,2.4540687056645942
YYF,YPFPG,Tier1,3.0400505850593915
YYF,WVYY,Tier1,2.2087860237078645
YYF,WYT,Tier1,2.083653042652451
YYF,WSY,Tier1,1.8523379641293112
YYF,WYS,Tier1,1.8523379641293112
YYF,WYSL,Tier1,3.074589835027238
YYF,YGGFM,Tier1,2.9458326155205374
YYF,YLGY,Tier1,3.0512174301062895
YYW,GYY,Tier1,3.1231727271290413
YYW,YYG,Tier1,3.1231727271290413
YYW,MYY,Tier1,2.597946413541383
YYW,YSY,Tier1,3.1159967868367695
YYW,YYT,Tier1,3.114305834602046
YYW,YCY,Tier1,2.509723250671734
YYW,WVYY,Tier1,2.2849619271136854
YYW,WYT,Tier1,1.625889724602667
YYW,WSY,Tier1,1.512144680607176
YYW,WYS,Tier1,1.512144680607176
YYW,YLGY,Tier1,3.0781435847249945
GYY,NYY,Tier1,3.024343678175724
GYY,QYY,Tier1,2.9854590905387015
GYY,YGY,Tier1,1.2135145493495807
GYY,YYN,Tier1,3.024343678175724
GYY,YYQ,Tier1,3.025647456617945
GYY,SYY,Tier1,0.5724219905272607
GYY,TYY,Tier1,0.5990114656407848
GYY,YSY,Tier1,0.2546368625965076
GYY,YTY,Tier1,0.728895690630444
GYY,YYS,Tier1,0.5090894283395299
GYY,YYT,Tier1,0.1202747708981766
GYY,YPFPG,Tier1,3.001955059264026
GYY,LPHSGY,Tier1,2.9586210674523805
GYY,YGYTGA,Tier1,2.1934078994805706
GYY,WYT,Tier1,2.8210354234947204
GYY,WSY,Tier1,2.7356293138234307
GYY,YSTA,Tier1,2.0090237571239764
GYY,FGHPY,Tier1,2.2297943474649786
GYY,TTYY,Tier1,0.9266011999487411
GYY,PYPQ,Tier1,3.1159393766554637
GYY,WYS,Tier1,2.7356293138234307
GYY,YGGFM,Tier1,3.1216102959335066
GYY,AYPS,Tier1,2.2787005725083014
GYY,LSGYGP,Tier1,2.9653374251222004
NYY,QYY,Tier1,0.44024726291647415
NYY,YNY,Tier1,2.10438707121504
NYY,YQY,Tier1,2.2921260805916
NYY,YYG,Tier1,3.024343678175724
NYY,YYQ,Tier1,0.029385387082676462
NYY,SYY,Tier1,2.967504835751073
NYY,TYY,Tier1,2.978454060887428
NYY,YSY,Tier1,3.042106666163911
NYY,YYS,Tier1,2.955941484707348
NYY,YYT,Tier1,3.00268532194106
NYY,YPPAK,Tier1,3.054550221977515
NYY,TTYY,Tier1,3.0994602544464036
NYY,PYPQ,Tier1,2.165628464531446
NYY,VPNSYP,Tier1,2.9668599023184394
NYY,TERGY,Tier1,2.901880603668949
NYY,YAKPA,Tier1,2.9357523685304097
NYY,GTQY,Tier1,2.7176900365141514
NYY,RYPS,Tier1,2.544728865294636
NYY,SRYPS,Tier1,2.669934469766099
NYY,YAKP,Tier1,2.6204910656875366
NYY,YQKFP,Tier1,2.930826753907598
NYY,TRTGDPFF,Tier1,3.0690703005528306
NYY,TYQTF,Tier1,2.2478825430573846
NYY,QYP,Tier1,1.562771876731953
NYY,WYGPD,Tier1,3.0984845548736843
NYY,YQKFPQY,Tier1,2.453602144232232
NYY,FPQY,Tier1,2.374920601652998
QYY,YNY,Tier1,1.9976694488019564
QYY,YQY,Tier1,2.10438707121504
QYY,YYG,Tier1,2.9854590905387015
QYY,YYN,Tier1,0.44024726291647415
QYY,YYQ,Tier1,0.4392654681755082
QYY,SYY,Tier1,3.000538293059831
QYY,TYY,Tier1,3.0110806513245736
QYY,YSY,Tier1,2.9698448940821063
QYY,YTY,Tier1,3.0616017203603
QYY,YYS,Tier1,2.9891027347560812
QYY,YYT,Tier1,2.9626013124574784
QYY,TTYY,Tier1,3.1055634335072333
QYY,PYPQ,Tier1,2.3393226213745613
QYY,VPNSYP,Tier1,3.0285315762132567
QYY,TERGY,Tier1,2.8378121212488487
QYY,YAKPA,Tier1,3.0458735351534814
QYY,GTQY,Tier1,2.460691596647241
QYY,RYPS,Tier1,2.6394088240931337
QYY,SRYPS,Tier1,2.8325040424117067
QYY,YAKP,Tier1,2.6569170902542054
QYY,YQKFP,Tier1,2.9557425759060783
QYY,TRTGDPFF,Tier1,3.0266877651948327
QYY,TYQTF,Tier1,2.2338264965893457
QYY,QYP,Tier1,1.5021889256339298
QYY,WYGPD,Tier1,2.9443360713226223
QYY,YQKFPQY,Tier1,2.4955621935248073
QYY,FPQY,Tier1,2.528392528365336
YGY,YYG,Tier1,1.2135145493495807
YGY,SYY,Tier1,1.7322582900709103
YGY,TYY,Tier1,1.741225598321287
YGY,YSY,Tier1,0.9965394843678044
YGY,YTY,Tier1,0.5090242166475012
YGY,YYS,Tier1,1.7123737601140914
YGY,YYT,Tier1,1.2194603650786378
YGY,YGYTGA,Tier1,1.6759774649696257
YGY,WYT,Tier1,2.7723739982055102
YGY,WSY,Tier1,2.9003308009192867
YGY,YSTA,Tier1,2.236017876948113
YGY,FGHPY,Tier1,2.3900758843688834
YGY,TTYY,Tier1,1.7694038262127487
YGY,WYS,Tier1,2.9003308009192867
YGY,AYPS,Tier1,3.083360411966417
YGY,LSGYGP,Tier1,2.931166956112912
YNY,YQY,Tier1,0.44024726291647426
YNY,YYN,Tier1,2.10438707121504
YNY,YYQ,Tier1,2.104592228074363
YNY,GTQY,Tier1,2.5909642755977367
YNY,YAKP,Tier1,2.947698560405923
YNY,RPNYTDA,Tier1,2.9581164432270413
YNY,TYQTF,Tier1,3.016863948535878
YNY,QYP,Tier1,2.49782335501844
YNY,FPQY,Tier1,2.897325112442898
YQY,YYN,Tier1,2.2921260805916
YQY,YYQ,Tier1,2.2919377104001346
YQY,GTQY,Tier1,2.4523130403746407
YQY,YAKP,Tier1,3.0842732002015603
YQY,RPNYTDA,Tier1,3.0270926289526447
YQY,TYQTF,Tier1,3.1096707775556776
YQY,QYP,Tier1,2.5855398882620695
YYG,YYN,Tier1,3.024343678175724
YYG,YYQ,Tier1,3.025647456617945
YYG,SYY,Tier1,0.5724219905272607
YYG,TYY,Tier1,0.5990114656407848
YYG,YSY,Tier1,0.2546368625965076
YYG,YTY,Tier1,0.728895690630444
YYG,YYS,Tier1,0.5090894283395299
YYG,YYT,Tier1,0.1202747708981766
YYG,YPFPG,Tier1,3.001955059264026
YYG,LPHSGY,Tier1,2.9586210674523805
YYG,YGYTGA,Tier1,2.1934078994805706
YYG,WYT,Tier1,2.8210354234947204
YYG,WSY,Tier1,2.7356293138234307
YYG,YSTA,Tier1,2.0090237571239764
YYG,FGHPY,Tier1,2.2297943474649786
YYG,TTYY,Tier1,0.9266011999487411
YYG,PYPQ,Tier1,3.1159393766554637
YYG,WYS,Tier1,2.7356293138234307
YYG,YGGFM,Tier1,3.1216102959335066
YYG,AYPS,Tier1,2.2787005725083014
YYG,LSGYGP,Tier1,2.9653374251222004
YYN,YYQ,Tier1,0.029385387082676462
YYN,SYY,Tier1,2.967504835751073
YYN,TYY,Tier1,2.978454060887428
YYN,YSY,Tier1,3.042106666163911
YYN,YYS,Tier1,2.955941484707348
YYN,YYT,Tier1,3.00268532194106
YYN,YPPAK,Tier1,3.054550221977515
YYN,TTYY,Tier1,3.0994602544464036
YYN,PYPQ,Tier1,2.165628464531446
YYN,VPNSYP,Tier1,2.9668599023184394
YYN,TERGY,Tier1,2.901880603668949
YYN,YAKPA,Tier1,2.9357523685304097
YYN,GTQY,Tier1,2.7176900365141514
YYN,RYPS,Tier1,2.544728865294636
YYN,SRYPS,Tier1,2.669934469766099
YYN,YAKP,Tier1,2.6204910656875366
YYN,YQKFP,Tier1,2.930826753907598
YYN,TRTGDPFF,Tier1,3.0690703005528306
YYN,TYQTF,Tier1,2.2478825430573846
YYN,QYP,Tier1,1.562771876731953
YYN,WYGPD,Tier1,3.0984845548736843
YYN,YQKFPQY,Tier1,2.453602144232232
YYN,FPQY,Tier1,2.374920601652998
YYQ,SYY,Tier1,2.968210891528255
YYQ,TYY,Tier1,2.978867660244371
YYQ,YSY,Tier1,3.042795411246024
YYQ,YYS,Tier1,2.956650301844105
YYQ,YYT,Tier1,3.003095584065423
YYQ,YPPAK,Tier1,3.0523487735789843
YYQ,TTYY,Tier1,3.0978491833364865
YYQ,PYPQ,Tier1,2.164545975252669
YYQ,VPNSYP,Tier1,2.9624940042593253
YYQ,TERGY,Tier1,2.898502028949501
YYQ,YAKPA,Tier1,2.934008136637941
YYQ,GTQY,Tier1,2.7176448381922063
YYQ,RYPS,Tier1,2.543371604800535
YYQ,SRYPS,Tier1,2.6666313855513875
YYQ,YAKP,Tier1,2.6202073488304514
YYQ,YQKFP,Tier1,2.926279841189745
YYQ,TRTGDPFF,Tier1,3.05953696744248
YYQ,TYQTF,Tier1,2.242584630474751
YYQ,QYP,Tier1,1.565096073673648
YYQ,WYGPD,Tier1,3.0950817331204066
YYQ,YQKFPQY,Tier1,2.4408329731979976
YYQ,FPQY,Tier1,2.372635057133608
MYY,YMY,Tier1,2.5884550916089126
MYY,YYM,Tier1,1.2018686555732119
MYY,YCY,Tier1,2.781709330290955
MYY,YPFPG,Tier1,1.5173704407604482
MYY,PHYL,Tier1,2.885273222127804
MYY,WVYY,Tier1,2.866777785724754
MYY,WYT,Tier1,2.6638074200626987
MYY,WSY,Tier1,2.1924578015122758
MYY,GFPSG,Tier1,2.3742944881039496
MYY,TCSP,Tier1,3.0998957592467593
MYY,FGHPY,Tier1,2.977199263329153
MYY,YPI,Tier1,3.0012341927122956
MYY,IYPF,Tier1,2.465624497362044
MYY,WYS,Tier1,2.1924578015122758
MYY,WYSL,Tier1,3.000223692736638
MYY,WYSLA,Tier1,3.1217471038778637
MYY,YGGFL,Tier1,2.9356133623607374
MYY,YGGFM,Tier1,2.5703946499145847
MYY,VPYPQ,Tier1,2.9711897460361976
MYY,WHNVSGSP,Tier1,3.0874846206919706
MYY,FVPH,Tier1,3.107402542773698
MYY,WPP,Tier1,2.006779714554119
MYY,AGGF,Tier1,2.7619637722888988
MYY,GFYPPP,Tier1,1.9621291457154861
MYY,PGVPWP,Tier1,3.1055971300310667
MYY,AYFYPEL,Tier1,2.677916146657008
MYY,AYFYPE,Tier1,2.2875859111629713
YMY,YYM,Tier1,1.9225193893722174
YYM,YPFPG,Tier1,2.084636065561109
YYM,GFPSG,Tier1,2.9493061843454846
YYM,IYPF,Tier1,3.0134027376626076
YYM,WPP,Tier1,2.770027567230218
YYM,MPACGSS,Tier1,3.079091358156252
YYM,GFYPPP,Tier1,2.082599683925172
YYM,AYFYPE,Tier1,2.7481817040569596
SYY,TYY,Tier1,0.06667914677942761
SYY,YSY,Tier1,0.7650606489012127
SYY,YTY,Tier1,1.2420293565122904
SYY,YYS,Tier1,0.2617152826873548
SYY,YYT,Tier1,0.5609447330835825
SYY,YPFPG,Tier1,2.7973333551673445
SYY,LPHSGY,Tier1,2.999780848350232
SYY,GPP,Tier1,3.045627477363706
SYY,YGYTGA,Tier1,2.567561139158758
SYY,WYT,Tier1,2.9975197295075455
SYY,WSY,Tier1,2.83190417933066
SYY,YSTA,Tier1,2.16343581308158
SYY,FGHPY,Tier1,2.3710857205316387
SYY,TTYY,Tier1,0.8104433249862398
SYY,PYPQ,Tier1,2.9637656539310777
SYY,WYS,Tier1,2.83190417933066
SYY,AYPS,Tier1,2.110122788733626
SYY,GFYPPP,Tier1,2.980301863048011
TYY,YSY,Tier1,0.7861656707740666
TYY,YTY,Tier1,1.253924497056595
TYY,YYS,Tier1,0.3181722090293484
TYY,YYT,Tier1,0.5868123341022343
TYY,YPFPG,Tier1,2.794882778976953
TYY,LPHSGY,Tier1,2.998036029927938
TYY,GPP,Tier1,3.0547309541196013
TYY,YGYTGA,Tier1,2.5633646128067307
TYY,WYT,Tier1,3.001130513177636
TYY,WSY,Tier1,2.8362633962267183
TYY,YSTA,Tier1,2.162671216415626
TYY,FGHPY,Tier1,2.3715666928014514
TYY,TTYY,Tier1,0.7974698734356955
TYY,PYPQ,Tier1,2.976734467725405
TYY,WYS,Tier1,2.8362633962267183
TYY,AYPS,Tier1,2.112368070425931
TYY,GFYPPP,Tier1,2.9773037046895774
YSY,YTY,Tier1,0.4961492763091465
YSY,YYS,Tier1,0.7189039625047443
YSY,YYT,Tier1,0.22766640096424642
YSY,LPHSGY,Tier1,2.9775911039241807
YSY,YGYTGA,Tier1,2.0666511012018387
YSY,WYT,Tier1,2.772759539900916
YSY,WSY,Tier1,2.726519253516121
YSY,YSTA,Tier1,2.0286994446677733
YSY,FGHPY,Tier1,2.210253954474828
YSY,TTYY,Tier1,1.016345533388311
YSY,WYS,Tier1,2.726519253516121
YSY,AYPS,Tier1,2.420051780178738
YSY,LSGYGP,Tier1,2.9391099128605545
YTY,YYS,Tier1,1.2141425094469809
YTY,YYT,Tier1,0.7189039625047444
YTY,LPHSGY,Tier1,3.065916720189715
YTY,YGYTGA,Tier1,1.8079151025807156
YTY,WYT,Tier1,2.726519253516121
YTY,WSY,Tier1,2.7698280131157698
YTY,YSTA,Tier1,2.08327925084707
YTY,FGHPY,Tier1,2.2396606018997
YTY,TTYY,Tier1,1.344408089660965
YTY,WYS,Tier1,2.7698280131157698
YTY,AYPS,Tier1,2.730627840732466
YTY,LSGYGP,Tier1,2.892040798408964
YYS,YYT,Tier1,0.49614927630914635
YYS,YPFPG,Tier1,2.7849816455625818
YYS,LPHSGY,Tier1,2.981597135301553
YYS,GPP,Tier1,3.0342114877579442
YYS,YGYTGA,Tier1,2.5541877993064834
YYS,WYT,Tier1,2.9859962148294263
YYS,WSY,Tier1,2.8197039112465565
YYS,YSTA,Tier1,2.147441124574229
YYS,FGHPY,Tier1,2.3480382946661296
YYS,TTYY,Tier1,0.8681047338876426
YYS,PYPQ,Tier1,2.9367216108410825
YYS,WYS,Tier1,2.8197039112465565
YYS,AYPS,Tier1,2.0898156621451958
YYS,GFYPPP,Tier1,2.9687115153002184
YYT,YPFPG,Tier1,3.004377796104381
YYT,LPHSGY,Tier1,2.9517051019113962
YYT,YGYTGA,Tier1,2.1932237771389547
YYT,WYT,Tier1,2.8197039112465565
YYT,WSY,Tier1,2.734522830035759
YYT,YSTA,Tier1,2.030955283153258
YYT,FGHPY,Tier1,2.2210326157194626
YYT,TTYY,Tier1,0.9038394081619312
YYT,PYPQ,Tier1,3.0927455705516587
YYT,WYS,Tier1,2.734522830035759
YYT,AYPS,Tier1,2.2925645609284886
YYT,LSGYGP,Tier1,2.9730188303795746
YCY,YPFPG,Tier1,2.9602757399982647
YCY,GAWA,Tier1,2.665989082422676
YCY,SVYT,Tier1,2.6832537790960833
YCY,WVYY,Tier1,2.9238394890345134
YCY,WYT,Tier1,2.006114157028655
YCY,WSY,Tier1,1.9534093035632951
YCY,IYPF,Tier1,2.8795911697095877
YCY,WYS,Tier1,1.9534093035632951
YCY,WYSL,Tier1,2.3750041747306745
YCY,WYSLA,Tier1,2.2969761327784672
YCY,WYSLAM,Tier1,2.5234603800106106
YCY,WYSLAMA,Tier1,2.607174158954906
YCY,YGGFM,Tier1,3.034100082302439
YCY,WPP,Tier1,2.796124634792703
YCY,GTW,Tier1,2.763900409110978
YCY,PGVPWP,Tier1,2.5839832713417303
YCY,YLG,Tier1,2.65185528857966
YCY,YLGY,Tier1,2.22341631465813
YCY,VAGTWY,Tier1,2.5035322902592725
YPFPG,RPPGFSPFR,Tier1,2.987766758878258
YPFPG,LPHSGY,Tier1,2.4938149600199195
YPFPG,PHYL,Tier1,2.212064077782655
YPFPG,GPP,Tier1,3.0359180175876035
YPFPG,GSGGL,Tier1,2.82142821073432
YPFPG,GPGGFI,Tier1,2.618610902293052
YPFPG,AVPYPQR,Tier1,2.7742356308648923
YPFPG,FFAPGRNPTSFS,Tier1,2.8751343354513237
YPFPG,SVYT,Tier1,2.9914941243981494
YPFPG,PSIPA,Tier1,2.559528990434794
YPFPG,PSLPA,Tier1,2.4883214706831285
YPFPG,WYT,Tier1,2.7561312349848093
YPFPG,WSY,Tier1,2.3678718431029777
YPFPG,VSYT,Tier1,2.7112640626623175
YPFPG,YSTA,Tier1,2.944106854336536
YPFPG,GPAGPAG,Tier1,2.9839052001993585
YPFPG,GFPSG,Tier1,1.0570590788888548
YPFPG,YPPAK,Tier1,3.017839313119006
YPFPG,TCSP,Tier1,1.9916316693417897
YPFPG,CAAP,Tier1,2.617243297377653
YPFPG,FGHPY,Tier1,2.3025931601885063
YPFPG,TTYY,Tier1,2.6114449647725495
YPFPG,YPI,Tier1,2.6575620749322244
YPFPG,PYPQ,Tier1,3.0923693512971546
YPFPG,IYPF,Tier1,2.8245144048569957
YPFPG,WYS,Tier1,2.3678718431029777
YPFPG,WYSLA,Tier1,2.921966911684649
YPFPG,WYSLAMA,Tier1,3.000215837053786
YPFPG,YGGFL,Tier1,2.7659990205187457
YPFPG,YGGFM,Tier1,2.3535037337877562
YPFPG,AGWNIPIGT,Tier1,2.8929529223786745
YPFPG,AGWNIP,Tier1,2.960175884844363
YPFPG,VPYPQ,Tier1,2.2614924281014033
YPFPG,VPNSYP,Tier1,2.679233583904446
YPFPG,YLMSR,Tier1,3.093135189027903
YPFPG,WHNVSGSP,Tier1,2.2401573724991497
YPFPG,YSEMPPGK,Tier1,3.0482962734757697
YPFPG,AYPS,Tier1,2.3730271688729685
YPFPG,FVPH,Tier1,2.9044043672743127
YPFPG,LSGYGP,Tier1,2.9345311011183544
YPFPG,VPVTST,Tier1,2.847843866074604
YPFPG,WPP,Tier1,1.3760063103241318
YPFPG,TYQTF,Tier1,2.8756848330250877
YPFPG,HYVPV,Tier1,3.0377698467603627
YPFPG,MPACGSS,Tier1,2.4329620497028537
YPFPG,CSQAPLA,Tier1,3.0907702696689436
YPFPG,AGGF,Tier1,1.9940085753696102
YPFPG,SGAF,Tier1,2.6321945517792287
YPFPG,GQVPP,Tier1,3.0389300167651827
YPFPG,GFYPPP,Tier1,0.8718669430380009
YPFPG,DVPPYM,Tier1,2.8252191694404285
YPFPG,PGVPWP,Tier1,2.298383497505581
YPFPG,YLGY,Tier1,2.838376766019466
YPFPG,AYFYPEL,Tier1,2.58683231415978
YPFPG,AYFYPE,Tier1,2.131435727387901
YPFPG,VAGTWY,Tier1,2.9228060312161612
RPPGFSPFR,PHYL,Tier1,2.915091084249122
RPPGFSPFR,VKEAMPK,Tier1,2.8529455358465974
RPPGFSPFR,AVPYPQR,Tier1,1.7717623138051386
RPPGFSPFR,KVLPVPQK,Tier1,2.8450998874569096
RPPGFSPFR,FFAPGRNPTSFS,Tier1,2.2066390307802846
RPPGFSPFR,QWPAQ,Tier1,2.974167236393021
RPPGFSPFR,GFPSG,Tier1,3.088583316025192
RPPGFSPFR,YPPAK,Tier1,2.535175164518615
RPPGFSPFR,VECYGPNRPQF,Tier1,2.921310263627505
RPPGFSPFR,KTFCGRH,Tier1,2.378961413879507
RPPGFSPFR,FLHRP,Tier1,3.0497754560206514
RPPGFSPFR,PHCKRM,Tier1,2.7901907449829157
RPPGFSPFR,VKEAMAPK,Tier1,2.7454730469231916
RPPGFSPFR,ARHPHPHLSFM,Tier1,2.48998420183639
RPPGFSPFR,QVVPYPQ,Tier1,2.896064164370099
RPPGFSPFR,HQIYPV,Tier1,2.9852778935481843
RPPGFSPFR,WSVPQPK,Tier1,2.266555399707144
RPPGFSPFR,FALPQYLK,Tier1,3.0548142452666207
RPPGFSPFR,AMRLTYNRPCIYAT,Tier1,2.560023417118818
RPPGFSPFR,AMRLTGNRPGLYAT,Tier1,2.498786070243608
RPPGFSPFR,AMRLTYNRPCLGAT,Tier1,2.631841051125848
RPPGFSPFR,CVHWMTNTARTACIAP,Tier1,3.0302884068795324
RPPGFSPFR,AMRLTYNKPCLYGT,Tier1,2.647426915550801
RPPGFSPFR,AGWNIP,Tier1,3.0586074943279917
RPPGFSPFR,VPYPQ,Tier1,2.6345787446053643
RPPGFSPFR,VPNSYP,Tier1,2.9918096240111134
RPPGFSPFR,NPYVPR,Tier1,2.6286359568767788
RPPGFSPFR,PYFNK,Tier1,2.2767121360789626
RPPGFSPFR,YLMSR,Tier1,2.3216986555358714
RPPGFSPFR,HMPVTK,Tier1,2.5486924584013124
RPPGFSPFR,WHNVSGSP,Tier1,2.02869219231277
RPPGFSPFR,YWVTSGPK,Tier1,2.9751846686753374
RPPGFSPFR,YSEMPPGK,Tier1,2.4692402746577526
RPPGFSPFR,YAKPA,Tier1,3.063758540769145
RPPGFSPFR,RYPS,Tier1,2.843624134917797
RPPGFSPFR,SRYPS,Tier1,3.0229838511347045
RPPGFSPFR,VLSRYPS,Tier1,2.625453798672911
RPPGFSPFR,YQKFP,Tier1,2.4066541314492804
RPPGFSPFR,LAPSLPGKPKPD,Tier1,2.923225747706239
RPPGFSPFR,NFHPQ,Tier1,3.096192315168095
RPPGFSPFR,PYSFK,Tier1,3.0099549175701026
RPPGFSPFR,VGGRP,Tier1,2.9092865641469725
RPPGFSPFR,WPP,Tier1,3.092166807406646
RPPGFSPFR,LSGNK,Tier1,2.947157266016386
RPPGFSPFR,GLTSK,Tier1,3.121567940680126
RPPGFSPFR,VAWRNRCKGTD,Tier1,3.0592744617316683
RPPGFSPFR,VKRRGQDCIHGFCSD,Tier1,2.863844836456903
RPPGFSPFR,GQFNDKRWIPFG,Tier1,2.42498265144447
RPPGFSPFR,GQVPP,Tier1,3.028953691632003
RPPGFSPFR,PKLPPVKK,Tier1,2.688043366405822
RPPGFSPFR,GFYPPP,Tier1,2.886296773901265
RPPGFSPFR,YQKFPQY,Tier1,2.784261762761863
NRVYIHPFHLLVYS,KVLPVPQK,Tier1,2.9944346143005025
NRVYIHPFHLLVYS,VLPVPQK,Tier1,3.116699611102358
NRVYIHPFHLLVYS,FFAPGRNPTSFS,Tier1,2.77949665354843
NRVYIHPFHLLVYS,YLAGMN,Tier1,2.9166029995136116
NRVYIHPFHLLVYS,LVDTGRGPIMY,Tier1,2.646228334186631
NRVYIHPFHLLVYS,LRGIKNYRVAVL,Tier1,2.856553739166359
NRVYIHPFHLLVYS,AAVGGYRVAVL,Tier1,2.133379107704674
NRVYIHPFHLLVYS,HVRETALV,Tier1,2.738662002743725
NRVYIHPFHLLVYS,ARHPHPHLSFM,Tier1,2.5784784061349755
NRVYIHPFHLLVYS,HQIYPV,Tier1,2.7490052687010644
NRVYIHPFHLLVYS,WYSLAM,Tier1,2.9967170788195845
NRVYIHPFHLLVYS,WYSLAMA,Tier1,2.930480810780609
NRVYIHPFHLLVYS,LNLPTAVYMVT,Tier1,2.185513100670664
NRVYIHPFHLLVYS,DRVYIHPF,Tier1,2.289124575025314
NRVYIHPFHLLVYS,FALPQYLK,Tier1,2.191682600315668
NRVYIHPFHLLVYS,PYVRYL,Tier1,2.458922753847173
NRVYIHPFHLLVYS,AMRLTYNRPCIYAT,Tier1,1.8863531547925654
NRVYIHPFHLLVYS,AMRLTGNRPGLYAT,Tier1,2.23202678396386
NRVYIHPFHLLVYS,AMRLTYNRPCLGAT,Tier1,1.9893817263786784
NRVYIHPFHLLVYS,FIPGLRRLFATVVPTVVCAINKLPPG,Tier1,3.035857501437609
NRVYIHPFHLLVYS,CVHWMTNTARTACIAP,Tier1,1.946781033555624
NRVYIHPFHLLVYS,AMRLTYNKPCLYGT,Tier1,1.974004279601602
NRVYIHPFHLLVYS,AGWNIPIGT,Tier1,2.720456474516461
NRVYIHPFHLLVYS,GPLGLLGFLGPLGLS,Tier1,2.2683911437676074
NRVYIHPFHLLVYS,FLKPLFNAALKLLP,Tier1,2.169922869148017
NRVYIHPFHLLVYS,YWVTSGPK,Tier1,2.9954988694892193
NRVYIHPFHLLVYS,FVNQPYLLYSVHMK,Tier1,1.0296072153870766
NRVYIHPFHLLVYS,LVMFLDNQHRVIRH,Tier1,2.9045910003575326
NRVYIHPFHLLVYS,VLSRYPS,Tier1,3.105006197480582
NRVYIHPFHLLVYS,YIPIQY,Tier1,2.8166547599985368
NRVYIHPFHLLVYS,RASDPLLSV,Tier1,2.9689383250583075
NRVYIHPFHLLVYS,AGTTCLFTPLALPYDYSH,Tier1,2.7030452053484675
NRVYIHPFHLLVYS,YLGAK,Tier1,3.115613174395224
NRVYIHPFHLLVYS,GVQEGAGHYALL,Tier1,3.1073814689445265
NRVYIHPFHLLVYS,YYIVS,Tier1,3.1140080676273616
NRVYIHPFHLLVYS,GIISHR,Tier1,2.801374098125118
NRVYIHPFHLLVYS,PSLVGRPPVGKLTL,Tier1,1.8797798077427503
NRVYIHPFHLLVYS,AWIRGCRL,Tier1,2.852942101410118
NRVYIHPFHLLVYS,RCMAFLLSDGAAAAQQLLPQYW,Tier1,2.61902263509284
NRVYIHPFHLLVYS,IYIEQGNGITGM,Tier1,2.875817980570734
NRVYIHPFHLLVYS,VKRRGQDCIHGFCSD,Tier1,3.0408161706355377
NRVYIHPFHLLVYS,GQFNDKRWIPFG,Tier1,3.1171778581713006
NRVYIHPFHLLVYS,APIRMWYMYRKLTDMEPKPVA,Tier1,2.9862168298011205
NRVYIHPFHLLVYS,YQEPVLGPVRGPFPIIV,Tier1,1.9298915825568497
VQYPVEHPNKFLKFGMTPSKGVLFY,WEIKPSSLTGKSPYFSNNHGKL,Tier1,1.4319041022659424
VQYPVEHPNKFLKFGMTPSKGVLFY,AMRLTYNRPCIYAT,Tier1,2.7462599875009888
VQYPVEHPNKFLKFGMTPSKGVLFY,AMRLTYNRPCLGAT,Tier1,3.01648588268338
VQYPVEHPNKFLKFGMTPSKGVLFY,SIITMTKEAKLPQLWKQIACRLYNTC,Tier1,1.2051868319784373
VQYPVEHPNKFLKFGMTPSKGVLFY,FRSGILKLASKIPSVLCAVLKNC,Tier1,2.663760233582643
VQYPVEHPNKFLKFGMTPSKGVLFY,AKAWGIPPHVIPQIVPVRIRPLCGNV,Tier1,1.7868741984179415
VQYPVEHPNKFLKFGMTPSKGVLFY,GFWDSVKEGLKNAAVTILNKIKCKISECPPA,Tier1,1.521665863863215
VQYPVEHPNKFLKFGMTPSKGVLFY,FIPGLRRLFATVVPTVVCAINKLPPG,Tier1,2.1103034259333007
VQYPVEHPNKFLKFGMTPSKGVLFY,GLLDSVKEGLKKVAGQLLDTLKCKISGCTPA,Tier1,1.6078252156291224
VQYPVEHPNKFLKFGMTPSKGVLFY,GFFDRIKALTKNVTLELLNTITCKLPVTPP,Tier1,1.6556059259563471
VQYPVEHPNKFLKFGMTPSKGVLFY,CVHWMTNTARTACIAP,Tier1,2.954489692769936
VQYPVEHPNKFLKFGMTPSKGVLFY,AMRLTYNKPCLYGT,Tier1,2.8630595953574
VQYPVEHPNKFLKFGMTPSKGVLFY,FVNQPYLLYSVHMK,Tier1,2.857883351702511
VQYPVEHPNKFLKFGMTPSKGVLFY,RCMAFLLSDGAAAAQQLLPQYW,Tier1,2.2986709688920204
VQYPVEHPNKFLKFGMTPSKGVLFY,APIRMWYMYRKLTDMEPKPVA,Tier1,1.0807439094176055
LPHSGY,GAH,Tier1,2.331907088738462
LPHSGY,GAWA,Tier1,2.621683124284538
LPHSGY,PHYL,Tier1,1.9279157188329468
LPHSGY,GALAAH,Tier1,1.9588254016188333
LPHSGY,GPP,Tier1,2.3232570121791603
LPHSGY,GSGGL,Tier1,1.4800827271517945
LPHSGY,GPGGFI,Tier1,1.6702635240508463
LPHSGY,FIGP,Tier1,2.82091222337384
LPHSGY,AMTGLDA,Tier1,2.937815484115908
LPHSGY,AVPYPQR,Tier1,2.3455444039718323
LPHSGY,YGYTGA,Tier1,2.4059566670968926
LPHSGY,FFAPGRNPTSFS,Tier1,2.463755147165092
LPHSGY,YLAGMN,Tier1,2.685706090820042
LPHSGY,LVDTGRGPIMY,Tier1,2.9303153481430333
LPHSGY,AAVGGYRVAVL,Tier1,3.017064456720134
LPHSGY,NHAV,Tier1,2.5971743966591907
LPHSGY,IPAGM,Tier1,2.620805159342225
LPHSGY,SVYT,Tier1,2.396189101151094
LPHSGY,PSIPA,Tier1,2.0845945877741983
LPHSGY,PSLPA,Tier1,2.493185143449135
LPHSGY,WSY,Tier1,3.0650783993447757
LPHSGY,VSYT,Tier1,1.5685763457907203
LPHSGY,YSTA,Tier1,1.7755357817630844
LPHSGY,HDHPVC,Tier1,3.0149164638693944
LPHSGY,GPAGPAG,Tier1,1.9338332443645925
LPHSGY,GFPSG,Tier1,2.089231206309662
LPHSGY,YPPAK,Tier1,2.6046992578524484
LPHSGY,TCSP,Tier1,2.9150732282379805
LPHSGY,TGGGNV,Tier1,2.157379847344149
LPHSGY,PVMGA,Tier1,2.542773867225983
LPHSGY,QHGV,Tier1,2.6264269834455893
LPHSGY,CAAP,Tier1,2.0390671696511546
LPHSGY,ARHPHPHLSFM,Tier1,2.4302048776066294
LPHSGY,FGHPY,Tier1,1.5829795126328776
LPHSGY,TTYY,Tier1,2.4268481734762326
LPHSGY,YQEPVLGP,Tier1,2.906206610378801
LPHSGY,YPI,Tier1,2.3942192438460146
LPHSGY,QVVPYPQ,Tier1,2.6833458478720997
LPHSGY,HQIYPV,Tier1,2.4598232252226184
LPHSGY,PYPQ,Tier1,2.9606925622843705
LPHSGY,WYS,Tier1,3.0650783993447757
LPHSGY,WYSLA,Tier1,2.9688790251047323
LPHSGY,YGGFL,Tier1,2.2875540891322936
LPHSGY,YGGFM,Tier1,2.3867858379503013
LPHSGY,PYVRYL,Tier1,2.7447137985716066
LPHSGY,AMRLTGNRPGLYAT,Tier1,3.0791904924438476
LPHSGY,AGWNIPIGT,Tier1,2.63695778649674
LPHSGY,VPYPQ,Tier1,2.3759318289527163
LPHSGY,VPNSYP,Tier1,2.161930536833863
LPHSGY,NPYVPR,Tier1,2.912027278183115
LPHSGY,ISELGY,Tier1,3.1243942553363353
LPHSGY,WHNVSGSP,Tier1,2.323612444732516
LPHSGY,YWVTSGPK,Tier1,1.9394813585439317
LPHSGY,YSEMPPGK,Tier1,2.897216688413034
LPHSGY,YAKPA,Tier1,2.7876075160773772
LPHSGY,RYPS,Tier1,2.8992018093117093
LPHSGY,AYPS,Tier1,2.024273033096071
LPHSGY,VLSRYPS,Tier1,2.3030521381662656
LPHSGY,TIASGEP,Tier1,2.609967478303944
LPHSGY,YLKT,Tier1,3.0548159152871155
LPHSGY,TVYQ,Tier1,3.0707593697526967
LPHSGY,YGLN,Tier1,2.7474077287972425
LPHSGY,YIPIQY,Tier1,3.099659377429931
LPHSGY,LGNTDYAVH,Tier1,2.999708563419699
LPHSGY,LAPSLPGKPKPD,Tier1,2.952782615756722
LPHSGY,FVPH,Tier1,2.4210796358879576
LPHSGY,SAEHGSLH,Tier1,2.2978181613373145
LPHSGY,LSGYGP,Tier1,1.1963354246982485
LPHSGY,PYSFK,Tier1,2.6579040524620803
LPHSGY,GFGPEL,Tier1,2.9043645635878543
LPHSGY,VGGRP,Tier1,2.7097987524853724
LPHSGY,VPVTST,Tier1,2.4479013034557404
LPHSGY,YLGAK,Tier1,2.360858234806699
LPHSGY,GGIF,Tier1,2.949845344112027
LPHSGY,GVQEGAGHYALL,Tier1,2.5217736607329617
LPHSGY,WPP,Tier1,2.4091665286188295
LPHSGY,YYIVS,Tier1,2.809818415611156
LPHSGY,TYQTF,Tier1,2.9568812821390744
LPHSGY,SGQYFL,Tier1,2.708538350181143
LPHSGY,GIISHR,Tier1,2.7746260709687296
LPHSGY,SNAAC,Tier1,3.067231021172273
LPHSGY,LSGNK,Tier1,3.034396335790502
LPHSGY,GEGSGA,Tier1,3.0687724385412016
LPHSGY,GLTSK,Tier1,2.3382463082580327
LPHSGY,GTW,Tier1,2.804146243246364
LPHSGY,CSQAPLA,Tier1,2.6940544505221844
LPHSGY,AGGF,Tier1,1.888695748117474
LPHSGY,SGAF,Tier1,1.9661435820306972
LPHSGY,GQVPP,Tier1,2.445969306034472
LPHSGY,DGVVYY,Tier1,2.9391652117111082
LPHSGY,GFYPPP,Tier1,2.700702870067596
LPHSGY,PGVPWP,Tier1,2.5499128527210257
LPHSGY,RYLGY,Tier1,2.5581512391643333
LPHSGY,RYLG,Tier1,3.1105711321678897
LPHSGY,YLGY,Tier1,2.6818973172814693
LPHSGY,LGY,Tier1,2.5760657425400764
LPHSGY,AYFYPEL,Tier1,3.0317338176457893
LPHSGY,VAGTWY,Tier1,2.437963901081293
PSDHDHE,GGE,Tier1,2.999431559335391
PSDHDHE,YQEP,Tier1,3.0721019330774917
PSDHDHE,ADHP,Tier1,2.921207941941132
PSDHDHE,TDY,Tier1,2.860518772043248
PSDHDHE,DHG,Tier1,2.715618678654398
PSDHDHE,DHTKE,Tier1,2.497641422399074
PSDHDHE,ALEPDHR,Tier1,2.805940024902296
PSDHDHE,TETWNPNHPEL,Tier1,3.1044677217810706
PSDHDHE,AEERYP,Tier1,2.7128291096953436
PSDHDHE,DEDTQAMP,Tier1,2.798835248129168
PSDHDHE,MTEEY,Tier1,3.0559021856188213
PSDHDHE,AWDPE,Tier1,3.060064512626314
VHDY,GGE,Tier1,2.970653915199252
VHDY,WEGPK,Tier1,2.6368414879833013
VHDY,IIENGEKWS,Tier1,3.029629898326492
VHDY,LVDTGRGPIMY,Tier1,3.0559657264699625
VHDY,NHAV,Tier1,2.843972903400283
VHDY,HDHPVC,Tier1,2.0091693086364515
VHDY,EWPAQ,Tier1,2.717149099617671
VHDY,FLHRP,Tier1,3.0489883191686373
VHDY,QHGV,Tier1,2.7932220187904
VHDY,VKEAMAPK,Tier1,3.07244585265389
VHDY,YQEPVLGP,Tier1,2.7108696534307857
VHDY,FRADHPFL,Tier1,2.3376401545859693
VHDY,RADHPFL,Tier1,1.8019336302454267
VHDY,RADHPF,Tier1,1.8180068230001414
VHDY,RADHP,Tier1,2.85568575178412
VHDY,ADHP,Tier1,2.489424830147738
VHDY,VLEANPRSF,Tier1,2.4990717345828983
VHDY,HNPI,Tier1,2.6062734030811874
VHDY,QYDQGV,Tier1,2.217244087406066
VHDY,AADNANELFPPN,Tier1,3.024335900126639
VHDY,LGFEY,Tier1,2.82434841827707
VHDY,LGFEYY,Tier1,2.9402362795692554
VHDY,VPNSYP,Tier1,3.0190133206934626
VHDY,NPYVPR,Tier1,2.985206763849572
VHDY,ISELGY,Tier1,2.942137729288645
VHDY,TERGY,Tier1,2.57865399979501
VHDY,TEFTK,Tier1,2.225381483913928
VHDY,TDY,Tier1,3.0264209312758967
VHDY,LYEGY,Tier1,1.8015913800758583
VHDY,TIASGEP,Tier1,2.65372038577036
VHDY,TVYQ,Tier1,2.9830823604770713
VHDY,YVGD,Tier1,2.242604317902461
VHDY,LGNTDYAVH,Tier1,1.9341168423261987
VHDY,DHG,Tier1,2.970485770082157
VHDY,RASDPLLSV,Tier1,2.7605382769354168
VHDY,LAPSLPGKPKPD,Tier1,3.0346025940724015
VHDY,MPDAHL,Tier1,2.1346524493181334
VHDY,ALEPDHR,Tier1,2.018922986459909
VHDY,TETWNPNHPEL,Tier1,2.914973054275286
VHDY,SAEHGSLH,Tier1,2.604022928318692
VHDY,RPNYTDA,Tier1,2.803028159874778
VHDY,TSQLLSDQ,Tier1,2.9064455456102842
VHDY,TRTGDPFF,Tier1,2.08667884528096
VHDY,GFGPEL,Tier1,2.7424645937905017
VHDY,VGGRP,Tier1,3.0747877413029703
VHDY,VVGGDGDV,Tier1,2.780698914173213
VHDY,LTTLDSE,Tier1,2.814576167951773
VHDY,AEERYP,Tier1,3.0325075927840475
VHDY,TYQTF,Tier1,2.881180971910055
VHDY,SGQYFL,Tier1,2.8433941257548523
VHDY,YYDPL,Tier1,2.1200366716518406
VHDY,KYL,Tier1,3.0796772348597825
VHDY,WYGPD,Tier1,2.6459037293093064
VHDY,KGLWE,Tier1,2.7840597261912565
VHDY,ADGF,Tier1,1.7127888909337061
VHDY,AWDPE,Tier1,2.72520928146108
VHDY,ETTL,Tier1,2.198392009499055
VHDY,DGVVYY,Tier1,2.6459272664390423
VHDY,RYL,Tier1,3.0948753334291212
LARL,LRGIKNYRVAVL,Tier1,3.0268390554024904
LARL,AAVGGYRVAVL,Tier1,2.897899234063929
LARL,HVRETALV,Tier1,2.622749363648673
LARL,LMGQW,Tier1,3.1092403297688445
LARL,YQIGL,Tier1,2.354211395813631
LARL,HQIYPV,Tier1,3.019980526619162
LARL,LQGM,Tier1,2.9111945382822824
LARL,AIRQGDVF,Tier1,3.0312887804345983
LARL,FALPQYLK,Tier1,2.9735277723809244
LARL,PYVRYL,Tier1,3.0739610275521274
LARL,QLGNLGV,Tier1,2.192613214141215
LARL,FLKPLFNAALKLLP,Tier1,2.963474675510235
LARL,VKP,Tier1,3.0940243086199217
LARL,MILMR,Tier1,2.8116861311132517
LARL,LVSK,Tier1,1.727503890727313
LARL,YLKT,Tier1,3.0838336404760485
LARL,LLR,Tier1,2.706719025920111
LARL,VGDI,Tier1,3.008875094678236
LARL,RASDPLLSV,Tier1,3.0207131498342665
LARL,GIISHR,Tier1,2.7761196761751923
LARL,IRGCRL,Tier1,2.4777625188845778
LARL,WIRGCRL,Tier1,2.7569670332991922
LARL,AWIRGCRL,Tier1,2.5945321232336207
LARL,VLVPK,Tier1,1.8665934704370009
LARL,VPKVK,Tier1,2.634410817494905
GGE,WEGPK,Tier1,2.772504185101791
GGE,EWPAQ,Tier1,2.7776608624112713
GGE,YQEP,Tier1,2.4852347180294005
GGE,RADHPF,Tier1,2.8932519694887775
GGE,RADHP,Tier1,2.8302723683673885
GGE,ADHP,Tier1,1.8486756665416397
GGE,QYDQGV,Tier1,2.723771611875193
GGE,TERGY,Tier1,2.0216655476144663
GGE,TEFTK,Tier1,2.8264905953180586
GGE,TDY,Tier1,2.5498918249338973
GGE,YSEMPPGK,Tier1,3.107249382611824
GGE,TIASGEP,Tier1,2.9317342835869127
GGE,DHG,Tier1,1.9443899393201374
GGE,DHTKE,Tier1,2.972751567842233
GGE,ALEPDHR,Tier1,2.755129816156788
GGE,RPNYTDA,Tier1,2.7392608014606523
GGE,TRTGDPFF,Tier1,3.022754830949307
GGE,EERYP,Tier1,2.9799323757163836
GGE,AEERYP,Tier1,2.1364347044493917
GGE,DEDTQAMP,Tier1,2.9838636204549323
GGE,MTEEY,Tier1,2.8350676592199386
GGE,GEGSGA,Tier1,2.0220811387795683
GGE,WYGPD,Tier1,2.9556506804972478
GGE,ADGF,Tier1,2.780336276469368
GGE,AWDPE,Tier1,2.591077222230198
GGE,ETTL,Tier1,2.7963050361338047
GAH,GALAAH,Tier1,2.7298694199721276
GAH,GPP,Tier1,2.7253504478611363
GAH,GSGGL,Tier1,2.825373580277547
GAH,YGYTGA,Tier1,2.317960877957244
GAH,VSYT,Tier1,3.0004900008224613
GAH,YSTA,Tier1,2.2193627424276396
GAH,GPAGPAG,Tier1,2.608515529771931
GAH,TGGGNV,Tier1,2.9878736879575625
GAH,FGHPY,Tier1,2.7479433446936317
GAH,ARHPHP,Tier1,3.0483899861308297
GAH,AYPS,Tier1,3.0872302898017754
GAH,SAEHGSLH,Tier1,2.8619246815937243
GAH,LSGYGP,Tier1,2.3832290103836886
GAH,GEGSGA,Tier1,3.0234865854726185
GAH,SGAF,Tier1,3.0540070056985376
GAWA,GALAAH,Tier1,2.1515420467568225
GAWA,GVPLT,Tier1,2.9295475786657885
GAWA,GSGGL,Tier1,2.449716668111265
GAWA,GPGGFI,Tier1,2.31756212431534
GAWA,FIGP,Tier1,2.40348561583567
GAWA,AMTGLDA,Tier1,2.6004135252241745
GAWA,YGYTGA,Tier1,3.062309069309468
GAWA,YLAGMN,Tier1,2.109300489677946
GAWA,AAVGGYRVAVL,Tier1,3.000886134624391
GAWA,IPAGM,Tier1,2.4389283069471466
GAWA,IPAGV,Tier1,2.9607117336150175
GAWA,SVYT,Tier1,0.5981340873242906
GAWA,PSIPA,Tier1,2.7551450427889974
GAWA,WYT,Tier1,2.543043935855972
GAWA,WSY,Tier1,2.6980126608989603
GAWA,VSYT,Tier1,1.4360592545372737
GAWA,YSTA,Tier1,3.1252021815760287
GAWA,GFPSG,Tier1,2.666830197022067
GAWA,PVMGA,Tier1,2.220715062150309
GAWA,QHGV,Tier1,3.1219233145115655
GAWA,CAAP,Tier1,2.5270548756311455
GAWA,FGHPY,Tier1,2.5427897474108523
GAWA,SALAM,Tier1,2.309326321097572
GAWA,YPI,Tier1,2.333409943733496
GAWA,WYS,Tier1,2.6980126608989603
GAWA,WYSL,Tier1,2.3338557010599317
GAWA,WYSLA,Tier1,1.8191625232769604
GAWA,WYSLAM,Tier1,2.1608865200676273
GAWA,WYSLAMA,Tier1,2.151440452761476
GAWA,YGGFL,Tier1,2.302144452583741
GAWA,YGGFM,Tier1,2.390653603181279
GAWA,PYVRYL,Tier1,2.951352110018618
GAWA,AGWNIPIGT,Tier1,3.0896235326590826
GAWA,YWVTSGPK,Tier1,2.521702677509065
GAWA,TVYQ,Tier1,2.3307347440387627
GAWA,YGLN,Tier1,2.769427363252769
GAWA,YIPIQY,Tier1,2.5251679500732673
GAWA,YVGD,Tier1,3.1064162632668193
GAWA,FVPH,Tier1,2.973985263360548
GAWA,LSGYGP,Tier1,2.0099190402382323
GAWA,GFGPEL,Tier1,3.076950744792882
GAWA,VPVTST,Tier1,2.4529265665470525
GAWA,YLGAK,Tier1,2.4139841278993526
GAWA,GGIF,Tier1,2.5433915259134157
GAWA,WPP,Tier1,2.8671071834489426
GAWA,YYIVS,Tier1,2.31614582738276
GAWA,SGQYFL,Tier1,2.935135034153515
GAWA,GLTSK,Tier1,2.7349848818618097
GAWA,GTW,Tier1,1.571832495213462
GAWA,CSQAPLA,Tier1,3.0093732575449073
GAWA,AGGF,Tier1,2.040818436520541
GAWA,SGAF,Tier1,1.4697009042244038
GAWA,DGVVYY,Tier1,2.884437467456489
GAWA,PGVPWP,Tier1,1.9272094543463745
GAWA,RYLGY,Tier1,2.5611910364372044
GAWA,RYLG,Tier1,2.8760202962219505
GAWA,YLG,Tier1,2.1394824573406
GAWA,YLGY,Tier1,1.5547194496624355
GAWA,LGY,Tier1,1.6532680907462995
GAWA,VAGTWY,Tier1,1.014432287350399
PHYL,GALAAH,Tier1,2.991735878505423
PHYL,GSGGL,Tier1,2.4037754177556945
PHYL,GPGGFI,Tier1,2.4058924254333807
PHYL,FIGP,Tier1,3.107843912501637
PHYL,AVPYPQR,Tier1,2.3148995135462718
PHYL,VLPVPQK,Tier1,3.1174840717288683
PHYL,FFAPGRNPTSFS,Tier1,3.1232260415340827
PHYL,YLAGMN,Tier1,3.067891207914899
PHYL,NHAV,Tier1,3.0465024814360864
PHYL,IPAGM,Tier1,2.7681941201912186
PHYL,LPAGV,Tier1,2.8030365054394233
PHYL,IPAGV,Tier1,3.114039745473153
PHYL,PSIPA,Tier1,2.0464222100709866
PHYL,PSLPA,Tier1,1.8963592462621193
PHYL,VSYT,Tier1,2.719058036843264
PHYL,GPAGPAG,Tier1,2.9573190344797164
PHYL,GFPSG,Tier1,2.2205558813130826
PHYL,YPPAK,Tier1,2.6881585767047085
PHYL,TCSP,Tier1,2.661730195479968
PHYL,PVMGA,Tier1,2.854585837047496
PHYL,CAAP,Tier1,2.510469062073395
PHYL,ARHPHPHLSFM,Tier1,2.9996229116025304
PHYL,FGHPY,Tier1,2.705370191454773
PHYL,YQEPVLGP,Tier1,2.948302415251354
PHYL,YPI,Tier1,2.1850541347667902
PHYL,YPIL,Tier1,2.9631776917766843
PHYL,QVVPYPQ,Tier1,2.777711133645277
PHYL,HQIYPV,Tier1,2.2249107771836543
PHYL,IYPF,Tier1,2.9067498888321754
PHYL,WYSLA,Tier1,3.0694605983021326
PHYL,YGGFL,Tier1,2.71716949083518
PHYL,YGGFM,Tier1,3.03406323708061
PHYL,PYVRYL,Tier1,3.0392396324186115
PHYL,AGWNIPIGT,Tier1,2.5102426849708506
PHYL,AGWNIP,Tier1,2.63274214030806
PHYL,VPYPQ,Tier1,2.0968940548805404
PHYL,VPNSYP,Tier1,2.640558986651155
PHYL,YLMSR,Tier1,2.3508826947353625
PHYL,HMPVTK,Tier1,2.830952541184055
PHYL,WHNVSGSP,Tier1,1.912423012989324
PHYL,YWVTSGPK,Tier1,3.105474577448178
PHYL,YSEMPPGK,Tier1,3.0817410204728364
PHYL,YAKPA,Tier1,3.090544156526394
PHYL,AYPS,Tier1,2.6332910335393303
PHYL,VLSRYPS,Tier1,2.259437972212695
PHYL,FVPH,Tier1,2.110534252013053
PHYL,LSGYGP,Tier1,2.8733065525377963
PHYL,VGGRP,Tier1,2.942927521686014
PHYL,VPVTST,Tier1,2.460773344076682
PHYL,YLGAK,Tier1,2.873453762910313
PHYL,GVQEGAGHYALL,Tier1,2.7163904622262347
PHYL,WPP,Tier1,2.4104993792908203
PHYL,YYIVS,Tier1,2.8802079686520736
PHYL,GIISHR,Tier1,3.09458598035399
PHYL,HYVPV,Tier1,2.223511403450525
PHYL,MPACGSS,Tier1,2.697121468494178
PHYL,GLTSK,Tier1,2.856955123726884
PHYL,CSQAPLA,Tier1,2.7619621050946397
PHYL,AGGF,Tier1,2.4979329796379512
PHYL,SGAF,Tier1,3.0944769181820564
PHYL,GQVPP,Tier1,2.733479195524616
PHYL,GFYPPP,Tier1,2.184807220204941
PHYL,DVPPYM,Tier1,2.8552099212525888
PHYL,PGVPWP,Tier1,2.7217831799527703
PHYL,YLGY,Tier1,3.123278400026801
PHYL,LGY,Tier1,3.080394985257124
PHYL,AYFYPEL,Tier1,2.760742134457238
PHYL,AYFYPE,Tier1,3.016661767940079
GALAAH,GVPLT,Tier1,2.9733965589737066
GALAAH,GSGGL,Tier1,1.5667353384328166
GALAAH,GPGGFI,Tier1,2.0362769703470125
GALAAH,FIGP,Tier1,2.558554475554653
GALAAH,AMTGLDA,Tier1,2.4626540157144836
GALAAH,YLAGMN,Tier1,2.5037509869173804
GALAAH,LVDTGRGPIMY,Tier1,3.0411069277006186
GALAAH,AAVGGYRVAVL,Tier1,2.2930925170696073
GALAAH,NHAV,Tier1,2.5248953270304035
GALAAH,HVRETALV,Tier1,2.985549106291461
GALAAH,IPAGM,Tier1,2.0147743644631357
GALAAH,LPAGV,Tier1,2.619780855065233
GALAAH,IPAGV,Tier1,2.176608161614713
GALAAH,SVYT,Tier1,1.9795480426594019
GALAAH,PSIPA,Tier1,2.006741007016107
GALAAH,PSLPA,Tier1,2.720515120923061
GALAAH,VSYT,Tier1,1.7052796835580337
GALAAH,YSTA,Tier1,2.8698218241561264
GALAAH,GPAGPAG,Tier1,2.9147972215371505
GALAAH,GFPSG,Tier1,3.0122959622283405
GALAAH,TGGGNV,Tier1,2.796729472737398
GALAAH,PVMGA,Tier1,1.9890466436575331
GALAAH,QHGV,Tier1,2.7284958387443394
GALAAH,CAAP,Tier1,1.989316939670219
GALAAH,FGHPY,Tier1,2.982075930445238
GALAAH,SALAM,Tier1,2.2283042966620523
GALAAH,YQIGL,Tier1,3.093467712538562
GALAAH,YPI,Tier1,2.382127926362859
GALAAH,HQIYPV,Tier1,2.8056372634818305
GALAAH,WYSLA,Tier1,2.816083147753475
GALAAH,WYSLAMA,Tier1,2.928811815918406
GALAAH,LNLPTAVYMVT,Tier1,3.109818928448151
GALAAH,YGGFL,Tier1,2.629869731502078
GALAAH,PYVRYL,Tier1,2.9374713941073205
GALAAH,AGWNIPIGT,Tier1,2.8080434964247525
GALAAH,ISELGY,Tier1,3.019060136791656
GALAAH,GPLGLLGFLGPLGLS,Tier1,3.081044817791855
GALAAH,YWVTSGPK,Tier1,2.7347128818257804
GALAAH,VLSRYPS,Tier1,2.9895544665881886
GALAAH,TIASGEP,Tier1,2.7946840228319845
GALAAH,TVYQ,Tier1,3.077758353934354
GALAAH,YGLN,Tier1,2.932317446926627
GALAAH,YIPIQY,Tier1,2.910392807390396
GALAAH,RASDPLLSV,Tier1,2.9104870629196906
GALAAH,FVPH,Tier1,2.8184589326808367
GALAAH,SAEHGSLH,Tier1,2.662374916912205
GALAAH,LSGYGP,Tier1,1.7393049008924106
GALAAH,VPVTST,Tier1,2.0454774570219247
GALAAH,YLGAK,Tier1,2.237865330201986
GALAAH,GGIF,Tier1,2.6407747864388043
GALAAH,GVQEGAGHYALL,Tier1,3.033670398488508
GALAAH,YYIVS,Tier1,2.5623551321862785
GALAAH,GIISHR,Tier1,2.385035599050416
GALAAH,GLTSK,Tier1,2.2881635407911065
GALAAH,CSQAPLA,Tier1,2.6263258250344244
GALAAH,AGGF,Tier1,2.3478219240736533
GALAAH,SGAF,Tier1,2.13441897899535
GALAAH,GQVPP,Tier1,3.1061156809420316
GALAAH,PGVPWP,Tier1,2.7213676542748324
GALAAH,RYLGY,Tier1,2.982199578505237
GALAAH,RYLG,Tier1,3.0909005915306813
GALAAH,YLG,Tier1,3.0079748634224264
GALAAH,YLGY,Tier1,2.6913330011652907
GALAAH,LGY,Tier1,2.066061311448599
GALAAH,VAGTWY,Tier1,2.3147692378271465
DPALATEPDPMPF,HGGEGGRPYHLGEES,Tier1,2.251287871098391
DPALATEPDPMPF,VAVDKHDYEPLGHSDIGVY,Tier1,2.5394205509983134
DPALATEPDPMPF,EEYFPVGGDRPESF,Tier1,1.3847697073146992
DPALATEPDPMPF,EEEQVGQGYETIRARL,Tier1,2.8106660445503806
DPALATEPDPMPF,YEADARSFHDLAEHDIRV,Tier1,2.9638937908613108
DPALATEPDPMPF,ESTTVPERTHPACPDFN,Tier1,2.0694567289451635
DPALATEPDPMPF,YQEPVLGP,Tier1,2.4116473029648358
DPALATEPDPMPF,YEDCTDCGN,Tier1,2.483556463249208
DPALATEPDPMPF,AADNANELFPPN,Tier1,2.2211722641720915
DPALATEPDPMPF,IANNEADAISLDGGQVFEAG,Tier1,2.6287100261977923
DPALATEPDPMPF,PIAAEVYEHTEGSTTSY,Tier1,2.311479357960149
DPALATEPDPMPF,AIEWEGIESGSVEQA,Tier1,2.3951078266951047
DPALATEPDPMPF,VAMVPPFET,Tier1,3.011827281693733
DPALATEPDPMPF,TIASGEP,Tier1,2.736917086982678
DPALATEPDPMPF,LGNTDYAVH,Tier1,2.7347932661254473
DPALATEPDPMPF,MPDAHL,Tier1,2.6306536221079972
DPALATEPDPMPF,TETWNPNHPEL,Tier1,2.4382751087843806
DPALATEPDPMPF,TSQLLSDQ,Tier1,2.8799189450900866
DPALATEPDPMPF,GFGPEL,Tier1,3.0277834709292946
DPALATEPDPMPF,VVGGDGDV,Tier1,2.935000988177168
DPALATEPDPMPF,LTTLDSE,Tier1,2.2894415836638906
DPALATEPDPMPF,DEDTQAMP,Tier1,2.531653853521823
DPALATEPDPMPF,GVQEGAGHYALL,Tier1,2.9804754845562664
DPALATEPDPMPF,YYDPL,Tier1,2.9131307025243123
DPALATEPDPMPF,MTEEY,Tier1,2.726229331765623
DPALATEPDPMPF,IYIEQGNGITGM,Tier1,2.731548253677479
DPALATEPDPMPF,AYFYPEL,Tier1,3.0671142106925564
ACFL,FIGP,Tier1,2.7127850302260934
ACFL,IPAGM,Tier1,3.0777546972389422
ACFL,LPAGV,Tier1,2.761696151213206
ACFL,IPAGV,Tier1,2.9862237372595968
ACFL,HVCYMF,Tier1,2.404516432116472
ACFL,MWL,Tier1,2.4972732697617293
ACFL,FLQEFLHV,Tier1,3.1235981076567807
ACFL,VCSV,Tier1,2.5610453632295926
ACFL,YPIL,Tier1,2.2692825754185284
ACFL,IYPF,Tier1,2.66524373391467
ACFL,YVL,Tier1,2.741251811323972
ACFL,TIIPLPV,Tier1,3.1015490498488467
ACFL,VFPW,Tier1,2.524969094067261
ACFL,SVMPVVA,Tier1,2.1792792161279593
ACFL,FVPH,Tier1,2.892923347640038
ACFL,GGIF,Tier1,2.5118745399375784
ACFL,LPF,Tier1,2.645374509894707
ACFL,LLPF,Tier1,1.7481465724339298
ACFL,FLPF,Tier1,1.8175739822226495
ACFL,YLL,Tier1,3.1165921166827286
ACFL,LFC,Tier1,2.786677248331583
ACFL,LAC,Tier1,2.869808677650305
ACFL,CLV,Tier1,2.996027078026859
ACFL,VLVPK,Tier1,3.0724041181370865
FLNDFLHV,FIGP,Tier1,3.077492475135746
FLNDFLHV,ISELGW,Tier1,2.3480150735442114
FLNDFLHV,YLAGMN,Tier1,3.0133355752617774
FLNDFLHV,IIENGEKWS,Tier1,2.8209736019748943
FLNDFLHV,LVDTGRGPIMY,Tier1,2.760848810967156
FLNDFLHV,HVRETALV,Tier1,2.393991104744448
FLNDFLHV,EFIQ,Tier1,3.0097369997086734
FLNDFLHV,LNGDVW,Tier1,2.466844725503762
FLNDFLHV,FLQEFLHV,Tier1,1.2990283628883592
FLNDFLHV,LMGQW,Tier1,2.2116783028931786
FLNDFLHV,YQIGL,Tier1,2.616091520644016
FLNDFLHV,FRADHPFL,Tier1,3.0350415996487223
FLNDFLHV,HQIYPV,Tier1,3.0352748212310727
FLNDFLHV,FPLEMMPF,Tier1,2.748004566112147
FLNDFLHV,LNLPTAVYMVT,Tier1,2.6733256875089793
FLNDFLHV,DRVYIHPF,Tier1,2.5804789097057874
FLNDFLHV,AIRQGDVF,Tier1,2.3621198213196606
FLNDFLHV,FALPQYLK,Tier1,3.1054919810899686
FLNDFLHV,LGFEY,Tier1,2.601934562229524
FLNDFLHV,LGFEYY,Tier1,3.0048152765432765
FLNDFLHV,WISELG,Tier1,1.9364590395649033
FLNDFLHV,WISELGW,Tier1,1.9449621724088395
FLNDFLHV,ISELWG,Tier1,2.111231865174496
FLNDFLHV,ISELGF,Tier1,2.2075162916350135
FLNDFLHV,ISELGY,Tier1,2.5658690274208635
FLNDFLHV,QLGNLGV,Tier1,2.4687831747851554
FLNDFLHV,MILMR,Tier1,2.7643763725493695
FLNDFLHV,VAMVPPFET,Tier1,2.7228270102857723
FLNDFLHV,FVNQPYLLYSVHMK,Tier1,3.077327642008429
FLNDFLHV,YPELF,Tier1,2.95227352172637
FLNDFLHV,YIPIQY,Tier1,2.9672997735673823
FLNDFLHV,FYQL,Tier1,3.0520644565576136
FLNDFLHV,VGDI,Tier1,2.6424338234213165
FLNDFLHV,RASDPLLSV,Tier1,3.097064628829359
FLNDFLHV,GFGPEL,Tier1,2.905090935164571
FLNDFLHV,GGLEPINFN,Tier1,2.4889361203821863
FLNDFLHV,GIFE,Tier1,1.902871471621575
FLNDFLHV,QCL,Tier1,2.8374484477062247
FLNDFLHV,KLSDW,Tier1,2.9121629566660596
FLNDFLHV,KGLWE,Tier1,2.812106432263604
FLNDFLHV,IYIEQGNGITGM,Tier1,2.7943107241576643
FLNDFLHV,DGVVYY,Tier1,2.8723849607781964
FLNDFLHV,IVEYF,Tier1,1.7166641417511481
WEGPK,NHRYDR,Tier1,3.11488195616532
WEGPK,VKEAMPK,Tier1,2.720842625616179
WEGPK,IIENGEKWS,Tier1,2.684540221153911
WEGPK,NYKQM,Tier1,2.326005674692835
WEGPK,HDHPVC,Tier1,2.719295463858671
WEGPK,HEKVC,Tier1,2.472871605987629
WEGPK,QWPAQ,Tier1,2.405592646339686
WEGPK,VECYGPNRPQF,Tier1,2.4790223018757054
WEGPK,EWPAQ,Tier1,1.9020034723921382
WEGPK,VKEAMAPK,Tier1,2.7081528117937723
WEGPK,SDF,Tier1,2.7101350374979103
WEGPK,YQEP,Tier1,2.782799582710841
WEGPK,FRADHPFL,Tier1,2.4451199387046794
WEGPK,RADHPFL,Tier1,2.308817822719543
WEGPK,RADHPF,Tier1,1.785260801969718
WEGPK,RADHP,Tier1,2.3875259509701974
WEGPK,ADHP,Tier1,2.6925370096217773
WEGPK,QGAR,Tier1,2.744090537767232
WEGPK,AIRQGDVF,Tier1,2.9405217481129737
WEGPK,VLEANPRSF,Tier1,2.737951250823015
WEGPK,QYDQGV,Tier1,2.2785408317133546
WEGPK,AADNANELFPPN,Tier1,3.0212570144448905
WEGPK,NPYVPR,Tier1,2.828787081982849
WEGPK,TERGY,Tier1,1.69077208471767
WEGPK,TEFTK,Tier1,1.3446853621650199
WEGPK,LYEGY,Tier1,3.0614851078646255
WEGPK,YSEMPPGK,Tier1,2.551661860191918
WEGPK,FHNMEK,Tier1,2.26267616937373
WEGPK,GTQY,Tier1,3.112565060142571
WEGPK,RYPS,Tier1,3.0598742907595633
WEGPK,YAKP,Tier1,3.0592245314338475
WEGPK,YQLD,Tier1,3.072975943763651
WEGPK,GYLEQ,Tier1,2.967620784994369
WEGPK,YQKFP,Tier1,2.5298401111260604
WEGPK,DHG,Tier1,2.653811614654694
WEGPK,DHTKE,Tier1,2.8886043244074733
WEGPK,ALEPDHR,Tier1,2.1885042083966755
WEGPK,TETWNPNHPEL,Tier1,2.7880396925051154
WEGPK,RPNYTDA,Tier1,2.244904108162409
WEGPK,TSQLLSDQ,Tier1,2.9888440553385633
WEGPK,TRTGDPFF,Tier1,2.130027275430519
WEGPK,NFHPQ,Tier1,2.0574876584146944
WEGPK,EERYP,Tier1,3.03981034117915
WEGPK,AEERYP,Tier1,2.4225339459742976
WEGPK,TYQTF,Tier1,3.0228092510730105
WEGPK,KFPE,Tier1,2.3760048013610344
WEGPK,QYP,Tier1,2.6882201659438114
WEGPK,LSGNK,Tier1,3.1046858652069287
WEGPK,VAWRNRCKGTD,Tier1,3.0441153594437544
WEGPK,WRNRCKGTD,Tier1,2.7568786727578245
WEGPK,WYGPD,Tier1,2.744673772195715
WEGPK,KLSDW,Tier1,2.6135867493100204
WEGPK,KGLWE,Tier1,2.4220566297093757
WEGPK,ADGF,Tier1,3.0235081094946166
WEGPK,AWDPE,Tier1,2.763923564345643
WEGPK,DWDPK,Tier1,2.4910832173523887
WEGPK,KDVPP,Tier1,2.9334194109777645
WEGPK,YQKFPQY,Tier1,2.469744309468673
WEGPK,YQK,Tier1,2.8897549543251744
GPP,GSGGL,Tier1,2.4223842223970737
GPP,GPGGFI,Tier1,3.0803214823401395
GPP,YGYTGA,Tier1,2.9496785134055616
GPP,PSIPA,Tier1,3.0287631113998548
GPP,PSLPA,Tier1,3.12010930713882
GPP,YSTA,Tier1,1.8197184389487278
GPP,GPAGPAG,Tier1,1.1045579592834738
GPP,GFPSG,Tier1,2.556193171669672
GPP,YPPAK,Tier1,2.443543373970512
GPP,TCSP,Tier1,3.104726485887325
GPP,TGGGNV,Tier1,2.590144157556106
GPP,CAAP,Tier1,2.7873404736819523
GPP,FGHPY,Tier1,2.9188820003417364
GPP,TTYY,Tier1,2.4095247736475165
GPP,PYPQ,Tier1,2.4822063339743106
GPP,VPYPQ,Tier1,2.9717436489049094
GPP,VPNSYP,Tier1,2.8355686445798725
GPP,WHNVSGSP,Tier1,3.0420455961830966
GPP,YSEMPPGK,Tier1,3.1025554922852705
GPP,YAKPA,Tier1,2.981474011284553
GPP,RYPS,Tier1,2.8791895420406113
GPP,SRYPS,Tier1,2.9028482378730214
GPP,AYPS,Tier1,1.3893564019763829
GPP,LSGYGP,Tier1,2.6281376804104553
GPP,WPP,Tier1,3.1212516945934863
GPP,GEGSGA,Tier1,2.983609477105413
GPP,AGGF,Tier1,2.882968922663367
GPP,GQVPP,Tier1,2.9449688404901577
GPP,GFYPPP,Tier1,2.8425153014372726
GVPLT,FIGP,Tier1,2.8867421940792433
GVPLT,AMTGLDA,Tier1,2.968948155896906
GVPLT,ISELGW,Tier1,2.9938490448453154
GVPLT,YLAGMN,Tier1,2.4488562523904625
GVPLT,AAVGGYRVAVL,Tier1,3.012598045833759
GVPLT,IPAGM,Tier1,1.9153205172284848
GVPLT,LPAGV,Tier1,1.9926459156526057
GVPLT,IPAGV,Tier1,1.9032802773586237
GVPLT,SVYT,Tier1,2.624330596620199
GVPLT,LALPA,Tier1,1.6291099760974372
GVPLT,PSIPA,Tier1,2.3893706532020875
GVPLT,PSLPA,Tier1,2.7029277578101345
GVPLT,LPL,Tier1,2.738805394016779
GVPLT,TCSP,Tier1,3.1124250462062015
GVPLT,PVMGA,Tier1,2.0665746291796547
GVPLT,VCSV,Tier1,2.7978859921204617
GVPLT,CAAP,Tier1,2.94577539512069
GVPLT,SALAM,Tier1,1.2905765845293087
GVPLT,YQIGL,Tier1,2.9294036271004225
GVPLT,YPI,Tier1,2.4230954349886593
GVPLT,YPIL,Tier1,2.9797802251328807
GVPLT,HQIYPV,Tier1,3.09869687808985
GVPLT,IYPF,Tier1,2.781197545938866
GVPLT,WYSL,Tier1,2.8579900872157165
GVPLT,WYSLA,Tier1,2.2665504450305916
GVPLT,WYSLAM,Tier1,2.1818788269677194
GVPLT,WYSLAMA,Tier1,1.8521927331243153
GVPLT,LNLPTAVYMVT,Tier1,2.6839038286507972
GVPLT,TIIPLPV,Tier1,1.9237310079820582
GVPLT,WPL,Tier1,2.375952881645908
GVPLT,VPW,Tier1,2.354729518889842
GVPLT,AGWNIPIGT,Tier1,2.6304985413016486
GVPLT,VIPMGL,Tier1,2.3003905209206272
GVPLT,ISELGF,Tier1,2.9361530556787816
GVPLT,GPLGLLGFLGPLGLS,Tier1,2.3748814886822456
GVPLT,SVMPVVA,Tier1,2.042405315855845
GVPLT,VAMVPPFET,Tier1,2.937936914210637
GVPLT,YIPIQY,Tier1,2.907778575527504
GVPLT,VPVTST,Tier1,1.677494390166166
GVPLT,GGIF,Tier1,2.882007204356133
GVPLT,YYIVS,Tier1,2.621616595289936
GVPLT,LPF,Tier1,2.751603811346191
GVPLT,HYVPV,Tier1,2.7892929548181886
GVPLT,LTC,Tier1,1.90893062650706
GVPLT,LAC,Tier1,2.8414939852186945
GVPLT,LPM,Tier1,1.6729166219026252
GVPLT,CSQAPLA,Tier1,2.626669421401894
GVPLT,PGVPWP,Tier1,2.1400786336105058
GVPLT,YLG,Tier1,1.7460395538416458
GVPLT,YLGY,Tier1,3.0420344673373947
GVPLT,LGY,Tier1,2.691086504164503
GVPLT,VAGTWY,Tier1,2.837900951829976
GSGGL,GPGGFI,Tier1,1.2263793518550523
GSGGL,FIGP,Tier1,2.360541586765465
GSGGL,AMTGLDA,Tier1,2.4718864017646514
GSGGL,AVPYPQR,Tier1,2.775372194580373
GSGGL,YGYTGA,Tier1,2.979824766740512
GSGGL,FFAPGRNPTSFS,Tier1,3.087250170950843
GSGGL,YLAGMN,Tier1,2.432011290923181
GSGGL,LVDTGRGPIMY,Tier1,3.075466803803974
GSGGL,AAVGGYRVAVL,Tier1,2.8144692882355
GSGGL,NHAV,Tier1,2.5710663823781097
GSGGL,IPAGM,Tier1,1.7149466561717812
GSGGL,LPAGV,Tier1,2.3716615204587606
GSGGL,IPAGV,Tier1,2.2402720260082805
GSGGL,SVYT,Tier1,2.2399986823705254
GSGGL,PSIPA,Tier1,1.2876950508581895
GSGGL,PSLPA,Tier1,1.8742151892690033
GSGGL,VSYT,Tier1,1.4605436582668843
GSGGL,YSTA,Tier1,2.1754777664629805
GSGGL,GPAGPAG,Tier1,1.8606809671484523
GSGGL,GFPSG,Tier1,2.0477906257703236
GSGGL,TCSP,Tier1,2.531178477025929
GSGGL,TGGGNV,Tier1,1.9532099048059552
GSGGL,PVMGA,Tier1,1.6664584162584588
GSGGL,QHGV,Tier1,2.7663260089266286
GSGGL,CAAP,Tier1,0.9503822896195243
GSGGL,FGHPY,Tier1,2.633946041958972
GSGGL,YQEPVLGP,Tier1,2.9195704625074113
GSGGL,SALAM,Tier1,2.558643095671958
GSGGL,YPI,Tier1,2.123764089165115
GSGGL,QVVPYPQ,Tier1,2.71745568858558
GSGGL,HQIYPV,Tier1,2.578522480688175
GSGGL,WYSLA,Tier1,2.924074416371714
GSGGL,WYSLAMA,Tier1,3.0206860827961433
GSGGL,LNLPTAVYMVT,Tier1,3.080783490230799
GSGGL,YGGFL,Tier1,2.2570351609968404
GSGGL,YGGFM,Tier1,2.561686146378438
GSGGL,PYVRYL,Tier1,3.1216889487850223
GSGGL,AGWNIPIGT,Tier1,2.4042529787059186
GSGGL,AGWNIP,Tier1,3.0189977928042766
GSGGL,VPYPQ,Tier1,2.4916697553343385
GSGGL,VPNSYP,Tier1,2.3753350449413353
GSGGL,ISELGY,Tier1,2.8679907667305398
GSGGL,WHNVSGSP,Tier1,2.6880019627618297
GSGGL,YWVTSGPK,Tier1,2.652133901750826
GSGGL,VAMVPPFET,Tier1,2.987594825299105
GSGGL,AYPS,Tier1,2.3699019495132303
GSGGL,VLSRYPS,Tier1,2.521593512651896
GSGGL,TIASGEP,Tier1,2.3744120156533355
GSGGL,TVYQ,Tier1,3.0362241549356543
GSGGL,YGLN,Tier1,2.7525341474338454
GSGGL,YIPIQY,Tier1,3.1094368425542434
GSGGL,RASDPLLSV,Tier1,3.0365365153755235
GSGGL,MPDAHL,Tier1,3.0370179354713294
GSGGL,FVPH,Tier1,2.519403920564027
GSGGL,SAEHGSLH,Tier1,2.7375361483339407
GSGGL,LSGYGP,Tier1,1.3563050614713883
GSGGL,GFGPEL,Tier1,2.7285350194011713
GSGGL,VGGRP,Tier1,2.8016817724374024
GSGGL,VPVTST,Tier1,1.6896521426576447
GSGGL,YLGAK,Tier1,2.574529052266981
GSGGL,GGIF,Tier1,2.417074371159943
GSGGL,GVQEGAGHYALL,Tier1,2.6200631677116797
GSGGL,WPP,Tier1,2.7440928621567653
GSGGL,YYIVS,Tier1,2.659627669371367
GSGGL,SGQYFL,Tier1,2.8689942416327097
GSGGL,GIISHR,Tier1,2.8838934089637913
GSGGL,SNAAC,Tier1,2.67799688338366
GSGGL,GEGSGA,Tier1,3.111605101444952
GSGGL,GLTSK,Tier1,2.363856882133376
GSGGL,GTW,Tier1,3.0448496203618567
GSGGL,CSQAPLA,Tier1,2.1733834875856406
GSGGL,AGGF,Tier1,1.549830852391896
GSGGL,ETTL,Tier1,3.1123803889597967
GSGGL,SGAF,Tier1,1.745532264957315
GSGGL,GQVPP,Tier1,2.213648688320187
GSGGL,DGVVYY,Tier1,2.9400030044572274
GSGGL,GFYPPP,Tier1,3.0194904698844334
GSGGL,PGVPWP,Tier1,2.4507494517356676
GSGGL,YLGY,Tier1,2.8670111050168523
GSGGL,LGY,Tier1,2.323541416469639
GSGGL,VAGTWY,Tier1,2.4879136900341017
GPGGFI,FIGP,Tier1,1.4432034580685142
GPGGFI,AMTGLDA,Tier1,2.430585633577249
GPGGFI,AVPYPQR,Tier1,2.777071961181736
GPGGFI,YGYTGA,Tier1,3.032622279680764
GPGGFI,FFAPGRNPTSFS,Tier1,2.5983613860041896
GPGGFI,YLAGMN,Tier1,2.078585549582775
GPGGFI,LVDTGRGPIMY,Tier1,2.6218669274468174
GPGGFI,AAVGGYRVAVL,Tier1,2.4335474033483773
GPGGFI,NHAV,Tier1,2.6374999469517344
GPGGFI,HVRETALV,Tier1,2.943256057585249
GPGGFI,IPAGM,Tier1,1.5443406051268582
GPGGFI,LPAGV,Tier1,2.3372978740194004
GPGGFI,IPAGV,Tier1,2.1655915608202134
GPGGFI,SVYT,Tier1,2.1445579004466477
GPGGFI,PSIPA,Tier1,1.8857449348734547
GPGGFI,PSLPA,Tier1,2.3617309155729886
GPGGFI,WVYY,Tier1,2.938412121565661
GPGGFI,WSY,Tier1,3.0519524435600003
GPGGFI,VSYT,Tier1,1.1504934069189552
GPGGFI,YSTA,Tier1,2.4549950627660166
GPGGFI,HVCYMF,Tier1,2.9528137961139627
GPGGFI,GPAGPAG,Tier1,2.530526166150341
GPGGFI,GFPSG,Tier1,2.091539944876203
GPGGFI,TCSP,Tier1,2.798316584089868
GPGGFI,TGGGNV,Tier1,2.125587368106813
GPGGFI,LMGQW,Tier1,2.9243125311481073
GPGGFI,PVMGA,Tier1,1.4510997633303422
GPGGFI,QHGV,Tier1,2.8325137699613583
GPGGFI,CAAP,Tier1,1.2503256597999293
GPGGFI,ARHPHPHLSFM,Tier1,3.0745242363302014
GPGGFI,FGHPY,Tier1,2.31374630671897
GPGGFI,YQEPVLGP,Tier1,2.749912539524314
GPGGFI,SALAM,Tier1,2.481651004609884
GPGGFI,YQIGL,Tier1,2.8096231519666617
GPGGFI,YPI,Tier1,1.7561633154913991
GPGGFI,YPIL,Tier1,2.66219299726872
GPGGFI,QVVPYPQ,Tier1,2.3843482425815252
GPGGFI,HQIYPV,Tier1,2.292967877149807
GPGGFI,IYPF,Tier1,2.7341226315145226
GPGGFI,WYS,Tier1,3.0519524435600003
GPGGFI,WYSL,Tier1,2.590484383043191
GPGGFI,WYSLA,Tier1,2.3858483958655676
GPGGFI,WYSLAM,Tier1,2.590963672913435
GPGGFI,WYSLAMA,Tier1,2.519498452392205
GPGGFI,LNLPTAVYMVT,Tier1,2.5950332164692984
GPGGFI,YGGFL,Tier1,1.1848374199770422
GPGGFI,YGGFM,Tier1,1.578118050111625
GPGGFI,DRVYIHPF,Tier1,3.0636496748854
GPGGFI,FALPQYLK,Tier1,3.0139063631240868
GPGGFI,PYVRYL,Tier1,2.6452557735850983
GPGGFI,AGWNIPIGT,Tier1,2.1357905926999257
GPGGFI,AGWNIP,Tier1,2.7772787532514416
GPGGFI,LGFEYY,Tier1,2.875373717384315
GPGGFI,VPYPQ,Tier1,2.413088764084372
GPGGFI,VPNSYP,Tier1,2.3680372071925944
GPGGFI,WISELG,Tier1,2.942072265794993
GPGGFI,ISELWG,Tier1,2.99372817873868
GPGGFI,ISELGY,Tier1,2.5931000363259256
GPGGFI,SVMPVVA,Tier1,3.085489817919941
GPGGFI,WHNVSGSP,Tier1,2.5969396768834536
GPGGFI,YWVTSGPK,Tier1,2.2816136133507112
GPGGFI,VAMVPPFET,Tier1,2.478804721029494
GPGGFI,AYPS,Tier1,2.6838535579892167
GPGGFI,VLSRYPS,Tier1,2.2833116468516037
GPGGFI,TIASGEP,Tier1,2.6432797632145153
GPGGFI,TVYQ,Tier1,2.84328430402694
GPGGFI,YGLN,Tier1,2.499024760648489
GPGGFI,YIPIQY,Tier1,2.673811465321893
GPGGFI,LGNTDYAVH,Tier1,3.0582824709256093
GPGGFI,RASDPLLSV,Tier1,2.8649814083874925
GPGGFI,MPDAHL,Tier1,2.9682849620340273
GPGGFI,FVPH,Tier1,1.7512633395993273
GPGGFI,SAEHGSLH,Tier1,2.996092646216352
GPGGFI,LSGYGP,Tier1,1.4919385433230812
GPGGFI,PYSFK,Tier1,3.0736598510358846
GPGGFI,GFGPEL,Tier1,2.3946803511347783
GPGGFI,VGGRP,Tier1,2.9556138335622233
GPGGFI,VPVTST,Tier1,1.7853584720422342
GPGGFI,YLGAK,Tier1,2.5073976628753685
GPGGFI,GGIF,Tier1,1.5136848656765394
GPGGFI,GVQEGAGHYALL,Tier1,2.3984509587646725
GPGGFI,WPP,Tier1,2.4780908013270815
GPGGFI,YYIVS,Tier1,1.9772719538084222
GPGGFI,TYQTF,Tier1,2.9891965748635143
GPGGFI,SGQYFL,Tier1,2.219188962957026
GPGGFI,GIISHR,Tier1,2.8330102545215556
GPGGFI,SNAAC,Tier1,2.764275058214983
GPGGFI,GLTSK,Tier1,2.5956322806268335
GPGGFI,GTW,Tier1,2.697716984949724
GPGGFI,CSQAPLA,Tier1,2.1718401808798116
GPGGFI,IYIEQGNGITGM,Tier1,2.9812834429337927
GPGGFI,AGGF,Tier1,1.1281891390104362
GPGGFI,SGAF,Tier1,1.3425450806651655
GPGGFI,GQVPP,Tier1,2.4134645170848885
GPGGFI,DGVVYY,Tier1,2.39999683039024
GPGGFI,GFYPPP,Tier1,2.950786060818702
GPGGFI,PGVPWP,Tier1,2.3528746945009935
GPGGFI,RYLGY,Tier1,2.9306107394331193
GPGGFI,YLGY,Tier1,2.519527885907864
GPGGFI,LGY,Tier1,1.9468419333546454
GPGGFI,AYFYPEL,Tier1,2.7303426279588634
GPGGFI,VAGTWY,Tier1,1.9715163590072389
FIGP,AMTGLDA,Tier1,2.5976598292536917
FIGP,ISELGW,Tier1,2.8154732601175985
FIGP,YLAGMN,Tier1,1.994995376244418
FIGP,LVDTGRGPIMY,Tier1,2.8072153709391254
FIGP,AAVGGYRVAVL,Tier1,2.234007159182019
FIGP,NHAV,Tier1,2.9304708615498045
FIGP,HVRETALV,Tier1,2.912452220078341
FIGP,IPAGM,Tier1,1.5321563406303167
FIGP,LPAGV,Tier1,2.182387526478489
FIGP,IPAGV,Tier1,1.820704187063737
FIGP,SVYT,Tier1,2.25486528632933
FIGP,LALPA,Tier1,2.91567393197276
FIGP,PSIPA,Tier1,2.654903400022387
FIGP,PSLPA,Tier1,3.1216867326752
FIGP,WVYY,Tier1,2.483625818492
FIGP,VSYT,Tier1,1.7928584698995262
FIGP,HVCYMF,Tier1,2.3757575602063237
FIGP,GFPSG,Tier1,3.048910158402379
FIGP,LMGQW,Tier1,2.445484447774444
FIGP,PVMGA,Tier1,1.5133011089590287
FIGP,VCSV,Tier1,2.549134044949163
FIGP,CAAP,Tier1,2.223430784755084
FIGP,SALAM,Tier1,2.0423815346438374
FIGP,YQIGL,Tier1,2.2969804055992276
FIGP,YPI,Tier1,1.6418988554391976
FIGP,YPIL,Tier1,2.1041030639698395
FIGP,QVVPYPQ,Tier1,2.904634561028919
FIGP,HQIYPV,Tier1,2.492668646410734
FIGP,IYPF,Tier1,2.165604592719686
FIGP,WYSL,Tier1,1.8806764205476567
FIGP,WYSLA,Tier1,1.9137056152015268
FIGP,WYSLAM,Tier1,1.9342537188797295
FIGP,WYSLAMA,Tier1,2.1139445594890143
FIGP,LNLPTAVYMVT,Tier1,2.375687016924879
FIGP,YGGFL,Tier1,1.1006161893289448
FIGP,YGGFM,Tier1,1.9768909012153344
FIGP,DRVYIHPF,Tier1,2.9924995486945876
FIGP,YVL,Tier1,2.5344203541231902
FIGP,FALPQYLK,Tier1,2.813980794671214
FIGP,PYVRYL,Tier1,2.563930279612497
FIGP,TIIPLPV,Tier1,3.081883985782552
FIGP,WPL,Tier1,2.779717083451
FIGP,VPW,Tier1,2.8644449770070537
FIGP,VFPW,Tier1,2.409072173930877
FIGP,AGWNIPIGT,Tier1,2.423698230665534
FIGP,AGWNIP,Tier1,3.1246076052436567
FIGP,LGFEY,Tier1,2.9043202201531653
FIGP,LGFEYY,Tier1,2.904229649972083
FIGP,VIPMGL,Tier1,2.7262026497962344
FIGP,WISELG,Tier1,2.5523825156527273
FIGP,WISELGW,Tier1,2.6376549264807783
FIGP,ISELWG,Tier1,2.6667008469599986
FIGP,ISELGF,Tier1,2.6233330848863665
FIGP,ISELGY,Tier1,2.5497575565585517
FIGP,GPLGLLGFLGPLGLS,Tier1,2.7764664586499204
FIGP,QLGNLGV,Tier1,2.9206234301308607
FIGP,SVMPVVA,Tier1,2.5562173537264314
FIGP,LVSK,Tier1,3.017942704685911
FIGP,YWVTSGPK,Tier1,2.874031430765522
FIGP,VAMVPPFET,Tier1,2.490030838577593
FIGP,VLSRYPS,Tier1,2.8699664172030146
FIGP,TVYQ,Tier1,2.8413143742254707
FIGP,YGLN,Tier1,2.6282848706800146
FIGP,YIPIQY,Tier1,2.332544522619672
FIGP,RASDPLLSV,Tier1,2.911259528829636
FIGP,FFGFN,Tier1,3.0666046563576916
FIGP,FVPH,Tier1,1.6238490515276964
FIGP,LSGYGP,Tier1,2.527751094852835
FIGP,GFGPEL,Tier1,2.624111711033901
FIGP,VPVTST,Tier1,2.080103121466354
FIGP,YLGAK,Tier1,2.704919562868809
FIGP,GGIF,Tier1,0.2981297446290562
FIGP,GIFE,Tier1,3.0708307155939063
FIGP,GVQEGAGHYALL,Tier1,3.0484856695172216
FIGP,WPP,Tier1,3.0953497952334
FIGP,YYIVS,Tier1,1.355042138557528
FIGP,SGQYFL,Tier1,2.4036316315900375
FIGP,GIISHR,Tier1,2.8623632422468948
FIGP,LLPF,Tier1,3.096640960798343
FIGP,FLPF,Tier1,2.854024662886141
FIGP,GLTSK,Tier1,3.0376551668082374
FIGP,LTC,Tier1,2.9298735722239893
FIGP,GTW,Tier1,2.8876671769355484
FIGP,YLL,Tier1,2.9732568865911024
FIGP,LPM,Tier1,2.973031624203268
FIGP,CSQAPLA,Tier1,2.5628525589061244
FIGP,IYIEQGNGITGM,Tier1,3.112617889415084
FIGP,AGGF,Tier1,2.031443427285305
FIGP,SGAF,Tier1,2.0184278682486796
FIGP,VLVPK,Tier1,3.075138887047003
FIGP,DGVVYY,Tier1,2.344798351826504
FIGP,IVEYF,Tier1,3.031836447835113
FIGP,PGVPWP,Tier1,2.596223069730029
FIGP,RYLGY,Tier1,3.117616562184263
FIGP,YLG,Tier1,2.741110753482223
FIGP,YLGY,Tier1,2.4422839133575875
FIGP,LGY,Tier1,1.5297131793069516
FIGP,AYFYPEL,Tier1,3.1105649050286526
FIGP,VAGTWY,Tier1,1.895867592236696
AMTGLDA,ISELGW,Tier1,2.1639358347533486
AMTGLDA,YLAGMN,Tier1,1.8277457983890095
AMTGLDA,IIENGEKWS,Tier1,3.097719312783076
AMTGLDA,LVDTGRGPIMY,Tier1,2.1510580230996874
AMTGLDA,AAVGGYRVAVL,Tier1,2.6401107487189663
AMTGLDA,NHAV,Tier1,2.4425136358434685
AMTGLDA,HVRETALV,Tier1,2.23509172706969
AMTGLDA,IPAGM,Tier1,2.1955142054925925
AMTGLDA,LPAGV,Tier1,2.892508701071292
AMTGLDA,IPAGV,Tier1,2.572393205908574
AMTGLDA,SVYT,Tier1,2.375555234537689
AMTGLDA,PSIPA,Tier1,2.690141329079177
AMTGLDA,VSYT,Tier1,2.4079412433944305
AMTGLDA,HDHPVC,Tier1,2.7262367603987707
AMTGLDA,TGGGNV,Tier1,2.537385824412029
AMTGLDA,EWPAQ,Tier1,2.9031938644021253
AMTGLDA,LMGQW,Tier1,2.89937181978375
AMTGLDA,PVMGA,Tier1,2.1896353121062155
AMTGLDA,QHGV,Tier1,2.5797913202932343
AMTGLDA,CAAP,Tier1,2.5227702350260515
AMTGLDA,VKEAMAPK,Tier1,2.9693166530299457
AMTGLDA,YQEPVLGP,Tier1,2.3474900941540273
AMTGLDA,SALAM,Tier1,2.3026182549391727
AMTGLDA,YQIGL,Tier1,2.2916415543290105
AMTGLDA,FRADHPFL,Tier1,2.9240213459222892
AMTGLDA,RADHPFL,Tier1,3.0044349484994357
AMTGLDA,YPI,Tier1,2.7714790572522894
AMTGLDA,QVVPYPQ,Tier1,2.6990803921999165
AMTGLDA,HQIYPV,Tier1,2.373119719104115
AMTGLDA,WYSLA,Tier1,2.8062262768998583
AMTGLDA,WYSLAM,Tier1,2.8320703729057453
AMTGLDA,WYSLAMA,Tier1,2.7273810340055276
AMTGLDA,LQGM,Tier1,3.0518031028627304
AMTGLDA,LNLPTAVYMVT,Tier1,2.5596261952543062
AMTGLDA,YGGFL,Tier1,2.829120684935994
AMTGLDA,DRVYIHPF,Tier1,2.5647332847613034
AMTGLDA,AIRQGDVF,Tier1,2.7510087713071982
AMTGLDA,FALPQYLK,Tier1,2.894453399783033
AMTGLDA,PYVRYL,Tier1,2.9323284404942402
AMTGLDA,AADNANELFPPN,Tier1,3.119419883780764
AMTGLDA,AGWNIPIGT,Tier1,2.284708540277495
AMTGLDA,AGWNIP,Tier1,3.0720813444767123
AMTGLDA,LGFEY,Tier1,2.159102679471711
AMTGLDA,LGFEYY,Tier1,2.4869608219708086
AMTGLDA,VPNSYP,Tier1,2.9159967445975
AMTGLDA,WISELG,Tier1,1.9872082468190753
AMTGLDA,WISELGW,Tier1,2.5183425594636173
AMTGLDA,ISELWG,Tier1,2.1797339741540562
AMTGLDA,ISELGF,Tier1,2.0026308328276157
AMTGLDA,ISELGY,Tier1,1.362061220438767
AMTGLDA,GPLGLLGFLGPLGLS,Tier1,2.9789194878091902
AMTGLDA,QLGNLGV,Tier1,2.4327563801130427
AMTGLDA,YWVTSGPK,Tier1,3.011404954758518
AMTGLDA,LYEGY,Tier1,2.7826707091350227
AMTGLDA,VAMVPPFET,Tier1,1.9125165995407893
AMTGLDA,VLSRYPS,Tier1,3.125169801494008
AMTGLDA,TIASGEP,Tier1,1.7256563089021792
AMTGLDA,GYLEQ,Tier1,2.5783463217122913
AMTGLDA,YPELF,Tier1,3.115303918699365
AMTGLDA,YLKT,Tier1,3.0871394740320577
AMTGLDA,TVYQ,Tier1,2.2884803304680275
AMTGLDA,YGLN,Tier1,2.4057418343751675
AMTGLDA,YIPIQY,Tier1,2.2802707012244063
AMTGLDA,YVGD,Tier1,2.109618764324453
AMTGLDA,LGNTDYAVH,Tier1,2.121869445331061
AMTGLDA,VGDI,Tier1,2.712018878334338
AMTGLDA,RASDPLLSV,Tier1,2.000174858340618
AMTGLDA,MPDAHL,Tier1,1.9859067745096237
AMTGLDA,FVPH,Tier1,3.0067242356358417
AMTGLDA,SAEHGSLH,Tier1,2.3224529467520316
AMTGLDA,TSQLLSDQ,Tier1,2.391599615426726
AMTGLDA,LSGYGP,Tier1,2.6535873438584496
AMTGLDA,GFGPEL,Tier1,1.3484785493313964
AMTGLDA,VVGGDGDV,Tier1,2.375016409839271
AMTGLDA,VPVTST,Tier1,2.2553940399999615
AMTGLDA,LTTLDSE,Tier1,2.426580608061931
AMTGLDA,YLGAK,Tier1,2.6725629344943043
AMTGLDA,GGLEPINFN,Tier1,2.5173784752366175
AMTGLDA,GGIF,Tier1,2.6917378404644383
AMTGLDA,GIFE,Tier1,2.538340481473798
AMTGLDA,GVQEGAGHYALL,Tier1,2.375243817019697
AMTGLDA,YYIVS,Tier1,2.806810470588187
AMTGLDA,SGQYFL,Tier1,2.609619039564533
AMTGLDA,GIISHR,Tier1,2.92039849617612
AMTGLDA,SNAAC,Tier1,2.992554659408007
AMTGLDA,GLTSK,Tier1,2.617850410103805
AMTGLDA,CAQ,Tier1,2.718448242647517
AMTGLDA,CSQAPLA,Tier1,2.1120767602687023
AMTGLDA,IYIEQGNGITGM,Tier1,1.907306179266126
AMTGLDA,ADGF,Tier1,2.924173837330908
AMTGLDA,AGGF,Tier1,2.770650509186026
AMTGLDA,ETTL,Tier1,1.8090073017830446
AMTGLDA,SGAF,Tier1,2.5507699863253124
AMTGLDA,GQVPP,Tier1,2.5177303961385538
AMTGLDA,DGVVYY,Tier1,1.8467509740722285
AMTGLDA,DVPPYM,Tier1,3.0727744988751504
AMTGLDA,PGVPWP,Tier1,2.6719781420556967
AMTGLDA,RYLG,Tier1,3.107934916759344
AMTGLDA,YLGY,Tier1,3.09917374674954
AMTGLDA,LGY,Tier1,2.6263262585150158
AMTGLDA,AYFYPEL,Tier1,2.811529631161203
AMTGLDA,VAGTWY,Tier1,2.491243505156252
NHRYDR,NYKQM,Tier1,3.0267004271800513
NHRYDR,RADHPF,Tier1,2.9723446266221494
NHRYDR,RADHP,Tier1,2.4787859170958155
NHRYDR,QGAR,Tier1,2.8641673122027616
NHRYDR,TERGY,Tier1,3.0326971926134743
NHRYDR,NHK,Tier1,2.369385280633917
NHRYDR,RYQ,Tier1,2.173129565005562
NHRYDR,DHTKE,Tier1,3.0434988648506462
NHRYDR,RPNYTDA,Tier1,2.7245418102181533
NHRYDR,DYK,Tier1,2.3298112602069727
NHRYDR,KKY,Tier1,2.412119547363474
NHRYDR,YQK,Tier1,2.294753412968125
VKEAMPK,AVPYPQR,Tier1,2.3135868965269353
VKEAMPK,KVLPVPQK,Tier1,2.125636507607554
VKEAMPK,VLPVPQK,Tier1,2.665072610286103
VKEAMPK,FFAPGRNPTSFS,Tier1,3.1007646185330393
VKEAMPK,IAPNYNTRATKL,Tier1,2.9218192196061503
VKEAMPK,IIENGEKWS,Tier1,2.477544826721346
VKEAMPK,LVDTGRGPIMY,Tier1,2.805865826064885
VKEAMPK,NHAV,Tier1,2.488299583732689
VKEAMPK,HVRETALV,Tier1,2.363274644126458
VKEAMPK,NYKQM,Tier1,2.6795263329464323
VKEAMPK,HDHPVC,Tier1,2.486021260567899
VKEAMPK,HEKVC,Tier1,2.2680797530586343
VKEAMPK,QWPAQ,Tier1,2.5050500555617803
VKEAMPK,VECYGPNRPQF,Tier1,2.2605358181179604
VKEAMPK,KTFCGRH,Tier1,2.396649892009656
VKEAMPK,EWPAQ,Tier1,2.8151637794789703
VKEAMPK,FLHRP,Tier1,2.3432116340360816
VKEAMPK,QHGV,Tier1,2.604852344198147
VKEAMPK,PHCKRM,Tier1,2.8367318156650407
VKEAMPK,VKEAMAPK,Tier1,0.766097822287748
VKEAMPK,ARHPHPHLSFM,Tier1,2.9900577696460746
VKEAMPK,YQEPVLGP,Tier1,2.7514158079565485
VKEAMPK,FRADHPFL,Tier1,2.155429595069948
VKEAMPK,RADHPFL,Tier1,1.9787968015261117
VKEAMPK,RADHPF,Tier1,2.383965392861222
VKEAMPK,QVVPYPQ,Tier1,2.4489254409018906
VKEAMPK,HQIYPV,Tier1,2.5525144611162247
VKEAMPK,WSVPQPK,Tier1,2.1408982816721887
VKEAMPK,LQGM,Tier1,2.8388938220948123
VKEAMPK,DRVYIHPF,Tier1,2.558947439404101
VKEAMPK,AIRQGDVF,Tier1,1.9919692213422246
VKEAMPK,VLEANPRSF,Tier1,2.187700373576397
VKEAMPK,FALPQYLK,Tier1,2.57300712645178
VKEAMPK,PYVRYL,Tier1,3.0310713216148684
VKEAMPK,HNPI,Tier1,2.568705663044561
VKEAMPK,QYDQGV,Tier1,2.886134898842492
VKEAMPK,AMRLTYNRPCIYAT,Tier1,3.0425945910526138
VKEAMPK,AMRLTGNRPGLYAT,Tier1,2.936652329657891
VKEAMPK,AMRLTYNRPCLGAT,Tier1,2.905175564603064
VKEAMPK,AMRLTYNKPCLYGT,Tier1,3.050288604325226
VKEAMPK,VPYPQ,Tier1,2.9989256725726623
VKEAMPK,VPNSYP,Tier1,3.0771675851695037
VKEAMPK,NPYVPR,Tier1,2.2133547157700337
VKEAMPK,PYFNK,Tier1,2.8788478004565645
VKEAMPK,YLMSR,Tier1,2.5883803635183003
VKEAMPK,HMPVTK,Tier1,2.778625458212506
VKEAMPK,TEFTK,Tier1,2.1883143368291935
VKEAMPK,WHNVSGSP,Tier1,2.8952245964338883
VKEAMPK,YSEMPPGK,Tier1,2.595394423787496
VKEAMPK,FHNMEK,Tier1,2.1431276382127935
VKEAMPK,VLSRYPS,Tier1,2.615154137342588
VKEAMPK,GYLEQ,Tier1,2.9812479518327057
VKEAMPK,RDMPIQ,Tier1,2.1298113150320446
VKEAMPK,YLKT,Tier1,2.7150086103324713
VKEAMPK,YQKFP,Tier1,2.587123851961939
VKEAMPK,LGNTDYAVH,Tier1,2.8667174198189858
VKEAMPK,RASDPLLSV,Tier1,2.5841861993497783
VKEAMPK,LAPSLPGKPKPD,Tier1,2.2429915084179712
VKEAMPK,MPDAHL,Tier1,2.7217707939058227
VKEAMPK,ALEPDHR,Tier1,2.770118972141554
VKEAMPK,TSQLLSDQ,Tier1,2.75186276065989
VKEAMPK,TRTGDPFF,Tier1,2.8509419085027745
VKEAMPK,NFHPQ,Tier1,2.4720280045310963
VKEAMPK,GFGPEL,Tier1,2.9921123505380645
VKEAMPK,VGGRP,Tier1,2.4277908800571657
VKEAMPK,STMMEERRMKVY,Tier1,2.4515269563862927
VKEAMPK,YLGAK,Tier1,2.992454185630825
VKEAMPK,GGLEPINFN,Tier1,3.0624429861623432
VKEAMPK,GIISHR,Tier1,2.831234540115407
VKEAMPK,KFPE,Tier1,2.3020817274419074
VKEAMPK,LANAK,Tier1,2.8076286571419735
VKEAMPK,LSGNK,Tier1,1.815581701815127
VKEAMPK,GLTSK,Tier1,2.6411957565295396
VKEAMPK,VAWRNRCKGTD,Tier1,2.128147858107357
VKEAMPK,AWIRGCRL,Tier1,3.0212954966695844
VKEAMPK,WRNRCKGTD,Tier1,2.807238382622122
VKEAMPK,SDRDLLGPNNQYLPK,Tier1,2.7803760156498387
VKEAMPK,CAQ,Tier1,2.8739222423651367
VKEAMPK,KYL,Tier1,2.8972965665888655
VKEAMPK,QCH,Tier1,2.9201130532746267
VKEAMPK,CSQAPLA,Tier1,3.021486673625846
VKEAMPK,KLSDW,Tier1,2.610265362818499
VKEAMPK,KGLWE,Tier1,1.7852695251492359
VKEAMPK,IYIEQGNGITGM,Tier1,2.9975616635298348
VKEAMPK,ETTL,Tier1,3.07392047957361
VKEAMPK,VKRRGQDCIHGFCSD,Tier1,2.087877447740756
VKEAMPK,GQFNDKRWIPFG,Tier1,2.292758171087986
VKEAMPK,KDVPP,Tier1,1.997068668182069
VKEAMPK,GQVPP,Tier1,2.725213172497707
VKEAMPK,PKLPPVKK,Tier1,2.5680889634480732
VKEAMPK,RYL,Tier1,3.0646725624580107
VKEAMPK,RYLG,Tier1,2.9548388586028604
VKEAMPK,YQKFPQY,Tier1,2.9283244181487555
VKEAMPK,VPKVK,Tier1,2.653316971590046
AVPYPQR,KVLPVPQK,Tier1,2.5148916081905437
AVPYPQR,VLPVPQK,Tier1,2.621229278732771
AVPYPQR,FFAPGRNPTSFS,Tier1,1.8885416434685816
AVPYPQR,YLAGMN,Tier1,2.7569438864946334
AVPYPQR,IAPNYNTRATKL,Tier1,2.8784797342385255
AVPYPQR,LVDTGRGPIMY,Tier1,2.8636620349180797
AVPYPQR,NHAV,Tier1,2.295791337460797
AVPYPQR,HVRETALV,Tier1,2.937013946077542
AVPYPQR,PSIPA,Tier1,2.673249819700595
AVPYPQR,PSLPA,Tier1,2.733650655733101
AVPYPQR,VSYT,Tier1,3.004987836015642
AVPYPQR,HDHPVC,Tier1,2.9254909640914635
AVPYPQR,QWPAQ,Tier1,2.1728341295179243
AVPYPQR,GFPSG,Tier1,2.6034276834373173
AVPYPQR,YPPAK,Tier1,2.0206547916048962
AVPYPQR,TCSP,Tier1,3.04854432354257
AVPYPQR,TGGGNV,Tier1,2.6462471406067896
AVPYPQR,VECYGPNRPQF,Tier1,2.5892719333910637
AVPYPQR,KTFCGRH,Tier1,2.4883891127529645
AVPYPQR,FLHRP,Tier1,2.4797977466784884
AVPYPQR,PVMGA,Tier1,3.123063942163495
AVPYPQR,QHGV,Tier1,2.43839942556515
AVPYPQR,CAAP,Tier1,2.9141603710858526
AVPYPQR,VKEAMAPK,Tier1,1.9713746552437807
AVPYPQR,ARHPHPHLSFM,Tier1,2.192511881751027
AVPYPQR,FGHPY,Tier1,2.891050753117001
AVPYPQR,YQEPVLGP,Tier1,2.348434415547933
AVPYPQR,FRADHPFL,Tier1,2.742484665026081
AVPYPQR,RADHPFL,Tier1,2.545270431899946
AVPYPQR,YPI,Tier1,3.0951982656549992
AVPYPQR,RADHPF,Tier1,2.847589186723032
AVPYPQR,QVVPYPQ,Tier1,1.8224262540596297
AVPYPQR,HQIYPV,Tier1,2.0460657512221765
AVPYPQR,PYPQ,Tier1,2.458461807304852
AVPYPQR,WSVPQPK,Tier1,1.7265781264359972
AVPYPQR,DRVYIHPF,Tier1,2.6616323539661937
AVPYPQR,AIRQGDVF,Tier1,2.987659128431878
AVPYPQR,VLEANPRSF,Tier1,2.9490797806245945
AVPYPQR,FALPQYLK,Tier1,2.3885546689156727
AVPYPQR,PYVRYL,Tier1,2.520660633793286
AVPYPQR,HNPI,Tier1,2.60069399571255
AVPYPQR,AMRLTYNRPCIYAT,Tier1,2.5025144493826788
AVPYPQR,AMRLTGNRPGLYAT,Tier1,2.237587675177281
AVPYPQR,AMRLTYNRPCLGAT,Tier1,2.4420399101222614
AVPYPQR,CVHWMTNTARTACIAP,Tier1,2.7466756782886477
AVPYPQR,AMRLTYNKPCLYGT,Tier1,2.5353056755149694
AVPYPQR,AGWNIPIGT,Tier1,2.518165481269114
AVPYPQR,AGWNIP,Tier1,2.7123609580332393
AVPYPQR,VPYPQ,Tier1,1.5253467195982633
AVPYPQR,VPNSYP,Tier1,1.7754249658821124
AVPYPQR,NPYVPR,Tier1,1.510534374708844
AVPYPQR,PYFNK,Tier1,2.3155067256317197
AVPYPQR,YLMSR,Tier1,2.0344616802127886
AVPYPQR,HMPVTK,Tier1,2.356200445976267
AVPYPQR,TEFTK,Tier1,3.055560281510926
AVPYPQR,WHNVSGSP,Tier1,1.6430574510043916
AVPYPQR,YWVTSGPK,Tier1,2.20271867995263
AVPYPQR,YSEMPPGK,Tier1,2.0106727706752627
AVPYPQR,FVNQPYLLYSVHMK,Tier1,3.054574806211005
AVPYPQR,YAKPA,Tier1,2.283898579179534
AVPYPQR,ARHPHP,Tier1,3.0622992591295377
AVPYPQR,RYPS,Tier1,2.3187587100794644
AVPYPQR,SRYPS,Tier1,2.5248011780672974
AVPYPQR,AYPS,Tier1,3.0966366093249933
AVPYPQR,YAKP,Tier1,2.830365999673821
AVPYPQR,VLSRYPS,Tier1,1.609333335507544
AVPYPQR,TIASGEP,Tier1,3.0329817825624374
AVPYPQR,YLKT,Tier1,2.6894977772686595
AVPYPQR,TVYQ,Tier1,2.7882236983758744
AVPYPQR,YGLN,Tier1,2.918885560424849
AVPYPQR,YQKFP,Tier1,2.2718282231530362
AVPYPQR,YIPIQY,Tier1,3.1123680449847875
AVPYPQR,LGNTDYAVH,Tier1,2.746529149138291
AVPYPQR,RASDPLLSV,Tier1,2.7927815645434926
AVPYPQR,LAPSLPGKPKPD,Tier1,1.935153454722134
AVPYPQR,MPDAHL,Tier1,2.9623298081309675
AVPYPQR,FVPH,Tier1,2.915176264493649
AVPYPQR,SAEHGSLH,Tier1,3.0447270343155486
AVPYPQR,TSQLLSDQ,Tier1,3.088534904563279
AVPYPQR,TRTGDPFF,Tier1,2.8301748853494786
AVPYPQR,NFHPQ,Tier1,2.4595823825798018
AVPYPQR,LSGYGP,Tier1,2.9559869826985983
AVPYPQR,PYSFK,Tier1,2.7731787676752533
AVPYPQR,GFGPEL,Tier1,2.969628938486497
AVPYPQR,VGGRP,Tier1,1.8468263338360118
AVPYPQR,VPVTST,Tier1,2.9148664055600384
AVPYPQR,YLGAK,Tier1,2.1632577135414963
AVPYPQR,GVQEGAGHYALL,Tier1,2.5900244433173234
AVPYPQR,WPP,Tier1,2.729821129864376
AVPYPQR,TYQTF,Tier1,2.656257644385877
AVPYPQR,SGQYFL,Tier1,2.789575136280782
AVPYPQR,YYDPL,Tier1,3.1094065948827643
AVPYPQR,GIISHR,Tier1,2.62668483564141
AVPYPQR,PSLVGRPPVGKLTL,Tier1,2.775376599191273
AVPYPQR,SNAAC,Tier1,2.4556518606167463
AVPYPQR,QYP,Tier1,3.0564931326073377
AVPYPQR,LSGNK,Tier1,1.6232978170623502
AVPYPQR,GLTSK,Tier1,1.9006406888530956
AVPYPQR,VAWRNRCKGTD,Tier1,2.9976725547061243
AVPYPQR,CAQ,Tier1,3.055710113721261
AVPYPQR,KYL,Tier1,3.059684157744486
AVPYPQR,CSQAPLA,Tier1,2.2716469851440086
AVPYPQR,KGLWE,Tier1,3.0882271305704276
AVPYPQR,IYIEQGNGITGM,Tier1,2.9616210387213466
AVPYPQR,AGGF,Tier1,2.911280278808024
AVPYPQR,VKRRGQDCIHGFCSD,Tier1,2.866729604323831
AVPYPQR,GQFNDKRWIPFG,Tier1,2.645435482849903
AVPYPQR,KDVPP,Tier1,2.59041834862402
AVPYPQR,GQVPP,Tier1,1.9972431590755193
AVPYPQR,PKLPPVKK,Tier1,2.862161479365883
AVPYPQR,GFYPPP,Tier1,2.794034267274274
AVPYPQR,DVPPYM,Tier1,3.05744042175868
AVPYPQR,PGVPWP,Tier1,2.8567630005460742
AVPYPQR,RYLGY,Tier1,2.4042367224480024
AVPYPQR,RYLG,Tier1,2.5156211578044765
AVPYPQR,AYFYPEL,Tier1,2.9378069358496215
AVPYPQR,AYFYPE,Tier1,3.010216243605129
AVPYPQR,YQKFPQY,Tier1,2.5799423706973394
AVPYPQR,FPQY,Tier1,3.042901895062398
KVLPVPQK,VLPVPQK,Tier1,1.5163146035032622
KVLPVPQK,LRGIKNYRVAVL,Tier1,2.61400203521446
KVLPVPQK,NHAV,Tier1,2.9963264273832912
KVLPVPQK,HVRETALV,Tier1,2.6544928231945497
KVLPVPQK,KTFCGRH,Tier1,3.0389218601367904
KVLPVPQK,FLHRP,Tier1,2.7058220932453034
KVLPVPQK,PHCKRM,Tier1,3.005741750304658
KVLPVPQK,VKEAMAPK,Tier1,2.148752508070308
KVLPVPQK,QVVPYPQ,Tier1,2.684634508575525
KVLPVPQK,HQIYPV,Tier1,2.4736535446779113
KVLPVPQK,WSVPQPK,Tier1,2.6261454356728553
KVLPVPQK,LQGM,Tier1,2.8220269118617196
KVLPVPQK,DRVYIHPF,Tier1,2.834173489008621
KVLPVPQK,AIRQGDVF,Tier1,2.783671163918648
KVLPVPQK,FALPQYLK,Tier1,2.1885655855195543
KVLPVPQK,PYVRYL,Tier1,2.8422230775390838
KVLPVPQK,AMRLTYNRPCIYAT,Tier1,2.679470487491924
KVLPVPQK,AMRLTGNRPGLYAT,Tier1,2.6909851202889055
KVLPVPQK,AMRLTYNRPCLGAT,Tier1,2.5701311903969875
KVLPVPQK,CVHWMTNTARTACIAP,Tier1,3.105433112133258
KVLPVPQK,AMRLTYNKPCLYGT,Tier1,2.80850239882733
KVLPVPQK,AGWNIPIGT,Tier1,2.97459120622774
KVLPVPQK,AGWNIP,Tier1,3.074977591188124
KVLPVPQK,NPYVPR,Tier1,2.944416050321195
KVLPVPQK,QLGNLGV,Tier1,3.0532192117545893
KVLPVPQK,FLKPLFNAALKLLP,Tier1,2.9484679495712824
KVLPVPQK,YLMSR,Tier1,2.1441457777745447
KVLPVPQK,HMPVTK,Tier1,2.5860114316328935
KVLPVPQK,LVSK,Tier1,2.679646274637551
KVLPVPQK,FVNQPYLLYSVHMK,Tier1,2.799961238567476
KVLPVPQK,LVMFLDNQHRVIRH,Tier1,3.0512608273682793
KVLPVPQK,VLSRYPS,Tier1,2.5978008790987723
KVLPVPQK,RDMPIQ,Tier1,2.8999582805978967
KVLPVPQK,YLKT,Tier1,3.083680420843328
KVLPVPQK,RASDPLLSV,Tier1,3.0183918132084107
KVLPVPQK,LAPSLPGKPKPD,Tier1,2.9995431836777002
KVLPVPQK,VGGRP,Tier1,3.054052286411287
KVLPVPQK,YLGAK,Tier1,3.0945893178327486
KVLPVPQK,GIISHR,Tier1,2.5793850659312194
KVLPVPQK,PSLVGRPPVGKLTL,Tier1,2.2540321633919094
KVLPVPQK,LSGNK,Tier1,2.2906548409611585
KVLPVPQK,GLTSK,Tier1,2.8720374139717477
KVLPVPQK,VAWRNRCKGTD,Tier1,2.807431292085494
KVLPVPQK,IRGCRL,Tier1,2.9973836042097908
KVLPVPQK,WIRGCRL,Tier1,2.8556826879915462
KVLPVPQK,AWIRGCRL,Tier1,2.4529438262849808
KVLPVPQK,KYL,Tier1,3.0383396352450567
KVLPVPQK,KGLWE,Tier1,3.038160028392626
KVLPVPQK,VKRRGQDCIHGFCSD,Tier1,2.692156553387976
KVLPVPQK,GQFNDKRWIPFG,Tier1,2.6697208761684412
KVLPVPQK,VLVPK,Tier1,2.8216641333754198
KVLPVPQK,KDVPP,Tier1,3.1142761598814355
KVLPVPQK,PKLPPVKK,Tier1,1.906405364139411
KVLPVPQK,RYLG,Tier1,3.120029746726887
KVLPVPQK,VPKVK,Tier1,2.3997899925706525
VLPVPQK,ISELGW,Tier1,2.8541471540637895
VLPVPQK,YLAGMN,Tier1,2.995973406831664
VLPVPQK,AAVGGYRVAVL,Tier1,2.987849019285475
VLPVPQK,NHAV,Tier1,2.8122394825967176
VLPVPQK,HVRETALV,Tier1,2.607589894559123
VLPVPQK,IPAGM,Tier1,2.888741298080188
VLPVPQK,LPAGV,Tier1,2.649036516415557
VLPVPQK,IPAGV,Tier1,2.9594535064912066
VLPVPQK,LALPA,Tier1,3.0314929267951616
VLPVPQK,PSLPA,Tier1,3.0529154521722957
VLPVPQK,HVCYMF,Tier1,3.1168010027144164
VLPVPQK,FLHRP,Tier1,2.8599991074338247
VLPVPQK,PVMGA,Tier1,3.0251225770972714
VLPVPQK,VKEAMAPK,Tier1,2.6362761601831286
VLPVPQK,YQEPVLGP,Tier1,2.9109680222580647
VLPVPQK,YQIGL,Tier1,2.79200740460284
VLPVPQK,YPIL,Tier1,2.865853242088931
VLPVPQK,QVVPYPQ,Tier1,2.481360231323187
VLPVPQK,HQIYPV,Tier1,2.1516785746382703
VLPVPQK,WSVPQPK,Tier1,2.6043207421136674
VLPVPQK,LQGM,Tier1,2.363518658824008
VLPVPQK,LNLPTAVYMVT,Tier1,2.5659398083844995
VLPVPQK,DRVYIHPF,Tier1,2.836487086247151
VLPVPQK,AIRQGDVF,Tier1,2.911807175973513
VLPVPQK,FALPQYLK,Tier1,2.146465074852429
VLPVPQK,PYVRYL,Tier1,3.053902630541575
VLPVPQK,HNPI,Tier1,3.049270394855056
VLPVPQK,AGWNIPIGT,Tier1,2.5082934714346408
VLPVPQK,AGWNIP,Tier1,2.765345199287219
VLPVPQK,AGWNI,Tier1,3.0734641661250106
VLPVPQK,GWNIP,Tier1,3.0497812763749677
VLPVPQK,VPYPQ,Tier1,2.8692911340732525
VLPVPQK,WISELG,Tier1,2.999906713496973
VLPVPQK,WISELGW,Tier1,3.0483641654492946
VLPVPQK,ISELWG,Tier1,2.844299086530239
VLPVPQK,ISELGF,Tier1,3.069349644011116
VLPVPQK,QLGNLGV,Tier1,2.848375268433056
VLPVPQK,SVMPVVA,Tier1,2.6771582792142996
VLPVPQK,YLMSR,Tier1,1.6033901300527993
VLPVPQK,HMPVTK,Tier1,2.4240163988733108
VLPVPQK,LVSK,Tier1,2.438893344795596
VLPVPQK,WHNVSGSP,Tier1,2.923228461226283
VLPVPQK,VAMVPPFET,Tier1,2.8310517741664154
VLPVPQK,FVNQPYLLYSVHMK,Tier1,3.084710458063426
VLPVPQK,VLSRYPS,Tier1,2.393628203609933
VLPVPQK,RASDPLLSV,Tier1,2.6230647359686277
VLPVPQK,MPDAHL,Tier1,3.0997081463522127
VLPVPQK,FVPH,Tier1,2.902677879786828
VLPVPQK,VGGRP,Tier1,3.0293556330138336
VLPVPQK,VPVTST,Tier1,2.8318137457387667
VLPVPQK,YLGAK,Tier1,3.081760552251411
VLPVPQK,GVQEGAGHYALL,Tier1,3.0023803254030086
VLPVPQK,GIISHR,Tier1,2.6494919308089644
VLPVPQK,PSLVGRPPVGKLTL,Tier1,2.5413826842421208
VLPVPQK,HYVPV,Tier1,2.7168037183237277
VLPVPQK,LSGNK,Tier1,2.5954553381976173
VLPVPQK,GLTSK,Tier1,2.880240804385202
VLPVPQK,KYL,Tier1,3.1239159421555693
VLPVPQK,CSQAPLA,Tier1,2.36938635419643
VLPVPQK,IYIEQGNGITGM,Tier1,2.990677587814073
VLPVPQK,VLVPK,Tier1,2.299168369682108
VLPVPQK,GQVPP,Tier1,3.0600916682349224
VLPVPQK,YQEPVLGPVRGPFPIIV,Tier1,2.904135480893786
MHIRL,AGWNI,Tier1,3.0643993877388813
MHIRL,WNIP,Tier1,3.0768932795895143
MHIRL,GWNI,Tier1,2.8448108070052114
YVEEL,IIENGEKWS,Tier1,2.8203452843495525
YVEEL,EFLQ,Tier1,2.2888912909468826
YVEEL,FEQI,Tier1,2.269414896912358
YVEEL,LEEAF,Tier1,1.6396792192897534
YVEEL,IEEAF,Tier1,2.2618294764857625
YVEEL,FEQL,Tier1,2.2672349236230143
YVEEL,EFIQ,Tier1,2.547777848759594
YVEEL,FLQEFLHV,Tier1,3.110289414279847
YVEEL,WISELG,Tier1,3.0081062189895906
YVEEL,ISELWG,Tier1,2.958877904151361
YVEEL,VLYEE,Tier1,2.462424702126715
YVEEL,LDY,Tier1,2.8711470117978926
YVEEL,YQLD,Tier1,2.911673814216114
YVEEL,GYLEQ,Tier1,2.8064781115638033
YVEEL,YPELF,Tier1,3.075776676324293
YVEEL,LTTLDSE,Tier1,2.7046421969920527
YVEEL,GGLEPINFN,Tier1,2.8871044092321734
YVEEL,GIFE,Tier1,2.635611413758866
YVEEL,ECA,Tier1,2.9124762891889766
YGYTGA,VSYT,Tier1,2.430639879798924
YGYTGA,YSTA,Tier1,1.3491669689522614
YGYTGA,GPAGPAG,Tier1,2.6853312284979864
YGYTGA,TGGGNV,Tier1,3.03705340462451
YGYTGA,FGHPY,Tier1,2.1723207794424297
YGYTGA,TTYY,Tier1,2.0222305036337285
YGYTGA,YGGFM,Tier1,3.0550261911637757
YGYTGA,YWVTSGPK,Tier1,2.7422573213205523
YGYTGA,AYPS,Tier1,2.665177098605452
YGYTGA,LSGYGP,Tier1,1.825548024151106
YGYTGA,PYSFK,Tier1,3.031747841115635
YGYTGA,GEGSGA,Tier1,2.993744390106049
YGYTGA,GTW,Tier1,2.807866278402347
YGYTGA,AGGF,Tier1,2.907272585128071
YGYTGA,SGAF,Tier1,2.4328438415703113
ISELGW,YLAGMN,Tier1,2.3559431720332733
ISELGW,IIENGEKWS,Tier1,2.917339392219213
ISELGW,LVDTGRGPIMY,Tier1,2.76005798385222
ISELGW,HVRETALV,Tier1,2.4406693051123387
ISELGW,IPAGM,Tier1,2.733871387838502
ISELGW,LPAGV,Tier1,2.8037574638809093
ISELGW,IPAGV,Tier1,2.829523690715423
ISELGW,LALPA,Tier1,3.079897862098746
ISELGW,LEEAF,Tier1,2.8065933452045124
ISELGW,LNGDVW,Tier1,3.045346409205222
ISELGW,HVCYMF,Tier1,2.9367219596651237
ISELGW,FLQEFLHV,Tier1,2.1159408211282815
ISELGW,LMGQW,Tier1,2.505721506006125
ISELGW,PVMGA,Tier1,2.897777970268567
ISELGW,YQEPVLGP,Tier1,2.3805065441303093
ISELGW,SALAM,Tier1,2.8814115649340177
ISELGW,YQIGL,Tier1,2.0198098690367186
ISELGW,FRADHPFL,Tier1,3.016639185344995
ISELGW,YPI,Tier1,2.8273294053142686
ISELGW,YPIL,Tier1,2.821308050677386
ISELGW,QVVPYPQ,Tier1,2.749778531278708
ISELGW,HQIYPV,Tier1,2.242348781767809
ISELGW,IYPF,Tier1,2.839909115059912
ISELGW,WYSL,Tier1,2.9134618118301736
ISELGW,WYSLA,Tier1,2.889484445928794
ISELGW,WYSLAM,Tier1,2.746213570425597
ISELGW,WYSLAMA,Tier1,2.7569847216991543
ISELGW,LQGM,Tier1,2.369120913184247
ISELGW,FPLEMMPF,Tier1,2.1045987450311423
ISELGW,LNLPTAVYMVT,Tier1,2.265837629106929
ISELGW,DRVYIHPF,Tier1,2.3542350357049853
ISELGW,AIRQGDVF,Tier1,2.5516379669171076
ISELGW,VLEANPRSF,Tier1,3.104979326403266
ISELGW,FALPQYLK,Tier1,2.558529465104314
ISELGW,PYVRYL,Tier1,3.1096631915995796
ISELGW,TIIPLPV,Tier1,2.8998391912378914
ISELGW,WPL,Tier1,3.0053844409696735
ISELGW,VPW,Tier1,2.903071779563565
ISELGW,VFPW,Tier1,3.088532772938917
ISELGW,AGWNIPIGT,Tier1,2.307114737269621
ISELGW,AGWNIP,Tier1,2.684019488879715
ISELGW,AGWNI,Tier1,3.0626542380505835
ISELGW,LGFEY,Tier1,1.818333189667759
ISELGW,LGFEYY,Tier1,2.3158517355259973
ISELGW,GWNIP,Tier1,2.8946999895514027
ISELGW,WISELG,Tier1,0.8066883942012136
ISELGW,WISELGW,Tier1,0.9647843199726228
ISELGW,ISELWG,Tier1,0.7227300958328796
ISELGW,ISELGF,Tier1,0.6017565089217164
ISELGW,ISELGY,Tier1,1.391047138068774
ISELGW,GPLGLLGFLGPLGLS,Tier1,3.022557523430626
ISELGW,QLGNLGV,Tier1,2.319921179980404
ISELGW,SVMPVVA,Tier1,2.616335550110205
ISELGW,VLYEE,Tier1,2.9102024776322724
ISELGW,YLMSR,Tier1,3.0798150035176954
ISELGW,VAMVPPFET,Tier1,1.476392936113857
ISELGW,TIASGEP,Tier1,3.0459673848616307
ISELGW,GYLEQ,Tier1,2.8255120435351877
ISELGW,YPELF,Tier1,2.6622426767794956
ISELGW,TVYQ,Tier1,2.8649427143935244
ISELGW,YGLN,Tier1,3.0084499180189725
ISELGW,YIPIQY,Tier1,2.362071648452634
ISELGW,FYQL,Tier1,2.660013311386957
ISELGW,YVGD,Tier1,2.6095272590203566
ISELGW,LGNTDYAVH,Tier1,2.781666276517185
ISELGW,VGDI,Tier1,2.3802954556111304
ISELGW,RASDPLLSV,Tier1,2.3924926619311315
ISELGW,MPDAHL,Tier1,2.2394865686684846
ISELGW,FVPH,Tier1,2.930058174955069
ISELGW,TSQLLSDQ,Tier1,2.7388610798568056
ISELGW,GFGPEL,Tier1,1.7150581553125146
ISELGW,VVGGDGDV,Tier1,2.5947829167467957
ISELGW,VPVTST,Tier1,2.7818818728331673
ISELGW,LTTLDSE,Tier1,2.2947968451964025
ISELGW,GGLEPINFN,Tier1,2.52813047171144
ISELGW,GGIF,Tier1,2.847611831452705
ISELGW,GIFE,Tier1,2.250547378300991
ISELGW,GVQEGAGHYALL,Tier1,2.67256026994596
ISELGW,YYIVS,Tier1,2.8123857075510794
ISELGW,SGQYFL,Tier1,3.102321996105038
ISELGW,LPM,Tier1,2.9756431803780834
ISELGW,CSQAPLA,Tier1,2.5747838809386447
ISELGW,KGLWE,Tier1,2.705567356056795
ISELGW,IYIEQGNGITGM,Tier1,2.058944550371996
ISELGW,ETTL,Tier1,2.5842638913562412
ISELGW,DGVVYY,Tier1,1.9582545357372272
ISELGW,IVEYF,Tier1,2.3125753028027924
ISELGW,DVPPYM,Tier1,2.546735781657333
ISELGW,AYFYPEL,Tier1,2.424423605085279
ISELGW,YQEPVLGPVRGPFPIIV,Tier1,3.0023301828774476
HGGEGGRPYHLGEES,VAVDKHDYEPLGHSDIGVY,Tier1,2.8256927062602886
HGGEGGRPYHLGEES,EEYFPVGGDRPESF,Tier1,2.2347689776641975
HGGEGGRPYHLGEES,EEEQVGQGYETIRARL,Tier1,2.418880175805524
HGGEGGRPYHLGEES,YEADARSFHDLAEHDIRV,Tier1,2.782881598462335
HGGEGGRPYHLGEES,HDHPVC,Tier1,2.7675232638502836
HGGEGGRPYHLGEES,ESTTVPERTHPACPDFN,Tier1,1.5454755620449643
HGGEGGRPYHLGEES,VECYGPNRPQF,Tier1,2.978967331997448
HGGEGGRPYHLGEES,YQEPVLGP,Tier1,2.6950173217098965
HGGEGGRPYHLGEES,RADHPFL,Tier1,3.034868507046072
HGGEGGRPYHLGEES,RADHPF,Tier1,2.8957783182345205
HGGEGGRPYHLGEES,QYDQGV,Tier1,3.0241512582695886
HGGEGGRPYHLGEES,YEDCTDCGN,Tier1,3.034217642331403
HGGEGGRPYHLGEES,AADNANELFPPN,Tier1,2.0786312609215583
HGGEGGRPYHLGEES,PIAAEVYEHTEGSTTSY,Tier1,1.9871470707638605
HGGEGGRPYHLGEES,TERGY,Tier1,2.845134512221533
HGGEGGRPYHLGEES,TEFTK,Tier1,3.119833620978546
HGGEGGRPYHLGEES,YSEMPPGK,Tier1,2.545682292970286
HGGEGGRPYHLGEES,TIASGEP,Tier1,2.884869283553942
HGGEGGRPYHLGEES,LGNTDYAVH,Tier1,2.6454165541059713
HGGEGGRPYHLGEES,LAPSLPGKPKPD,Tier1,3.064551182159669
HGGEGGRPYHLGEES,MPDAHL,Tier1,3.032802593078238
HGGEGGRPYHLGEES,ALEPDHR,Tier1,2.802323423674809
HGGEGGRPYHLGEES,TETWNPNHPEL,Tier1,1.8744521952218682
HGGEGGRPYHLGEES,SAEHGSLH,Tier1,2.6580451864515817
HGGEGGRPYHLGEES,RPNYTDA,Tier1,3.1047808418093044
HGGEGGRPYHLGEES,TSQLLSDQ,Tier1,2.9583583871418284
HGGEGGRPYHLGEES,TRTGDPFF,Tier1,2.680573389388445
HGGEGGRPYHLGEES,AEERYP,Tier1,2.663095109175005
HGGEGGRPYHLGEES,DEDTQAMP,Tier1,2.9756405918220508
HGGEGGRPYHLGEES,GVQEGAGHYALL,Tier1,2.997009628432437
HGGEGGRPYHLGEES,YYDPL,Tier1,3.034982327150481
HGGEGGRPYHLGEES,SDRDLLGPNNQYLPK,Tier1,2.736926296017152
VAVDKHDYEPLGHSDIGVY,EEYFPVGGDRPESF,Tier1,2.627936172446835
VAVDKHDYEPLGHSDIGVY,EEEQVGQGYETIRARL,Tier1,2.236545844265399
VAVDKHDYEPLGHSDIGVY,YEADARSFHDLAEHDIRV,Tier1,1.7633988454594278
VAVDKHDYEPLGHSDIGVY,ESTTVPERTHPACPDFN,Tier1,2.2911127522512373
VAVDKHDYEPLGHSDIGVY,AADNANELFPPN,Tier1,2.671545564262068
VAVDKHDYEPLGHSDIGVY,IANNEADAISLDGGQVFEAG,Tier1,1.596651152147774
VAVDKHDYEPLGHSDIGVY,PIAAEVYEHTEGSTTSY,Tier1,1.762702597377968
VAVDKHDYEPLGHSDIGVY,AIEWEGIESGSVEQA,Tier1,2.604575739199113
VAVDKHDYEPLGHSDIGVY,AGTTCLFTPLALPYDYSH,Tier1,2.85482628994925
VAVDKHDYEPLGHSDIGVY,TETWNPNHPEL,Tier1,2.8434036472727717
VAVDKHDYEPLGHSDIGVY,SDRDLLGPNNQYLPK,Tier1,2.9064638456742933
VAVDKHDYEPLGHSDIGVY,IYIEQGNGITGM,Tier1,2.791060648159726
FFAPGRNPTSFS,WEIKPSSLTGKSPYFSNNHGKL,Tier1,3.094306431186205
FFAPGRNPTSFS,YLAGMN,Tier1,2.7976841947700253
FFAPGRNPTSFS,IAPNYNTRATKL,Tier1,2.8026368602807494
FFAPGRNPTSFS,LVDTGRGPIMY,Tier1,2.3861622905105446
FFAPGRNPTSFS,AAVGGYRVAVL,Tier1,2.9515746411729347
FFAPGRNPTSFS,NHAV,Tier1,2.9904299702396875
FFAPGRNPTSFS,VSYT,Tier1,2.802585195940074
FFAPGRNPTSFS,QWPAQ,Tier1,2.701452327424429
FFAPGRNPTSFS,GFPSG,Tier1,2.781964643341975
FFAPGRNPTSFS,YPPAK,Tier1,2.906456551362641
FFAPGRNPTSFS,TGGGNV,Tier1,2.8824916074889595
FFAPGRNPTSFS,VECYGPNRPQF,Tier1,2.4941328323296355
FFAPGRNPTSFS,KTFCGRH,Tier1,2.757282945038746
FFAPGRNPTSFS,FLHRP,Tier1,2.8583227237726394
FFAPGRNPTSFS,QHGV,Tier1,2.939209751876333
FFAPGRNPTSFS,VKEAMAPK,Tier1,2.601386759972817
FFAPGRNPTSFS,ARHPHPHLSFM,Tier1,1.7323651055878615
FFAPGRNPTSFS,FGHPY,Tier1,2.4424213694023518
FFAPGRNPTSFS,YQEPVLGP,Tier1,2.817926074523111
FFAPGRNPTSFS,FRADHPFL,Tier1,2.4918996885225417
FFAPGRNPTSFS,RADHPFL,Tier1,2.746708149284568
FFAPGRNPTSFS,QVVPYPQ,Tier1,2.3598329656233177
FFAPGRNPTSFS,HQIYPV,Tier1,2.605965513779189
FFAPGRNPTSFS,PYPQ,Tier1,3.085035967498268
FFAPGRNPTSFS,WSVPQPK,Tier1,2.466031306582049
FFAPGRNPTSFS,YGGFL,Tier1,2.811540236846435
FFAPGRNPTSFS,YGGFM,Tier1,2.463053201676267
FFAPGRNPTSFS,DRVYIHPF,Tier1,2.712125092616633
FFAPGRNPTSFS,VLEANPRSF,Tier1,3.0731128204274127
FFAPGRNPTSFS,FALPQYLK,Tier1,2.5269384628827387
FFAPGRNPTSFS,PYVRYL,Tier1,2.4740819047567
FFAPGRNPTSFS,AMRLTYNRPCIYAT,Tier1,1.829076953032252
FFAPGRNPTSFS,AMRLTGNRPGLYAT,Tier1,1.8218540762933304
FFAPGRNPTSFS,AMRLTYNRPCLGAT,Tier1,1.8803478696687057
FFAPGRNPTSFS,CVHWMTNTARTACIAP,Tier1,1.8091746529848345
FFAPGRNPTSFS,AMRLTYNKPCLYGT,Tier1,1.767109613394744
FFAPGRNPTSFS,AGWNIPIGT,Tier1,2.7348843995497685
FFAPGRNPTSFS,LGFEYY,Tier1,3.0927910929635662
FFAPGRNPTSFS,VPYPQ,Tier1,2.4577388889632745
FFAPGRNPTSFS,VPNSYP,Tier1,2.194826439303702
FFAPGRNPTSFS,NPYVPR,Tier1,2.1902246816360824
FFAPGRNPTSFS,PYFNK,Tier1,2.7106738253943967
FFAPGRNPTSFS,YLMSR,Tier1,2.908645764535431
FFAPGRNPTSFS,WHNVSGSP,Tier1,2.283564160926956
FFAPGRNPTSFS,YWVTSGPK,Tier1,1.4603156423308046
FFAPGRNPTSFS,VAMVPPFET,Tier1,3.0965064998089598
FFAPGRNPTSFS,YSEMPPGK,Tier1,2.5094845466310614
FFAPGRNPTSFS,FVNQPYLLYSVHMK,Tier1,2.336235980994245
FFAPGRNPTSFS,YAKPA,Tier1,2.9432708479803606
FFAPGRNPTSFS,RYPS,Tier1,2.992436825897757
FFAPGRNPTSFS,VLSRYPS,Tier1,2.121327208781504
FFAPGRNPTSFS,YLKT,Tier1,3.0239779275335614
FFAPGRNPTSFS,TVYQ,Tier1,2.9737209297139136
FFAPGRNPTSFS,YQKFP,Tier1,2.5878893358781085
FFAPGRNPTSFS,YIPIQY,Tier1,3.0589433058517375
FFAPGRNPTSFS,LGNTDYAVH,Tier1,2.8196358387830105
FFAPGRNPTSFS,RASDPLLSV,Tier1,2.979802750108231
FFAPGRNPTSFS,LAPSLPGKPKPD,Tier1,2.1464272379610283
FFAPGRNPTSFS,AGTTCLFTPLALPYDYSH,Tier1,2.614639192351117
FFAPGRNPTSFS,FVPH,Tier1,2.9417023707313104
FFAPGRNPTSFS,TRTGDPFF,Tier1,2.462580890096188
FFAPGRNPTSFS,NFHPQ,Tier1,2.782320007660343
FFAPGRNPTSFS,LSGYGP,Tier1,2.740154592543543
FFAPGRNPTSFS,PYSFK,Tier1,2.4323168498460612
FFAPGRNPTSFS,GFGPEL,Tier1,3.070708311214274
FFAPGRNPTSFS,VGGRP,Tier1,2.6773097948724085
FFAPGRNPTSFS,YLGAK,Tier1,2.5576646940175816
FFAPGRNPTSFS,GVQEGAGHYALL,Tier1,2.7206850823322126
FFAPGRNPTSFS,WPP,Tier1,2.8412453616892974
FFAPGRNPTSFS,TYQTF,Tier1,2.3999058466619276
FFAPGRNPTSFS,SGQYFL,Tier1,2.382600651677464
FFAPGRNPTSFS,GIISHR,Tier1,3.060080109911985
FFAPGRNPTSFS,PSLVGRPPVGKLTL,Tier1,2.6992536337430773
FFAPGRNPTSFS,SNAAC,Tier1,3.064818050760665
FFAPGRNPTSFS,LSGNK,Tier1,2.813151474722127
FFAPGRNPTSFS,GLTSK,Tier1,2.6139663401359488
FFAPGRNPTSFS,VAWRNRCKGTD,Tier1,2.9624698602257835
FFAPGRNPTSFS,SDRDLLGPNNQYLPK,Tier1,3.062381500968974
FFAPGRNPTSFS,CSQAPLA,Tier1,2.70409420965048
FFAPGRNPTSFS,IYIEQGNGITGM,Tier1,2.803184261713985
FFAPGRNPTSFS,AGGF,Tier1,2.779393960398842
FFAPGRNPTSFS,SGAF,Tier1,2.9270658284965023
FFAPGRNPTSFS,VKRRGQDCIHGFCSD,Tier1,2.7685106509056294
FFAPGRNPTSFS,GQFNDKRWIPFG,Tier1,2.6192428624267547
FFAPGRNPTSFS,GQVPP,Tier1,2.779654409772803
FFAPGRNPTSFS,DGVVYY,Tier1,3.080991186261207
FFAPGRNPTSFS,GFYPPP,Tier1,3.07918179508362
FFAPGRNPTSFS,PGVPWP,Tier1,2.8757976256109226
FFAPGRNPTSFS,RYLGY,Tier1,2.4211179220805006
FFAPGRNPTSFS,RYLG,Tier1,2.9935720597384057
FFAPGRNPTSFS,AYFYPEL,Tier1,2.960417019905445
FFAPGRNPTSFS,AYFYPE,Tier1,3.1132333147526974
FFAPGRNPTSFS,YQKFPQY,Tier1,2.682087884841576
FFAPGRNPTSFS,VAGTWY,Tier1,2.8489517006613365
FFAPGRNPTSFS,YQEPVLGPVRGPFPIIV,Tier1,2.8162812354738764
EEYFPVGGDRPESF,EEEQVGQGYETIRARL,Tier1,2.3739343812099705
EEYFPVGGDRPESF,YEADARSFHDLAEHDIRV,Tier1,2.6284888278382015
EEYFPVGGDRPESF,ESTTVPERTHPACPDFN,Tier1,1.9125185663803719
EEYFPVGGDRPESF,YQEPVLGP,Tier1,2.9931107758784012
EEYFPVGGDRPESF,YEDCTDCGN,Tier1,2.1855178643331237
EEYFPVGGDRPESF,AADNANELFPPN,Tier1,2.3734989057237534
EEYFPVGGDRPESF,IANNEADAISLDGGQVFEAG,Tier1,2.8318124201853245
EEYFPVGGDRPESF,PIAAEVYEHTEGSTTSY,Tier1,2.6652335547001464
EEYFPVGGDRPESF,AIEWEGIESGSVEQA,Tier1,2.5359111274878403
EEYFPVGGDRPESF,TETWNPNHPEL,Tier1,2.4056282003750273
EEYFPVGGDRPESF,LTTLDSE,Tier1,2.941462090029372
EEYFPVGGDRPESF,DEDTQAMP,Tier1,2.299124435911565
EEYFPVGGDRPESF,AEEEYPDL,Tier1,3.0578697077273675
EEYFPVGGDRPESF,MTEEY,Tier1,2.443234654604129
EEYFPVGGDRPESF,TEVWDSNEQ,Tier1,2.6591034606531054
EEYFPVGGDRPESF,AWDPE,Tier1,2.984493530384725
WEIKPSSLTGKSPYFSNNHGKL,IAPNYNTRATKL,Tier1,2.925919862409915
WEIKPSSLTGKSPYFSNNHGKL,ARHPHPHLSFM,Tier1,3.0770148889107194
WEIKPSSLTGKSPYFSNNHGKL,AMRLTYNRPCIYAT,Tier1,2.047827659193793
WEIKPSSLTGKSPYFSNNHGKL,AMRLTGNRPGLYAT,Tier1,2.3074602763323933
WEIKPSSLTGKSPYFSNNHGKL,AMRLTYNRPCLGAT,Tier1,2.2635493713033323
WEIKPSSLTGKSPYFSNNHGKL,SIITMTKEAKLPQLWKQIACRLYNTC,Tier1,2.1210677294426232
WEIKPSSLTGKSPYFSNNHGKL,FRSGILKLASKIPSVLCAVLKNC,Tier1,3.101326822792909
WEIKPSSLTGKSPYFSNNHGKL,AKAWGIPPHVIPQIVPVRIRPLCGNV,Tier1,2.478015256287071
WEIKPSSLTGKSPYFSNNHGKL,GFWDSVKEGLKNAAVTILNKIKCKISECPPA,Tier1,2.5309553607346937
WEIKPSSLTGKSPYFSNNHGKL,FIPGLRRLFATVVPTVVCAINKLPPG,Tier1,2.9374322091797604
WEIKPSSLTGKSPYFSNNHGKL,GLLDSVKEGLKKVAGQLLDTLKCKISGCTPA,Tier1,2.4306846857632753
WEIKPSSLTGKSPYFSNNHGKL,GFFDRIKALTKNVTLELLNTITCKLPVTPP,Tier1,2.7523706440988436
WEIKPSSLTGKSPYFSNNHGKL,CVHWMTNTARTACIAP,Tier1,2.5205315574765463
WEIKPSSLTGKSPYFSNNHGKL,AMRLTYNKPCLYGT,Tier1,2.0967564174459823
WEIKPSSLTGKSPYFSNNHGKL,FVNQPYLLYSVHMK,Tier1,2.6857753134042164
WEIKPSSLTGKSPYFSNNHGKL,LVMFLDNQHRVIRH,Tier1,3.0665903951902314
WEIKPSSLTGKSPYFSNNHGKL,VAWRNRCKGTD,Tier1,2.9667594493250613
WEIKPSSLTGKSPYFSNNHGKL,SDRDLLGPNNQYLPK,Tier1,3.084089989099202
WEIKPSSLTGKSPYFSNNHGKL,RCMAFLLSDGAAAAQQLLPQYW,Tier1,2.469954821372477
WEIKPSSLTGKSPYFSNNHGKL,VKRRGQDCIHGFCSD,Tier1,2.5422438994062917
WEIKPSSLTGKSPYFSNNHGKL,GQFNDKRWIPFG,Tier1,3.0755919966819016
WEIKPSSLTGKSPYFSNNHGKL,APIRMWYMYRKLTDMEPKPVA,Tier1,1.1850695899357464
YLAGMN,LVDTGRGPIMY,Tier1,2.4709783492101667
YLAGMN,AAVGGYRVAVL,Tier1,2.135995759574646
YLAGMN,NHAV,Tier1,2.492615181403591
YLAGMN,HVRETALV,Tier1,2.4505100529698534
YLAGMN,IPAGM,Tier1,1.8363753294089231
YLAGMN,LPAGV,Tier1,2.5830871470866326
YLAGMN,IPAGV,Tier1,2.324624469857929
YLAGMN,SVYT,Tier1,1.8835036648973076
YLAGMN,LALPA,Tier1,3.05784369025285
YLAGMN,PSIPA,Tier1,2.390218566540371
YLAGMN,PSLPA,Tier1,2.8688271983492957
YLAGMN,VSYT,Tier1,1.996568955223964
YLAGMN,SWN,Tier1,2.9736627941665703
YLAGMN,HVCYMF,Tier1,2.8069113547003863
YLAGMN,QWPAQ,Tier1,2.8528793635324567
YLAGMN,GFPSG,Tier1,2.6921715369295622
YLAGMN,TCSP,Tier1,3.0241517248854155
YLAGMN,TGGGNV,Tier1,2.771315198390188
YLAGMN,LMGQW,Tier1,2.3790590489002508
YLAGMN,PVMGA,Tier1,1.7652784541549722
YLAGMN,QHGV,Tier1,2.6330857817616495
YLAGMN,CAAP,Tier1,2.397444004429043
YLAGMN,MQFHT,Tier1,2.739392497445474
YLAGMN,VKEAMAPK,Tier1,2.9521232369655084
YLAGMN,FGHPY,Tier1,3.056163440538278
YLAGMN,YQEPVLGP,Tier1,2.7781684618110725
YLAGMN,SALAM,Tier1,2.036509779430746
YLAGMN,YQIGL,Tier1,1.7229595462663991
YLAGMN,FRADHPFL,Tier1,3.0664179607529873
YLAGMN,YPI,Tier1,2.0035144675390595
YLAGMN,YPIL,Tier1,3.0095438045976204
YLAGMN,QVVPYPQ,Tier1,2.2543875869072916
YLAGMN,HQIYPV,Tier1,1.7554292181941658
YLAGMN,IYPF,Tier1,2.584036585815679
YLAGMN,WYSL,Tier1,2.120464542215977
YLAGMN,WYSLA,Tier1,1.7847836699725446
YLAGMN,WYSLAM,Tier1,1.8116376288228082
YLAGMN,WYSLAMA,Tier1,1.7678599030787032
YLAGMN,LQGM,Tier1,2.7543661650511977
YLAGMN,FPLEMMPF,Tier1,2.971178289441099
YLAGMN,LNLPTAVYMVT,Tier1,1.90819787942541
YLAGMN,YGGFL,Tier1,2.1537105792131856
YLAGMN,YGGFM,Tier1,2.4946458543399213
YLAGMN,DRVYIHPF,Tier1,2.0007418914759634
YLAGMN,AIRQGDVF,Tier1,2.8307239146256133
YLAGMN,FALPQYLK,Tier1,1.984622727480982
YLAGMN,PYVRYL,Tier1,1.9900461095058768
YLAGMN,WPL,Tier1,2.8086214113081467
YLAGMN,VPW,Tier1,2.8704952771510044
YLAGMN,VFPW,Tier1,3.075049512436676
YLAGMN,AMRLTGNRPGLYAT,Tier1,3.0572185444349134
YLAGMN,AMRLTYNRPCLGAT,Tier1,3.0267342984056076
YLAGMN,AMRLTYNKPCLYGT,Tier1,3.1067564829022882
YLAGMN,AGWNIPIGT,Tier1,1.4097858969921961
YLAGMN,AGWNIP,Tier1,2.2556191896735966
YLAGMN,AGWNI,Tier1,3.091141896530274
YLAGMN,LGFEY,Tier1,2.386064243061361
YLAGMN,LGFEYY,Tier1,2.4789962122357956
YLAGMN,VIPMGL,Tier1,3.109041236246886
YLAGMN,GWNIP,Tier1,2.805326040641585
YLAGMN,VPYPQ,Tier1,2.838451435641629
YLAGMN,VPNSYP,Tier1,2.8912292221797204
YLAGMN,NPYVPR,Tier1,2.952696560648873
YLAGMN,WISELG,Tier1,2.3536100018093613
YLAGMN,WISELGW,Tier1,2.4302527593106817
YLAGMN,ISELWG,Tier1,2.4748380587532575
YLAGMN,ISELGF,Tier1,2.2994386242713367
YLAGMN,ISELGY,Tier1,2.0680250123297
YLAGMN,GPLGLLGFLGPLGLS,Tier1,2.573976691839919
YLAGMN,QLGNLGV,Tier1,2.0299571872274673
YLAGMN,SVMPVVA,Tier1,2.8922531478433813
YLAGMN,YLMSR,Tier1,2.9839469319509173
YLAGMN,HMPVTK,Tier1,3.0369919686658107
YLAGMN,WHNVSGSP,Tier1,2.861463935541202
YLAGMN,YWVTSGPK,Tier1,2.4420686517932157
YLAGMN,VAMVPPFET,Tier1,2.08421538871833
YLAGMN,FVNQPYLLYSVHMK,Tier1,2.805388040392308
YLAGMN,VLSRYPS,Tier1,2.7973959709542386
YLAGMN,TIASGEP,Tier1,2.9038326518627975
YLAGMN,GYLEQ,Tier1,2.8138222382851423
YLAGMN,YLKT,Tier1,2.533561716038358
YLAGMN,TVYQ,Tier1,1.9249686829765345
YLAGMN,YGLN,Tier1,1.567128202570338
YLAGMN,YIPIQY,Tier1,1.4065012299692137
YLAGMN,FYQL,Tier1,3.014906156921833
YLAGMN,YVGD,Tier1,2.856246415056931
YLAGMN,LGNTDYAVH,Tier1,2.8704195181537733
YLAGMN,RASDPLLSV,Tier1,2.5181770566206616
YLAGMN,FFGFN,Tier1,2.9745623080136587
YLAGMN,MPDAHL,Tier1,2.9193747756321486
YLAGMN,FVPH,Tier1,2.319443525460966
YLAGMN,TSQLLSDQ,Tier1,3.081076687847036
YLAGMN,LSGYGP,Tier1,2.521235114713369
YLAGMN,PYSFK,Tier1,2.8984850063985057
YLAGMN,GFGPEL,Tier1,1.986057983821844
YLAGMN,VPVTST,Tier1,1.8375025675422199
YLAGMN,YLGAK,Tier1,2.1118359790749617
YLAGMN,GGLEPINFN,Tier1,2.6422293532647143
YLAGMN,GGIF,Tier1,2.1172686920630674
YLAGMN,GIFE,Tier1,2.857818343647762
YLAGMN,GVQEGAGHYALL,Tier1,2.6576335233053454
YLAGMN,WPP,Tier1,2.768206753543349
YLAGMN,YYIVS,Tier1,2.001165134807244
YLAGMN,SGQYFL,Tier1,2.4893295725856253
YLAGMN,GIISHR,Tier1,2.5733954633749963
YLAGMN,PSLVGRPPVGKLTL,Tier1,3.079103593563776
YLAGMN,LSGNK,Tier1,2.978710119327904
YLAGMN,GLTSK,Tier1,2.27445011903721
YLAGMN,AWIRGCRL,Tier1,3.097974279323265
YLAGMN,LTC,Tier1,3.065789921659089
YLAGMN,GTW,Tier1,2.711408802677523
YLAGMN,ACQ,Tier1,3.0175402980089205
YLAGMN,CAQ,Tier1,2.76408151458057
YLAGMN,LPM,Tier1,3.0040113612247534
YLAGMN,CSQAPLA,Tier1,2.0806125841602423
YLAGMN,IYIEQGNGITGM,Tier1,2.282541164787119
YLAGMN,AGGF,Tier1,2.3223358731847634
YLAGMN,ETTL,Tier1,3.0388532099955032
YLAGMN,SGAF,Tier1,2.2787041398101096
YLAGMN,GQVPP,Tier1,2.3966945387679357
YLAGMN,DGVVYY,Tier1,2.2403717413668853
YLAGMN,DVPPYM,Tier1,3.0505347620987937
YLAGMN,PGVPWP,Tier1,1.8032706106156526
YLAGMN,RYLGY,Tier1,2.5092667991681585
YLAGMN,RYLG,Tier1,2.4642641035947284
YLAGMN,YLG,Tier1,2.3760031018458303
YLAGMN,YLGY,Tier1,2.280436888059301
YLAGMN,LGY,Tier1,1.990745780220548
YLAGMN,AYFYPEL,Tier1,2.7543087539648132
YLAGMN,VAGTWY,Tier1,1.730490171413153
IAPNYNTRATKL,LVDTGRGPIMY,Tier1,2.7837472689320197
IAPNYNTRATKL,LRGIKNYRVAVL,Tier1,2.9221044373168485
IAPNYNTRATKL,NHAV,Tier1,3.1137870164222257
IAPNYNTRATKL,VECYGPNRPQF,Tier1,3.0121896707348244
IAPNYNTRATKL,KTFCGRH,Tier1,2.612587431500529
IAPNYNTRATKL,FLHRP,Tier1,2.6789907623266713
IAPNYNTRATKL,VKEAMAPK,Tier1,2.543445463661921
IAPNYNTRATKL,ARHPHPHLSFM,Tier1,2.697873180859033
IAPNYNTRATKL,FRADHPFL,Tier1,2.713908279770722
IAPNYNTRATKL,RADHPFL,Tier1,2.5579811964072925
IAPNYNTRATKL,RADHPF,Tier1,2.9437609988531577
IAPNYNTRATKL,WSVPQPK,Tier1,2.7664071509361277
IAPNYNTRATKL,QGAR,Tier1,2.8363219135935553
IAPNYNTRATKL,VLEANPRSF,Tier1,2.4541525550656265
IAPNYNTRATKL,FALPQYLK,Tier1,3.0389677305671743
IAPNYNTRATKL,PYVRYL,Tier1,3.0531859601890177
IAPNYNTRATKL,HNPI,Tier1,2.9305310604275716
IAPNYNTRATKL,AMRLTYNRPCIYAT,Tier1,2.4068427705612296
IAPNYNTRATKL,AMRLTGNRPGLYAT,Tier1,2.25103297979266
IAPNYNTRATKL,AMRLTYNRPCLGAT,Tier1,2.3274097304935752
IAPNYNTRATKL,CVHWMTNTARTACIAP,Tier1,2.731538096608891
IAPNYNTRATKL,AMRLTYNKPCLYGT,Tier1,2.3572975670409773
IAPNYNTRATKL,VPNSYP,Tier1,3.046661539890403
IAPNYNTRATKL,NPYVPR,Tier1,2.3473176597408334
IAPNYNTRATKL,YWVTSGPK,Tier1,2.998797584906628
IAPNYNTRATKL,YAKPA,Tier1,2.966061316135867
IAPNYNTRATKL,YAKP,Tier1,2.898059763885894
IAPNYNTRATKL,VLSRYPS,Tier1,2.5279483136347527
IAPNYNTRATKL,YLKT,Tier1,2.9185431120053367
IAPNYNTRATKL,RASDPLLSV,Tier1,3.0093301073166185
IAPNYNTRATKL,LAPSLPGKPKPD,Tier1,1.7144792111388258
IAPNYNTRATKL,RPNYTDA,Tier1,3.084863037466711
IAPNYNTRATKL,TRTGDPFF,Tier1,2.98737293657725
IAPNYNTRATKL,VGGRP,Tier1,2.5392943681061757
IAPNYNTRATKL,YLGAK,Tier1,3.110118470522436
IAPNYNTRATKL,LANAK,Tier1,2.3763094476780853
IAPNYNTRATKL,PSLVGRPPVGKLTL,Tier1,2.7447375111306145
IAPNYNTRATKL,LSGNK,Tier1,2.730082485140522
IAPNYNTRATKL,GLTSK,Tier1,3.077997508300251
IAPNYNTRATKL,VAWRNRCKGTD,Tier1,2.631329265561102
IAPNYNTRATKL,SDRDLLGPNNQYLPK,Tier1,3.0010206831545365
IAPNYNTRATKL,VKRRGQDCIHGFCSD,Tier1,2.96285166088692
IAPNYNTRATKL,PKLPPVKK,Tier1,3.107078307371399
IAPNYNTRATKL,YQKFPQY,Tier1,2.762720158294067
IIENGEKWS,LVDTGRGPIMY,Tier1,2.489919582194192
IIENGEKWS,EEEQVGQGYETIRARL,Tier1,2.1866274197953124
IIENGEKWS,HVRETALV,Tier1,2.3974635934316955
IIENGEKWS,EFLQ,Tier1,3.069055489258463
IIENGEKWS,FEQI,Tier1,2.96266163431201
IIENGEKWS,LEEAF,Tier1,2.3809902418480577
IIENGEKWS,FEQL,Tier1,2.9336771635216183
IIENGEKWS,EFIQ,Tier1,2.968577278023132
IIENGEKWS,LNGDVW,Tier1,2.0943443337693735
IIENGEKWS,HDHPVC,Tier1,2.687603596507467
IIENGEKWS,HEKVC,Tier1,2.2440391683251795
IIENGEKWS,QWPAQ,Tier1,2.768205442181415
IIENGEKWS,ESTTVPERTHPACPDFN,Tier1,2.9249344336174135
IIENGEKWS,VECYGPNRPQF,Tier1,2.025227709450174
IIENGEKWS,FLQEFLHV,Tier1,2.8490697903999345
IIENGEKWS,EWPAQ,Tier1,2.0023267891555627
IIENGEKWS,LMGQW,Tier1,3.0018212182881934
IIENGEKWS,VKEAMAPK,Tier1,2.431376562194658
IIENGEKWS,YQEPVLGP,Tier1,2.367137119307776
IIENGEKWS,FRADHPFL,Tier1,2.189005445778733
IIENGEKWS,RADHPFL,Tier1,2.4250524580706267
IIENGEKWS,RADHPF,Tier1,3.090155786190012
IIENGEKWS,QVVPYPQ,Tier1,2.522496224831074
IIENGEKWS,HQIYPV,Tier1,3.0361950120994843
IIENGEKWS,DRVYIHPF,Tier1,2.7466450459541685
IIENGEKWS,AIRQGDVF,Tier1,1.536621100766751
IIENGEKWS,VLEANPRSF,Tier1,2.1906716868536376
IIENGEKWS,QYDQGV,Tier1,2.4014241454105556
IIENGEKWS,YEDCTDCGN,Tier1,2.684484923379318
IIENGEKWS,AADNANELFPPN,Tier1,1.876405438621426
IIENGEKWS,LGFEY,Tier1,2.7631451412285055
IIENGEKWS,LGFEYY,Tier1,2.9149114937141634
IIENGEKWS,WISELG,Tier1,2.515528386362321
IIENGEKWS,WISELGW,Tier1,2.823817827213914
IIENGEKWS,ISELWG,Tier1,2.5659125596384063
IIENGEKWS,ISELGF,Tier1,3.0960257189994835
IIENGEKWS,ISELGY,Tier1,2.584239874149545
IIENGEKWS,VLYEE,Tier1,2.589265363655687
IIENGEKWS,TEFTK,Tier1,2.4040467660502975
IIENGEKWS,LDY,Tier1,2.7773158017480566
IIENGEKWS,VAMVPPFET,Tier1,3.0475299915611584
IIENGEKWS,YSEMPPGK,Tier1,3.1065221379110395
IIENGEKWS,FHNMEK,Tier1,2.366926598902007
IIENGEKWS,LVMFLDNQHRVIRH,Tier1,3.1223455852828215
IIENGEKWS,YQLD,Tier1,2.5067574809817486
IIENGEKWS,GYLEQ,Tier1,1.8863079380180785
IIENGEKWS,RDMPIQ,Tier1,2.2658406072067234
IIENGEKWS,YPELF,Tier1,2.3991475042580244
IIENGEKWS,LGNTDYAVH,Tier1,2.685842667194752
IIENGEKWS,RASDPLLSV,Tier1,2.725914416790965
IIENGEKWS,RNDDLNYIQ,Tier1,1.6314249758198265
IIENGEKWS,MPDAHL,Tier1,2.693567607228731
IIENGEKWS,ALEPDHR,Tier1,2.4779270571380207
IIENGEKWS,TETWNPNHPEL,Tier1,2.5045769293216593
IIENGEKWS,TSQLLSDQ,Tier1,1.5057747653656075
IIENGEKWS,TRTGDPFF,Tier1,2.9094864537110317
IIENGEKWS,NFHPQ,Tier1,2.9673147451283577
IIENGEKWS,GFGPEL,Tier1,2.48811073285235
IIENGEKWS,VVGGDGDV,Tier1,2.3110768179244703
IIENGEKWS,LTTLDSE,Tier1,2.165780313133041
IIENGEKWS,STMMEERRMKVY,Tier1,2.5721780071192537
IIENGEKWS,DVFRELRVQ,Tier1,2.961616599441506
IIENGEKWS,AEERYP,Tier1,3.0825587381780557
IIENGEKWS,GGLEPINFN,Tier1,1.8709614842177151
IIENGEKWS,GIFE,Tier1,2.814893705818737
IIENGEKWS,GVQEGAGHYALL,Tier1,2.7391991422974584
IIENGEKWS,KFPE,Tier1,2.767851015628957
IIENGEKWS,SDRDLLGPNNQYLPK,Tier1,2.122746698576548
IIENGEKWS,KLSDW,Tier1,2.027082045117856
IIENGEKWS,KGLWE,Tier1,1.5460139558740822
IIENGEKWS,TEVWDSNEQ,Tier1,2.835737468972764
IIENGEKWS,IYIEQGNGITGM,Tier1,2.3802325770916446
IIENGEKWS,AWDPE,Tier1,2.747008143196642
IIENGEKWS,ETTL,Tier1,2.605768888575941
IIENGEKWS,VKRRGQDCIHGFCSD,Tier1,2.738658548670226
IIENGEKWS,GQFNDKRWIPFG,Tier1,2.7627020661837327
IIENGEKWS,KDVPP,Tier1,2.3823506482254317
IIENGEKWS,DGVVYY,Tier1,2.864801429169569
IIENGEKWS,AYFYPEL,Tier1,3.094925630134455
LVDTGRGPIMY,AAVGGYRVAVL,Tier1,2.061915944307204
LVDTGRGPIMY,NHAV,Tier1,2.2316194773092852
LVDTGRGPIMY,HVRETALV,Tier1,1.5509583501185475
LVDTGRGPIMY,IPAGM,Tier1,2.940703081085264
LVDTGRGPIMY,VSYT,Tier1,2.846251026088077
LVDTGRGPIMY,LNGDVW,Tier1,2.7198584286258574
LVDTGRGPIMY,HDHPVC,Tier1,2.4116023551104164
LVDTGRGPIMY,HEKVC,Tier1,2.95520438880871
LVDTGRGPIMY,QWPAQ,Tier1,3.0220751688705927
LVDTGRGPIMY,TGGGNV,Tier1,2.5867708887047733
LVDTGRGPIMY,VECYGPNRPQF,Tier1,2.5180574030681218
LVDTGRGPIMY,EWPAQ,Tier1,3.0319652643356436
LVDTGRGPIMY,FLHRP,Tier1,2.7360965861365845
LVDTGRGPIMY,LMGQW,Tier1,2.326562439415999
LVDTGRGPIMY,PVMGA,Tier1,2.9101128958485285
LVDTGRGPIMY,QHGV,Tier1,2.3342975593116457
LVDTGRGPIMY,VKEAMAPK,Tier1,2.2323119193769574
LVDTGRGPIMY,ARHPHPHLSFM,Tier1,2.5277905378043903
LVDTGRGPIMY,YQEPVLGP,Tier1,2.2725146357754378
LVDTGRGPIMY,YQIGL,Tier1,2.3540497412889767
LVDTGRGPIMY,FRADHPFL,Tier1,1.6184546875924226
LVDTGRGPIMY,RADHPFL,Tier1,1.9469774743729937
LVDTGRGPIMY,RADHPF,Tier1,3.0490268988393368
LVDTGRGPIMY,QVVPYPQ,Tier1,2.134739202505245
LVDTGRGPIMY,HQIYPV,Tier1,2.0967722472919097
LVDTGRGPIMY,WSVPQPK,Tier1,3.089711125524852
LVDTGRGPIMY,LQGM,Tier1,3.0237669106446194
LVDTGRGPIMY,LNLPTAVYMVT,Tier1,2.4301862322137047
LVDTGRGPIMY,YGGFL,Tier1,2.8216758239293287
LVDTGRGPIMY,DRVYIHPF,Tier1,2.3160898672272126
LVDTGRGPIMY,AIRQGDVF,Tier1,1.8559507485021398
LVDTGRGPIMY,VLEANPRSF,Tier1,1.9643613337103016
LVDTGRGPIMY,FALPQYLK,Tier1,2.2069038677779784
LVDTGRGPIMY,PYVRYL,Tier1,2.170131973477859
LVDTGRGPIMY,HNPI,Tier1,2.9891020622481017
LVDTGRGPIMY,AADNANELFPPN,Tier1,2.7267174341024716
LVDTGRGPIMY,AMRLTYNRPCIYAT,Tier1,2.475784385809035
LVDTGRGPIMY,AMRLTGNRPGLYAT,Tier1,2.4675669557017814
LVDTGRGPIMY,AMRLTYNRPCLGAT,Tier1,2.345804051240379
LVDTGRGPIMY,CVHWMTNTARTACIAP,Tier1,2.124629790812574
LVDTGRGPIMY,AMRLTYNKPCLYGT,Tier1,2.410715519834652
LVDTGRGPIMY,AGWNIPIGT,Tier1,2.5692067895589616
LVDTGRGPIMY,LGFEY,Tier1,2.663138955093082
LVDTGRGPIMY,LGFEYY,Tier1,2.6834850176384655
LVDTGRGPIMY,VPYPQ,Tier1,3.0434550473817454
LVDTGRGPIMY,VPNSYP,Tier1,2.6093192744326554
LVDTGRGPIMY,NPYVPR,Tier1,2.6965961163116026
LVDTGRGPIMY,WISELG,Tier1,2.294223798374976
LVDTGRGPIMY,WISELGW,Tier1,2.5875632848149
LVDTGRGPIMY,ISELWG,Tier1,2.475144328194469
LVDTGRGPIMY,ISELGF,Tier1,2.726741648400977
LVDTGRGPIMY,ISELGY,Tier1,2.091733037254913
LVDTGRGPIMY,GPLGLLGFLGPLGLS,Tier1,2.969455356769893
LVDTGRGPIMY,QLGNLGV,Tier1,2.5083089836943797
LVDTGRGPIMY,FLKPLFNAALKLLP,Tier1,2.750140765819198
LVDTGRGPIMY,LVSK,Tier1,2.8262199147942924
LVDTGRGPIMY,WHNVSGSP,Tier1,3.0966961243310758
LVDTGRGPIMY,YWVTSGPK,Tier1,2.2583621046554145
LVDTGRGPIMY,LYEGY,Tier1,2.6966920887299657
LVDTGRGPIMY,VAMVPPFET,Tier1,2.4026937579053733
LVDTGRGPIMY,FVNQPYLLYSVHMK,Tier1,2.1791234963073642
LVDTGRGPIMY,LVMFLDNQHRVIRH,Tier1,2.7122176947138605
LVDTGRGPIMY,VLSRYPS,Tier1,2.1888552806635504
LVDTGRGPIMY,TIASGEP,Tier1,2.5500188350704422
LVDTGRGPIMY,GYLEQ,Tier1,2.9379533005858556
LVDTGRGPIMY,YPELF,Tier1,2.8382426849231512
LVDTGRGPIMY,YLKT,Tier1,2.55425704577033
LVDTGRGPIMY,TVYQ,Tier1,2.703481768394679
LVDTGRGPIMY,YGLN,Tier1,2.649881161692769
LVDTGRGPIMY,YIPIQY,Tier1,2.3317754429931683
LVDTGRGPIMY,YVGD,Tier1,3.051710256957608
LVDTGRGPIMY,LGNTDYAVH,Tier1,1.7883604852281259
LVDTGRGPIMY,RASDPLLSV,Tier1,1.2944171838730643
LVDTGRGPIMY,LAPSLPGKPKPD,Tier1,2.0544345400420063
LVDTGRGPIMY,AGTTCLFTPLALPYDYSH,Tier1,2.5424222737912783
LVDTGRGPIMY,MPDAHL,Tier1,2.3203832742134844
LVDTGRGPIMY,FVPH,Tier1,2.9283796116228595
LVDTGRGPIMY,SAEHGSLH,Tier1,2.5057552250080604
LVDTGRGPIMY,TSQLLSDQ,Tier1,2.1652623370794113
LVDTGRGPIMY,TRTGDPFF,Tier1,2.4919355570651427
LVDTGRGPIMY,NFHPQ,Tier1,3.1225660890075484
LVDTGRGPIMY,LSGYGP,Tier1,2.8849888750401353
LVDTGRGPIMY,GFGPEL,Tier1,2.2252250030005167
LVDTGRGPIMY,VGGRP,Tier1,2.8057231823366564
LVDTGRGPIMY,VVGGDGDV,Tier1,2.6386739274460482
LVDTGRGPIMY,VPVTST,Tier1,3.071809840586391
LVDTGRGPIMY,LTTLDSE,Tier1,3.0235381882711176
LVDTGRGPIMY,YLGAK,Tier1,2.4676747820818927
LVDTGRGPIMY,GGLEPINFN,Tier1,2.5251585893840884
LVDTGRGPIMY,GGIF,Tier1,2.961473713916583
LVDTGRGPIMY,GIFE,Tier1,3.1029692133365643
LVDTGRGPIMY,GVQEGAGHYALL,Tier1,2.04611141644027
LVDTGRGPIMY,YYIVS,Tier1,3.011692346254047
LVDTGRGPIMY,TYQTF,Tier1,3.0676747958377497
LVDTGRGPIMY,SGQYFL,Tier1,1.941158747704582
LVDTGRGPIMY,GIISHR,Tier1,2.3201447549360714
LVDTGRGPIMY,LANAK,Tier1,3.048877595271822
LVDTGRGPIMY,PSLVGRPPVGKLTL,Tier1,2.585093580178098
LVDTGRGPIMY,SNAAC,Tier1,3.1079218073972017
LVDTGRGPIMY,LSGNK,Tier1,2.7478322003256173
LVDTGRGPIMY,GLTSK,Tier1,2.588155412089369
LVDTGRGPIMY,VAWRNRCKGTD,Tier1,3.062868388506429
LVDTGRGPIMY,AWIRGCRL,Tier1,2.8916692590570716
LVDTGRGPIMY,SDRDLLGPNNQYLPK,Tier1,2.393599240889612
LVDTGRGPIMY,CAQ,Tier1,2.8953414861162328
LVDTGRGPIMY,CSQAPLA,Tier1,2.397088017912836
LVDTGRGPIMY,RCMAFLLSDGAAAAQQLLPQYW,Tier1,2.8337236155290286
LVDTGRGPIMY,KLSDW,Tier1,3.0182752112780964
LVDTGRGPIMY,KGLWE,Tier1,2.663708375744681
LVDTGRGPIMY,IYIEQGNGITGM,Tier1,1.5736029885189424
LVDTGRGPIMY,ETTL,Tier1,2.4814084213258987
LVDTGRGPIMY,VKRRGQDCIHGFCSD,Tier1,2.863370620298785
LVDTGRGPIMY,GQVPP,Tier1,2.721388615949025
LVDTGRGPIMY,DGVVYY,Tier1,2.188626276493305
LVDTGRGPIMY,IVEYF,Tier1,2.976906848438038
LVDTGRGPIMY,RYLGY,Tier1,2.7836650700508345
LVDTGRGPIMY,RYLG,Tier1,2.899474211471006
LVDTGRGPIMY,AYFYPEL,Tier1,2.9403600824518143
LVDTGRGPIMY,VAGTWY,Tier1,2.946742779699177
LVDTGRGPIMY,YQEPVLGPVRGPFPIIV,Tier1,2.1993211785404623
EEEQVGQGYETIRARL,YEADARSFHDLAEHDIRV,Tier1,1.5701609517310053
EEEQVGQGYETIRARL,ESTTVPERTHPACPDFN,Tier1,1.9528837381310833
EEEQVGQGYETIRARL,VECYGPNRPQF,Tier1,2.789483139789821
EEEQVGQGYETIRARL,LEQQVDDLEGSLEQEKK,Tier1,2.7827498749313992
EEEQVGQGYETIRARL,QYDQGV,Tier1,3.052047627934214
EEEQVGQGYETIRARL,YEDCTDCGN,Tier1,2.595503703879868
EEEQVGQGYETIRARL,AADNANELFPPN,Tier1,1.7884113415518548
EEEQVGQGYETIRARL,DDPDKGMLKWKNDFFQEF,Tier1,2.2506909394954704
EEEQVGQGYETIRARL,IANNEADAISLDGGQVFEAG,Tier1,2.4494228038296284
EEEQVGQGYETIRARL,PIAAEVYEHTEGSTTSY,Tier1,2.6933983379494566
EEEQVGQGYETIRARL,AIEWEGIESGSVEQA,Tier1,2.604403907436468
EEEQVGQGYETIRARL,RNDDLNYIQ,Tier1,2.547325770047506
EEEQVGQGYETIRARL,ALEPDHR,Tier1,2.829009487072809
EEEQVGQGYETIRARL,TETWNPNHPEL,Tier1,1.914821709766513
EEEQVGQGYETIRARL,TSQLLSDQ,Tier1,2.644143874454508
EEEQVGQGYETIRARL,LTTLDSE,Tier1,2.9964710508537324
EEEQVGQGYETIRARL,DEDTQAMP,Tier1,2.9695254148317862
EEEQVGQGYETIRARL,SDRDLLGPNNQYLPK,Tier1,1.9900499654811004
EEEQVGQGYETIRARL,TEVWDSNEQ,Tier1,2.5393255034656668
EEEQVGQGYETIRARL,IYIEQGNGITGM,Tier1,3.053051188258356
YEADARSFHDLAEHDIRV,ESTTVPERTHPACPDFN,Tier1,2.5352632312117223
YEADARSFHDLAEHDIRV,YEDCTDCGN,Tier1,3.1086089908956716
YEADARSFHDLAEHDIRV,AADNANELFPPN,Tier1,2.7003703175377844
YEADARSFHDLAEHDIRV,DDPDKGMLKWKNDFFQEF,Tier1,2.696037035773369
YEADARSFHDLAEHDIRV,IANNEADAISLDGGQVFEAG,Tier1,2.0382951838723162
YEADARSFHDLAEHDIRV,PIAAEVYEHTEGSTTSY,Tier1,2.5507440621647035
YEADARSFHDLAEHDIRV,AIEWEGIESGSVEQA,Tier1,2.6841375504341833
YEADARSFHDLAEHDIRV,TETWNPNHPEL,Tier1,2.2908911216362946
YEADARSFHDLAEHDIRV,SDRDLLGPNNQYLPK,Tier1,3.0776016346696466
LRGIKNYRVAVL,AAVGGYRVAVL,Tier1,2.9509486321536937
LRGIKNYRVAVL,FALPQYLK,Tier1,2.8058656477578405
LRGIKNYRVAVL,PYVRYL,Tier1,2.8575578064633844
LRGIKNYRVAVL,AMRLTYNRPCIYAT,Tier1,2.456349300175436
LRGIKNYRVAVL,AMRLTGNRPGLYAT,Tier1,2.6124328427919714
LRGIKNYRVAVL,AMRLTYNRPCLGAT,Tier1,2.357379564471584
LRGIKNYRVAVL,FRSGILKLASKIPSVLCAVLKNC,Tier1,2.719112585185238
LRGIKNYRVAVL,AMRLTYNKPCLYGT,Tier1,2.4606988053210905
LRGIKNYRVAVL,FLKPLFNAALKLLP,Tier1,1.508366908597407
LRGIKNYRVAVL,LVSK,Tier1,3.066736359126205
LRGIKNYRVAVL,FVNQPYLLYSVHMK,Tier1,2.563402533636378
LRGIKNYRVAVL,LVMFLDNQHRVIRH,Tier1,2.3272417593772925
LRGIKNYRVAVL,GIISHR,Tier1,3.021539490997349
LRGIKNYRVAVL,PSLVGRPPVGKLTL,Tier1,2.244545977952263
LRGIKNYRVAVL,VAWRNRCKGTD,Tier1,2.751674588604231
LRGIKNYRVAVL,IRGCRL,Tier1,2.419196055854253
LRGIKNYRVAVL,WIRGCRL,Tier1,2.1498195405162885
LRGIKNYRVAVL,AWIRGCRL,Tier1,1.778766373569934
LRGIKNYRVAVL,PKLPPVKK,Tier1,2.646827530325984
LRGIKNYRVAVL,VPKVK,Tier1,2.567272466173097
AAVGGYRVAVL,NHAV,Tier1,2.6961361442330243
AAVGGYRVAVL,HVRETALV,Tier1,2.1446555924742636
AAVGGYRVAVL,IPAGM,Tier1,2.1810896346857587
AAVGGYRVAVL,LPAGV,Tier1,2.543214445289562
AAVGGYRVAVL,IPAGV,Tier1,2.1268984485487037
AAVGGYRVAVL,SVYT,Tier1,2.849063330909155
AAVGGYRVAVL,LALPA,Tier1,2.9423654413416043
AAVGGYRVAVL,PSIPA,Tier1,2.856405402412515
AAVGGYRVAVL,VSYT,Tier1,2.5695182174144215
AAVGGYRVAVL,LMGQW,Tier1,2.9275593732201357
AAVGGYRVAVL,PVMGA,Tier1,2.193784112068298
AAVGGYRVAVL,QHGV,Tier1,3.0223269652638525
AAVGGYRVAVL,CAAP,Tier1,2.9242605583852215
AAVGGYRVAVL,VKEAMAPK,Tier1,3.123899243872932
AAVGGYRVAVL,ARHPHPHLSFM,Tier1,2.8592202665667408
AAVGGYRVAVL,SALAM,Tier1,2.3956870833638195
AAVGGYRVAVL,YQIGL,Tier1,2.0816118953055893
AAVGGYRVAVL,YPI,Tier1,2.581532141760145
AAVGGYRVAVL,YPIL,Tier1,2.7584798346009665
AAVGGYRVAVL,QVVPYPQ,Tier1,2.885693699785995
AAVGGYRVAVL,HQIYPV,Tier1,2.2563096495813126
AAVGGYRVAVL,WYSL,Tier1,2.976752516525099
AAVGGYRVAVL,WYSLA,Tier1,2.651577198389987
AAVGGYRVAVL,WYSLAM,Tier1,2.6397222246948897
AAVGGYRVAVL,WYSLAMA,Tier1,2.5548068807140814
AAVGGYRVAVL,LNLPTAVYMVT,Tier1,1.776997753702553
AAVGGYRVAVL,YGGFL,Tier1,2.538251068718705
AAVGGYRVAVL,DRVYIHPF,Tier1,2.7014502240246037
AAVGGYRVAVL,AIRQGDVF,Tier1,3.028884594976264
AAVGGYRVAVL,FALPQYLK,Tier1,2.0771260081513048
AAVGGYRVAVL,PYVRYL,Tier1,1.9345133101446796
AAVGGYRVAVL,TIIPLPV,Tier1,3.0444367320190895
AAVGGYRVAVL,AMRLTYNRPCIYAT,Tier1,2.522311782443434
AAVGGYRVAVL,AMRLTGNRPGLYAT,Tier1,2.4883932343262685
AAVGGYRVAVL,AMRLTYNRPCLGAT,Tier1,2.363575692810271
AAVGGYRVAVL,CVHWMTNTARTACIAP,Tier1,2.473257615009058
AAVGGYRVAVL,AMRLTYNKPCLYGT,Tier1,2.5320097310403304
AAVGGYRVAVL,AGWNIPIGT,Tier1,2.2455832035110856
AAVGGYRVAVL,VIPMGL,Tier1,2.841013924334427
AAVGGYRVAVL,WISELG,Tier1,2.940448041234205
AAVGGYRVAVL,ISELWG,Tier1,3.080066835968488
AAVGGYRVAVL,ISELGF,Tier1,2.9739391786241067
AAVGGYRVAVL,ISELGY,Tier1,2.715736818185745
AAVGGYRVAVL,GPLGLLGFLGPLGLS,Tier1,1.9386346047684948
AAVGGYRVAVL,QLGNLGV,Tier1,2.3538174370051124
AAVGGYRVAVL,SVMPVVA,Tier1,2.972361308101671
AAVGGYRVAVL,FLKPLFNAALKLLP,Tier1,2.2835953898982857
AAVGGYRVAVL,LVSK,Tier1,2.5336999486408205
AAVGGYRVAVL,YWVTSGPK,Tier1,2.634728337631555
AAVGGYRVAVL,VAMVPPFET,Tier1,2.84865988171274
AAVGGYRVAVL,FVNQPYLLYSVHMK,Tier1,2.256340747951409
AAVGGYRVAVL,VLSRYPS,Tier1,2.5062142441358546
AAVGGYRVAVL,YLKT,Tier1,2.829736388375029
AAVGGYRVAVL,TVYQ,Tier1,3.0784103853047333
AAVGGYRVAVL,YGLN,Tier1,2.7691483549354445
AAVGGYRVAVL,YIPIQY,Tier1,2.106099483817835
AAVGGYRVAVL,RASDPLLSV,Tier1,2.1579222206951716
AAVGGYRVAVL,LAPSLPGKPKPD,Tier1,3.0394970142673685
AAVGGYRVAVL,FVPH,Tier1,2.697485119561309
AAVGGYRVAVL,LSGYGP,Tier1,2.872959884291973
AAVGGYRVAVL,GFGPEL,Tier1,3.124332549979476
AAVGGYRVAVL,VPVTST,Tier1,2.390858361895596
AAVGGYRVAVL,YLGAK,Tier1,2.226210511019809
AAVGGYRVAVL,GGIF,Tier1,2.321910757412401
AAVGGYRVAVL,GVQEGAGHYALL,Tier1,2.791930748916984
AAVGGYRVAVL,YYIVS,Tier1,2.1853672181918897
AAVGGYRVAVL,SGQYFL,Tier1,2.8553928716773944
AAVGGYRVAVL,GIISHR,Tier1,1.9607943183696992
AAVGGYRVAVL,PSLVGRPPVGKLTL,Tier1,1.9455450942518375
AAVGGYRVAVL,GLTSK,Tier1,2.554726587242273
AAVGGYRVAVL,AWIRGCRL,Tier1,2.6630792701671955
AAVGGYRVAVL,CSQAPLA,Tier1,2.4828032712514925
AAVGGYRVAVL,IYIEQGNGITGM,Tier1,2.6881759557535734
AAVGGYRVAVL,AGGF,Tier1,3.117778784342543
AAVGGYRVAVL,SGAF,Tier1,3.0759519742164576
AAVGGYRVAVL,VLVPK,Tier1,2.7430765363792875
AAVGGYRVAVL,DGVVYY,Tier1,2.953521069329155
AAVGGYRVAVL,PGVPWP,Tier1,3.027391668869953
AAVGGYRVAVL,RYLGY,Tier1,2.8825880325389157
AAVGGYRVAVL,RYLG,Tier1,2.869532181054653
AAVGGYRVAVL,YLGY,Tier1,3.082095343778403
AAVGGYRVAVL,LGY,Tier1,2.3999465264480877
AAVGGYRVAVL,VAGTWY,Tier1,2.5234012794422926
AAVGGYRVAVL,YQEPVLGPVRGPFPIIV,Tier1,2.6499349840279596
NHAV,HVRETALV,Tier1,2.00387735073776
NHAV,IPAGM,Tier1,2.6764159578288527
NHAV,IPAGV,Tier1,2.992247609878673
NHAV,SVYT,Tier1,3.0337384604394417
NHAV,PSIPA,Tier1,2.86934080370875
NHAV,VSYT,Tier1,2.7013231046646333
NHAV,HDHPVC,Tier1,2.1218730298175648
NHAV,HEKVC,Tier1,2.9925142487277414
NHAV,QWPAQ,Tier1,2.774173490963217
NHAV,TGGGNV,Tier1,2.3494611499946845
NHAV,KTFCGRH,Tier1,3.0072992282047184
NHAV,FLHRP,Tier1,2.042776406433683
NHAV,LMGQW,Tier1,2.852098207459379
NHAV,PVMGA,Tier1,2.6406857944721676
NHAV,QHGV,Tier1,0.7412582367464714
NHAV,CAAP,Tier1,2.8113054100295933
NHAV,VKEAMAPK,Tier1,2.0591560448404698
NHAV,ARHPHPHLSFM,Tier1,2.6830062509337207
NHAV,YQEPVLGP,Tier1,2.5056835375915543
NHAV,YQIGL,Tier1,2.450522582145439
NHAV,FRADHPFL,Tier1,2.3603051220813156
NHAV,RADHPFL,Tier1,1.927683738765835
NHAV,YPI,Tier1,2.977572555503766
NHAV,RADHPF,Tier1,2.656359156938663
NHAV,QVVPYPQ,Tier1,2.295159463460096
NHAV,HQIYPV,Tier1,1.8837659769473913
NHAV,WSVPQPK,Tier1,2.5442380529323567
NHAV,LQGM,Tier1,2.866996665559809
NHAV,QGAR,Tier1,3.0825332849405074
NHAV,YGGFL,Tier1,3.071304703183184
NHAV,DRVYIHPF,Tier1,2.7263867093169165
NHAV,AIRQGDVF,Tier1,2.5759445629722153
NHAV,VLEANPRSF,Tier1,2.530811924551435
NHAV,FALPQYLK,Tier1,2.384459959893983
NHAV,PYVRYL,Tier1,2.3433616596294526
NHAV,HNPI,Tier1,1.7113744510743107
NHAV,AGWNIPIGT,Tier1,2.8563382350582276
NHAV,VPYPQ,Tier1,2.5660872599544806
NHAV,VPNSYP,Tier1,2.2267206290473047
NHAV,NPYVPR,Tier1,1.943567107237945
NHAV,WISELG,Tier1,2.958842514636998
NHAV,ISELWG,Tier1,3.0580035852481964
NHAV,ISELGY,Tier1,2.6037958022459597
NHAV,QLGNLGV,Tier1,2.7064775022788266
NHAV,VKP,Tier1,2.9768766572139667
NHAV,YLMSR,Tier1,2.8147246881704175
NHAV,HMPVTK,Tier1,2.824962005804521
NHAV,TEFTK,Tier1,3.1081632660388663
NHAV,LVSK,Tier1,2.2248132840976487
NHAV,WHNVSGSP,Tier1,2.912534322218158
NHAV,YWVTSGPK,Tier1,2.4479492393976234
NHAV,LYEGY,Tier1,3.0566389781327206
NHAV,VAMVPPFET,Tier1,3.062642652482782
NHAV,YAKPA,Tier1,2.9660606530272826
NHAV,VLSRYPS,Tier1,1.9626907810131282
NHAV,TIASGEP,Tier1,2.442083126458986
NHAV,YLKT,Tier1,2.087484672377525
NHAV,TVYQ,Tier1,2.132623970713661
NHAV,YGLN,Tier1,2.601909759874701
NHAV,YIPIQY,Tier1,2.6374546181671175
NHAV,YVGD,Tier1,3.003331807222532
NHAV,LGNTDYAVH,Tier1,2.025928707356493
NHAV,RASDPLLSV,Tier1,1.7346214709171726
NHAV,LAPSLPGKPKPD,Tier1,2.2288628843997844
NHAV,MPDAHL,Tier1,2.1157971766276256
NHAV,FVPH,Tier1,2.6573212024438857
NHAV,SAEHGSLH,Tier1,2.2771500870573753
NHAV,TSQLLSDQ,Tier1,2.5816393811674434
NHAV,TRTGDPFF,Tier1,2.8089757820294334
NHAV,NFHPQ,Tier1,2.7029090837342125
NHAV,LSGYGP,Tier1,2.8052771594312187
NHAV,GFGPEL,Tier1,2.5869301848259094
NHAV,VGGRP,Tier1,1.6161015474072329
NHAV,VPVTST,Tier1,2.748924176748676
NHAV,YLGAK,Tier1,1.5441603856748334
NHAV,GGIF,Tier1,3.0355184588107993
NHAV,GVQEGAGHYALL,Tier1,2.7753545115850327
NHAV,TYQTF,Tier1,2.9320428215326095
NHAV,SGQYFL,Tier1,2.245692987075275
NHAV,GIISHR,Tier1,1.4767506578011667
NHAV,LANAK,Tier1,2.0957516833271703
NHAV,PSLVGRPPVGKLTL,Tier1,3.1093034914305666
NHAV,SNAAC,Tier1,2.392278755670379
NHAV,LSGNK,Tier1,1.5539669360306778
NHAV,GLTSK,Tier1,1.255268003391942
NHAV,CAQ,Tier1,2.0471314577169233
NHAV,KYL,Tier1,2.2107073168176465
NHAV,CSQAPLA,Tier1,1.9344504387143828
NHAV,KGLWE,Tier1,2.8383581179668362
NHAV,IYIEQGNGITGM,Tier1,2.629305667153871
NHAV,AGGF,Tier1,3.0461784539442056
NHAV,ETTL,Tier1,2.4292753733178554
NHAV,SGAF,Tier1,3.0150883571607854
NHAV,VLVPK,Tier1,3.055564759559565
NHAV,KDVPP,Tier1,3.0508124659799467
NHAV,GQVPP,Tier1,2.196043712697563
NHAV,DGVVYY,Tier1,2.7073007023669304
NHAV,PGVPWP,Tier1,3.1108832367657557
NHAV,RYLGY,Tier1,2.338321841713665
NHAV,RYL,Tier1,2.27745962475308
NHAV,RYLG,Tier1,1.8902943817416438
NHAV,LGY,Tier1,2.9681662516481375
NHAV,VAGTWY,Tier1,3.0984828510511018
HVRETALV,IPAGM,Tier1,2.8242050489777526
HVRETALV,IPAGV,Tier1,2.925509750522871
HVRETALV,LNGDVW,Tier1,2.851031017069575
HVRETALV,HDHPVC,Tier1,2.430409379016132
HVRETALV,HEKVC,Tier1,2.44857726448267
HVRETALV,TGGGNV,Tier1,2.9913999320494638
HVRETALV,VECYGPNRPQF,Tier1,2.9753741387009938
HVRETALV,FLQEFLHV,Tier1,2.647316747293363
HVRETALV,FLHRP,Tier1,2.723490188844718
HVRETALV,LMGQW,Tier1,2.5281115530855662
HVRETALV,PVMGA,Tier1,2.8750209212521343
HVRETALV,QHGV,Tier1,2.312420227809298
HVRETALV,VKEAMAPK,Tier1,1.9181308859292472
HVRETALV,ARHPHPHLSFM,Tier1,2.873929096115083
HVRETALV,YQEPVLGP,Tier1,2.542840803209504
HVRETALV,YQIGL,Tier1,2.214700694053427
HVRETALV,FRADHPFL,Tier1,2.088852226733699
HVRETALV,RADHPFL,Tier1,2.212791837359494
HVRETALV,QVVPYPQ,Tier1,2.316464069846341
HVRETALV,HQIYPV,Tier1,1.8823708549225144
HVRETALV,LQGM,Tier1,2.7499193501347827
HVRETALV,LNLPTAVYMVT,Tier1,2.3807395849380795
HVRETALV,DRVYIHPF,Tier1,1.9033894698182663
HVRETALV,AIRQGDVF,Tier1,1.6719048810081019
HVRETALV,VLEANPRSF,Tier1,2.4627819237360375
HVRETALV,FALPQYLK,Tier1,2.2246003697781886
HVRETALV,PYVRYL,Tier1,2.29863846506014
HVRETALV,HNPI,Tier1,3.0206710540813106
HVRETALV,AMRLTYNRPCIYAT,Tier1,2.9409075170081915
HVRETALV,AMRLTGNRPGLYAT,Tier1,2.874598429207778
HVRETALV,AMRLTYNRPCLGAT,Tier1,2.7569195296230053
HVRETALV,CVHWMTNTARTACIAP,Tier1,2.871770722477827
HVRETALV,AMRLTYNKPCLYGT,Tier1,2.9321733772001726
HVRETALV,AGWNIPIGT,Tier1,2.509597721410862
HVRETALV,LGFEY,Tier1,2.850773992463303
HVRETALV,LGFEYY,Tier1,3.101483543764847
HVRETALV,NPYVPR,Tier1,2.9974940200780407
HVRETALV,WISELG,Tier1,2.0765323535555438
HVRETALV,WISELGW,Tier1,2.5615781774015245
HVRETALV,ISELWG,Tier1,2.2117149973570296
HVRETALV,ISELGF,Tier1,2.423947207697517
HVRETALV,ISELGY,Tier1,2.010225469193928
HVRETALV,GPLGLLGFLGPLGLS,Tier1,3.067085493796877
HVRETALV,QLGNLGV,Tier1,2.0719430544132416
HVRETALV,FLKPLFNAALKLLP,Tier1,2.793748999777779
HVRETALV,YLMSR,Tier1,3.119814299878398
HVRETALV,LVSK,Tier1,2.166383130981117
HVRETALV,YWVTSGPK,Tier1,2.9366717139565384
HVRETALV,VAMVPPFET,Tier1,2.4902374440311132
HVRETALV,FVNQPYLLYSVHMK,Tier1,2.5422746920595793
HVRETALV,LVMFLDNQHRVIRH,Tier1,2.6994737325517573
HVRETALV,VLSRYPS,Tier1,2.460149500439521
HVRETALV,TIASGEP,Tier1,2.9564154558661087
HVRETALV,GYLEQ,Tier1,2.741267162946052
HVRETALV,RDMPIQ,Tier1,2.8947993879616756
HVRETALV,YPELF,Tier1,3.0946161378731714
HVRETALV,YLKT,Tier1,2.5097522015542135
HVRETALV,TVYQ,Tier1,3.0413839463260417
HVRETALV,YGLN,Tier1,2.6238796307127386
HVRETALV,YIPIQY,Tier1,2.5640562183234326
HVRETALV,LGNTDYAVH,Tier1,2.4102355556436716
HVRETALV,VGDI,Tier1,2.7182569663944873
HVRETALV,RASDPLLSV,Tier1,1.392796406988902
HVRETALV,LAPSLPGKPKPD,Tier1,2.5705655600325206
HVRETALV,MPDAHL,Tier1,2.2882961448127763
HVRETALV,FVPH,Tier1,2.741814724289551
HVRETALV,SAEHGSLH,Tier1,2.8250120436397883
HVRETALV,TSQLLSDQ,Tier1,2.304167362256368
HVRETALV,GFGPEL,Tier1,2.363478670834731
HVRETALV,VGGRP,Tier1,2.981295760204497
HVRETALV,VVGGDGDV,Tier1,2.7694354932335745
HVRETALV,VPVTST,Tier1,2.9810875782123225
HVRETALV,LTTLDSE,Tier1,2.8927278882818723
HVRETALV,YLGAK,Tier1,2.4909929117709058
HVRETALV,GGLEPINFN,Tier1,2.48447870979771
HVRETALV,GGIF,Tier1,3.019272138425249
HVRETALV,GIFE,Tier1,2.7849074102958387
HVRETALV,GVQEGAGHYALL,Tier1,2.2200705629665918
HVRETALV,SGQYFL,Tier1,2.8546722311321626
HVRETALV,GIISHR,Tier1,1.8109766281794493
HVRETALV,PSLVGRPPVGKLTL,Tier1,2.675721137793256
HVRETALV,LSGNK,Tier1,2.4787174995624732
HVRETALV,GLTSK,Tier1,2.483643920246032
HVRETALV,VAWRNRCKGTD,Tier1,3.072980535228199
HVRETALV,IRGCRL,Tier1,3.0997261808021483
HVRETALV,WIRGCRL,Tier1,2.9636892269401445
HVRETALV,AWIRGCRL,Tier1,2.552883263543408
HVRETALV,SDRDLLGPNNQYLPK,Tier1,2.832871045922785
HVRETALV,KYL,Tier1,2.9334691346831687
HVRETALV,CSQAPLA,Tier1,2.6078377894557097
HVRETALV,KLSDW,Tier1,2.694756893474957
HVRETALV,KGLWE,Tier1,2.240990743800921
HVRETALV,IYIEQGNGITGM,Tier1,2.0868897332377028
HVRETALV,ETTL,Tier1,2.478251542720939
HVRETALV,VKRRGQDCIHGFCSD,Tier1,2.9249936941788817
HVRETALV,VLVPK,Tier1,2.5525744320965416
HVRETALV,KDVPP,Tier1,2.735893170718024
HVRETALV,GQVPP,Tier1,2.852645923567023
HVRETALV,DGVVYY,Tier1,2.5039535755086795
HVRETALV,IVEYF,Tier1,2.9967219788748998
HVRETALV,RYLGY,Tier1,3.0911379894683995
HVRETALV,RYL,Tier1,2.984789625456209
HVRETALV,RYLG,Tier1,2.818623376090277
HVRETALV,YQEPVLGPVRGPFPIIV,Tier1,2.6358336124075428
HVRETALV,VPKVK,Tier1,2.9546389489952056
IPAGM,LPAGV,Tier1,1.2442707342077408
IPAGM,IPAGV,Tier1,1.0070994895708387
IPAGM,SVYT,Tier1,2.1944093493073527
IPAGM,LALPA,Tier1,2.052397292214296
IPAGM,PSIPA,Tier1,1.5307842489881973
IPAGM,PSLPA,Tier1,2.0312127189526072
IPAGM,VSYT,Tier1,2.002763919281146
IPAGM,HVCYMF,Tier1,2.6890457812026143
IPAGM,GFPSG,Tier1,2.542198788358384
IPAGM,TCSP,Tier1,2.608364416186055
IPAGM,TGGGNV,Tier1,2.9530190560630514
IPAGM,LMGQW,Tier1,3.0547955567848106
IPAGM,PVMGA,Tier1,0.42015428105126995
IPAGM,QHGV,Tier1,3.0285195005159053
IPAGM,VCSV,Tier1,2.6230773927815805
IPAGM,CAAP,Tier1,1.39888356378917
IPAGM,YQEPVLGP,Tier1,3.014013609444357
IPAGM,SALAM,Tier1,1.2009447001859217
IPAGM,YQIGL,Tier1,2.4671304350071
IPAGM,YPI,Tier1,1.7377443304847873
IPAGM,YPIL,Tier1,2.2608789857055847
IPAGM,QVVPYPQ,Tier1,2.838476860036195
IPAGM,HQIYPV,Tier1,2.302150268234254
IPAGM,IYPF,Tier1,2.533718777650924
IPAGM,WYSL,Tier1,2.601346898369799
IPAGM,WYSLA,Tier1,2.1828041270073792
IPAGM,WYSLAM,Tier1,2.1594729679076594
IPAGM,WYSLAMA,Tier1,1.9620746323456328
IPAGM,LQGM,Tier1,3.000258522566347
IPAGM,LNLPTAVYMVT,Tier1,2.070876666710818
IPAGM,YGGFL,Tier1,2.1010041672178303
IPAGM,YGGFM,Tier1,2.661634961595123
IPAGM,DRVYIHPF,Tier1,3.0439018665067117
IPAGM,FALPQYLK,Tier1,2.8437152816254674
IPAGM,PYVRYL,Tier1,2.9387986532867196
IPAGM,TIIPLPV,Tier1,2.5519258120400234
IPAGM,WPL,Tier1,3.0313413979158974
IPAGM,VPW,Tier1,2.9303322916860415
IPAGM,AGWNIPIGT,Tier1,1.8808157057651442
IPAGM,AGWNIP,Tier1,2.7862627062184533
IPAGM,VIPMGL,Tier1,2.6046575030222736
IPAGM,VPYPQ,Tier1,2.956744077637547
IPAGM,VPNSYP,Tier1,3.0808848492530685
IPAGM,WISELG,Tier1,2.7108949567792098
IPAGM,WISELGW,Tier1,2.939363516897355
IPAGM,ISELWG,Tier1,2.73767076482566
IPAGM,ISELGF,Tier1,2.6321436461796215
IPAGM,ISELGY,Tier1,2.5256806564699827
IPAGM,GPLGLLGFLGPLGLS,Tier1,2.4046525573558517
IPAGM,QLGNLGV,Tier1,2.8262968468988356
IPAGM,SVMPVVA,Tier1,1.8780576881064728
IPAGM,YLMSR,Tier1,3.019180473342312
IPAGM,LVSK,Tier1,3.104073929084053
IPAGM,WHNVSGSP,Tier1,3.046232221784944
IPAGM,YWVTSGPK,Tier1,3.0925774982689695
IPAGM,VAMVPPFET,Tier1,2.1694928238583646
IPAGM,VLSRYPS,Tier1,2.7294533922637285
IPAGM,TIASGEP,Tier1,2.8936218351147343
IPAGM,TVYQ,Tier1,2.8373946997626556
IPAGM,YGLN,Tier1,2.897380525725408
IPAGM,YIPIQY,Tier1,2.60153362300727
IPAGM,RASDPLLSV,Tier1,2.6770358548069106
IPAGM,MPDAHL,Tier1,2.8780726716340017
IPAGM,FVPH,Tier1,1.9754146164626334
IPAGM,LSGYGP,Tier1,2.5152117796566946
IPAGM,GFGPEL,Tier1,2.561257916848968
IPAGM,VPVTST,Tier1,0.764253313229671
IPAGM,YLGAK,Tier1,2.6357160699143813
IPAGM,GGIF,Tier1,1.5134490941550587
IPAGM,GVQEGAGHYALL,Tier1,2.7223195898895094
IPAGM,WPP,Tier1,3.0454962470152096
IPAGM,YYIVS,Tier1,1.9775711794296467
IPAGM,SGQYFL,Tier1,2.9648952377733186
IPAGM,GIISHR,Tier1,2.6480149299557576
IPAGM,SNAAC,Tier1,2.98489286256822
IPAGM,HYVPV,Tier1,2.8914704406386424
IPAGM,MPACGSS,Tier1,3.1109995131903196
IPAGM,GLTSK,Tier1,2.54784240235161
IPAGM,LTC,Tier1,2.6234243314898027
IPAGM,LPM,Tier1,2.506213719378643
IPAGM,CSQAPLA,Tier1,1.7824243529046244
IPAGM,IYIEQGNGITGM,Tier1,2.897914578035352
IPAGM,AGGF,Tier1,1.9989135920628964
IPAGM,SGAF,Tier1,2.230791404753431
IPAGM,GQVPP,Tier1,2.744713167347715
IPAGM,DGVVYY,Tier1,2.6902083505599417
IPAGM,PGVPWP,Tier1,2.0355996070051825
IPAGM,YLG,Tier1,2.5566685742861948
IPAGM,YLGY,Tier1,2.7891097502625675
IPAGM,LGY,Tier1,2.027561691196109
IPAGM,VAGTWY,Tier1,2.2234061711447235
LPAGV,IPAGV,Tier1,0.7813961939913877
LPAGV,SVYT,Tier1,3.0754046801897723
LPAGV,LALPA,Tier1,1.1471018152881227
LPAGV,PSIPA,Tier1,1.7735009162505395
LPAGV,PSLPA,Tier1,1.9450680971446048
LPAGV,LPL,Tier1,2.9997311556866104
LPAGV,VSYT,Tier1,2.853738575959076
LPAGV,HVCYMF,Tier1,3.051382452683132
LPAGV,PVMGA,Tier1,1.6299423777184907
LPAGV,VCSV,Tier1,2.717343839792854
LPAGV,CAAP,Tier1,2.138507986895684
LPAGV,SALAM,Tier1,1.7587261085998946
LPAGV,YQIGL,Tier1,2.6493482161553663
LPAGV,YPI,Tier1,1.9089801706577216
LPAGV,YPIL,Tier1,1.5585217407112768
LPAGV,HQIYPV,Tier1,2.5373125226007924
LPAGV,IYPF,Tier1,2.6102690817326093
LPAGV,WYSL,Tier1,3.106228927243609
LPAGV,WYSLA,Tier1,2.7414771818847337
LPAGV,WYSLAM,Tier1,2.802238022682521
LPAGV,WYSLAMA,Tier1,2.5374604382230874
LPAGV,LQGM,Tier1,3.0902308306539013
LPAGV,LNLPTAVYMVT,Tier1,2.17756178298531
LPAGV,YGGFL,Tier1,2.720015676467032
LPAGV,YVL,Tier1,2.8930405562434656
LPAGV,TIIPLPV,Tier1,2.0044915544005892
LPAGV,AGWNIPIGT,Tier1,2.1657086520343474
LPAGV,AGWNIP,Tier1,2.872030614505147
LPAGV,VIPMGL,Tier1,2.6374333643541616
LPAGV,WISELG,Tier1,2.8796378346263425
LPAGV,ISELWG,Tier1,2.7996626741498285
LPAGV,ISELGF,Tier1,2.761481264863105
LPAGV,ISELGY,Tier1,2.7792267994954094
LPAGV,GPLGLLGFLGPLGLS,Tier1,2.5782574028751655
LPAGV,QLGNLGV,Tier1,3.062243183248864
LPAGV,SVMPVVA,Tier1,1.4295306905487766
LPAGV,YLMSR,Tier1,3.054789065516679
LPAGV,VAMVPPFET,Tier1,2.522043228407504
LPAGV,VLSRYPS,Tier1,2.973414479999382
LPAGV,YIPIQY,Tier1,3.0272521879487204
LPAGV,RASDPLLSV,Tier1,3.017333433836714
LPAGV,FVPH,Tier1,2.4679233343312226
LPAGV,GFGPEL,Tier1,3.1100141301639974
LPAGV,VPVTST,Tier1,1.3815880511285532
LPAGV,GGIF,Tier1,2.078455535232616
LPAGV,GVQEGAGHYALL,Tier1,2.898097439412842
LPAGV,YYIVS,Tier1,2.256371985672363
LPAGV,GIISHR,Tier1,3.060271977684543
LPAGV,LPF,Tier1,3.021816134171015
LPAGV,LLPF,Tier1,2.6383499496776763
LPAGV,HYVPV,Tier1,2.473364161619212
LPAGV,LTC,Tier1,2.8453690289301363
LPAGV,LAC,Tier1,2.8680114034743784
LPAGV,LPM,Tier1,2.575887665570423
LPAGV,CSQAPLA,Tier1,2.199212564593062
LPAGV,AGGF,Tier1,2.8117133555738363
LPAGV,VLVPK,Tier1,2.9307377892597324
LPAGV,PGVPWP,Tier1,2.8254471058989523
LPAGV,YLG,Tier1,2.863388441470745
LPAGV,LGY,Tier1,2.557147509241379
EFLQ,EFQI,Tier1,2.067950108469764
EFLQ,FEQI,Tier1,0.6017611209038112
EFLQ,EFQL,Tier1,2.0635405602375747
EFLQ,LEEAF,Tier1,2.96654428179988
EFLQ,FEQL,Tier1,0.5864285457384448
EFLQ,EFIQ,Tier1,1.4307892268069216
EFLQ,LNGDVW,Tier1,3.0295008406268495
EFLQ,FLQEFLHV,Tier1,3.0691420977937596
EFLQ,WNIP,Tier1,3.023933336075965
EFLQ,YQLD,Tier1,2.5956351295422384
EFLQ,RDMPIQ,Tier1,2.935339800995771
EFLQ,DVFRELRVQ,Tier1,2.3141429814397942
EFLQ,GGLEPINFN,Tier1,2.850922364462988
EFLQ,CME,Tier1,2.532849204522891
EFLQ,QCL,Tier1,3.011915507888765
EFLQ,EQC,Tier1,2.8010113417299274
EFLQ,KLSDW,Tier1,2.964936957681732
EFLQ,KGLWE,Tier1,3.0780851128026034
IPAGV,SVYT,Tier1,2.662437515981946
IPAGV,LALPA,Tier1,1.3661842176787848
IPAGV,PSIPA,Tier1,1.9450680971446048
IPAGV,PSLPA,Tier1,2.3753808808455155
IPAGV,LPL,Tier1,3.0252716362540535
IPAGV,VSYT,Tier1,2.5068315560793013
IPAGV,PVMGA,Tier1,1.3524894766285538
IPAGV,VCSV,Tier1,2.3950424626923774
IPAGV,CAAP,Tier1,2.1121572116780762
IPAGV,SALAM,Tier1,1.2634595216410156
IPAGV,YQIGL,Tier1,2.3879171296677897
IPAGV,YPI,Tier1,1.848889758784574
IPAGV,YPIL,Tier1,1.7646653537418682
IPAGV,HQIYPV,Tier1,2.5851580262549296
IPAGV,IYPF,Tier1,2.7459423943683805
IPAGV,WYSL,Tier1,2.8962375227554618
IPAGV,WYSLA,Tier1,2.493081597219625
IPAGV,WYSLAM,Tier1,2.5540172182804723
IPAGV,WYSLAMA,Tier1,2.359556558403884
IPAGV,LNLPTAVYMVT,Tier1,2.130137030865033
IPAGV,YGGFL,Tier1,2.498648849977095
IPAGV,YVL,Tier1,2.597689923837114
IPAGV,FALPQYLK,Tier1,3.0695662791317457
IPAGV,TIIPLPV,Tier1,1.971144676602067
IPAGV,WPL,Tier1,3.1062647958474723
IPAGV,AGWNIPIGT,Tier1,2.271654715430289
IPAGV,VIPMGL,Tier1,2.222029715883905
IPAGV,WISELG,Tier1,2.8073302295541875
IPAGV,ISELWG,Tier1,2.833194798749096
IPAGV,ISELGF,Tier1,2.6668057437168975
IPAGV,ISELGY,Tier1,2.6346187521620203
IPAGV,GPLGLLGFLGPLGLS,Tier1,2.2917695741969104
IPAGV,QLGNLGV,Tier1,2.784939433595468
IPAGV,SVMPVVA,Tier1,1.7195940433678216
IPAGV,LVSK,Tier1,2.9445532710830635
IPAGV,VAMVPPFET,Tier1,2.6017346899618863
IPAGV,VLSRYPS,Tier1,3.0562920548022205
IPAGV,YIPIQY,Tier1,2.7301578156180346
IPAGV,RASDPLLSV,Tier1,2.8054058399160167
IPAGV,FVPH,Tier1,2.4646322095403734
IPAGV,LSGYGP,Tier1,3.019661607529961
IPAGV,GFGPEL,Tier1,3.0383773612497595
IPAGV,VPVTST,Tier1,1.3893896800396364
IPAGV,YLGAK,Tier1,2.9423837700909186
IPAGV,GGIF,Tier1,1.7557127468301954
IPAGV,GVQEGAGHYALL,Tier1,2.9910807748901984
IPAGV,YYIVS,Tier1,1.977201302542581
IPAGV,GIISHR,Tier1,2.7883864675701124
IPAGV,LLPF,Tier1,2.823535987909264
IPAGV,HYVPV,Tier1,3.0477234637097204
IPAGV,GLTSK,Tier1,3.0029369415971177
IPAGV,LTC,Tier1,2.556463943035931
IPAGV,YLL,Tier1,2.863026938997257
IPAGV,LPM,Tier1,2.492924986614466
IPAGV,CSQAPLA,Tier1,2.243165738577948
IPAGV,AGGF,Tier1,2.7119884431697905
IPAGV,SGAF,Tier1,2.898074465582591
IPAGV,VLVPK,Tier1,2.862590428184165
IPAGV,DGVVYY,Tier1,2.9768047997310965
IPAGV,PGVPWP,Tier1,2.751325608453524
IPAGV,YLG,Tier1,2.6139437178315386
IPAGV,YLGY,Tier1,3.0635574396213494
IPAGV,LGY,Tier1,2.0993222651261494
IPAGV,VAGTWY,Tier1,2.7302926816637814
EFQI,FEQI,Tier1,1.7151104306373914
EFQI,EFQL,Tier1,0.13497409890236
EFQI,FEQL,Tier1,1.7204132633340405
EFQI,EFIQ,Tier1,1.4930706076985643
EFQI,MEMK,Tier1,2.4571652030045517
EFQI,YQLD,Tier1,2.6775493855425485
EFQI,DVFRELRVQ,Tier1,2.382667717314922
EFQI,IQW,Tier1,2.4719818325958562
SVYT,PSIPA,Tier1,2.429336545365592
SVYT,PSLPA,Tier1,3.0854142162190032
SVYT,WVYY,Tier1,3.0498074729134252
SVYT,WYT,Tier1,2.574163362079202
SVYT,WSY,Tier1,2.6671835909687704
SVYT,VSYT,Tier1,1.2705700398534532
SVYT,YSTA,Tier1,3.08304233536019
SVYT,GFPSG,Tier1,2.508310259424921
SVYT,TCSP,Tier1,3.1099267556311982
SVYT,PVMGA,Tier1,2.060662028591434
SVYT,QHGV,Tier1,3.022157261576769
SVYT,CAAP,Tier1,2.384863908636997
SVYT,FGHPY,Tier1,2.52313463259981
SVYT,SALAM,Tier1,2.0788827776238015
SVYT,YQIGL,Tier1,2.9126161266419204
SVYT,YPI,Tier1,1.928282251536823
SVYT,HQIYPV,Tier1,2.9356973249717213
SVYT,IYPF,Tier1,2.9182113004231787
SVYT,WYS,Tier1,2.6671835909687704
SVYT,WYSL,Tier1,2.0918338723850263
SVYT,WYSLA,Tier1,1.5072067939096583
SVYT,WYSLAM,Tier1,1.951329729351647
SVYT,WYSLAMA,Tier1,1.879137888874878
SVYT,YGGFL,Tier1,2.1353577530411836
SVYT,YGGFM,Tier1,2.4052658629774513
SVYT,DRVYIHPF,Tier1,3.1241549155332327
SVYT,PYVRYL,Tier1,2.81280946619904
SVYT,WPL,Tier1,3.084686025942744
SVYT,AGWNIPIGT,Tier1,2.753801775987888
SVYT,LGFEY,Tier1,3.1233326516889144
SVYT,LGFEYY,Tier1,3.017211259656343
SVYT,ISELGY,Tier1,2.9018442204910038
SVYT,GPLGLLGFLGPLGLS,Tier1,3.056263058660335
SVYT,YWVTSGPK,Tier1,2.5300940023800744
SVYT,VAMVPPFET,Tier1,3.122331060295493
SVYT,TIASGEP,Tier1,2.933036506185404
SVYT,TVYQ,Tier1,2.1445816584777875
SVYT,YGLN,Tier1,2.5985612114516954
SVYT,YIPIQY,Tier1,2.232453321713646
SVYT,YVGD,Tier1,2.9336267392052506
SVYT,FVPH,Tier1,2.7734072111621644
SVYT,SAEHGSLH,Tier1,3.0788513396812607
SVYT,LSGYGP,Tier1,1.8889338602269465
SVYT,GFGPEL,Tier1,2.816369346022621
SVYT,VPVTST,Tier1,2.1198299136624073
SVYT,YLGAK,Tier1,2.313599723967408
SVYT,GGIF,Tier1,2.4019993360136227
SVYT,WPP,Tier1,2.6934709792564298
SVYT,YYIVS,Tier1,1.9826021975385115
SVYT,SGQYFL,Tier1,2.795478330461472
SVYT,GLTSK,Tier1,2.6395994782313905
SVYT,GTW,Tier1,1.828769411948616
SVYT,CSQAPLA,Tier1,2.7433273716011017
SVYT,AGGF,Tier1,1.984899049753009
SVYT,SGAF,Tier1,1.527369746762922
SVYT,DGVVYY,Tier1,2.5781195918106152
SVYT,PGVPWP,Tier1,1.6755700322623999
SVYT,RYLGY,Tier1,2.4954757563496366
SVYT,RYLG,Tier1,2.773873517378249
SVYT,YLG,Tier1,1.840895838812181
SVYT,YLGY,Tier1,1.2722780000490073
SVYT,LGY,Tier1,1.3669471763618193
SVYT,VAGTWY,Tier1,0.8734345799419013
FEQI,EFQL,Tier1,1.7204132633340405
FEQI,LEEAF,Tier1,2.9395455542692086
FEQI,FEQL,Tier1,0.13497409890236
FEQI,EFIQ,Tier1,0.8440047095294068
FEQI,LNGDVW,Tier1,2.7142557340941478
FEQI,FLQEFLHV,Tier1,3.0431504303054693
FEQI,AIRQGDVF,Tier1,3.049647453618654
FEQI,MEMK,Tier1,3.009010231653599
FEQI,LDY,Tier1,3.029774670017839
FEQI,YQLD,Tier1,2.3757297144582172
FEQI,RDMPIQ,Tier1,3.02367251012877
FEQI,RNDDLNYIQ,Tier1,3.0405142003323906
FEQI,DVFRELRVQ,Tier1,2.169980005116611
FEQI,GGLEPINFN,Tier1,2.6917078132501193
FEQI,GIFE,Tier1,2.8230094051067782
FEQI,IQW,Tier1,3.029969869669505
FEQI,CME,Tier1,2.6873472888299754
FEQI,QCL,Tier1,2.9051463625195786
FEQI,EQC,Tier1,2.759824760465664
FEQI,KLSDW,Tier1,2.731392442751592
FEQI,KGLWE,Tier1,3.0155107272817756
LALPA,PSIPA,Tier1,2.478812223982636
LALPA,PSLPA,Tier1,2.6158091892072157
LALPA,LPL,Tier1,2.169847004501857
LALPA,PVMGA,Tier1,2.402160629655379
LALPA,VCSV,Tier1,2.7282283964367164
LALPA,CAAP,Tier1,3.0681239527428463
LALPA,SALAM,Tier1,1.8732427125359188
LALPA,YQIGL,Tier1,2.9502084350023527
LALPA,YPI,Tier1,2.4417333041663807
LALPA,YPIL,Tier1,2.022247239514315
LALPA,IYPF,Tier1,2.906715681712791
LALPA,WYSLA,Tier1,2.970047714490142
LALPA,WYSLAM,Tier1,3.0074173333557246
LALPA,WYSLAMA,Tier1,2.6975207939963415
LALPA,LNLPTAVYMVT,Tier1,2.561835169928334
LALPA,YVL,Tier1,2.8155021597549945
LALPA,TIIPLPV,Tier1,1.3599090820869275
LALPA,VPW,Tier1,3.097605192325713
LALPA,AGWNIPIGT,Tier1,2.7612845263576595
LALPA,VIPMGL,Tier1,2.3636859239910675
LALPA,ISELGF,Tier1,2.9993303059484124
LALPA,GPLGLLGFLGPLGLS,Tier1,2.537631332299497
LALPA,SVMPVVA,Tier1,1.5479664114890315
LALPA,VAMVPPFET,Tier1,3.089825048181807
LALPA,VPVTST,Tier1,2.0306180020600952
LALPA,GGIF,Tier1,2.8177454560996247
LALPA,YYIVS,Tier1,2.644855217211719
LALPA,LPF,Tier1,2.776350859780881
LALPA,LLPF,Tier1,2.4674230011673557
LALPA,HYVPV,Tier1,2.660173941582569
LALPA,LTC,Tier1,2.5684771176359025
LALPA,YLL,Tier1,2.950726120889178
LALPA,LAC,Tier1,2.38249143603253
LALPA,LPM,Tier1,2.3117906080257415
LALPA,CSQAPLA,Tier1,2.832973857003638
LALPA,YLG,Tier1,2.682480684088395
LALPA,LGY,Tier1,2.9656939117991765
EFQL,FEQL,Tier1,1.7151104306373914
EFQL,EFIQ,Tier1,1.4991590465817375
EFQL,MEMK,Tier1,2.419272243595021
EFQL,YQLD,Tier1,2.633940348814846
EFQL,DVFRELRVQ,Tier1,2.361271929349497
EFQL,IQW,Tier1,2.473911264870178
LEEAF,IEEAF,Tier1,1.5397053813373893
LEEAF,FEQL,Tier1,2.949886143854429
LEEAF,LNGDVW,Tier1,2.9372189654881145
LEEAF,EWPAQ,Tier1,3.052128038197839
LEEAF,AIRQGDVF,Tier1,3.045007844828431
LEEAF,YEDCTDCGN,Tier1,2.711829287782896
LEEAF,LGFEY,Tier1,2.7805263489231327
LEEAF,WISELG,Tier1,2.6183217272506742
LEEAF,WISELGW,Tier1,2.960408827302574
LEEAF,ISELWG,Tier1,2.561613572407879
LEEAF,ISELGF,Tier1,2.9127565568475107
LEEAF,ISELGY,Tier1,2.8555603770225693
LEEAF,VLYEE,Tier1,1.3343423289706426
LEEAF,LDY,Tier1,2.6298233765430816
LEEAF,GYLEQ,Tier1,2.6930967968806443
LEEAF,YPELF,Tier1,2.547801825153049
LEEAF,VGDI,Tier1,2.8902654154876246
LEEAF,TSQLLSDQ,Tier1,2.893657667308387
LEEAF,GFGPEL,Tier1,2.807264115807004
LEEAF,VVGGDGDV,Tier1,2.2927558572067452
LEEAF,LTTLDSE,Tier1,1.9178887813901206
LEEAF,GGLEPINFN,Tier1,3.0389558704054984
LEEAF,GIFE,Tier1,2.5985093051247348
LEEAF,MTEEY,Tier1,2.8931136918418665
LEEAF,GEC,Tier1,3.082553174425569
LEEAF,ECA,Tier1,2.976488375094939
LEEAF,KGLWE,Tier1,2.7831668207633635
LEEAF,TEVWDSNEQ,Tier1,2.97395312949746
LEEAF,AWDPE,Tier1,2.515858614940707
LEEAF,ETTL,Tier1,2.9119552172637775
LEEAF,DGVVYY,Tier1,3.12359979985878
LEEAF,IVEYF,Tier1,2.9851323987364617
PSIPA,PSLPA,Tier1,0.7813961939913877
PSIPA,VSYT,Tier1,2.137986092836773
PSIPA,YSTA,Tier1,3.053722851172509
PSIPA,GPAGPAG,Tier1,2.516590752996673
PSIPA,GFPSG,Tier1,1.8820304887301427
PSIPA,TCSP,Tier1,1.9791101059304697
PSIPA,TGGGNV,Tier1,2.7971807531184734
PSIPA,PVMGA,Tier1,1.6333211868417126
PSIPA,CAAP,Tier1,1.2626864732389955
PSIPA,YQEPVLGP,Tier1,2.911958605985925
PSIPA,SALAM,Tier1,2.252585702944187
PSIPA,YPI,Tier1,1.8814215738562514
PSIPA,YPIL,Tier1,2.8248140462740383
PSIPA,QVVPYPQ,Tier1,2.862028627252942
PSIPA,HQIYPV,Tier1,2.4255401919977877
PSIPA,IYPF,Tier1,3.009475273852988
PSIPA,WYSLA,Tier1,2.6863321457306073
PSIPA,WYSLAM,Tier1,2.9704260236113957
PSIPA,WYSLAMA,Tier1,2.5809024348688703
PSIPA,LNLPTAVYMVT,Tier1,2.7607812577613893
PSIPA,YGGFL,Tier1,2.6522533271315787
PSIPA,YGGFM,Tier1,3.0581907664819115
PSIPA,AGWNIPIGT,Tier1,2.002628059603599
PSIPA,AGWNIP,Tier1,2.6726459162723324
PSIPA,VPYPQ,Tier1,2.418409941652651
PSIPA,VPNSYP,Tier1,2.652825287959172
PSIPA,ISELGY,Tier1,2.9324483863595754
PSIPA,SVMPVVA,Tier1,2.8038649475924986
PSIPA,YLMSR,Tier1,2.977888023253337
PSIPA,HMPVTK,Tier1,2.982867889362634
PSIPA,WHNVSGSP,Tier1,2.496884647726798
PSIPA,VAMVPPFET,Tier1,2.7542126847411406
PSIPA,AYPS,Tier1,2.8247432434142703
PSIPA,VLSRYPS,Tier1,2.586979695487258
PSIPA,TIASGEP,Tier1,2.697564195399431
PSIPA,TVYQ,Tier1,3.0925044334762983
PSIPA,YIPIQY,Tier1,3.0606741858626285
PSIPA,RASDPLLSV,Tier1,3.1202896272192033
PSIPA,MPDAHL,Tier1,3.066626022767277
PSIPA,FVPH,Tier1,2.593643864104186
PSIPA,LSGYGP,Tier1,2.312605276836007
PSIPA,GFGPEL,Tier1,2.8759352324959475
PSIPA,VGGRP,Tier1,2.973006800261042
PSIPA,VPVTST,Tier1,1.042430128557028
PSIPA,YLGAK,Tier1,2.6908022263559066
PSIPA,GGIF,Tier1,2.6536787037520373
PSIPA,GVQEGAGHYALL,Tier1,2.663466722147905
PSIPA,WPP,Tier1,2.7365967183968336
PSIPA,YYIVS,Tier1,2.585137353777271
PSIPA,GIISHR,Tier1,3.0028847927830187
PSIPA,SNAAC,Tier1,2.7315773818159714
PSIPA,HYVPV,Tier1,2.6169527330342883
PSIPA,MPACGSS,Tier1,2.4696040386172644
PSIPA,GLTSK,Tier1,2.4519771098695466
PSIPA,CSQAPLA,Tier1,1.8804315035768147
PSIPA,AGGF,Tier1,1.9656332867872328
PSIPA,SGAF,Tier1,2.465694208869073
PSIPA,GQVPP,Tier1,2.3938568502454336
PSIPA,DGVVYY,Tier1,3.103500832863385
PSIPA,GFYPPP,Tier1,2.6887566870609776
PSIPA,DVPPYM,Tier1,3.0462563634888538
PSIPA,PGVPWP,Tier1,2.0273585336427584
PSIPA,YLG,Tier1,2.859678676903205
PSIPA,YLGY,Tier1,2.862499998910828
PSIPA,LGY,Tier1,2.533414178013751
PSIPA,VAGTWY,Tier1,2.6937234078567873
PSLPA,VSYT,Tier1,2.7711312414062728
PSLPA,GPAGPAG,Tier1,2.696724133799893
PSLPA,GFPSG,Tier1,1.9765771311486358
PSLPA,TCSP,Tier1,1.8428242759201119
PSLPA,PVMGA,Tier1,2.1780236188457884
PSLPA,CAAP,Tier1,1.7189967619068152
PSLPA,YQEPVLGP,Tier1,2.9810083236918308
PSLPA,SALAM,Tier1,2.7963358750204885
PSLPA,YPI,Tier1,2.239223862183077
PSLPA,YPIL,Tier1,2.9228556269806343
PSLPA,QVVPYPQ,Tier1,2.981622952647576
PSLPA,HQIYPV,Tier1,2.6242565526650847
PSLPA,IYPF,Tier1,3.0949654092355567
PSLPA,WYSLA,Tier1,3.124929775236169
PSLPA,WYSLAMA,Tier1,2.9632448626674512
PSLPA,LNLPTAVYMVT,Tier1,3.012435744747874
PSLPA,YGGFL,Tier1,3.0721737142595846
PSLPA,AGWNIPIGT,Tier1,2.1883697994269378
PSLPA,AGWNIP,Tier1,2.574779792704115
PSLPA,VPYPQ,Tier1,2.3308002396732723
PSLPA,VPNSYP,Tier1,2.8174890202126535
PSLPA,SVMPVVA,Tier1,2.8630014635247933
PSLPA,YLMSR,Tier1,2.8072613615182345
PSLPA,HMPVTK,Tier1,2.965201195597326
PSLPA,WHNVSGSP,Tier1,2.333096327783982
PSLPA,VAMVPPFET,Tier1,2.9027453516225856
PSLPA,AYPS,Tier1,2.8703143635242836
PSLPA,VLSRYPS,Tier1,2.7278747964411085
PSLPA,TIASGEP,Tier1,3.042040532003701
PSLPA,FVPH,Tier1,2.8269748078485644
PSLPA,LSGYGP,Tier1,2.923601092759665
PSLPA,VPVTST,Tier1,1.5210545182591024
PSLPA,GGIF,Tier1,3.086749947740604
PSLPA,GVQEGAGHYALL,Tier1,2.7919570127377114
PSLPA,WPP,Tier1,2.832468345721797
PSLPA,YYIVS,Tier1,3.0188390317169893
PSLPA,SNAAC,Tier1,2.757967264682772
PSLPA,HYVPV,Tier1,2.2194409174933267
PSLPA,MPACGSS,Tier1,1.9294597160053095
PSLPA,GLTSK,Tier1,2.8996134195012577
PSLPA,CSQAPLA,Tier1,2.1422722580826785
PSLPA,AGGF,Tier1,2.3797330334985514
PSLPA,SGAF,Tier1,3.0448504191521804
PSLPA,GQVPP,Tier1,2.533776529957033
PSLPA,GFYPPP,Tier1,2.411837909910183
PSLPA,DVPPYM,Tier1,2.8217596894981187
PSLPA,PGVPWP,Tier1,2.402520714376295
WVYY,WYT,Tier1,1.9833055093426448
WVYY,WSY,Tier1,1.9749919733431873
WVYY,VSYT,Tier1,2.74559943363633
WVYY,HVCYMF,Tier1,3.006164673377517
WVYY,FGHPY,Tier1,2.948954993501807
WVYY,YPI,Tier1,2.613922072484577
WVYY,IYPF,Tier1,2.406474324800318
WVYY,WYS,Tier1,1.9749919733431873
WVYY,WYSL,Tier1,1.7062868736820347
WVYY,WYSLA,Tier1,2.317163865364889
WVYY,WYSLAM,Tier1,2.581105699973262
WVYY,WYSLAMA,Tier1,2.926290543450325
WVYY,YGGFL,Tier1,1.8337739212905877
WVYY,YGGFM,Tier1,2.1174596317368213
WVYY,PYVRYL,Tier1,2.93057012238668
WVYY,VFPW,Tier1,2.5259792706523516
WVYY,LGFEY,Tier1,3.0930559238876683
WVYY,LGFEYY,Tier1,2.6196213718043437
WVYY,YIPIQY,Tier1,2.850241170808762
WVYY,FFGFN,Tier1,2.518088588492108
WVYY,FVPH,Tier1,2.7520490733786773
WVYY,GGIF,Tier1,2.606018393719487
WVYY,WPP,Tier1,3.0868147041366463
WVYY,YYIVS,Tier1,2.194508860293843
WVYY,SGQYFL,Tier1,2.7595917404666914
WVYY,GTW,Tier1,2.915885837025527
WVYY,AGGF,Tier1,3.0242019385248833
WVYY,SGAF,Tier1,2.9342445488404842
WVYY,DGVVYY,Tier1,2.856660256402615
WVYY,RYLGY,Tier1,3.0342573401623527
WVYY,YLGY,Tier1,2.3046575677920855
WVYY,LGY,Tier1,2.5264308775181283
WVYY,VAGTWY,Tier1,2.4068664328461202
LPL,VCSV,Tier1,2.567802081564016
LPL,YPIL,Tier1,3.105377264836264
LPL,YVL,Tier1,2.66201015604126
LPL,TIIPLPV,Tier1,1.511794532449305
LPL,WPL,Tier1,3.0682729697267095
LPL,VIPMGL,Tier1,2.142326866401085
LPL,SVMPVVA,Tier1,2.557462640064871
LPL,LPF,Tier1,2.828774992110288
LPL,LLPF,Tier1,2.1270297857437543
LPL,LTC,Tier1,2.389588181138899
LPL,YLL,Tier1,2.602920339985984
LPL,LAC,Tier1,2.19538832418831
LPL,LPM,Tier1,2.2075597036316834
WYT,WSY,Tier1,0.4961492763091465
WYT,VSYT,Tier1,2.557513551570373
WYT,GFPSG,Tier1,2.997194794896914
WYT,FGHPY,Tier1,2.0258929668981907
WYT,TTYY,Tier1,3.034070374971112
WYT,YPI,Tier1,3.083655381832388
WYT,WYS,Tier1,0.4961492763091465
WYT,WYSL,Tier1,2.3601174160818275
WYT,WYSLA,Tier1,2.577408200936173
WYT,WYSLAM,Tier1,2.9366123848934573
WYT,YGGFL,Tier1,2.557318839317585
WYT,YGGFM,Tier1,2.0490379892271173
WYT,LGFEYY,Tier1,2.922525521843265
WYT,YWVTSGPK,Tier1,2.724911837669242
WYT,TVYQ,Tier1,3.068573260231691
WYT,FFGFN,Tier1,3.108070421466099
WYT,LSGYGP,Tier1,2.9737147788002543
WYT,PYSFK,Tier1,2.64855071402053
WYT,WPP,Tier1,2.2275042063665937
WYT,YYIVS,Tier1,3.0754072939442834
WYT,TYQTF,Tier1,2.9621744259946863
WYT,SGQYFL,Tier1,3.0340620584893494
WYT,GTW,Tier1,1.7610065511842135
WYT,WYGPD,Tier1,2.8456950614977914
WYT,AGGF,Tier1,2.76040023798976
WYT,SGAF,Tier1,2.521431049363115
WYT,PGVPWP,Tier1,2.870332386343688
WYT,RYLGY,Tier1,2.696703089106093
WYT,YLGY,Tier1,2.1250710238829194
WYT,LGY,Tier1,2.8955849470710118
WYT,VAGTWY,Tier1,2.2178936422937507
WSY,VSYT,Tier1,2.588924261780523
WSY,GFPSG,Tier1,2.723895951216584
WSY,FGHPY,Tier1,1.991296342326299
WSY,TTYY,Tier1,2.9022377659376097
WSY,YPI,Tier1,2.9333704431391143
WSY,IYPF,Tier1,3.009877074313831
WSY,WYSL,Tier1,2.3175644189545848
WSY,WYSLA,Tier1,2.541019702938152
WSY,WYSLAM,Tier1,2.9080839184117835
WSY,WYSLAMA,Tier1,3.080460670866944
WSY,YGGFL,Tier1,2.4950635790895697
WSY,YGGFM,Tier1,1.9675289358149604
WSY,LGFEYY,Tier1,2.8270717287720264
WSY,YWVTSGPK,Tier1,2.793981928578074
WSY,TVYQ,Tier1,3.0846424149549527
WSY,FFGFN,Tier1,3.080248764650131
WSY,LSGYGP,Tier1,3.0181654301798835
WSY,PYSFK,Tier1,2.699968688685249
WSY,WPP,Tier1,1.893202858417504
WSY,YYIVS,Tier1,3.0266789978205066
WSY,TYQTF,Tier1,2.8489302410761588
WSY,SGQYFL,Tier1,3.0369999984292155
WSY,GTW,Tier1,2.052393595040853
WSY,WYGPD,Tier1,2.8955249906784766
WSY,AGGF,Tier1,2.624954719129653
WSY,SGAF,Tier1,2.5550438611262503
WSY,GFYPPP,Tier1,3.1239997059325284
WSY,PGVPWP,Tier1,2.746493743195599
WSY,RYLGY,Tier1,2.755760827054771
WSY,YLGY,Tier1,2.1627074851972123
WSY,LGY,Tier1,2.946566649794829
WSY,AYFYPE,Tier1,3.008326418362991
WSY,VAGTWY,Tier1,2.325728950460405
LQL,LLR,Tier1,2.9846226286735753
YNL,YNI,Tier1,2.566175635562316
YNL,LNGDVW,Tier1,2.245138070098951
YNL,QWPAQ,Tier1,2.95198581599708
YNL,LMGQW,Tier1,2.600499430198043
YNL,YQIGL,Tier1,2.702759108540594
YNL,FRADHPFL,Tier1,2.9050030717424353
YNL,QVVPYPQ,Tier1,2.8134228838197872
YNL,HQIYPV,Tier1,3.0145834144831545
YNL,LQGM,Tier1,2.877161611378228
YNL,AIRQGDVF,Tier1,2.4425469938842728
YNL,VLEANPRSF,Tier1,2.823115225863777
YNL,IQY,Tier1,0.4756103669719913
YNL,PYVRYL,Tier1,2.989290535583537
YNL,QLGNLGV,Tier1,3.017437928462609
YNL,VKP,Tier1,2.4690825740883535
YNL,LDY,Tier1,2.719751918392393
YNL,YQLD,Tier1,2.6950231672424274
YNL,YPELF,Tier1,2.8762597820444182
YNL,YLKT,Tier1,2.439458323212386
YNL,YGLN,Tier1,2.6870649745226887
YNL,YQL,Tier1,0.029385387082676462
YNL,FYQL,Tier1,2.5907373086236762
YNL,GGLEPINFN,Tier1,2.7329997360444738
YNL,SGQYFL,Tier1,2.9180133585140657
YNL,KLSDW,Tier1,2.692748188865127
YNL,KGLWE,Tier1,2.939301413241916
IEEAF,ISELWG,Tier1,3.077732043557862
IEEAF,VLYEE,Tier1,2.239956047531342
IEEAF,YPELF,Tier1,3.034996357481678
IEEAF,LTTLDSE,Tier1,2.578585079809337
IEEAF,MTEEY,Tier1,3.043871483950835
IEEAF,GEC,Tier1,3.0091717344456246
IEEAF,ECA,Tier1,2.634571645835749
IEEAF,DVPPYM,Tier1,3.036121946530472
FEQL,EFIQ,Tier1,0.8547291717744997
FEQL,LNGDVW,Tier1,2.712817073194716
FEQL,FLQEFLHV,Tier1,3.074207594268744
FEQL,LDK,Tier1,3.1067587066853863
FEQL,AIRQGDVF,Tier1,3.0560412593081625
FEQL,MEMK,Tier1,2.97814706285115
FEQL,LDY,Tier1,3.018730725107578
FEQL,YQLD,Tier1,2.3264700138311074
FEQL,RDMPIQ,Tier1,2.9854148029922722
FEQL,RNDDLNYIQ,Tier1,2.983340327657695
FEQL,DVFRELRVQ,Tier1,2.1464652095491967
FEQL,GGLEPINFN,Tier1,2.6844463795502898
FEQL,GIFE,Tier1,2.854638261248576
FEQL,IQW,Tier1,3.0315441901566658
FEQL,CME,Tier1,2.699425820954082
FEQL,WEN,Tier1,3.0770793579331297
FEQL,QCL,Tier1,2.9388438835939414
FEQL,EQC,Tier1,2.7031327350155765
FEQL,KLSDW,Tier1,2.691172440094256
FEQL,KGLWE,Tier1,2.9819231774542905
VSYT,YSTA,Tier1,2.1767047847337917
VSYT,GPAGPAG,Tier1,2.742477850159073
VSYT,GFPSG,Tier1,2.230993113059762
VSYT,TCSP,Tier1,3.0966147226729714
VSYT,TGGGNV,Tier1,2.4182622634333466
VSYT,PVMGA,Tier1,1.8677349728186254
VSYT,QHGV,Tier1,2.7432753981769102
VSYT,CAAP,Tier1,1.8075233760024105
VSYT,FGHPY,Tier1,1.9484388421427226
VSYT,TTYY,Tier1,2.907118308755478
VSYT,YQEPVLGP,Tier1,3.120279318948401
VSYT,SALAM,Tier1,2.4885321312246704
VSYT,YQIGL,Tier1,2.838421882791724
VSYT,YPI,Tier1,1.68322560531866
VSYT,QVVPYPQ,Tier1,2.8766435958533036
VSYT,HQIYPV,Tier1,2.5837386049728823
VSYT,IYPF,Tier1,2.9383658653694575
VSYT,WYS,Tier1,2.588924261780523
VSYT,WYSL,Tier1,2.3245550948878524
VSYT,WYSLA,Tier1,2.004510804064985
VSYT,WYSLAM,Tier1,2.4463968153816924
VSYT,WYSLAMA,Tier1,2.4067247535718965
VSYT,LNLPTAVYMVT,Tier1,3.0350624341048946
VSYT,YGGFL,Tier1,1.3679553192041087
VSYT,YGGFM,Tier1,1.7597877410274185
VSYT,DRVYIHPF,Tier1,3.116526914652023
VSYT,PYVRYL,Tier1,2.5015180146936378
VSYT,AGWNIPIGT,Tier1,2.5295508318103863
VSYT,LGFEY,Tier1,3.1215834044844146
VSYT,LGFEYY,Tier1,2.8254453577896705
VSYT,VPYPQ,Tier1,2.8267603081611488
VSYT,VPNSYP,Tier1,2.565877667775507
VSYT,ISELGY,Tier1,2.7073961902783097
VSYT,WHNVSGSP,Tier1,3.119220453814233
VSYT,YWVTSGPK,Tier1,2.0200427329009996
VSYT,LYEGY,Tier1,3.091806635479557
VSYT,VAMVPPFET,Tier1,2.9998243035803434
VSYT,AYPS,Tier1,2.804099173154208
VSYT,VLSRYPS,Tier1,2.7493908128930102
VSYT,TIASGEP,Tier1,2.6634834748107155
VSYT,YLKT,Tier1,3.0372314164395533
VSYT,TVYQ,Tier1,2.4484657819107523
VSYT,YGLN,Tier1,2.264350778571285
VSYT,YIPIQY,Tier1,2.371277609266548
VSYT,LGNTDYAVH,Tier1,3.0783473932123315
VSYT,RASDPLLSV,Tier1,3.0533356876502697
VSYT,FVPH,Tier1,2.2871112238108693
VSYT,SAEHGSLH,Tier1,2.8119184269217063
VSYT,LSGYGP,Tier1,0.9250591523441373
VSYT,PYSFK,Tier1,2.7791928312397176
VSYT,GFGPEL,Tier1,2.5911287007728707
VSYT,VPVTST,Tier1,2.089613412121144
VSYT,YLGAK,Tier1,2.1691157861764547
VSYT,GGIF,Tier1,1.9464544606298646
VSYT,GVQEGAGHYALL,Tier1,2.918986863090363
VSYT,WPP,Tier1,2.470569477885109
VSYT,YYIVS,Tier1,1.8481780707789168
VSYT,TYQTF,Tier1,2.952707794365868
VSYT,SGQYFL,Tier1,2.2463846145704536
VSYT,GIISHR,Tier1,2.8750724733101682
VSYT,GLTSK,Tier1,2.474641322574539
VSYT,GTW,Tier1,1.9584388522390215
VSYT,CSQAPLA,Tier1,2.542160998271409
VSYT,WYGPD,Tier1,3.1045303605908403
VSYT,AGGF,Tier1,1.3036754298592208
VSYT,SGAF,Tier1,0.9122881908216506
VSYT,GQVPP,Tier1,2.764141039421013
VSYT,DGVVYY,Tier1,2.381532791039803
VSYT,PGVPWP,Tier1,2.141768722182173
VSYT,RYLGY,Tier1,2.3986208052506695
VSYT,RYLG,Tier1,2.919297433656108
VSYT,YLG,Tier1,2.706238780225748
VSYT,YLGY,Tier1,1.7003878363708975
VSYT,LGY,Tier1,1.3353288489202773
VSYT,AYFYPEL,Tier1,3.028139526409382
VSYT,VAGTWY,Tier1,1.2899216199930563
YNI,QVVPYPQ,Tier1,2.970367167105656
YNI,LQGM,Tier1,2.6979112636004636
YNI,IQY,Tier1,2.9992668071462916
YNI,AGWNIP,Tier1,3.018312317938799
YNI,AGWNI,Tier1,2.4812794548791497
YNI,WNIP,Tier1,2.715510116433638
YNI,GWNIP,Tier1,3.011434603484306
YNI,GWNI,Tier1,2.730269241853817
YNI,YPELF,Tier1,3.0522991617102826
YNI,YQL,Tier1,2.5663438767101447
YNI,FYQL,Tier1,2.390054884774764
EFIQ,LNGDVW,Tier1,2.4394665452430058
EFIQ,LDK,Tier1,2.8680918119561203
EFIQ,AIRQGDVF,Tier1,3.037252508334084
EFIQ,MEMK,Tier1,2.8752253258535685
EFIQ,LDY,Tier1,2.9071117259839325
EFIQ,YQLD,Tier1,2.2226135229602826
EFIQ,RNDDLNYIQ,Tier1,2.997508450816249
EFIQ,DVFRELRVQ,Tier1,2.135995208643508
EFIQ,GGLEPINFN,Tier1,2.6690256277112585
EFIQ,GIFE,Tier1,2.576900763929902
EFIQ,IQW,Tier1,2.8878978548863756
EFIQ,CME,Tier1,3.1129303733861846
EFIQ,WEN,Tier1,3.0472202937757693
EFIQ,QCL,Tier1,2.9579388728203146
EFIQ,EQC,Tier1,2.8337371076060878
EFIQ,KLSDW,Tier1,2.481827718253515
EFIQ,KGLWE,Tier1,3.030613869288205
LNGDVW,HEKVC,Tier1,2.7145023470117557
LNGDVW,FLQEFLHV,Tier1,2.928292816516721
LNGDVW,EWPAQ,Tier1,2.9346187251202234
LNGDVW,LMGQW,Tier1,2.299369420298425
LNGDVW,ADF,Tier1,2.4936434468765536
LNGDVW,SDF,Tier1,2.7700292780794804
LNGDVW,YQIGL,Tier1,2.99426680740362
LNGDVW,FRADHPFL,Tier1,2.6090516764742335
LNGDVW,QVVPYPQ,Tier1,3.095859558091109
LNGDVW,LQGM,Tier1,2.9613866568204035
LNGDVW,AIRQGDVF,Tier1,1.8846746564205794
LNGDVW,VLEANPRSF,Tier1,2.583088636433096
LNGDVW,IQY,Tier1,2.1892739965351375
LNGDVW,LGFEY,Tier1,2.702721487245249
LNGDVW,WISELG,Tier1,2.4122937827131357
LNGDVW,WISELGW,Tier1,2.905183297802864
LNGDVW,ISELWG,Tier1,2.5969189471278886
LNGDVW,ISELGF,Tier1,3.004372685088518
LNGDVW,ISELGY,Tier1,2.6912781755130997
LNGDVW,QLGNLGV,Tier1,2.8730607273646895
LNGDVW,LDY,Tier1,2.0688276891889155
LNGDVW,YQLD,Tier1,2.291710917973391
LNGDVW,GYLEQ,Tier1,2.8852903080673116
LNGDVW,YPELF,Tier1,2.4377281284699746
LNGDVW,YQL,Tier1,2.2372466260075057
LNGDVW,VGDI,Tier1,2.241363733830397
LNGDVW,RASDPLLSV,Tier1,3.0881963993656245
LNGDVW,RNDDLNYIQ,Tier1,3.066706227087252
LNGDVW,TSQLLSDQ,Tier1,2.4151432238068002
LNGDVW,GFGPEL,Tier1,2.8361917340906624
LNGDVW,VVGGDGDV,Tier1,2.248182241943929
LNGDVW,LTTLDSE,Tier1,2.9833379793848196
LNGDVW,GGLEPINFN,Tier1,2.137307210713532
LNGDVW,GIFE,Tier1,2.3804512321329443
LNGDVW,QCL,Tier1,3.0089891532448534
LNGDVW,KLSDW,Tier1,2.1002302070849894
LNGDVW,KGLWE,Tier1,2.3447478805726014
LNGDVW,IYIEQGNGITGM,Tier1,3.0656729855339857
LNGDVW,ETTL,Tier1,3.07968185203592
LNGDVW,IVEYF,Tier1,2.178543956649677
NYKQM,QWPAQ,Tier1,2.3023180063543687
NYKQM,VECYGPNRPQF,Tier1,2.634720810801506
NYKQM,KTFCGRH,Tier1,2.972579215857209
NYKQM,VKEAMAPK,Tier1,2.8897466551620044
NYKQM,RADHPF,Tier1,2.9072616188112894
NYKQM,WSVPQPK,Tier1,3.065600466065499
NYKQM,QGAR,Tier1,2.654625394393473
NYKQM,VLEANPRSF,Tier1,3.1142626586561315
NYKQM,QYDQGV,Tier1,3.020765945731353
NYKQM,NPYVPR,Tier1,2.8028050671362252
NYKQM,PYFNK,Tier1,2.703721227645566
NYKQM,TEFTK,Tier1,2.578658284830292
NYKQM,FHNMEK,Tier1,2.4413715637487643
NYKQM,RYQ,Tier1,3.113008060166085
NYKQM,YQKFP,Tier1,2.0901837705425934
NYKQM,RPNYTDA,Tier1,3.0456082638775737
NYKQM,NFHPQ,Tier1,2.1544842230112695
NYKQM,KFPE,Tier1,2.7925923978508003
NYKQM,LSGNK,Tier1,2.81747826815231
NYKQM,VAWRNRCKGTD,Tier1,2.734033033784208
NYKQM,WRNRCKGTD,Tier1,2.2618581459186466
NYKQM,QKW,Tier1,2.8746139546518448
NYKQM,KGLWE,Tier1,3.0258839758131355
NYKQM,GQFNDKRWIPFG,Tier1,3.0322796017731175
NYKQM,YQKFPQY,Tier1,1.9025876663254193
NYKQM,YQK,Tier1,2.1617153373679443
YSTA,GPAGPAG,Tier1,1.5042097692398921
YSTA,GFPSG,Tier1,2.613087689306223
YSTA,YPPAK,Tier1,2.8624606077575088
YSTA,TGGGNV,Tier1,2.4451195141366346
YSTA,CAAP,Tier1,2.6589362199828224
YSTA,FGHPY,Tier1,2.0277493220273306
YSTA,TTYY,Tier1,1.4813616786016388
YSTA,PYPQ,Tier1,2.8495790678326904
YSTA,YGGFL,Tier1,2.9770250711910387
YSTA,YGGFM,Tier1,2.8061532756106673
YSTA,VPNSYP,Tier1,2.7497068894576158
YSTA,YWVTSGPK,Tier1,2.8199870110114382
YSTA,YAKPA,Tier1,2.9871038821750013
YSTA,RYPS,Tier1,3.0902147847551467
YSTA,AYPS,Tier1,1.3919531664886278
YSTA,LSGYGP,Tier1,1.5698461010555964
YSTA,PYSFK,Tier1,3.112971374268684
YSTA,WPP,Tier1,3.1145977637725877
YSTA,GEGSGA,Tier1,2.7508688503350367
YSTA,AGGF,Tier1,2.2301275048598734
YSTA,SGAF,Tier1,2.1750333915055737
YSTA,GFYPPP,Tier1,3.1203696401849013
YFE,SDF,Tier1,3.1175430359727287
YFE,LGFEY,Tier1,2.7513542641235724
YFE,LGFEYY,Tier1,2.809108266078854
YFE,GIFE,Tier1,3.1145357209700633
SWN,QWPAQ,Tier1,2.0942733754621425
SWN,EWPAQ,Tier1,2.702629895009854
SWN,MQFHT,Tier1,2.450381764027323
SWN,QVVPYPQ,Tier1,2.9823773274827934
SWN,AGWNIP,Tier1,2.7099029327989723
SWN,WNIP,Tier1,2.885942175035542
SWN,GWNIP,Tier1,2.5322357240192157
SWN,PYFNK,Tier1,2.3804159572534287
SWN,FHNMEK,Tier1,2.931202839840293
SWN,GYLEQ,Tier1,2.8236224145601736
SWN,RDMPIQ,Tier1,2.867646218863921
SWN,YGLN,Tier1,2.5844460345860463
SWN,YQKFP,Tier1,2.4976752996177525
SWN,NFHPQ,Tier1,2.374381432754331
SWN,PYSFK,Tier1,2.956710946216592
SWN,GFGPEL,Tier1,3.100619578739903
SWN,GGLEPINFN,Tier1,2.8300741490089667
SWN,WPP,Tier1,3.109334340905566
SWN,ACQ,Tier1,2.6420047082826947
SWN,QCH,Tier1,2.3267920129051998
SWN,KLSDW,Tier1,3.0132265135991396
SWN,KGLWE,Tier1,3.068223366754736
SWN,KDVPP,Tier1,3.1205046322433065
SWN,GQVPP,Tier1,3.0188596957640352
HVCYMF,FLQEFLHV,Tier1,3.0294318432971785
HVCYMF,LMGQW,Tier1,2.947776681436936
HVCYMF,PVMGA,Tier1,2.6784500193433693
HVCYMF,VCSV,Tier1,3.0174586565160664
HVCYMF,SALAM,Tier1,3.071346781474969
HVCYMF,YPI,Tier1,2.8224671800272505
HVCYMF,YPIL,Tier1,2.9646636580959704
HVCYMF,HQIYPV,Tier1,2.8818006972985137
HVCYMF,IYPF,Tier1,1.7934775350602197
HVCYMF,WYSL,Tier1,2.3146599262682472
HVCYMF,WYSLA,Tier1,2.5129467938639114
HVCYMF,WYSLAM,Tier1,2.051780614663566
HVCYMF,WYSLAMA,Tier1,2.1950765475848932
HVCYMF,FPLEMMPF,Tier1,2.282856556761874
HVCYMF,LNLPTAVYMVT,Tier1,2.659745172143996
HVCYMF,YGGFL,Tier1,2.611929470584458
HVCYMF,YGGFM,Tier1,2.714138759356353
HVCYMF,DRVYIHPF,Tier1,2.8116852947417352
HVCYMF,FALPQYLK,Tier1,2.857051658884973
HVCYMF,WPL,Tier1,2.669306908702674
HVCYMF,VPW,Tier1,2.0850755880434155
HVCYMF,VFPW,Tier1,1.504747614974385
HVCYMF,AGWNIPIGT,Tier1,2.7578951148725657
HVCYMF,WISELG,Tier1,3.0876355820224
HVCYMF,WISELGW,Tier1,2.5282758948719177
HVCYMF,ISELWG,Tier1,3.0209869129196627
HVCYMF,ISELGF,Tier1,2.9603885777848653
HVCYMF,SVMPVVA,Tier1,2.4574101197793277
HVCYMF,YLMSR,Tier1,2.6344274688459106
HVCYMF,VAMVPPFET,Tier1,2.442194782096087
HVCYMF,FYQL,Tier1,3.074290213629951
HVCYMF,FFGFN,Tier1,2.6796008833311418
HVCYMF,FVPH,Tier1,1.7970777489242427
HVCYMF,VPVTST,Tier1,2.837190711375259
HVCYMF,GGIF,Tier1,2.342844817378474
HVCYMF,YYIVS,Tier1,2.6376147426171737
HVCYMF,LPF,Tier1,2.505506485014047
HVCYMF,LLPF,Tier1,2.8209393589217506
HVCYMF,FLPF,Tier1,1.7310879302947855
HVCYMF,HYVPV,Tier1,2.7430675274473915
HVCYMF,LTC,Tier1,3.106801746072214
HVCYMF,LPM,Tier1,2.8207437814729346
HVCYMF,PGVPWP,Tier1,2.8081521236940086
HVCYMF,VAGTWY,Tier1,3.0093957560975433
MWL,MILMR,Tier1,2.7260160637917648
MWL,LFC,Tier1,1.343961964829103
MWL,CLV,Tier1,2.665025337638395
HDHPVC,HEKVC,Tier1,2.5234233360605587
HDHPVC,QWPAQ,Tier1,3.0867168013594646
HDHPVC,TGGGNV,Tier1,2.7814346724378973
HDHPVC,VECYGPNRPQF,Tier1,2.873594064845354
HDHPVC,EWPAQ,Tier1,2.736090683412625
HDHPVC,FLHRP,Tier1,2.4805366811627736
HDHPVC,QHGV,Tier1,2.1077252755288205
HDHPVC,VKEAMAPK,Tier1,2.2732151113615675
HDHPVC,ARHPHPHLSFM,Tier1,2.8873633631972546
HDHPVC,YQEPVLGP,Tier1,2.1726955691193
HDHPVC,FRADHPFL,Tier1,1.9487292483268108
HDHPVC,RADHPFL,Tier1,1.4461115588400928
HDHPVC,RADHPF,Tier1,1.9045348047732975
HDHPVC,RADHP,Tier1,3.0599315134965224
HDHPVC,ADHP,Tier1,2.7615986118161144
HDHPVC,QVVPYPQ,Tier1,2.7874663745379036
HDHPVC,HQIYPV,Tier1,2.644853274823004
HDHPVC,WSVPQPK,Tier1,2.8867222300242528
HDHPVC,DRVYIHPF,Tier1,2.8872571931264464
HDHPVC,AIRQGDVF,Tier1,2.6911637039602594
HDHPVC,VLEANPRSF,Tier1,2.3301419309464255
HDHPVC,HNPI,Tier1,2.2741428498454557
HDHPVC,QYDQGV,Tier1,2.7404291001844094
HDHPVC,AADNANELFPPN,Tier1,2.745639995716879
HDHPVC,VPYPQ,Tier1,2.8501858996502527
HDHPVC,VPNSYP,Tier1,2.5322987518702713
HDHPVC,NPYVPR,Tier1,2.7282712775018174
HDHPVC,WISELG,Tier1,2.9520424440630992
HDHPVC,ISELWG,Tier1,2.9882975260763933
HDHPVC,ISELGY,Tier1,2.756910802111761
HDHPVC,TERGY,Tier1,2.7924475452623403
HDHPVC,TEFTK,Tier1,2.3433758306272137
HDHPVC,WHNVSGSP,Tier1,2.8384139858354076
HDHPVC,YWVTSGPK,Tier1,3.068396452938793
HDHPVC,LYEGY,Tier1,2.8101870151123944
HDHPVC,VAMVPPFET,Tier1,2.922936666781037
HDHPVC,YSEMPPGK,Tier1,2.499821025705577
HDHPVC,VLSRYPS,Tier1,2.6257501768753455
HDHPVC,TIASGEP,Tier1,2.2302897366395635
HDHPVC,GYLEQ,Tier1,3.046481027907136
HDHPVC,YPELF,Tier1,3.02152996741384
HDHPVC,YVGD,Tier1,2.9557523100507592
HDHPVC,LGNTDYAVH,Tier1,1.8629083727607965
HDHPVC,RASDPLLSV,Tier1,2.2935373066661446
HDHPVC,LAPSLPGKPKPD,Tier1,2.433562399135855
HDHPVC,MPDAHL,Tier1,1.3762233878584753
HDHPVC,ALEPDHR,Tier1,2.374489797809175
HDHPVC,TETWNPNHPEL,Tier1,2.8908282114932433
HDHPVC,FVPH,Tier1,3.0454147352458136
HDHPVC,SAEHGSLH,Tier1,1.8546860003786594
HDHPVC,TSQLLSDQ,Tier1,2.3773668343263417
HDHPVC,TRTGDPFF,Tier1,2.0546245732376205
HDHPVC,NFHPQ,Tier1,2.8978800466509185
HDHPVC,GFGPEL,Tier1,2.364964260222265
HDHPVC,VGGRP,Tier1,2.3855888224155346
HDHPVC,VVGGDGDV,Tier1,2.655031917456771
HDHPVC,LTTLDSE,Tier1,2.6733522251728465
HDHPVC,YLGAK,Tier1,3.0421124452903645
HDHPVC,GVQEGAGHYALL,Tier1,2.6365916600301396
HDHPVC,TYQTF,Tier1,2.9827071473154874
HDHPVC,SGQYFL,Tier1,2.7577826811693225
HDHPVC,YYDPL,Tier1,2.712944486670826
HDHPVC,GIISHR,Tier1,2.8800107269425643
HDHPVC,SNAAC,Tier1,2.696911234707019
HDHPVC,LSGNK,Tier1,2.691015622637717
HDHPVC,GEGSGA,Tier1,2.927114600297705
HDHPVC,GLTSK,Tier1,2.729324608482608
HDHPVC,CAQ,Tier1,2.9490644758324667
HDHPVC,CSQAPLA,Tier1,2.778106858095751
HDHPVC,WYGPD,Tier1,2.960458425925946
HDHPVC,KGLWE,Tier1,2.547209082658076
HDHPVC,IYIEQGNGITGM,Tier1,2.696014953089531
HDHPVC,ADGF,Tier1,2.765219218684576
HDHPVC,ETTL,Tier1,2.191087866372231
HDHPVC,KDVPP,Tier1,2.7618943232581143
HDHPVC,GQVPP,Tier1,2.732328173620396
HDHPVC,DGVVYY,Tier1,2.7068297681748277
HEKVC,VECYGPNRPQF,Tier1,2.965704366895449
HEKVC,EWPAQ,Tier1,2.888155961837564
HEKVC,FLHRP,Tier1,3.1095076602873433
HEKVC,LDK,Tier1,2.750642552218001
HEKVC,QHGV,Tier1,2.885964520505638
HEKVC,VKEAMAPK,Tier1,2.236318237046054
HEKVC,FIKK,Tier1,3.091618565103487
HEKVC,FRADHPFL,Tier1,2.2794244855165227
HEKVC,RADHPFL,Tier1,2.3336977782330215
HEKVC,RADHPF,Tier1,2.8481871049125718
HEKVC,AIRQGDVF,Tier1,2.135064827040518
HEKVC,VLEANPRSF,Tier1,2.8135850065509893
HEKVC,VKP,Tier1,2.5894191689131043
HEKVC,TEFTK,Tier1,2.656282751625924
HEKVC,FHNMEK,Tier1,2.117331125813371
HEKVC,GYLEQ,Tier1,3.0163846095321567
HEKVC,RDMPIQ,Tier1,2.796306221958344
HEKVC,YLKT,Tier1,3.063491997771718
HEKVC,RNDDLNYIQ,Tier1,2.919776582545671
HEKVC,ALEPDHR,Tier1,2.804674043124615
HEKVC,TSQLLSDQ,Tier1,2.8705358379834633
HEKVC,NFHPQ,Tier1,2.831037846163991
HEKVC,STMMEERRMKVY,Tier1,2.985785261713575
HEKVC,GGLEPINFN,Tier1,3.0449056890824227
HEKVC,KFPE,Tier1,3.036600570005458
HEKVC,LSGNK,Tier1,2.8872553678999364
HEKVC,VAWRNRCKGTD,Tier1,2.7332718672973173
HEKVC,WRNRCKGTD,Tier1,2.907078677308304
HEKVC,KLSDW,Tier1,1.9794188459997253
HEKVC,KGLWE,Tier1,1.822670016817559
HEKVC,KDVPP,Tier1,2.65425058338855
HEKVC,VPKVK,Tier1,2.9336812453743235
QWPAQ,YPPAK,Tier1,3.043030706799066
QWPAQ,TGGGNV,Tier1,2.399670445729421
QWPAQ,VECYGPNRPQF,Tier1,1.9108584294864566
QWPAQ,EWPAQ,Tier1,1.8205634101437425
QWPAQ,LMGQW,Tier1,2.863672148963446
QWPAQ,QHGV,Tier1,2.6366985480791887
QWPAQ,MQFHT,Tier1,2.796838652809069
QWPAQ,VKEAMAPK,Tier1,2.3816498182053683
QWPAQ,YQEPVLGP,Tier1,2.509547907459248
QWPAQ,FRADHPFL,Tier1,2.614867312469282
QWPAQ,RADHPFL,Tier1,2.7380291112611572
QWPAQ,RADHPF,Tier1,2.8106898416087
QWPAQ,QVVPYPQ,Tier1,1.7309877654134087
QWPAQ,HQIYPV,Tier1,2.5372395590548407
QWPAQ,PYPQ,Tier1,2.518295304017398
QWPAQ,WSVPQPK,Tier1,2.412839267209981
QWPAQ,LQGM,Tier1,2.9396683051798886
QWPAQ,DRVYIHPF,Tier1,3.0054904586600357
QWPAQ,AIRQGDVF,Tier1,2.5190644334935324
QWPAQ,VLEANPRSF,Tier1,2.737702748165653
QWPAQ,FALPQYLK,Tier1,2.9237541772377074
QWPAQ,PYVRYL,Tier1,2.950960316426907
QWPAQ,HNPI,Tier1,2.9882044433335366
QWPAQ,QYDQGV,Tier1,2.505900095711539
QWPAQ,AADNANELFPPN,Tier1,2.9262097568076673
QWPAQ,AGWNIPIGT,Tier1,3.0083102288510823
QWPAQ,AGWNIP,Tier1,2.7431448316053793
QWPAQ,LGFEYY,Tier1,2.938171742251604
QWPAQ,GWNIP,Tier1,3.0354412381778206
QWPAQ,VPYPQ,Tier1,2.1866899413606107
QWPAQ,VPNSYP,Tier1,2.1700072978012397
QWPAQ,NPYVPR,Tier1,2.0079549148974873
QWPAQ,PYFNK,Tier1,1.9728731183799368
QWPAQ,TERGY,Tier1,2.923803981373836
QWPAQ,TEFTK,Tier1,2.1271304002065645
QWPAQ,WHNVSGSP,Tier1,2.432012352897324
QWPAQ,YWVTSGPK,Tier1,2.782892904127876
QWPAQ,YSEMPPGK,Tier1,2.1445999115788177
QWPAQ,FHNMEK,Tier1,2.524999339089268
QWPAQ,RYPS,Tier1,2.8482900914297096
QWPAQ,SRYPS,Tier1,3.0731743413420958
QWPAQ,VLSRYPS,Tier1,2.817032381673168
QWPAQ,GYLEQ,Tier1,2.299166615580436
QWPAQ,RDMPIQ,Tier1,2.711657380774945
QWPAQ,YPELF,Tier1,3.0183729143787446
QWPAQ,YLKT,Tier1,2.5729554810952697
QWPAQ,TVYQ,Tier1,2.68461151145976
QWPAQ,YGLN,Tier1,2.376305008942181
QWPAQ,YQKFP,Tier1,1.601448834815668
QWPAQ,YQL,Tier1,2.947536013387799
QWPAQ,FYQL,Tier1,3.0849929200773234
QWPAQ,LGNTDYAVH,Tier1,2.878463272471139
QWPAQ,LAPSLPGKPKPD,Tier1,2.875513245074517
QWPAQ,TSQLLSDQ,Tier1,2.4565334750983574
QWPAQ,TRTGDPFF,Tier1,2.509459773734771
QWPAQ,NFHPQ,Tier1,1.195159191656556
QWPAQ,PYSFK,Tier1,2.6572222403006074
QWPAQ,GFGPEL,Tier1,2.61761775235941
QWPAQ,VGGRP,Tier1,2.699656219587689
QWPAQ,YLGAK,Tier1,3.041613758446725
QWPAQ,GGLEPINFN,Tier1,2.5591658920496627
QWPAQ,WPP,Tier1,3.0369084250820757
QWPAQ,TYQTF,Tier1,2.303413481415698
QWPAQ,SGQYFL,Tier1,2.6181496645787745
QWPAQ,YYDPL,Tier1,3.054193243766309
QWPAQ,KFPE,Tier1,2.6728293559405647
QWPAQ,SNAAC,Tier1,2.7903651156275
QWPAQ,QYP,Tier1,2.487816924869717
QWPAQ,LSGNK,Tier1,2.204559319371314
QWPAQ,GLTSK,Tier1,2.873519994422175
QWPAQ,VAWRNRCKGTD,Tier1,2.9233948706635147
QWPAQ,SDRDLLGPNNQYLPK,Tier1,3.0714506794591405
QWPAQ,ACQ,Tier1,2.9750983199480125
QWPAQ,CAQ,Tier1,2.7033292436519587
QWPAQ,QCH,Tier1,2.7993147722483736
QWPAQ,CSQAPLA,Tier1,3.0011254596561407
QWPAQ,WYGPD,Tier1,2.897033396722549
QWPAQ,KLSDW,Tier1,2.8265860333062047
QWPAQ,KGLWE,Tier1,2.421354508751145
QWPAQ,IYIEQGNGITGM,Tier1,2.9589909205049665
QWPAQ,GQFNDKRWIPFG,Tier1,2.590808129468753
QWPAQ,KDVPP,Tier1,2.439728611075959
QWPAQ,GQVPP,Tier1,1.8809927093700574
QWPAQ,DVPPYM,Tier1,3.122640883137515
QWPAQ,RYLGY,Tier1,2.978557461466047
QWPAQ,RYLG,Tier1,3.1228714858559585
QWPAQ,AYFYPEL,Tier1,2.9796403897015407
QWPAQ,YQKFPQY,Tier1,2.0579469279871097
QWPAQ,FPQY,Tier1,2.7268743772829955
GPAGPAG,GFPSG,Tier1,2.4358889966216886
GPAGPAG,YPPAK,Tier1,2.555633826921407
GPAGPAG,TCSP,Tier1,3.0660881544467196
GPAGPAG,TGGGNV,Tier1,2.2724517088783434
GPAGPAG,CAAP,Tier1,2.2277385212882326
GPAGPAG,FGHPY,Tier1,2.837771169664206
GPAGPAG,TTYY,Tier1,2.449380337735814
GPAGPAG,PYPQ,Tier1,2.8208607318085672
GPAGPAG,VPYPQ,Tier1,2.8345589514103193
GPAGPAG,VPNSYP,Tier1,2.6489721375252433
GPAGPAG,WHNVSGSP,Tier1,2.8914757871265486
GPAGPAG,YAKPA,Tier1,2.8622022403395997
GPAGPAG,SRYPS,Tier1,3.1247117644060554
GPAGPAG,AYPS,Tier1,1.237700285078528
GPAGPAG,TIASGEP,Tier1,2.9991234078954605
GPAGPAG,LSGYGP,Tier1,2.1497255749963156
GPAGPAG,SNAAC,Tier1,3.096613930199357
GPAGPAG,GEGSGA,Tier1,2.873339919004037
GPAGPAG,AGGF,Tier1,2.4601393828284426
GPAGPAG,SGAF,Tier1,2.754733720841157
GPAGPAG,GQVPP,Tier1,2.775967719438629
GPAGPAG,GFYPPP,Tier1,2.823084136175417
GFPSG,YPPAK,Tier1,2.9959205617486933
GFPSG,TCSP,Tier1,1.3040131164035218
GFPSG,TGGGNV,Tier1,2.902284912891732
GFPSG,PVMGA,Tier1,2.411571626966532
GFPSG,CAAP,Tier1,1.7579248425770497
GFPSG,FGHPY,Tier1,2.2291034458924854
GFPSG,TTYY,Tier1,2.8045879852176383
GFPSG,YQEPVLGP,Tier1,3.07334195159794
GFPSG,YPI,Tier1,2.476559073917125
GFPSG,QVVPYPQ,Tier1,3.042629835684936
GFPSG,HQIYPV,Tier1,2.926178091813431
GFPSG,PYPQ,Tier1,3.1122772036924045
GFPSG,IYPF,Tier1,2.981913811863811
GFPSG,WYS,Tier1,2.723895951216584
GFPSG,WYSLA,Tier1,2.7931282943586866
GFPSG,WYSLAM,Tier1,3.0451203879167275
GFPSG,WYSLAMA,Tier1,2.7701659838142074
GFPSG,YGGFL,Tier1,2.6061632643331247
GFPSG,YGGFM,Tier1,2.202821853303574
GFPSG,AGWNIPIGT,Tier1,2.577130600856219
GFPSG,AGWNIP,Tier1,2.8362480940457595
GFPSG,VPYPQ,Tier1,2.1877214510374032
GFPSG,VPNSYP,Tier1,2.434111660281
GFPSG,YLMSR,Tier1,3.0728846782181845
GFPSG,HMPVTK,Tier1,3.077365431943719
GFPSG,WHNVSGSP,Tier1,2.1489571764291138
GFPSG,YWVTSGPK,Tier1,2.869842464841603
GFPSG,VAMVPPFET,Tier1,3.010168181936725
GFPSG,YSEMPPGK,Tier1,2.9670373726259562
GFPSG,AYPS,Tier1,2.251607456953321
GFPSG,VLSRYPS,Tier1,2.9966490914906347
GFPSG,TIASGEP,Tier1,2.9614251176736643
GFPSG,TVYQ,Tier1,3.071431916509946
GFPSG,FVPH,Tier1,2.6566013707533385
GFPSG,LSGYGP,Tier1,2.406161206076745
GFPSG,GFGPEL,Tier1,2.892142033480508
GFPSG,VPVTST,Tier1,2.1871771242896827
GFPSG,YLGAK,Tier1,3.0731464361011898
GFPSG,GGIF,Tier1,3.0726473661878737
GFPSG,WPP,Tier1,1.4448517005935502
GFPSG,YYIVS,Tier1,3.089568613957767
GFPSG,TYQTF,Tier1,2.900292870327069
GFPSG,SNAAC,Tier1,2.78156973155372
GFPSG,HYVPV,Tier1,3.061091812300545
GFPSG,MPACGSS,Tier1,2.1850967860114032
GFPSG,GLTSK,Tier1,2.910011106444129
GFPSG,GTW,Tier1,2.9631085969216397
GFPSG,CSQAPLA,Tier1,2.5439737630904165
GFPSG,AGGF,Tier1,1.4227977867507922
GFPSG,SGAF,Tier1,2.064739376617404
GFPSG,GQVPP,Tier1,2.55336521857351
GFPSG,GFYPPP,Tier1,1.4454054405152479
GFPSG,DVPPYM,Tier1,2.8057042462442956
GFPSG,PGVPWP,Tier1,1.8546930019098795
GFPSG,YLGY,Tier1,2.7926146707504627
GFPSG,LGY,Tier1,3.058779400805046
GFPSG,AYFYPEL,Tier1,2.824124970804042
GFPSG,AYFYPE,Tier1,2.5990389568838794
GFPSG,VAGTWY,Tier1,2.6021976309596337
YPPAK,TGGGNV,Tier1,2.8680444829667704
YPPAK,ARHPHPHLSFM,Tier1,3.11717227150791
YPPAK,FGHPY,Tier1,2.9844401427950213
YPPAK,TTYY,Tier1,2.893124979387679
YPPAK,QVVPYPQ,Tier1,3.014240673672145
YPPAK,PYPQ,Tier1,1.4819434880439453
YPPAK,WSVPQPK,Tier1,3.0039272704241884
YPPAK,VPYPQ,Tier1,2.1370628398147677
YPPAK,VPNSYP,Tier1,2.158004474741774
YPPAK,NPYVPR,Tier1,2.7449986182414783
YPPAK,PYFNK,Tier1,3.038374882475257
YPPAK,TERGY,Tier1,3.1108659992387895
YPPAK,WHNVSGSP,Tier1,2.2727487667847757
YPPAK,YSEMPPGK,Tier1,2.028896938564918
YPPAK,YAKPA,Tier1,1.2857218624456612
YPPAK,ARHPHP,Tier1,2.3514374336482455
YPPAK,RHPHP,Tier1,2.7449690011667824
YPPAK,RYPS,Tier1,1.134431620072935
YPPAK,SRYPS,Tier1,1.1673193526378043
YPPAK,AYPS,Tier1,2.2049179684803044
YPPAK,YAKP,Tier1,2.0346297478823097
YPPAK,VLSRYPS,Tier1,2.5335009247223046
YPPAK,YQKFP,Tier1,2.9246554380380525
YPPAK,LAPSLPGKPKPD,Tier1,2.97869591330132
YPPAK,VGGRP,Tier1,2.410920138568514
YPPAK,TYQTF,Tier1,2.92942348928023
YPPAK,SNAAC,Tier1,2.85952763633589
YPPAK,QYP,Tier1,2.5713001123085943
YPPAK,LSGNK,Tier1,2.9042586347724657
YPPAK,GQVPP,Tier1,2.688492627244288
YPPAK,GFYPPP,Tier1,2.743481540219877
YPPAK,YQKFPQY,Tier1,2.9544977174716465
TCSP,PVMGA,Tier1,2.5452402843076696
TCSP,CAAP,Tier1,2.0843406607074275
TCSP,YPI,Tier1,3.0257344428052124
TCSP,WYSLAMA,Tier1,3.0314218822493855
TCSP,AGWNIPIGT,Tier1,2.7378641708153
TCSP,AGWNIP,Tier1,2.937771790443074
TCSP,VPYPQ,Tier1,2.6033089360204063
TCSP,VPNSYP,Tier1,3.006514276931494
TCSP,HMPVTK,Tier1,2.814198087338276
TCSP,WHNVSGSP,Tier1,2.390562900450066
TCSP,VAMVPPFET,Tier1,2.9930044563022102
TCSP,FVPH,Tier1,3.0757020575686376
TCSP,VPVTST,Tier1,2.143626311071114
TCSP,WPP,Tier1,2.1212832157674266
TCSP,SNAAC,Tier1,2.873810905872199
TCSP,HYVPV,Tier1,2.7693777665364485
TCSP,MPACGSS,Tier1,1.5721796207297507
TCSP,CSQAPLA,Tier1,2.5710541865768293
TCSP,AGGF,Tier1,2.3737270604163685
TCSP,SGAF,Tier1,2.95261261030294
TCSP,GQVPP,Tier1,2.7687790162005093
TCSP,GFYPPP,Tier1,2.0615801480872333
TCSP,DVPPYM,Tier1,2.707202664667188
TCSP,PGVPWP,Tier1,2.0570460945609037
TGGGNV,VECYGPNRPQF,Tier1,2.916859673625942
TGGGNV,EWPAQ,Tier1,2.8459815694101303
TGGGNV,PVMGA,Tier1,2.8721193932902547
TGGGNV,QHGV,Tier1,2.3714174476655363
TGGGNV,CAAP,Tier1,2.321489110101884
TGGGNV,MQFHT,Tier1,3.0196773174845095
TGGGNV,VKEAMAPK,Tier1,2.8712047046581506
TGGGNV,FGHPY,Tier1,2.899413941107538
TGGGNV,YQEPVLGP,Tier1,2.544301497328423
TGGGNV,FRADHPFL,Tier1,2.905180067568906
TGGGNV,RADHPFL,Tier1,2.90784882544098
TGGGNV,QVVPYPQ,Tier1,1.9969260007990317
TGGGNV,HQIYPV,Tier1,2.5154110358952746
TGGGNV,PYPQ,Tier1,2.7027978632578895
TGGGNV,YGGFL,Tier1,2.9086813794433466
TGGGNV,YGGFM,Tier1,2.9053818999325682
TGGGNV,AIRQGDVF,Tier1,2.891603991219255
TGGGNV,VLEANPRSF,Tier1,3.0446948409325905
TGGGNV,PYVRYL,Tier1,3.0894056095257025
TGGGNV,HNPI,Tier1,3.0593849473764965
TGGGNV,AGWNIPIGT,Tier1,2.758705517194075
TGGGNV,AGWNIP,Tier1,2.9165767521805384
TGGGNV,VPYPQ,Tier1,2.3051852324647455
TGGGNV,VPNSYP,Tier1,1.8436379928036055
TGGGNV,NPYVPR,Tier1,2.876041486356551
TGGGNV,ISELGY,Tier1,2.7843457024023386
TGGGNV,WHNVSGSP,Tier1,2.513250889578967
TGGGNV,YWVTSGPK,Tier1,2.6094255125287877
TGGGNV,YSEMPPGK,Tier1,2.552486999752571
TGGGNV,YAKPA,Tier1,2.7160694287130953
TGGGNV,GTQY,Tier1,3.105889621315666
TGGGNV,RYPS,Tier1,3.053733324046203
TGGGNV,SRYPS,Tier1,3.0827333384791915
TGGGNV,AYPS,Tier1,2.700333968263827
TGGGNV,VLSRYPS,Tier1,2.4369520558487285
TGGGNV,TIASGEP,Tier1,2.1972703708265615
TGGGNV,GYLEQ,Tier1,2.839375594386453
TGGGNV,YPELF,Tier1,3.0592610295841887
TGGGNV,YLKT,Tier1,2.818638496191863
TGGGNV,TVYQ,Tier1,3.0595538607094865
TGGGNV,YGLN,Tier1,2.3572377602100367
TGGGNV,LGNTDYAVH,Tier1,2.701789349383584
TGGGNV,RASDPLLSV,Tier1,2.915758473427557
TGGGNV,LAPSLPGKPKPD,Tier1,2.8561038400453054
TGGGNV,MPDAHL,Tier1,2.847758922836756
TGGGNV,SAEHGSLH,Tier1,2.4558419820562922
TGGGNV,TSQLLSDQ,Tier1,2.4664165726428453
TGGGNV,TRTGDPFF,Tier1,2.849543906062402
TGGGNV,NFHPQ,Tier1,2.721509096962287
TGGGNV,LSGYGP,Tier1,2.078700705738879
TGGGNV,PYSFK,Tier1,3.027780644481157
TGGGNV,GFGPEL,Tier1,2.4333810032639116
TGGGNV,VGGRP,Tier1,2.4117052098854503
TGGGNV,VPVTST,Tier1,3.019659948825403
TGGGNV,YLGAK,Tier1,2.8767128091644345
TGGGNV,GGLEPINFN,Tier1,2.879313240431945
TGGGNV,GVQEGAGHYALL,Tier1,2.473018885896755
TGGGNV,TYQTF,Tier1,2.693522510238825
TGGGNV,SGQYFL,Tier1,2.3962928853504
TGGGNV,SNAAC,Tier1,2.2501864043953783
TGGGNV,QYP,Tier1,2.9487321440741296
TGGGNV,LSGNK,Tier1,2.6503525624404753
TGGGNV,GEGSGA,Tier1,2.2985019972797582
TGGGNV,GLTSK,Tier1,2.6120742499806324
TGGGNV,CAQ,Tier1,2.990248388870152
TGGGNV,CSQAPLA,Tier1,2.5089897157879086
TGGGNV,IYIEQGNGITGM,Tier1,3.0144848171427046
TGGGNV,AGGF,Tier1,2.5090421062899497
TGGGNV,ETTL,Tier1,2.819578980694592
TGGGNV,SGAF,Tier1,2.508430854543164
TGGGNV,KDVPP,Tier1,3.0410431107382982
TGGGNV,GQVPP,Tier1,1.4003077686034529
TGGGNV,DGVVYY,Tier1,3.01766415190817
ESTTVPERTHPACPDFN,VECYGPNRPQF,Tier1,2.5525857613817458
ESTTVPERTHPACPDFN,YQEPVLGP,Tier1,2.685927724824329
ESTTVPERTHPACPDFN,YEDCTDCGN,Tier1,2.913779288139728
ESTTVPERTHPACPDFN,AADNANELFPPN,Tier1,2.0513976954390154
ESTTVPERTHPACPDFN,IANNEADAISLDGGQVFEAG,Tier1,2.865749832582674
ESTTVPERTHPACPDFN,PIAAEVYEHTEGSTTSY,Tier1,1.9961536160103428
ESTTVPERTHPACPDFN,AIEWEGIESGSVEQA,Tier1,2.7465430509432944
ESTTVPERTHPACPDFN,YSEMPPGK,Tier1,2.81441917832216
ESTTVPERTHPACPDFN,LGNTDYAVH,Tier1,2.9909332962748403
ESTTVPERTHPACPDFN,AGTTCLFTPLALPYDYSH,Tier1,2.604353096315747
ESTTVPERTHPACPDFN,TETWNPNHPEL,Tier1,2.2413116063403233
ESTTVPERTHPACPDFN,TSQLLSDQ,Tier1,2.872963924337162
ESTTVPERTHPACPDFN,GVQEGAGHYALL,Tier1,2.6684371890399734
ESTTVPERTHPACPDFN,SDRDLLGPNNQYLPK,Tier1,2.4367567241566634
ESTTVPERTHPACPDFN,RCMAFLLSDGAAAAQQLLPQYW,Tier1,3.0328947524498866
ESTTVPERTHPACPDFN,IYIEQGNGITGM,Tier1,2.73997865095845
ESTTVPERTHPACPDFN,VKRRGQDCIHGFCSD,Tier1,3.0317720128781844
ESTTVPERTHPACPDFN,YQEPVLGPVRGPFPIIV,Tier1,3.101805515550219
VECYGPNRPQF,EWPAQ,Tier1,2.271841824065263
VECYGPNRPQF,LMGQW,Tier1,3.0158813148471784
VECYGPNRPQF,VKEAMAPK,Tier1,2.133935450776881
VECYGPNRPQF,YQEPVLGP,Tier1,2.38393057443703
VECYGPNRPQF,FRADHPFL,Tier1,1.976712655562424
VECYGPNRPQF,RADHPFL,Tier1,2.4420746691063915
VECYGPNRPQF,RADHPF,Tier1,2.7940640480853496
VECYGPNRPQF,QVVPYPQ,Tier1,1.900356973912963
VECYGPNRPQF,HQIYPV,Tier1,2.6804893629671183
VECYGPNRPQF,WSVPQPK,Tier1,2.7054203488162547
VECYGPNRPQF,LQGM,Tier1,3.0988933444953553
VECYGPNRPQF,DRVYIHPF,Tier1,2.8451109861696935
VECYGPNRPQF,AIRQGDVF,Tier1,1.957598746748344
VECYGPNRPQF,VLEANPRSF,Tier1,2.0898439133113778
VECYGPNRPQF,FALPQYLK,Tier1,2.9722821513171245
VECYGPNRPQF,QYDQGV,Tier1,2.7290014143006864
VECYGPNRPQF,AADNANELFPPN,Tier1,2.348426903960412
VECYGPNRPQF,AMRLTYNRPCIYAT,Tier1,2.815164995190961
VECYGPNRPQF,AMRLTGNRPGLYAT,Tier1,2.872754420578636
VECYGPNRPQF,AMRLTYNRPCLGAT,Tier1,2.8496180009321708
VECYGPNRPQF,CVHWMTNTARTACIAP,Tier1,2.935293074710167
VECYGPNRPQF,AMRLTYNKPCLYGT,Tier1,2.83311388768754
VECYGPNRPQF,AGWNIPIGT,Tier1,3.080650467785873
VECYGPNRPQF,AGWNIP,Tier1,2.942325095823325
VECYGPNRPQF,LGFEYY,Tier1,2.9516166952114924
VECYGPNRPQF,VPYPQ,Tier1,2.7204089746711038
VECYGPNRPQF,VPNSYP,Tier1,2.6983870762233826
VECYGPNRPQF,NPYVPR,Tier1,2.725303649203245
VECYGPNRPQF,PYFNK,Tier1,2.649529729171103
VECYGPNRPQF,TEFTK,Tier1,2.1540433487324764
VECYGPNRPQF,WHNVSGSP,Tier1,2.456675813623634
VECYGPNRPQF,VAMVPPFET,Tier1,3.077067014084187
VECYGPNRPQF,YSEMPPGK,Tier1,1.9596032939269892
VECYGPNRPQF,FHNMEK,Tier1,2.2218355021361633
VECYGPNRPQF,FVNQPYLLYSVHMK,Tier1,2.9107824142561025
VECYGPNRPQF,LVMFLDNQHRVIRH,Tier1,3.0382046569727232
VECYGPNRPQF,VLSRYPS,Tier1,2.7940896245775515
VECYGPNRPQF,GYLEQ,Tier1,2.621507269796463
VECYGPNRPQF,RDMPIQ,Tier1,2.6112922990892393
VECYGPNRPQF,YPELF,Tier1,2.6226255472815283
VECYGPNRPQF,YLKT,Tier1,3.093587845913053
VECYGPNRPQF,YQKFP,Tier1,2.308918846740412
VECYGPNRPQF,LGNTDYAVH,Tier1,2.7825994280353976
VECYGPNRPQF,RASDPLLSV,Tier1,3.097844620952566
VECYGPNRPQF,RNDDLNYIQ,Tier1,2.776607031654586
VECYGPNRPQF,LAPSLPGKPKPD,Tier1,2.5589377030011313
VECYGPNRPQF,MPDAHL,Tier1,3.086458255450353
VECYGPNRPQF,ALEPDHR,Tier1,3.104944325385157
VECYGPNRPQF,TETWNPNHPEL,Tier1,2.670193773385239
VECYGPNRPQF,TSQLLSDQ,Tier1,2.3142084336058257
VECYGPNRPQF,TRTGDPFF,Tier1,2.3125999099202725
VECYGPNRPQF,NFHPQ,Tier1,2.226140048644248
VECYGPNRPQF,GFGPEL,Tier1,2.7437402599503016
VECYGPNRPQF,STMMEERRMKVY,Tier1,1.9293379442708414
VECYGPNRPQF,GGLEPINFN,Tier1,2.251911449782137
VECYGPNRPQF,GVQEGAGHYALL,Tier1,2.5743253081256623
VECYGPNRPQF,TYQTF,Tier1,2.923257796113721
VECYGPNRPQF,SGQYFL,Tier1,2.97174201886404
VECYGPNRPQF,YYDPL,Tier1,3.0727842753450996
VECYGPNRPQF,KFPE,Tier1,2.64062367092924
VECYGPNRPQF,LSGNK,Tier1,2.879006109536818
VECYGPNRPQF,VAWRNRCKGTD,Tier1,2.4284924134495403
VECYGPNRPQF,WRNRCKGTD,Tier1,2.929415264088002
VECYGPNRPQF,SDRDLLGPNNQYLPK,Tier1,2.198466616550923
VECYGPNRPQF,KLSDW,Tier1,2.7253478331121546
VECYGPNRPQF,KGLWE,Tier1,2.275411118854057
VECYGPNRPQF,IYIEQGNGITGM,Tier1,2.569857757709332
VECYGPNRPQF,VKRRGQDCIHGFCSD,Tier1,1.9617481580039988
VECYGPNRPQF,GQFNDKRWIPFG,Tier1,1.6302107744124068
VECYGPNRPQF,KDVPP,Tier1,2.5423196980860525
VECYGPNRPQF,GQVPP,Tier1,2.564271980840957
VECYGPNRPQF,DVPPYM,Tier1,2.9950157905574355
VECYGPNRPQF,AYFYPEL,Tier1,2.740842758994699
VECYGPNRPQF,YQKFPQY,Tier1,2.306522877616491
VECYGPNRPQF,YQEPVLGPVRGPFPIIV,Tier1,2.9548940611719767
FLQEFLHV,LMGQW,Tier1,2.5048652752749967
FLQEFLHV,YQIGL,Tier1,2.869996716708284
FLQEFLHV,QVVPYPQ,Tier1,2.994641128636261
FLQEFLHV,HQIYPV,Tier1,2.8568011619587006
FLQEFLHV,LQGM,Tier1,2.757156540561187
FLQEFLHV,FPLEMMPF,Tier1,2.073085422763614
FLQEFLHV,LNLPTAVYMVT,Tier1,2.5278735371356964
FLQEFLHV,DRVYIHPF,Tier1,2.6706735933148416
FLQEFLHV,AIRQGDVF,Tier1,2.401971864168967
FLQEFLHV,FALPQYLK,Tier1,3.1032338154729624
FLQEFLHV,AGWNIPIGT,Tier1,2.9512498174459023
FLQEFLHV,AGWNIP,Tier1,3.027439802254928
FLQEFLHV,AGWNI,Tier1,2.8957607813425255
FLQEFLHV,WNIP,Tier1,3.041356505312071
FLQEFLHV,LGFEY,Tier1,2.8560385750731205
FLQEFLHV,LGFEYY,Tier1,3.0704379786948794
FLQEFLHV,WISELG,Tier1,1.909665986245218
FLQEFLHV,WISELGW,Tier1,1.7411320017714584
FLQEFLHV,ISELWG,Tier1,1.8297534041324575
FLQEFLHV,ISELGF,Tier1,2.1862505015585154
FLQEFLHV,ISELGY,Tier1,2.6698622775042176
FLQEFLHV,QLGNLGV,Tier1,2.825897923968441
FLQEFLHV,MILMR,Tier1,2.8199764596598422
FLQEFLHV,VAMVPPFET,Tier1,2.399791852051419
FLQEFLHV,YPELF,Tier1,2.7196878815981407
FLQEFLHV,FYQL,Tier1,2.6531830822332365
FLQEFLHV,VGDI,Tier1,3.06762877069744
FLQEFLHV,GFGPEL,Tier1,2.915405806540158
FLQEFLHV,GGLEPINFN,Tier1,2.5737888228621904
FLQEFLHV,GIFE,Tier1,2.456306213552407
FLQEFLHV,GVQEGAGHYALL,Tier1,2.974686828756415
FLQEFLHV,QCL,Tier1,2.7909076605396517
FLQEFLHV,KGLWE,Tier1,2.813040263856841
FLQEFLHV,IYIEQGNGITGM,Tier1,2.8494968533066216
FLQEFLHV,DGVVYY,Tier1,3.0394154510246625
FLQEFLHV,IVEYF,Tier1,2.256921023095953
FLQEFLHV,AYFYPEL,Tier1,3.0543041210663957
FLQEFLHV,YQEPVLGPVRGPFPIIV,Tier1,2.953022900196166
KTFCGRH,FLHRP,Tier1,1.8191538979270072
KTFCGRH,QHGV,Tier1,2.909837574839137
KTFCGRH,PHCKRM,Tier1,2.8808872747055774
KTFCGRH,VKEAMAPK,Tier1,2.3794291485108583
KTFCGRH,ARHPHPHLSFM,Tier1,2.3514598836815033
KTFCGRH,FRADHPFL,Tier1,2.827403535818357
KTFCGRH,RADHPFL,Tier1,2.605502319334031
KTFCGRH,RADHPF,Tier1,2.492125233076365
KTFCGRH,WSVPQPK,Tier1,1.9837884046325531
KTFCGRH,QGAR,Tier1,3.0631713804035576
KTFCGRH,FALPQYLK,Tier1,3.1000044906558344
KTFCGRH,HNPI,Tier1,2.7944546180899215
KTFCGRH,AMRLTYNRPCIYAT,Tier1,3.0555344035168726
KTFCGRH,AMRLTGNRPGLYAT,Tier1,2.9510716688137197
KTFCGRH,AMRLTYNRPCLGAT,Tier1,2.983232333578143
KTFCGRH,AMRLTYNKPCLYGT,Tier1,2.9968423537279203
KTFCGRH,NPYVPR,Tier1,2.0205588144521176
KTFCGRH,PYFNK,Tier1,3.012333654165522
KTFCGRH,YLMSR,Tier1,2.847159357072731
KTFCGRH,HMPVTK,Tier1,2.749220449080511
KTFCGRH,YWVTSGPK,Tier1,2.9652105927857377
KTFCGRH,YAKPA,Tier1,2.9595826576435083
KTFCGRH,ARHPHP,Tier1,2.8724077597740294
KTFCGRH,RYPS,Tier1,2.8698149008488736
KTFCGRH,SRYPS,Tier1,3.04956990780036
KTFCGRH,YAKP,Tier1,2.814815467069778
KTFCGRH,VLSRYPS,Tier1,2.7187982510559694
KTFCGRH,YLKT,Tier1,3.0230127030815663
KTFCGRH,YQKFP,Tier1,2.5357210399480206
KTFCGRH,LAPSLPGKPKPD,Tier1,2.494707834759245
KTFCGRH,TRTGDPFF,Tier1,2.9696799402196796
KTFCGRH,NFHPQ,Tier1,2.8497247210677945
KTFCGRH,VGGRP,Tier1,2.2340746013938966
KTFCGRH,YLGAK,Tier1,3.001729104215568
KTFCGRH,GIISHR,Tier1,3.101012788894466
KTFCGRH,LANAK,Tier1,3.0739076966924364
KTFCGRH,LSGNK,Tier1,2.4814446893062074
KTFCGRH,GLTSK,Tier1,2.7545476781460425
KTFCGRH,VAWRNRCKGTD,Tier1,2.7541622808480106
KTFCGRH,KYL,Tier1,2.921966310405052
KTFCGRH,VKRRGQDCIHGFCSD,Tier1,3.046293543740473
KTFCGRH,PKLPPVKK,Tier1,2.7049335188979025
KTFCGRH,RYLGY,Tier1,3.023214985244862
KTFCGRH,RYL,Tier1,3.038704156240906
KTFCGRH,RYLG,Tier1,2.8745396060778035
KTFCGRH,YQKFPQY,Tier1,2.558853864761356
EWPAQ,QHGV,Tier1,3.032844388835241
EWPAQ,MQFHT,Tier1,3.0587058315252276
EWPAQ,VKEAMAPK,Tier1,2.708056309948989
EWPAQ,ADF,Tier1,2.967224490272802
EWPAQ,SDF,Tier1,2.561903775767
EWPAQ,YQEP,Tier1,3.042882199338965
EWPAQ,YQEPVLGP,Tier1,2.4192148270108507
EWPAQ,FRADHPFL,Tier1,2.602594579857676
EWPAQ,RADHPFL,Tier1,2.651404008433303
EWPAQ,RADHPF,Tier1,2.625889464846786
EWPAQ,QVVPYPQ,Tier1,2.597539803091004
EWPAQ,DRVYIHPF,Tier1,3.0164794374513266
EWPAQ,AIRQGDVF,Tier1,2.5438626991578377
EWPAQ,VLEANPRSF,Tier1,2.8480026583457114
EWPAQ,QYDQGV,Tier1,1.9994922332748353
EWPAQ,YEDCTDCGN,Tier1,2.461041958183824
EWPAQ,AADNANELFPPN,Tier1,2.215182878152813
EWPAQ,LGFEY,Tier1,2.5166931998641378
EWPAQ,LGFEYY,Tier1,2.4970464803517913
EWPAQ,VPYPQ,Tier1,3.036246989400593
EWPAQ,VPNSYP,Tier1,2.8724166460241958
EWPAQ,NPYVPR,Tier1,2.884259436753136
EWPAQ,WISELG,Tier1,3.0923641601891245
EWPAQ,ISELGY,Tier1,2.7813202306172586
EWPAQ,PYFNK,Tier1,3.0084139144802746
EWPAQ,TERGY,Tier1,2.4401382466551054
EWPAQ,TEFTK,Tier1,1.5981213728907788
EWPAQ,LDY,Tier1,3.053656893668071
EWPAQ,LYEGY,Tier1,2.5658202565308517
EWPAQ,YSEMPPGK,Tier1,2.435161566947174
EWPAQ,FHNMEK,Tier1,2.4196414347156434
EWPAQ,TIASGEP,Tier1,2.7703546904167045
EWPAQ,YQLD,Tier1,2.6439110964769914
EWPAQ,GYLEQ,Tier1,1.4514790066203964
EWPAQ,RDMPIQ,Tier1,2.7072303534635607
EWPAQ,YPELF,Tier1,2.574236371952591
EWPAQ,TVYQ,Tier1,2.9916101682630623
EWPAQ,YGLN,Tier1,2.802664683160407
EWPAQ,YQKFP,Tier1,2.698437576938688
EWPAQ,YVGD,Tier1,2.589009955846297
EWPAQ,LGNTDYAVH,Tier1,2.6654297772650386
EWPAQ,RNDDLNYIQ,Tier1,2.5658423310829943
EWPAQ,MPDAHL,Tier1,2.8122193038580288
EWPAQ,ALEPDHR,Tier1,2.6399453563856303
EWPAQ,TETWNPNHPEL,Tier1,2.5586632150645454
EWPAQ,SAEHGSLH,Tier1,2.981398363656121
EWPAQ,TSQLLSDQ,Tier1,2.0482840116217296
EWPAQ,TRTGDPFF,Tier1,2.3809060969762053
EWPAQ,NFHPQ,Tier1,2.051214713499972
EWPAQ,GFGPEL,Tier1,2.147758671426295
EWPAQ,VVGGDGDV,Tier1,2.9460396727483213
EWPAQ,LTTLDSE,Tier1,2.632133093313345
EWPAQ,EERYP,Tier1,3.116578808989729
EWPAQ,AEERYP,Tier1,2.5617244662347987
EWPAQ,DEDTQAMP,Tier1,2.9930632065798695
EWPAQ,GGLEPINFN,Tier1,2.3347752293788893
EWPAQ,GIFE,Tier1,3.1073694630876063
EWPAQ,TYQTF,Tier1,2.8027832983311685
EWPAQ,SGQYFL,Tier1,2.968722364131223
EWPAQ,YYDPL,Tier1,2.6592869232930587
EWPAQ,KFPE,Tier1,2.3369185735858973
EWPAQ,QYP,Tier1,3.0110052669691765
EWPAQ,MTEEY,Tier1,2.92232261642942
EWPAQ,LSGNK,Tier1,3.070887112227696
EWPAQ,GEGSGA,Tier1,3.0551540190582656
EWPAQ,SDRDLLGPNNQYLPK,Tier1,2.899548776315325
EWPAQ,WYGPD,Tier1,2.0569291714968463
EWPAQ,KLSDW,Tier1,2.346455369073512
EWPAQ,KGLWE,Tier1,2.0636928155096737
EWPAQ,IYIEQGNGITGM,Tier1,2.8863993190163626
EWPAQ,ADGF,Tier1,2.693305507006582
EWPAQ,AWDPE,Tier1,2.095201552508143
EWPAQ,DWDPK,Tier1,2.965127726601258
EWPAQ,ETTL,Tier1,2.4136807479844564
EWPAQ,KDVPP,Tier1,2.2794627035244934
EWPAQ,GQVPP,Tier1,2.698922848627091
EWPAQ,DGVVYY,Tier1,2.7350855634429476
EWPAQ,DVPPYM,Tier1,3.0820570572511947
EWPAQ,AYFYPEL,Tier1,2.891461056634624
EWPAQ,AYFYPE,Tier1,3.0668090165264257
EWPAQ,YQKFPQY,Tier1,3.010648131580857
FLHRP,LMGQW,Tier1,2.9891989629578655
FLHRP,QHGV,Tier1,2.201223939836093
FLHRP,VKEAMAPK,Tier1,2.2119750351220993
FLHRP,ARHPHPHLSFM,Tier1,2.379127097051384
FLHRP,FRADHPFL,Tier1,1.9571873557671084
FLHRP,RADHPFL,Tier1,1.8140230663106374
FLHRP,RADHPF,Tier1,2.4735815489018234
FLHRP,QVVPYPQ,Tier1,2.7692538751334115
FLHRP,HQIYPV,Tier1,2.2993622173727486
FLHRP,WSVPQPK,Tier1,2.034777851827153
FLHRP,DRVYIHPF,Tier1,2.9647686109022127
FLHRP,AIRQGDVF,Tier1,2.802968248072825
FLHRP,VLEANPRSF,Tier1,2.3923484559436234
FLHRP,FALPQYLK,Tier1,2.3165777145980253
FLHRP,PYVRYL,Tier1,2.3793244963220688
FLHRP,HNPI,Tier1,1.9252176924685849
FLHRP,AMRLTYNRPCIYAT,Tier1,3.1098346475288294
FLHRP,AMRLTGNRPGLYAT,Tier1,3.0817864239058985
FLHRP,AMRLTYNRPCLGAT,Tier1,3.0304554147000755
FLHRP,CVHWMTNTARTACIAP,Tier1,3.0325608071033683
FLHRP,AMRLTYNKPCLYGT,Tier1,3.0927494823790402
FLHRP,VPYPQ,Tier1,2.886681907975894
FLHRP,VPNSYP,Tier1,2.7096221333219437
FLHRP,NPYVPR,Tier1,2.0760820476976733
FLHRP,VKP,Tier1,3.0977414000806665
FLHRP,YLMSR,Tier1,2.2626315628588145
FLHRP,HMPVTK,Tier1,2.7621183204947783
FLHRP,LVSK,Tier1,2.544300602254071
FLHRP,WHNVSGSP,Tier1,2.980368652204176
FLHRP,YWVTSGPK,Tier1,2.74128266073316
FLHRP,YAKPA,Tier1,2.909463709503348
FLHRP,YAKP,Tier1,2.9119610618456058
FLHRP,VLSRYPS,Tier1,1.8293871219816558
FLHRP,YLKT,Tier1,2.306511684330566
FLHRP,TVYQ,Tier1,3.125377480352308
FLHRP,YQKFP,Tier1,2.812190767345477
FLHRP,LGNTDYAVH,Tier1,2.8020804319315498
FLHRP,RASDPLLSV,Tier1,2.6015264045491895
FLHRP,LAPSLPGKPKPD,Tier1,2.3853924020838924
FLHRP,MPDAHL,Tier1,2.8986406802580444
FLHRP,FVPH,Tier1,2.739150984936745
FLHRP,TRTGDPFF,Tier1,2.704525238945063
FLHRP,NFHPQ,Tier1,2.9412412637867362
FLHRP,VGGRP,Tier1,1.8622614908057444
FLHRP,YLGAK,Tier1,2.3371586813474408
FLHRP,TYQTF,Tier1,3.0182561620600676
FLHRP,SGQYFL,Tier1,2.6293158087185255
FLHRP,GIISHR,Tier1,2.1478737175783613
FLHRP,LANAK,Tier1,2.378424937130966
FLHRP,PSLVGRPPVGKLTL,Tier1,2.983297176912472
FLHRP,SNAAC,Tier1,3.019007203641788
FLHRP,LSGNK,Tier1,2.1753977996244394
FLHRP,GLTSK,Tier1,2.3596692562557267
FLHRP,AWIRGCRL,Tier1,3.066760883076796
FLHRP,CAQ,Tier1,2.9310239472821182
FLHRP,KYL,Tier1,1.82479625476567
FLHRP,CSQAPLA,Tier1,2.856680362097464
FLHRP,KGLWE,Tier1,2.845753100804294
FLHRP,GQVPP,Tier1,3.061976678782423
FLHRP,PKLPPVKK,Tier1,3.1037945628636154
FLHRP,RYLGY,Tier1,2.5554651886519917
FLHRP,RYL,Tier1,2.020856366231537
FLHRP,RYLG,Tier1,2.280695921574152
FLHRP,YQKFPQY,Tier1,2.963173397211568
FLHRP,FPQY,Tier1,3.10936269089457
FLHRP,VPKVK,Tier1,3.099171370708217
LMGQW,PVMGA,Tier1,3.0026462687837943
LMGQW,QHGV,Tier1,2.944142059261818
LMGQW,MQFHT,Tier1,2.6782522273878646
LMGQW,VKEAMAPK,Tier1,2.991990680124221
LMGQW,YQEPVLGP,Tier1,3.0765473627962865
LMGQW,YQIGL,Tier1,2.008505044025426
LMGQW,FRADHPFL,Tier1,2.3852101768948644
LMGQW,RADHPFL,Tier1,3.040169216885185
LMGQW,QVVPYPQ,Tier1,2.272101996115873
LMGQW,HQIYPV,Tier1,2.3065773743368094
LMGQW,WYSL,Tier1,2.9954209155517146
LMGQW,WYSLAM,Tier1,3.059639205199198
LMGQW,LQGM,Tier1,1.939176898405444
LMGQW,FPLEMMPF,Tier1,2.904045495390422
LMGQW,LNLPTAVYMVT,Tier1,2.6838137836831777
LMGQW,YGGFL,Tier1,2.7703963744623348
LMGQW,YGGFM,Tier1,3.003840001112822
LMGQW,DRVYIHPF,Tier1,2.7538678764793194
LMGQW,AIRQGDVF,Tier1,2.0211714534474505
LMGQW,VLEANPRSF,Tier1,2.716339130091707
LMGQW,IQY,Tier1,2.615153685578232
LMGQW,FALPQYLK,Tier1,2.334404126828926
LMGQW,PYVRYL,Tier1,2.446455595558763
LMGQW,VFPW,Tier1,2.976759366843778
LMGQW,AGWNIPIGT,Tier1,2.724924258790964
LMGQW,AGWNIP,Tier1,2.9057312624329996
LMGQW,AGWNI,Tier1,3.101935138827886
LMGQW,LGFEY,Tier1,2.5040880651730224
LMGQW,LGFEYY,Tier1,2.809030276832848
LMGQW,WISELG,Tier1,2.1066732896955207
LMGQW,WISELGW,Tier1,2.1490474335580654
LMGQW,ISELWG,Tier1,2.2423053172495124
LMGQW,ISELGF,Tier1,2.479703154795626
LMGQW,ISELGY,Tier1,2.578523137951212
LMGQW,QLGNLGV,Tier1,2.104039518912686
LMGQW,MILMR,Tier1,2.8695403821659164
LMGQW,LVSK,Tier1,2.7100437245920994
LMGQW,VAMVPPFET,Tier1,2.6099838535437034
LMGQW,FVNQPYLLYSVHMK,Tier1,2.960306715057479
LMGQW,VLSRYPS,Tier1,2.9277207571047463
LMGQW,YPELF,Tier1,2.7129873441321495
LMGQW,YLKT,Tier1,2.696575444169987
LMGQW,TVYQ,Tier1,2.8753699548382685
LMGQW,YGLN,Tier1,2.4377702568610675
LMGQW,YQL,Tier1,2.5953265289947094
LMGQW,YIPIQY,Tier1,2.436781968044694
LMGQW,FYQL,Tier1,2.151871291809312
LMGQW,VGDI,Tier1,3.0357824297780134
LMGQW,RASDPLLSV,Tier1,2.681598473849666
LMGQW,FFGFN,Tier1,2.6292720133204734
LMGQW,MPDAHL,Tier1,3.1214006625548563
LMGQW,FVPH,Tier1,2.67842290306015
LMGQW,TSQLLSDQ,Tier1,2.9055125853097774
LMGQW,GFGPEL,Tier1,2.471930361633637
LMGQW,GGLEPINFN,Tier1,2.4711370772732817
LMGQW,GGIF,Tier1,2.5584735480888283
LMGQW,GIFE,Tier1,2.587749576449411
LMGQW,YYIVS,Tier1,3.082173694845997
LMGQW,SGQYFL,Tier1,2.272817630721724
LMGQW,GIISHR,Tier1,3.085568175617136
LMGQW,WIRGCRL,Tier1,2.6910037703724647
LMGQW,AWIRGCRL,Tier1,2.566872091531372
LMGQW,QCL,Tier1,2.6056886910587447
LMGQW,CAQ,Tier1,2.6605792046137244
LMGQW,CSQAPLA,Tier1,2.901263573894537
LMGQW,KLSDW,Tier1,2.71417176613144
LMGQW,KGLWE,Tier1,2.488293935140032
LMGQW,IYIEQGNGITGM,Tier1,2.6469129323032856
LMGQW,VLVPK,Tier1,2.91188161960906
LMGQW,GQVPP,Tier1,2.915423636584811
LMGQW,DGVVYY,Tier1,2.7381052397399683
LMGQW,IVEYF,Tier1,2.393622463343786
LDK,YQLD,Tier1,3.0995966448197305
LDK,RNDDLNYIQ,Tier1,2.8148067163370896
LDK,DVFRELRVQ,Tier1,2.653500700699295
LDK,WDR,Tier1,2.928541941982429
LDK,EQC,Tier1,3.0001067178096905
LDK,KLSDW,Tier1,2.7477200096325096
PVMGA,QHGV,Tier1,2.9158606286561173
PVMGA,VCSV,Tier1,2.7231709096536205
PVMGA,CAAP,Tier1,1.3077186490531394
PVMGA,YQEPVLGP,Tier1,3.103080897009696
PVMGA,SALAM,Tier1,1.314681283588773
PVMGA,YQIGL,Tier1,2.572401184644603
PVMGA,YPI,Tier1,1.8758644787812155
PVMGA,YPIL,Tier1,2.575133581807024
PVMGA,QVVPYPQ,Tier1,2.8636015016482985
PVMGA,HQIYPV,Tier1,2.3841301048065184
PVMGA,IYPF,Tier1,2.6269984993974456
PVMGA,WYSL,Tier1,2.578025055039198
PVMGA,WYSLA,Tier1,2.164282314798952
PVMGA,WYSLAM,Tier1,2.108555573471012
PVMGA,WYSLAMA,Tier1,1.9498388839340617
PVMGA,LQGM,Tier1,3.072809955386554
PVMGA,LNLPTAVYMVT,Tier1,2.2329920344989977
PVMGA,YGGFL,Tier1,2.0477268974201626
PVMGA,YGGFM,Tier1,2.4532854718178885
PVMGA,DRVYIHPF,Tier1,3.0221488458940096
PVMGA,FALPQYLK,Tier1,2.837268242982368
PVMGA,PYVRYL,Tier1,2.8717920348094497
PVMGA,TIIPLPV,Tier1,2.857662794431019
PVMGA,WPL,Tier1,3.06620120291351
PVMGA,VPW,Tier1,2.9730492174597734
PVMGA,AGWNIPIGT,Tier1,1.9774480778575236
PVMGA,AGWNIP,Tier1,2.8665653328098117
PVMGA,VIPMGL,Tier1,2.747366636080991
PVMGA,VPYPQ,Tier1,2.9750218950195326
PVMGA,VPNSYP,Tier1,3.028736408401202
PVMGA,WISELG,Tier1,2.8514980834196955
PVMGA,WISELGW,Tier1,3.054007650961242
PVMGA,ISELWG,Tier1,2.9032717895368307
PVMGA,ISELGF,Tier1,2.7837895801267227
PVMGA,ISELGY,Tier1,2.6564765574925793
PVMGA,GPLGLLGFLGPLGLS,Tier1,2.543902716970792
PVMGA,QLGNLGV,Tier1,2.9009720886445254
PVMGA,SVMPVVA,Tier1,2.1675988541372386
PVMGA,YLMSR,Tier1,3.056595062293381
PVMGA,HMPVTK,Tier1,3.0861647310167566
PVMGA,WHNVSGSP,Tier1,3.039951248869468
PVMGA,YWVTSGPK,Tier1,2.873144977407718
PVMGA,VAMVPPFET,Tier1,2.2827504765897872
PVMGA,VLSRYPS,Tier1,2.733019761663197
PVMGA,TIASGEP,Tier1,2.9132968352926225
PVMGA,TVYQ,Tier1,2.7573134106902177
PVMGA,YGLN,Tier1,2.8419531396307827
PVMGA,YIPIQY,Tier1,2.6277403725488355
PVMGA,RASDPLLSV,Tier1,2.729264390260437
PVMGA,MPDAHL,Tier1,2.9435806100372366
PVMGA,FVPH,Tier1,1.9592389690453396
PVMGA,LSGYGP,Tier1,2.3782635085386956
PVMGA,GFGPEL,Tier1,2.569679733408765
PVMGA,VPVTST,Tier1,0.9250226241696813
PVMGA,YLGAK,Tier1,2.5298842772971364
PVMGA,GGIF,Tier1,1.5216973167691423
PVMGA,GVQEGAGHYALL,Tier1,2.8624023442245483
PVMGA,WPP,Tier1,2.9036087963961177
PVMGA,YYIVS,Tier1,2.0789145234577684
PVMGA,SGQYFL,Tier1,2.8895152746053183
PVMGA,GIISHR,Tier1,2.610304281438424
PVMGA,SNAAC,Tier1,2.9803228359634706
PVMGA,HYVPV,Tier1,3.0928962212094935
PVMGA,GLTSK,Tier1,2.411738959524076
PVMGA,LTC,Tier1,2.6815084432228087
PVMGA,GTW,Tier1,3.0400990687762186
PVMGA,CAQ,Tier1,3.0090393479444444
PVMGA,LPM,Tier1,2.6117622033337238
PVMGA,CSQAPLA,Tier1,1.8292146818787587
PVMGA,IYIEQGNGITGM,Tier1,2.967309000946593
PVMGA,AGGF,Tier1,1.827581504631045
PVMGA,SGAF,Tier1,2.015407640135844
PVMGA,GQVPP,Tier1,2.7131027701352957
PVMGA,DGVVYY,Tier1,2.7380181299603206
PVMGA,PGVPWP,Tier1,1.9005824978571328
PVMGA,YLG,Tier1,2.600131143370823
PVMGA,YLGY,Tier1,2.739821555095871
PVMGA,LGY,Tier1,2.0349819093771813
PVMGA,VAGTWY,Tier1,2.0639053097461244
QHGV,CAAP,Tier1,3.072810549154644
QHGV,VKEAMAPK,Tier1,2.180486765674412
QHGV,ARHPHPHLSFM,Tier1,2.6310462373291155
QHGV,FGHPY,Tier1,3.109700734800048
QHGV,YQEPVLGP,Tier1,2.76096288206342
QHGV,YQIGL,Tier1,2.8019955323124717
QHGV,FRADHPFL,Tier1,2.4091341248123945
QHGV,RADHPFL,Tier1,1.9500889455588857
QHGV,RADHPF,Tier1,2.446524910386121
QHGV,QVVPYPQ,Tier1,2.5390356395384743
QHGV,HQIYPV,Tier1,2.2737058220949784
QHGV,WSVPQPK,Tier1,2.639623342414702
QHGV,QGAR,Tier1,2.7924348178615905
QHGV,DRVYIHPF,Tier1,2.8302151503746207
QHGV,AIRQGDVF,Tier1,2.795546472423337
QHGV,VLEANPRSF,Tier1,2.728374429481677
QHGV,FALPQYLK,Tier1,2.671010316660941
QHGV,PYVRYL,Tier1,2.4700503333405015
QHGV,HNPI,Tier1,1.9480033203102793
QHGV,QYDQGV,Tier1,3.078667179903294
QHGV,VPYPQ,Tier1,2.802056669316459
QHGV,VPNSYP,Tier1,2.306949703519735
QHGV,NPYVPR,Tier1,1.7711214528292303
QHGV,ISELGY,Tier1,2.9015538157518566
QHGV,QLGNLGV,Tier1,2.9858037976692566
QHGV,VKP,Tier1,2.9441398807853
QHGV,HMPVTK,Tier1,3.0159494416513795
QHGV,TEFTK,Tier1,2.979355816236197
QHGV,LVSK,Tier1,2.665718672566957
QHGV,WHNVSGSP,Tier1,3.097893045346717
QHGV,YWVTSGPK,Tier1,2.2109786656966732
QHGV,LYEGY,Tier1,2.982891398783217
QHGV,YAKPA,Tier1,3.068644020419034
QHGV,YAKP,Tier1,3.085384069299236
QHGV,VLSRYPS,Tier1,2.3270326093583407
QHGV,TIASGEP,Tier1,2.546210090490755
QHGV,YLKT,Tier1,2.0837145366944583
QHGV,TVYQ,Tier1,2.0910332661392954
QHGV,YGLN,Tier1,2.6208246032047033
QHGV,YQKFP,Tier1,3.0627724599052364
QHGV,YIPIQY,Tier1,2.8154964452946047
QHGV,YVGD,Tier1,2.975869400695915
QHGV,LGNTDYAVH,Tier1,2.1359705065399885
QHGV,RASDPLLSV,Tier1,2.0727606650480004
QHGV,LAPSLPGKPKPD,Tier1,2.2747945249473527
QHGV,MPDAHL,Tier1,2.365429434045782
QHGV,FVPH,Tier1,2.9188026349796816
QHGV,SAEHGSLH,Tier1,2.1267543492444974
QHGV,TSQLLSDQ,Tier1,2.702703034070069
QHGV,TRTGDPFF,Tier1,2.6518039832934748
QHGV,NFHPQ,Tier1,2.358317791495032
QHGV,LSGYGP,Tier1,2.755946444742173
QHGV,PYSFK,Tier1,3.0252172619339346
QHGV,GFGPEL,Tier1,2.7345104330247927
QHGV,VGGRP,Tier1,1.7729770475400124
QHGV,VPVTST,Tier1,3.0849935161237094
QHGV,YLGAK,Tier1,1.671515817518209
QHGV,GVQEGAGHYALL,Tier1,3.11196018480392
QHGV,TYQTF,Tier1,2.8167048028277795
QHGV,SGQYFL,Tier1,2.2715109471287307
QHGV,GIISHR,Tier1,1.7526321644810503
QHGV,LANAK,Tier1,2.309411376753611
QHGV,SNAAC,Tier1,2.6957250540380278
QHGV,LSGNK,Tier1,1.6381425298691012
QHGV,GEGSGA,Tier1,3.0882981419506894
QHGV,GLTSK,Tier1,1.3151717048967924
QHGV,CAQ,Tier1,2.042807023462058
QHGV,KYL,Tier1,2.3789895812247734
QHGV,CSQAPLA,Tier1,2.344123679422328
QHGV,KGLWE,Tier1,2.883034390029622
QHGV,IYIEQGNGITGM,Tier1,2.8277070246582134
QHGV,ETTL,Tier1,2.526936189307602
QHGV,SGAF,Tier1,3.003721236024208
QHGV,GQVPP,Tier1,2.361649513168414
QHGV,DGVVYY,Tier1,2.886108788980371
QHGV,RYLGY,Tier1,2.211668165319677
QHGV,RYL,Tier1,2.3302898554234397
QHGV,RYLG,Tier1,1.88308928003419
QHGV,VAGTWY,Tier1,3.0861669292400413
VCSV,SALAM,Tier1,2.315120584058978
VCSV,YQIGL,Tier1,3.121961816357877
VCSV,YPIL,Tier1,2.910740838174573
VCSV,WYSLAM,Tier1,2.8832140130580592
VCSV,WYSLAMA,Tier1,3.057240460769472
VCSV,LNLPTAVYMVT,Tier1,2.9830275516090268
VCSV,YVL,Tier1,2.1583721560649645
VCSV,TIIPLPV,Tier1,2.0742501913491886
VCSV,WPL,Tier1,2.569725792568017
VCSV,VPW,Tier1,2.7782598792582966
VCSV,VFPW,Tier1,2.857889822957491
VCSV,VIPMGL,Tier1,1.0996790168620507
VCSV,ISELGF,Tier1,2.916213361563758
VCSV,GPLGLLGFLGPLGLS,Tier1,2.909999284117628
VCSV,SVMPVVA,Tier1,2.0888993295662517
VCSV,GGIF,Tier1,2.4798200714584375
VCSV,YYIVS,Tier1,3.1192704620020497
VCSV,LPF,Tier1,3.068175335921517
VCSV,LLPF,Tier1,2.199594015607215
VCSV,FLPF,Tier1,2.9501224608591112
VCSV,LTC,Tier1,1.4313107065391393
VCSV,YLL,Tier1,2.537141917582254
VCSV,LAC,Tier1,2.887773539758722
VCSV,LPM,Tier1,1.7387624854880694
VCSV,VLVPK,Tier1,2.900832009400083
CAAP,FGHPY,Tier1,2.860321612747945
CAAP,YQEPVLGP,Tier1,3.0151533607252397
CAAP,SALAM,Tier1,2.313227685418725
CAAP,YPI,Tier1,2.183263194664235
CAAP,YPIL,Tier1,3.0874337433389147
CAAP,QVVPYPQ,Tier1,2.8450275063309975
CAAP,HQIYPV,Tier1,2.674407395403187
CAAP,WYSLA,Tier1,2.859408312717637
CAAP,WYSLAM,Tier1,3.0296387476133946
CAAP,WYSLAMA,Tier1,2.7768427289408666
CAAP,LNLPTAVYMVT,Tier1,2.9745075666603538
CAAP,YGGFL,Tier1,2.2444241951729915
CAAP,YGGFM,Tier1,2.389196891619739
CAAP,AGWNIPIGT,Tier1,2.309643984635428
CAAP,AGWNIP,Tier1,2.8646644504685796
CAAP,VPYPQ,Tier1,2.5501077515554864
CAAP,VPNSYP,Tier1,2.6052856936769166
CAAP,ISELGY,Tier1,2.990079869796486
CAAP,SVMPVVA,Tier1,2.9943317424475606
CAAP,WHNVSGSP,Tier1,2.6538796864005785
CAAP,YWVTSGPK,Tier1,2.9628105230356505
CAAP,VAMVPPFET,Tier1,2.7024941433564216
CAAP,AYPS,Tier1,2.655068907080358
CAAP,VLSRYPS,Tier1,2.6900700883858937
CAAP,TIASGEP,Tier1,2.609835045638247
CAAP,YGLN,Tier1,3.0548185241146606
CAAP,MPDAHL,Tier1,3.0487400458756726
CAAP,FVPH,Tier1,2.323543306597114
CAAP,LSGYGP,Tier1,2.0023256550433692
CAAP,GFGPEL,Tier1,2.6974199288987344
CAAP,VGGRP,Tier1,2.9508785527091517
CAAP,VPVTST,Tier1,1.447718010382256
CAAP,YLGAK,Tier1,2.8185628920685697
CAAP,GGIF,Tier1,2.1898478774162817
CAAP,GVQEGAGHYALL,Tier1,2.7595696588102587
CAAP,WPP,Tier1,2.6983244937315174
CAAP,YYIVS,Tier1,2.683976927732296
CAAP,SGQYFL,Tier1,3.02152244660615
CAAP,SNAAC,Tier1,2.51731725374295
CAAP,MPACGSS,Tier1,2.6363113769397213
CAAP,GLTSK,Tier1,2.5930154837585406
CAAP,CSQAPLA,Tier1,2.0213345687067172
CAAP,AGGF,Tier1,1.2373708549471631
CAAP,SGAF,Tier1,1.732150184786149
CAAP,GQVPP,Tier1,2.3584754678401008
CAAP,DGVVYY,Tier1,3.0128538995105587
CAAP,GFYPPP,Tier1,2.832565531862946
CAAP,PGVPWP,Tier1,2.3286224243588083
CAAP,YLGY,Tier1,3.0242025539463224
CAAP,LGY,Tier1,2.5431421260913822
CAAP,VAGTWY,Tier1,2.55520158176943
MQFHT,FRADHPFL,Tier1,3.0444876026205616
MQFHT,QVVPYPQ,Tier1,3.110961619246732
MQFHT,HQIYPV,Tier1,3.0906403333449126
MQFHT,DRVYIHPF,Tier1,2.9772803083396626
MQFHT,AIRQGDVF,Tier1,3.0326692022323605
MQFHT,PYVRYL,Tier1,2.9530476719936476
MQFHT,PYFNK,Tier1,2.913190892258958
MQFHT,YWVTSGPK,Tier1,2.950522122651189
MQFHT,FHNMEK,Tier1,2.9967429752587456
MQFHT,YLKT,Tier1,2.645222153548271
MQFHT,YGLN,Tier1,2.2747469253228214
MQFHT,YQKFP,Tier1,2.9336360571164324
MQFHT,FFGFN,Tier1,3.0904378199121063
MQFHT,NFHPQ,Tier1,2.4013860665062507
MQFHT,PYSFK,Tier1,2.2714764546574986
MQFHT,GFGPEL,Tier1,3.026417755483157
MQFHT,GGLEPINFN,Tier1,2.614203819260151
MQFHT,AWIRGCRL,Tier1,3.05054070993897
MQFHT,QCH,Tier1,2.8954436508442147
MQFHT,KLSDW,Tier1,2.637639216914877
MQFHT,KGLWE,Tier1,3.1101919222628895
PHCKRM,VKEAMAPK,Tier1,2.8863182727888868
PHCKRM,PYFNK,Tier1,2.683965393186838
PHCKRM,FHNMEK,Tier1,2.8736833164191253
PHCKRM,RLKKY,Tier1,2.967403621036866
PHCKRM,YQKFP,Tier1,2.9306651404866275
PHCKRM,NFHPQ,Tier1,3.070836596791221
PHCKRM,STMMEERRMKVY,Tier1,2.891185631170667
PHCKRM,VAWRNRCKGTD,Tier1,2.4141397439140335
PHCKRM,AWIRGCRL,Tier1,3.086025591614239
PHCKRM,WRNRCKGTD,Tier1,2.5947383584624673
PHCKRM,QCH,Tier1,2.5588275061990524
PHCKRM,GQFNDKRWIPFG,Tier1,2.969292313703233
PHCKRM,PKLPPVKK,Tier1,1.9925972429500547
PHCKRM,VPKVK,Tier1,2.666065575272847
VKEAMAPK,ARHPHPHLSFM,Tier1,2.485172785753389
VKEAMAPK,YQEPVLGP,Tier1,2.4977116471315606
VKEAMAPK,YQIGL,Tier1,3.108124407547236
VKEAMAPK,FRADHPFL,Tier1,1.8599898542049544
VKEAMAPK,RADHPFL,Tier1,1.6941373038108025
VKEAMAPK,RADHPF,Tier1,2.2838732651089444
VKEAMAPK,QVVPYPQ,Tier1,2.1130570810092784
VKEAMAPK,HQIYPV,Tier1,2.2163523113163843
VKEAMAPK,WSVPQPK,Tier1,2.166553325636583
VKEAMAPK,LQGM,Tier1,2.827719532919896
VKEAMAPK,DRVYIHPF,Tier1,2.3032064536011236
VKEAMAPK,AIRQGDVF,Tier1,1.7829129429338935
VKEAMAPK,VLEANPRSF,Tier1,2.0323595024221945
VKEAMAPK,FALPQYLK,Tier1,2.2912583904637236
VKEAMAPK,PYVRYL,Tier1,2.5764822891806496
VKEAMAPK,HNPI,Tier1,2.4749778675999825
VKEAMAPK,QYDQGV,Tier1,2.8847470243293
VKEAMAPK,AMRLTYNRPCIYAT,Tier1,2.557743685337839
VKEAMAPK,AMRLTGNRPGLYAT,Tier1,2.3820838422595902
VKEAMAPK,AMRLTYNRPCLGAT,Tier1,2.378736504119748
VKEAMAPK,CVHWMTNTARTACIAP,Tier1,2.786831583506256
VKEAMAPK,AMRLTYNKPCLYGT,Tier1,2.5408230808925203
VKEAMAPK,AGWNIPIGT,Tier1,2.932270898078628
VKEAMAPK,VPYPQ,Tier1,2.753434752049517
VKEAMAPK,VPNSYP,Tier1,2.6853941509962826
VKEAMAPK,NPYVPR,Tier1,1.922821287707227
VKEAMAPK,WISELG,Tier1,3.098057218161731
VKEAMAPK,ISELWG,Tier1,3.113057998878904
VKEAMAPK,ISELGY,Tier1,2.94172084629693
VKEAMAPK,QLGNLGV,Tier1,3.0351762293648714
VKEAMAPK,VKP,Tier1,2.9718086880604675
VKEAMAPK,PYFNK,Tier1,2.787280186096445
VKEAMAPK,YLMSR,Tier1,2.607955912769827
VKEAMAPK,HMPVTK,Tier1,2.753895133414822
VKEAMAPK,TEFTK,Tier1,2.287883328123547
VKEAMAPK,LVSK,Tier1,2.936948067236892
VKEAMAPK,WHNVSGSP,Tier1,2.668616143819976
VKEAMAPK,YWVTSGPK,Tier1,2.7263109141014708
VKEAMAPK,VAMVPPFET,Tier1,3.085461159765028
VKEAMAPK,YSEMPPGK,Tier1,2.425931888680878
VKEAMAPK,FHNMEK,Tier1,2.440963945725929
VKEAMAPK,FVNQPYLLYSVHMK,Tier1,2.8747549230815097
VKEAMAPK,LVMFLDNQHRVIRH,Tier1,2.96207513540433
VKEAMAPK,VLSRYPS,Tier1,2.172362085755942
VKEAMAPK,TIASGEP,Tier1,3.1115965457397765
VKEAMAPK,GYLEQ,Tier1,2.781932679947161
VKEAMAPK,RDMPIQ,Tier1,2.3928189564763973
VKEAMAPK,YLKT,Tier1,2.3502811445534078
VKEAMAPK,TVYQ,Tier1,3.074899836555652
VKEAMAPK,YGLN,Tier1,3.0095648037939235
VKEAMAPK,YQKFP,Tier1,2.5330266251419373
VKEAMAPK,LGNTDYAVH,Tier1,2.485775708658635
VKEAMAPK,RASDPLLSV,Tier1,2.123103523125578
VKEAMAPK,LAPSLPGKPKPD,Tier1,1.7363994180616036
VKEAMAPK,MPDAHL,Tier1,2.5127862106225103
VKEAMAPK,ALEPDHR,Tier1,2.8109257229688183
VKEAMAPK,SAEHGSLH,Tier1,2.9792906532990258
VKEAMAPK,TSQLLSDQ,Tier1,2.495454919633295
VKEAMAPK,TRTGDPFF,Tier1,2.5968766023848935
VKEAMAPK,NFHPQ,Tier1,2.3403084981138593
VKEAMAPK,GFGPEL,Tier1,2.691000022324233
VKEAMAPK,VGGRP,Tier1,2.0967558663835555
VKEAMAPK,STMMEERRMKVY,Tier1,2.4499504653163027
VKEAMAPK,YLGAK,Tier1,2.482665858451229
VKEAMAPK,GGLEPINFN,Tier1,2.849893052065002
VKEAMAPK,GVQEGAGHYALL,Tier1,2.7543854831958727
VKEAMAPK,SGQYFL,Tier1,2.985462565357658
VKEAMAPK,GIISHR,Tier1,2.3449414126182457
VKEAMAPK,KFPE,Tier1,2.744313916552339
VKEAMAPK,LANAK,Tier1,2.6038868080041127
VKEAMAPK,PSLVGRPPVGKLTL,Tier1,2.717983250397767
VKEAMAPK,SNAAC,Tier1,2.8759702651455603
VKEAMAPK,LSGNK,Tier1,1.5303123567770553
VKEAMAPK,GLTSK,Tier1,2.1576537582466955
VKEAMAPK,VAWRNRCKGTD,Tier1,1.9753245290925459
VKEAMAPK,AWIRGCRL,Tier1,2.765927722014065
VKEAMAPK,WRNRCKGTD,Tier1,2.854749088043714
VKEAMAPK,SDRDLLGPNNQYLPK,Tier1,2.518123108781008
VKEAMAPK,CAQ,Tier1,2.6930266470469673
VKEAMAPK,KYL,Tier1,2.8005609562810574
VKEAMAPK,QCH,Tier1,3.1000653618640506
VKEAMAPK,CSQAPLA,Tier1,2.637409101538971
VKEAMAPK,KLSDW,Tier1,2.6324308996816153
VKEAMAPK,KGLWE,Tier1,1.9229879885797565
VKEAMAPK,IYIEQGNGITGM,Tier1,2.6372275230261213
VKEAMAPK,ETTL,Tier1,2.767478802829775
VKEAMAPK,VKRRGQDCIHGFCSD,Tier1,2.049996829227202
VKEAMAPK,GQFNDKRWIPFG,Tier1,2.3100776636896816
VKEAMAPK,KDVPP,Tier1,2.031042822548222
VKEAMAPK,GQVPP,Tier1,2.3882947289316028
VKEAMAPK,PKLPPVKK,Tier1,2.515067400316456
VKEAMAPK,RYLGY,Tier1,2.924550392233987
VKEAMAPK,RYL,Tier1,2.924321645652378
VKEAMAPK,RYLG,Tier1,2.655162662395125
VKEAMAPK,YQKFPQY,Tier1,2.8814717551378703
VKEAMAPK,VPKVK,Tier1,2.667203007656521
ARHPHPHLSFM,FGHPY,Tier1,2.802644335841736
ARHPHPHLSFM,FRADHPFL,Tier1,2.6397640349848177
ARHPHPHLSFM,RADHPFL,Tier1,2.624898363338331
ARHPHPHLSFM,RADHPF,Tier1,3.0738303933602964
ARHPHPHLSFM,QVVPYPQ,Tier1,2.9823173622595345
ARHPHPHLSFM,HQIYPV,Tier1,2.6227471473102297
ARHPHPHLSFM,WSVPQPK,Tier1,2.7114244298280106
ARHPHPHLSFM,DRVYIHPF,Tier1,2.7555582751717593
ARHPHPHLSFM,FALPQYLK,Tier1,2.733298973212059
ARHPHPHLSFM,PYVRYL,Tier1,2.513657562286193
ARHPHPHLSFM,AMRLTYNRPCIYAT,Tier1,1.8974304608782928
ARHPHPHLSFM,AMRLTGNRPGLYAT,Tier1,1.7119473550771178
ARHPHPHLSFM,AMRLTYNRPCLGAT,Tier1,1.8100216746750097
ARHPHPHLSFM,CVHWMTNTARTACIAP,Tier1,1.907459622099089
ARHPHPHLSFM,AMRLTYNKPCLYGT,Tier1,1.8195127245818075
ARHPHPHLSFM,AGWNIPIGT,Tier1,3.1105791869861776
ARHPHPHLSFM,VPYPQ,Tier1,3.12136022184437
ARHPHPHLSFM,VPNSYP,Tier1,2.8093151175239917
ARHPHPHLSFM,NPYVPR,Tier1,2.3456741358799174
ARHPHPHLSFM,YLMSR,Tier1,3.039117381430369
ARHPHPHLSFM,HMPVTK,Tier1,2.746135030738708
ARHPHPHLSFM,WHNVSGSP,Tier1,2.6380506318517623
ARHPHPHLSFM,YWVTSGPK,Tier1,1.8151077299356346
ARHPHPHLSFM,YSEMPPGK,Tier1,2.9934486829293365
ARHPHPHLSFM,FVNQPYLLYSVHMK,Tier1,2.4874571023392824
ARHPHPHLSFM,YAKPA,Tier1,3.084202504615997
ARHPHPHLSFM,ARHPHP,Tier1,2.7792699590712915
ARHPHPHLSFM,VLSRYPS,Tier1,2.154950083175723
ARHPHPHLSFM,YLKT,Tier1,2.8748791663506266
ARHPHPHLSFM,LGNTDYAVH,Tier1,2.9997615723575537
ARHPHPHLSFM,RASDPLLSV,Tier1,2.888221803166876
ARHPHPHLSFM,LAPSLPGKPKPD,Tier1,1.930632569122575
ARHPHPHLSFM,AGTTCLFTPLALPYDYSH,Tier1,2.9881778061810724
ARHPHPHLSFM,FVPH,Tier1,2.951483941655081
ARHPHPHLSFM,SAEHGSLH,Tier1,2.8611524600204348
ARHPHPHLSFM,TRTGDPFF,Tier1,3.0593524512674213
ARHPHPHLSFM,LSGYGP,Tier1,3.056546273836056
ARHPHPHLSFM,PYSFK,Tier1,2.8404364921797347
ARHPHPHLSFM,VGGRP,Tier1,2.495292350131011
ARHPHPHLSFM,YLGAK,Tier1,2.423562646421628
ARHPHPHLSFM,GVQEGAGHYALL,Tier1,3.002902911750854
ARHPHPHLSFM,SGQYFL,Tier1,3.1099209099048184
ARHPHPHLSFM,GIISHR,Tier1,2.269784899513086
ARHPHPHLSFM,PSLVGRPPVGKLTL,Tier1,2.3045015641964763
ARHPHPHLSFM,LSGNK,Tier1,2.729975569214326
ARHPHPHLSFM,GLTSK,Tier1,2.2800874063193626
ARHPHPHLSFM,VAWRNRCKGTD,Tier1,2.8951389782188244
ARHPHPHLSFM,CSQAPLA,Tier1,3.0100677943656495
ARHPHPHLSFM,VKRRGQDCIHGFCSD,Tier1,2.8042936595443564
ARHPHPHLSFM,PKLPPVKK,Tier1,3.081945294854603
ARHPHPHLSFM,RYLGY,Tier1,2.5276998913504727
ARHPHPHLSFM,RYLG,Tier1,2.7975011399106595
ARHPHPHLSFM,YQEPVLGPVRGPFPIIV,Tier1,3.066884522892974
IKK,FKK,Tier1,2.6482188587137516
IKK,FIKK,Tier1,2.1583263317373698
IKK,RLKKY,Tier1,2.3233774094373434
IKK,IRGCRL,Tier1,3.015678716166755
IKK,VPKVK,Tier1,2.6598720784831493
FKK,FIKK,Tier1,2.612045394970804
FKK,RLKKY,Tier1,2.3821160001093205
FKK,QKW,Tier1,2.170317300906317
FIKK,VKCFR,Tier1,2.198430315164477
FIKK,RLKKY,Tier1,2.7655685086970334
FIKK,IRGCRL,Tier1,2.4591976934399624
FIKK,WIRGCRL,Tier1,2.1948670277601408
FIKK,AWIRGCRL,Tier1,2.5955864103079196
FIKK,VPKVK,Tier1,2.3295899478493283
ADF,SDF,Tier1,1.034563069233514
ADF,LGFEY,Tier1,3.0020455583272794
ADF,LDY,Tier1,1.906467324572233
ADF,YQLD,Tier1,2.4339177884631904
ADF,YPELF,Tier1,2.9973076615591334
ADF,GIFE,Tier1,2.9948433632177647
ADF,KLSDW,Tier1,2.7992363935214524
ADF,ADGF,Tier1,2.9301136197986306
ADF,AWDPE,Tier1,2.9956524140715954
SDF,YEDCTDCGN,Tier1,3.11562447215693
SDF,TEFTK,Tier1,2.7354374626865807
SDF,LDY,Tier1,2.1738483045521453
SDF,YQLD,Tier1,2.3661375512875873
SDF,YPELF,Tier1,2.9090959915581855
SDF,GEC,Tier1,2.9775179767360216
SDF,KLSDW,Tier1,2.831047224683163
SDF,ADGF,Tier1,2.955168117964344
SDF,AWDPE,Tier1,2.3984534222399554
SDF,DWDPK,Tier1,2.710398919766834
FGHPY,TTYY,Tier1,2.0036598676728006
FGHPY,YPI,Tier1,2.9542967918184297
FGHPY,PYPQ,Tier1,3.0788397353033523
FGHPY,WYS,Tier1,1.991296342326299
FGHPY,WYSLA,Tier1,3.0212023962121672
FGHPY,YGGFL,Tier1,2.3791500720488665
FGHPY,YGGFM,Tier1,1.8432508440102342
FGHPY,PYVRYL,Tier1,2.9972712403944457
FGHPY,LGFEYY,Tier1,3.097070506265585
FGHPY,VPYPQ,Tier1,2.9414958814680827
FGHPY,VPNSYP,Tier1,2.676404861643736
FGHPY,NPYVPR,Tier1,3.1068327486445413
FGHPY,PYFNK,Tier1,3.1078857286645367
FGHPY,WHNVSGSP,Tier1,2.896507346431485
FGHPY,YWVTSGPK,Tier1,1.8613550365688722
FGHPY,RYPS,Tier1,2.910758969922415
FGHPY,AYPS,Tier1,2.4846568290181534
FGHPY,VLSRYPS,Tier1,3.0929403527128305
FGHPY,YGLN,Tier1,3.057923246633102
FGHPY,FVPH,Tier1,2.6972403296404166
FGHPY,SAEHGSLH,Tier1,2.900597275390422
FGHPY,LSGYGP,Tier1,1.8849703576498926
FGHPY,PYSFK,Tier1,1.9915325888001152
FGHPY,YLGAK,Tier1,2.7749421644212533
FGHPY,WPP,Tier1,2.085009624349381
FGHPY,TYQTF,Tier1,2.6085220512280127
FGHPY,SGQYFL,Tier1,2.763614582691595
FGHPY,GLTSK,Tier1,2.989774621768527
FGHPY,GTW,Tier1,2.103688510368453
FGHPY,WYGPD,Tier1,2.7019850817191706
FGHPY,AGGF,Tier1,2.0254499555471437
FGHPY,SGAF,Tier1,1.9056328029743659
FGHPY,GFYPPP,Tier1,2.7888341463332513
FGHPY,PGVPWP,Tier1,2.768242352133924
FGHPY,RYLGY,Tier1,2.4103392699036696
FGHPY,YLGY,Tier1,2.5687160527962694
FGHPY,LGY,Tier1,2.93670386108091
FGHPY,AYFYPE,Tier1,3.061490356168748
FGHPY,VAGTWY,Tier1,2.357838794878812
TTYY,PYPQ,Tier1,2.643202855879063
TTYY,WYS,Tier1,2.9022377659376097
TTYY,YGGFM,Tier1,2.9398475067464656
TTYY,VPNSYP,Tier1,3.0324444976795233
TTYY,RYPS,Tier1,3.02532810604119
TTYY,AYPS,Tier1,1.5702788247344666
TTYY,LSGYGP,Tier1,2.5526450407330517
TTYY,WPP,Tier1,2.928978615988455
TTYY,TYQTF,Tier1,3.056123737741136
TTYY,AGGF,Tier1,2.7859425320519144
TTYY,SGAF,Tier1,2.8631315299691287
TTYY,GFYPPP,Tier1,2.753409750026227
TTYY,AYFYPE,Tier1,3.1229190291014004
YQEP,RADHPF,Tier1,2.972528125890769
YQEP,PYPQ,Tier1,3.0384577461345352
YQEP,QYDQGV,Tier1,2.2677270845247794
YQEP,TERGY,Tier1,2.2113310411236133
YQEP,TEFTK,Tier1,2.679115339888101
YQEP,TDY,Tier1,2.586381985633913
YQEP,YSEMPPGK,Tier1,2.9438921039999535
YQEP,ALEPDHR,Tier1,2.9697838372691794
YQEP,TETWNPNHPEL,Tier1,3.0588103586978153
YQEP,RPNYTDA,Tier1,2.3138073266332335
YQEP,TRTGDPFF,Tier1,3.0719023147856666
YQEP,EERYP,Tier1,2.393993315751226
YQEP,AEERYP,Tier1,1.7329291126314432
YQEP,DEDTQAMP,Tier1,3.0795842764497112
YQEP,YYDPL,Tier1,2.930079755111568
YQEP,QYP,Tier1,2.881534116981663
YQEP,MTEEY,Tier1,2.42226455417389
YQEP,DYK,Tier1,3.104217523462139
YQEP,AWDPE,Tier1,2.7681767837342086
YQEPVLGP,YQIGL,Tier1,2.9132857283363194
YQEPVLGP,FRADHPFL,Tier1,2.3672927239153667
YQEPVLGP,RADHPFL,Tier1,2.2341966303249547
YQEPVLGP,YPI,Tier1,3.022183753349794
YQEPVLGP,RADHPF,Tier1,2.8870087446711
YQEPVLGP,QVVPYPQ,Tier1,1.6900654969284394
YQEPVLGP,HQIYPV,Tier1,2.092465094412002
YQEPVLGP,PYPQ,Tier1,3.1211173725303785
YQEPVLGP,WSVPQPK,Tier1,2.5874493922344657
YQEPVLGP,LQGM,Tier1,2.8514547859828934
YQEPVLGP,LNLPTAVYMVT,Tier1,2.952826568168862
YQEPVLGP,YGGFL,Tier1,3.1023452195069052
YQEPVLGP,DRVYIHPF,Tier1,2.6393492619455334
YQEPVLGP,AIRQGDVF,Tier1,2.3979004273607862
YQEPVLGP,VLEANPRSF,Tier1,2.173348549946613
YQEPVLGP,FALPQYLK,Tier1,2.7897566833828584
YQEPVLGP,HNPI,Tier1,2.630403460850757
YQEPVLGP,QYDQGV,Tier1,2.3292048816977258
YQEPVLGP,AADNANELFPPN,Tier1,2.0053054435657383
YQEPVLGP,CVHWMTNTARTACIAP,Tier1,3.1209512237452537
YQEPVLGP,AGWNIPIGT,Tier1,2.4580346037080543
YQEPVLGP,AGWNIP,Tier1,2.752038217199481
YQEPVLGP,LGFEY,Tier1,2.5996512433730783
YQEPVLGP,LGFEYY,Tier1,2.339476823978393
YQEPVLGP,VPYPQ,Tier1,1.7175772395495352
YQEPVLGP,VPNSYP,Tier1,1.864588443049007
YQEPVLGP,NPYVPR,Tier1,2.6973600342907305
YQEPVLGP,WISELG,Tier1,2.2202269911343784
YQEPVLGP,WISELGW,Tier1,2.4329234589299813
YQEPVLGP,ISELWG,Tier1,2.128448903600841
YQEPVLGP,ISELGF,Tier1,2.652478606877066
YQEPVLGP,ISELGY,Tier1,1.912239558246343
YQEPVLGP,VLYEE,Tier1,3.0156365198267876
YQEPVLGP,YLMSR,Tier1,2.734296250098689
YQEPVLGP,TEFTK,Tier1,2.6973944032845876
YQEPVLGP,WHNVSGSP,Tier1,2.1832501687121506
YQEPVLGP,YWVTSGPK,Tier1,3.1089690959100142
YQEPVLGP,LYEGY,Tier1,2.556391745568171
YQEPVLGP,VAMVPPFET,Tier1,1.9464420086306593
YQEPVLGP,YSEMPPGK,Tier1,2.210194403553996
YQEPVLGP,VLSRYPS,Tier1,2.2627640712873336
YQEPVLGP,TIASGEP,Tier1,1.7466516214502525
YQEPVLGP,GYLEQ,Tier1,2.2544768385580185
YQEPVLGP,YPELF,Tier1,2.3192271014027446
YQEPVLGP,TVYQ,Tier1,2.6112383625748734
YQEPVLGP,YGLN,Tier1,3.027907360916039
YQEPVLGP,YIPIQY,Tier1,2.9044106225316257
YQEPVLGP,YVGD,Tier1,2.622182340527555
YQEPVLGP,LGNTDYAVH,Tier1,1.5899542911267888
YQEPVLGP,RASDPLLSV,Tier1,2.0682239836015555
YQEPVLGP,LAPSLPGKPKPD,Tier1,2.463888548853441
YQEPVLGP,AGTTCLFTPLALPYDYSH,Tier1,2.8504627871558594
YQEPVLGP,MPDAHL,Tier1,1.4982884594903718
YQEPVLGP,ALEPDHR,Tier1,3.0732855262263734
YQEPVLGP,TETWNPNHPEL,Tier1,2.810522739296713
YQEPVLGP,FVPH,Tier1,3.0482651644794423
YQEPVLGP,SAEHGSLH,Tier1,2.51734656759208
YQEPVLGP,TSQLLSDQ,Tier1,1.5701476346857157
YQEPVLGP,TRTGDPFF,Tier1,2.346267191137535
YQEPVLGP,NFHPQ,Tier1,3.0968084323970184
YQEPVLGP,GFGPEL,Tier1,1.6739645008551238
YQEPVLGP,VGGRP,Tier1,2.696697160570009
YQEPVLGP,VVGGDGDV,Tier1,2.4403800994098814
YQEPVLGP,VPVTST,Tier1,2.8488082766696805
YQEPVLGP,LTTLDSE,Tier1,1.9362931155381844
YQEPVLGP,YLGAK,Tier1,3.0083984540358526
YQEPVLGP,GGLEPINFN,Tier1,2.6722494277125497
YQEPVLGP,GVQEGAGHYALL,Tier1,1.5253104634170154
YQEPVLGP,TYQTF,Tier1,2.57973841118571
YQEPVLGP,SGQYFL,Tier1,2.3404226222231133
YQEPVLGP,YYDPL,Tier1,1.7772630142793842
YQEPVLGP,SNAAC,Tier1,2.116170680921263
YQEPVLGP,LSGNK,Tier1,2.701171729501486
YQEPVLGP,GLTSK,Tier1,2.896948693190706
YQEPVLGP,SDRDLLGPNNQYLPK,Tier1,2.780128336688478
YQEPVLGP,CAQ,Tier1,2.874592460584294
YQEPVLGP,CSQAPLA,Tier1,1.9906884736842814
YQEPVLGP,WYGPD,Tier1,2.8975101391441713
YQEPVLGP,KGLWE,Tier1,2.6147018779883453
YQEPVLGP,IYIEQGNGITGM,Tier1,1.6580951583726047
YQEPVLGP,ADGF,Tier1,2.926439411278724
YQEPVLGP,ETTL,Tier1,1.9700937020150715
YQEPVLGP,KDVPP,Tier1,2.5852737203069314
YQEPVLGP,GQVPP,Tier1,2.1258753663400403
YQEPVLGP,DGVVYY,Tier1,1.8520052976099146
YQEPVLGP,DVPPYM,Tier1,2.1223152172998296
YQEPVLGP,AYFYPEL,Tier1,1.8458757360698956
YQEPVLGP,AYFYPE,Tier1,2.3537220364931537
YQEPVLGP,FPQY,Tier1,3.0580947368042737
YQEPVLGP,YQEPVLGPVRGPFPIIV,Tier1,2.7215059968031876
SALAM,YQIGL,Tier1,2.5688465350040453
SALAM,YPI,Tier1,2.157838918588475
SALAM,YPIL,Tier1,2.734067153421466
SALAM,HQIYPV,Tier1,2.903223753902948
SALAM,IYPF,Tier1,2.7875645191133005
SALAM,WYSL,Tier1,2.65108411783498
SALAM,WYSLA,Tier1,2.0759904870789954
SALAM,WYSLAM,Tier1,1.9825043483441862
SALAM,WYSLAMA,Tier1,1.7733866964055602
SALAM,LNLPTAVYMVT,Tier1,2.377110764095969
SALAM,YGGFL,Tier1,2.71628216800377
SALAM,YVL,Tier1,3.0153394177199866
SALAM,TIIPLPV,Tier1,2.1152078989695475
SALAM,WPL,Tier1,2.607117831684508
SALAM,VPW,Tier1,2.7483713119701663
SALAM,AGWNIPIGT,Tier1,2.469045404648663
SALAM,VIPMGL,Tier1,1.9901296028615456
SALAM,WISELG,Tier1,3.0115887639174503
SALAM,ISELWG,Tier1,3.1079780676836712
SALAM,ISELGF,Tier1,2.6474364107292088
SALAM,ISELGY,Tier1,2.802395396087365
SALAM,GPLGLLGFLGPLGLS,Tier1,2.126101997127987
SALAM,QLGNLGV,Tier1,2.885344189041319
SALAM,SVMPVVA,Tier1,2.0165727966286693
SALAM,VAMVPPFET,Tier1,2.601825319311634
SALAM,TVYQ,Tier1,2.8847197114687835
SALAM,YIPIQY,Tier1,2.602654008857936
SALAM,RASDPLLSV,Tier1,2.9943759753262196
SALAM,FVPH,Tier1,2.7228897547181163
SALAM,LSGYGP,Tier1,3.09744010888828
SALAM,GFGPEL,Tier1,3.0143959200280026
SALAM,VPVTST,Tier1,1.4086306024123827
SALAM,YLGAK,Tier1,2.9199312051637674
SALAM,GGIF,Tier1,2.0357301107802996
SALAM,YYIVS,Tier1,2.131731243142435
SALAM,GIISHR,Tier1,2.99948605629711
SALAM,GLTSK,Tier1,2.973467454889675
SALAM,LTC,Tier1,1.9246284634931203
SALAM,LPM,Tier1,2.040131664820475
SALAM,CSQAPLA,Tier1,2.3611190665274937
SALAM,AGGF,Tier1,2.7245720301250675
SALAM,SGAF,Tier1,2.6948474476938404
SALAM,DGVVYY,Tier1,2.9827554328259804
SALAM,PGVPWP,Tier1,2.233012846593744
SALAM,YLG,Tier1,2.000099400570271
SALAM,YLGY,Tier1,2.7598885647052125
SALAM,LGY,Tier1,2.0659354470581395
SALAM,VAGTWY,Tier1,2.249414202899645
YQIGL,FRADHPFL,Tier1,2.8941257480885807
YQIGL,YPI,Tier1,2.3601550734048526
YQIGL,YPIL,Tier1,2.569359227675748
YQIGL,QVVPYPQ,Tier1,2.398866216180711
YQIGL,HQIYPV,Tier1,1.7163806711151461
YQIGL,IYPF,Tier1,2.94232226566782
YQIGL,WYSL,Tier1,2.5947692060955077
YQIGL,WYSLA,Tier1,2.512357043670881
YQIGL,WYSLAM,Tier1,2.5858114459802386
YQIGL,WYSLAMA,Tier1,2.648773383222786
YQIGL,LQGM,Tier1,2.247630248700438
YQIGL,LNLPTAVYMVT,Tier1,2.063041304142942
YQIGL,YGGFL,Tier1,2.661226185886363
YQIGL,DRVYIHPF,Tier1,2.566012339278364
YQIGL,AIRQGDVF,Tier1,2.4126301771975864
YQIGL,VLEANPRSF,Tier1,3.0013318331026295
YQIGL,IQY,Tier1,2.695226931730162
YQIGL,YVL,Tier1,2.8662988616602942
YQIGL,FALPQYLK,Tier1,1.7629935680377518
YQIGL,PYVRYL,Tier1,1.9011969518857483
YQIGL,TIIPLPV,Tier1,2.9621913426203808
YQIGL,WPL,Tier1,2.9628340596379723
YQIGL,AGWNIPIGT,Tier1,2.1183892654939545
YQIGL,AGWNIP,Tier1,2.6946729713961686
YQIGL,AGWNI,Tier1,3.1226038657740185
YQIGL,LGFEY,Tier1,2.3711788558852502
YQIGL,LGFEYY,Tier1,2.724170139450503
YQIGL,VIPMGL,Tier1,2.875960326387627
YQIGL,GWNIP,Tier1,3.1154377948688055
YQIGL,WISELG,Tier1,1.8822632884893562
YQIGL,WISELGW,Tier1,2.2191796041312246
YQIGL,ISELWG,Tier1,2.0329229875830648
YQIGL,ISELGF,Tier1,1.9007963439966897
YQIGL,ISELGY,Tier1,1.8120131661737664
YQIGL,GPLGLLGFLGPLGLS,Tier1,2.779580464678541
YQIGL,QLGNLGV,Tier1,1.2406129346485573
YQIGL,SVMPVVA,Tier1,2.973443180319039
YQIGL,FLKPLFNAALKLLP,Tier1,3.092524963498204
YQIGL,LVSK,Tier1,2.3385165595446646
YQIGL,VAMVPPFET,Tier1,2.4952471057039927
YQIGL,FVNQPYLLYSVHMK,Tier1,3.0148385231012345
YQIGL,VLSRYPS,Tier1,2.7465882065928273
YQIGL,YLKT,Tier1,2.3145334248028573
YQIGL,TVYQ,Tier1,2.2567816318764753
YQIGL,YGLN,Tier1,1.9784295663847045
YQIGL,YQL,Tier1,2.698719438596599
YQIGL,YIPIQY,Tier1,1.18277438763442
YQIGL,FYQL,Tier1,2.4425409700098064
YQIGL,YVGD,Tier1,3.080011108497276
YQIGL,LGNTDYAVH,Tier1,2.7944518353410457
YQIGL,VGDI,Tier1,2.6693383244744195
YQIGL,RASDPLLSV,Tier1,2.119265352575399
YQIGL,MPDAHL,Tier1,2.937645889230895
YQIGL,FVPH,Tier1,2.81496356895987
YQIGL,TSQLLSDQ,Tier1,2.9546088151958916
YQIGL,GFGPEL,Tier1,2.350843698124649
YQIGL,VPVTST,Tier1,2.6490457542334904
YQIGL,YLGAK,Tier1,2.3674487475272543
YQIGL,GGLEPINFN,Tier1,2.6311040315662253
YQIGL,GGIF,Tier1,2.381180371028425
YQIGL,GIFE,Tier1,2.78981972456285
YQIGL,GVQEGAGHYALL,Tier1,2.9216343134256024
YQIGL,YYIVS,Tier1,2.201756877806597
YQIGL,SGQYFL,Tier1,2.4350871407858055
YQIGL,GIISHR,Tier1,2.5200859341345825
YQIGL,PSLVGRPPVGKLTL,Tier1,3.0920379567664185
YQIGL,LSGNK,Tier1,3.12144124920719
YQIGL,GLTSK,Tier1,2.729981837747644
YQIGL,AWIRGCRL,Tier1,2.820707222377641
YQIGL,YLL,Tier1,3.0783747688919534
YQIGL,CAQ,Tier1,2.8244709485806156
YQIGL,KYL,Tier1,2.7207168223721254
YQIGL,CSQAPLA,Tier1,2.3065924166465424
YQIGL,KGLWE,Tier1,3.010285905987198
YQIGL,IYIEQGNGITGM,Tier1,2.34011786333333
YQIGL,ETTL,Tier1,3.011626706129756
YQIGL,VLVPK,Tier1,2.669141674701692
YQIGL,GQVPP,Tier1,2.7766066980909905
YQIGL,DGVVYY,Tier1,2.354834316688191
YQIGL,IVEYF,Tier1,2.6058500811829948
YQIGL,PGVPWP,Tier1,3.067882010850473
YQIGL,RYLGY,Tier1,2.870415200190485
YQIGL,RYL,Tier1,2.803783058647268
YQIGL,RYLG,Tier1,2.5612046781027744
YQIGL,YLG,Tier1,2.9023768054916794
YQIGL,YLGY,Tier1,2.9835109109702898
YQIGL,LGY,Tier1,2.330634042401683
YQIGL,AYFYPEL,Tier1,3.062173467155766
YQIGL,VAGTWY,Tier1,2.749291198632649
FRADHPFL,RADHPFL,Tier1,1.1180645055768177
FRADHPFL,RADHPF,Tier1,2.0749272237190075
FRADHPFL,QVVPYPQ,Tier1,2.23693448033886
FRADHPFL,HQIYPV,Tier1,2.223396826254013
FRADHPFL,WSVPQPK,Tier1,2.6115369412389264
FRADHPFL,LQGM,Tier1,2.9941053316669755
FRADHPFL,DRVYIHPF,Tier1,2.334623909146884
FRADHPFL,AIRQGDVF,Tier1,1.5914135255516888
FRADHPFL,VLEANPRSF,Tier1,1.4443333045291993
FRADHPFL,IQY,Tier1,2.9561055071646902
FRADHPFL,FALPQYLK,Tier1,2.3378324909884878
FRADHPFL,PYVRYL,Tier1,2.3210953383425172
FRADHPFL,HNPI,Tier1,2.6329585096591543
FRADHPFL,QYDQGV,Tier1,2.6795655991647043
FRADHPFL,AADNANELFPPN,Tier1,2.7573380569004535
FRADHPFL,AMRLTYNRPCIYAT,Tier1,2.8785529265494034
FRADHPFL,AMRLTGNRPGLYAT,Tier1,2.942201295638291
FRADHPFL,AMRLTYNRPCLGAT,Tier1,2.844493277465896
FRADHPFL,CVHWMTNTARTACIAP,Tier1,2.7481922984826586
FRADHPFL,AMRLTYNKPCLYGT,Tier1,2.8295901074858145
FRADHPFL,LGFEY,Tier1,2.5306938124671903
FRADHPFL,LGFEYY,Tier1,2.4676167612781947
FRADHPFL,VPYPQ,Tier1,2.893432865842502
FRADHPFL,VPNSYP,Tier1,2.5710255855677864
FRADHPFL,NPYVPR,Tier1,2.383368075328126
FRADHPFL,WISELG,Tier1,2.614209688984096
FRADHPFL,WISELGW,Tier1,2.745476525423842
FRADHPFL,ISELWG,Tier1,2.6981716122823256
FRADHPFL,ISELGF,Tier1,3.0836278004933066
FRADHPFL,ISELGY,Tier1,2.5743871019801596
FRADHPFL,VKP,Tier1,3.0017345292590947
FRADHPFL,PYFNK,Tier1,3.121706155124375
FRADHPFL,YLMSR,Tier1,2.996884930414858
FRADHPFL,TERGY,Tier1,3.081680802048662
FRADHPFL,TEFTK,Tier1,2.17248931188635
FRADHPFL,LVSK,Tier1,3.091800688999934
FRADHPFL,WHNVSGSP,Tier1,2.9374725718654036
FRADHPFL,YWVTSGPK,Tier1,2.5388947791388583
FRADHPFL,LYEGY,Tier1,2.5465243219452325
FRADHPFL,VAMVPPFET,Tier1,2.8404227099606465
FRADHPFL,YSEMPPGK,Tier1,2.7000970810210743
FRADHPFL,FHNMEK,Tier1,2.701610020684501
FRADHPFL,FVNQPYLLYSVHMK,Tier1,2.747148061221399
FRADHPFL,LVMFLDNQHRVIRH,Tier1,2.818046050085447
FRADHPFL,VLSRYPS,Tier1,2.2176719263893667
FRADHPFL,TIASGEP,Tier1,3.002984348401271
FRADHPFL,GYLEQ,Tier1,2.879965490010276
FRADHPFL,YPELF,Tier1,2.339625749493449
FRADHPFL,YLKT,Tier1,2.285592733918186
FRADHPFL,TVYQ,Tier1,2.9268246780239693
FRADHPFL,YGLN,Tier1,2.987249815750892
FRADHPFL,YQKFP,Tier1,2.6173323071545966
FRADHPFL,YQL,Tier1,2.892544003332278
FRADHPFL,YIPIQY,Tier1,2.8769804619473414
FRADHPFL,FYQL,Tier1,2.9044725682909283
FRADHPFL,YVGD,Tier1,3.0993636410911263
FRADHPFL,LGNTDYAVH,Tier1,1.9985154988425398
FRADHPFL,RASDPLLSV,Tier1,2.096658042476322
FRADHPFL,LAPSLPGKPKPD,Tier1,2.2175877372418187
FRADHPFL,MPDAHL,Tier1,2.325629166018842
FRADHPFL,ALEPDHR,Tier1,2.7628314016455815
FRADHPFL,TETWNPNHPEL,Tier1,3.06412081858059
FRADHPFL,FVPH,Tier1,2.9425879549025837
FRADHPFL,SAEHGSLH,Tier1,2.8139695040983446
FRADHPFL,TSQLLSDQ,Tier1,2.41946412288842
FRADHPFL,TRTGDPFF,Tier1,1.7273108697207662
FRADHPFL,NFHPQ,Tier1,2.497464897159715
FRADHPFL,PYSFK,Tier1,3.090284821307493
FRADHPFL,GFGPEL,Tier1,2.350655556746542
FRADHPFL,VGGRP,Tier1,2.5743449336861675
FRADHPFL,VVGGDGDV,Tier1,2.873980642812775
FRADHPFL,STMMEERRMKVY,Tier1,2.9481445945587708
FRADHPFL,YLGAK,Tier1,2.6942497057964383
FRADHPFL,GGLEPINFN,Tier1,2.6943161140285032
FRADHPFL,GVQEGAGHYALL,Tier1,2.6174112795858724
FRADHPFL,TYQTF,Tier1,2.6028989943725507
FRADHPFL,SGQYFL,Tier1,2.0148372663582697
FRADHPFL,YYDPL,Tier1,2.6713976564734057
FRADHPFL,GIISHR,Tier1,2.7451780810127038
FRADHPFL,KFPE,Tier1,3.069401878274002
FRADHPFL,LANAK,Tier1,2.8663225342127148
FRADHPFL,SNAAC,Tier1,3.039861852014675
FRADHPFL,LSGNK,Tier1,2.592699862903941
FRADHPFL,GLTSK,Tier1,2.859713146675994
FRADHPFL,VAWRNRCKGTD,Tier1,2.6964181323299896
FRADHPFL,AWIRGCRL,Tier1,2.9612203974184643
FRADHPFL,SDRDLLGPNNQYLPK,Tier1,2.57352368734824
FRADHPFL,CAQ,Tier1,2.8945359280818126
FRADHPFL,KYL,Tier1,2.6534780571354175
FRADHPFL,CSQAPLA,Tier1,2.8940263263230417
FRADHPFL,WYGPD,Tier1,2.972116394037233
FRADHPFL,KLSDW,Tier1,2.4433614637069705
FRADHPFL,KGLWE,Tier1,1.8708259126149427
FRADHPFL,IYIEQGNGITGM,Tier1,2.351186242938307
FRADHPFL,ADGF,Tier1,2.794159059549544
FRADHPFL,ETTL,Tier1,2.7611301882250996
FRADHPFL,VKRRGQDCIHGFCSD,Tier1,2.5406395213969786
FRADHPFL,GQFNDKRWIPFG,Tier1,2.6523519283443044
FRADHPFL,KDVPP,Tier1,3.008528180329303
FRADHPFL,GQVPP,Tier1,2.8256588454137064
FRADHPFL,DGVVYY,Tier1,2.4315995257101615
FRADHPFL,IVEYF,Tier1,3.031982492894152
FRADHPFL,RYLGY,Tier1,2.7276650449467055
FRADHPFL,RYL,Tier1,2.714196115766595
FRADHPFL,RYLG,Tier1,2.8402277293195426
FRADHPFL,AYFYPEL,Tier1,2.739549873024992
FRADHPFL,YQKFPQY,Tier1,2.7088901177890796
FRADHPFL,FPQY,Tier1,3.071795919304931
FRADHPFL,YQEPVLGPVRGPFPIIV,Tier1,2.9411940300174435
RADHPFL,RADHPF,Tier1,1.3566347515176254
RADHPFL,RADHP,Tier1,2.7548937059406073
RADHPFL,ADHP,Tier1,2.9051783776401385
RADHPFL,QVVPYPQ,Tier1,2.4850804854775066
RADHPFL,HQIYPV,Tier1,2.4737755386740283
RADHPFL,WSVPQPK,Tier1,2.3840655110307214
RADHPFL,QGAR,Tier1,2.889568725220554
RADHPFL,DRVYIHPF,Tier1,2.6964722347973438
RADHPFL,AIRQGDVF,Tier1,2.112343578529262
RADHPFL,VLEANPRSF,Tier1,1.4659866625961908
RADHPFL,FALPQYLK,Tier1,2.681129843499668
RADHPFL,PYVRYL,Tier1,2.723365662841563
RADHPFL,HNPI,Tier1,1.9874177795246153
RADHPFL,QYDQGV,Tier1,2.247449672859217
RADHPFL,AADNANELFPPN,Tier1,2.6895876986368594
RADHPFL,CVHWMTNTARTACIAP,Tier1,3.023419440388842
RADHPFL,LGFEY,Tier1,3.0267236606797483
RADHPFL,LGFEYY,Tier1,2.997329828057035
RADHPFL,VPYPQ,Tier1,2.7840481216945965
RADHPFL,VPNSYP,Tier1,2.351352693458387
RADHPFL,NPYVPR,Tier1,2.001487106438166
RADHPFL,WISELG,Tier1,3.00459646381066
RADHPFL,ISELWG,Tier1,3.0752176474847848
RADHPFL,ISELGY,Tier1,2.7992167612104253
RADHPFL,YLMSR,Tier1,3.046058521842318
RADHPFL,TERGY,Tier1,2.50897434455194
RADHPFL,TEFTK,Tier1,2.082715676341468
RADHPFL,LVSK,Tier1,3.047445790583981
RADHPFL,WHNVSGSP,Tier1,3.033311750207162
RADHPFL,YWVTSGPK,Tier1,2.649649063032165
RADHPFL,LYEGY,Tier1,2.4316074427800385
RADHPFL,YSEMPPGK,Tier1,2.5704419665081693
RADHPFL,FHNMEK,Tier1,2.9967404937896824
RADHPFL,YAKPA,Tier1,2.8713020850644617
RADHPFL,YAKP,Tier1,2.8197648991524358
RADHPFL,VLSRYPS,Tier1,2.1493341258457366
RADHPFL,TIASGEP,Tier1,2.6671019180354643
RADHPFL,GYLEQ,Tier1,3.01518129309411
RADHPFL,YPELF,Tier1,2.9026952306887046
RADHPFL,YLKT,Tier1,2.5103287675719588
RADHPFL,TVYQ,Tier1,2.849256055285589
RADHPFL,YQKFP,Tier1,2.8697427704418237
RADHPFL,YVGD,Tier1,2.9310258955274975
RADHPFL,LGNTDYAVH,Tier1,1.6525716782738464
RADHPFL,RASDPLLSV,Tier1,1.9013940997487153
RADHPFL,LAPSLPGKPKPD,Tier1,1.7616420336659757
RADHPFL,MPDAHL,Tier1,1.9956429092734034
RADHPFL,ALEPDHR,Tier1,2.1801982018998944
RADHPFL,TETWNPNHPEL,Tier1,2.955353164438722
RADHPFL,SAEHGSLH,Tier1,2.371479494591851
RADHPFL,RPNYTDA,Tier1,2.6354810274301244
RADHPFL,TSQLLSDQ,Tier1,2.34217584027309
RADHPFL,TRTGDPFF,Tier1,1.5889322410220446
RADHPFL,NFHPQ,Tier1,2.565884651372039
RADHPFL,GFGPEL,Tier1,2.6092450962518416
RADHPFL,VGGRP,Tier1,2.0668939343447112
RADHPFL,VVGGDGDV,Tier1,2.891594121849841
RADHPFL,LTTLDSE,Tier1,3.039147287089949
RADHPFL,AEERYP,Tier1,3.1116953111055325
RADHPFL,YLGAK,Tier1,2.5283175287847928
RADHPFL,GVQEGAGHYALL,Tier1,2.778093409582285
RADHPFL,TYQTF,Tier1,2.6255878802688155
RADHPFL,SGQYFL,Tier1,2.2563727502402204
RADHPFL,YYDPL,Tier1,2.5292904469405952
RADHPFL,GIISHR,Tier1,2.558891948042599
RADHPFL,LANAK,Tier1,2.316296997105509
RADHPFL,SNAAC,Tier1,2.7723537008214154
RADHPFL,LSGNK,Tier1,2.159458746786472
RADHPFL,GLTSK,Tier1,2.5032740185858335
RADHPFL,VAWRNRCKGTD,Tier1,2.944077493470383
RADHPFL,SDRDLLGPNNQYLPK,Tier1,2.5323161752599486
RADHPFL,CAQ,Tier1,2.6964353045895217
RADHPFL,KYL,Tier1,2.4809055294884335
RADHPFL,CSQAPLA,Tier1,2.7818429225076966
RADHPFL,WYGPD,Tier1,2.942766196547848
RADHPFL,KLSDW,Tier1,2.912528505877905
RADHPFL,KGLWE,Tier1,2.136404724854162
RADHPFL,IYIEQGNGITGM,Tier1,2.558916732067957
RADHPFL,ADGF,Tier1,2.5753193772008958
RADHPFL,ETTL,Tier1,2.368350958131061
RADHPFL,VKRRGQDCIHGFCSD,Tier1,2.7799758006677604
RADHPFL,KDVPP,Tier1,2.915341212104779
RADHPFL,GQVPP,Tier1,2.814298175916973
RADHPFL,DGVVYY,Tier1,2.6195991688197195
RADHPFL,RYLGY,Tier1,2.7047021551397594
RADHPFL,RYL,Tier1,2.5365152756617704
RADHPFL,RYLG,Tier1,2.6393574399946096
RADHPFL,YQKFPQY,Tier1,2.8055004118323676
RADHPFL,FPQY,Tier1,3.090365377502456
YPI,YPIL,Tier1,1.8874594910494553
YPI,QVVPYPQ,Tier1,2.8597181068725277
YPI,HQIYPV,Tier1,2.192889914468846
YPI,IYPF,Tier1,1.7266967188071942
YPI,WYS,Tier1,2.9333704431391143
YPI,WYSL,Tier1,1.7135695761827274
YPI,WYSLA,Tier1,1.4463539805609487
YPI,WYSLAM,Tier1,1.9899510241006686
YPI,WYSLAMA,Tier1,1.8687998802566845
YPI,LNLPTAVYMVT,Tier1,2.5305000106621
YPI,YGGFL,Tier1,1.5146207195025718
YPI,YGGFM,Tier1,2.4436653034957434
YPI,DRVYIHPF,Tier1,2.9601552288151636
YPI,YVL,Tier1,2.975327014736419
YPI,FALPQYLK,Tier1,2.7447565523202004
YPI,PYVRYL,Tier1,2.5039697292159717
YPI,TIIPLPV,Tier1,3.0334340015996477
YPI,WPL,Tier1,2.818883351892278
YPI,VPW,Tier1,2.787441372592032
YPI,VFPW,Tier1,2.933734955859534
YPI,AGWNIPIGT,Tier1,2.1138618864198957
YPI,AGWNIP,Tier1,2.754678952612039
YPI,LGFEY,Tier1,3.0137686346468504
YPI,LGFEYY,Tier1,2.774504282369047
YPI,VPYPQ,Tier1,2.699219863404263
YPI,VPNSYP,Tier1,2.9453661233832538
YPI,WISELG,Tier1,2.8208411662350326
YPI,WISELGW,Tier1,2.8657241283709323
YPI,ISELWG,Tier1,2.8297750687606498
YPI,ISELGF,Tier1,2.832294532159703
YPI,ISELGY,Tier1,2.4779717000310377
YPI,GPLGLLGFLGPLGLS,Tier1,2.8700939320552195
YPI,SVMPVVA,Tier1,2.6978065476656132
YPI,YLMSR,Tier1,2.959761458062872
YPI,WHNVSGSP,Tier1,3.0614985223228004
YPI,YWVTSGPK,Tier1,2.972670715076229
YPI,VAMVPPFET,Tier1,2.647039325869858
YPI,VLSRYPS,Tier1,2.699070879073445
YPI,TVYQ,Tier1,2.6153684911011696
YPI,YGLN,Tier1,2.591589670172784
YPI,YIPIQY,Tier1,2.0995900446501703
YPI,RASDPLLSV,Tier1,3.0796499901059518
YPI,FVPH,Tier1,1.9667726341308969
YPI,LSGYGP,Tier1,2.3902921490044187
YPI,GFGPEL,Tier1,2.662772980574311
YPI,VPVTST,Tier1,1.7078265593685604
YPI,YLGAK,Tier1,2.434125197221197
YPI,GGIF,Tier1,1.678056399135333
YPI,GVQEGAGHYALL,Tier1,2.896255689158775
YPI,WPP,Tier1,2.598184559536882
YPI,YYIVS,Tier1,1.0120426278641965
YPI,SGQYFL,Tier1,2.708392834278916
YPI,GIISHR,Tier1,2.9729721499542197
YPI,HYVPV,Tier1,2.6985691897986213
YPI,GLTSK,Tier1,2.834665371456686
YPI,GTW,Tier1,3.1088796566941297
YPI,CSQAPLA,Tier1,2.378655328400046
YPI,AGGF,Tier1,1.9487049911482928
YPI,SGAF,Tier1,2.223274581862201
YPI,GQVPP,Tier1,2.997912473211722
YPI,DGVVYY,Tier1,2.3114920332261586
YPI,PGVPWP,Tier1,2.0703426997209373
YPI,RYLGY,Tier1,2.778054847095582
YPI,RYLG,Tier1,2.9354024695783045
YPI,YLG,Tier1,1.949363908912881
YPI,YLGY,Tier1,1.6572673826777522
YPI,LGY,Tier1,1.2231870514545058
YPI,AYFYPEL,Tier1,2.663353442124518
YPI,VAGTWY,Tier1,1.881979931408426
YPIL,HQIYPV,Tier1,2.6620908690339324
YPIL,IYPF,Tier1,2.2899492459397424
YPIL,WYSL,Tier1,2.8128511667854807
YPIL,WYSLA,Tier1,2.816594213986626
YPIL,WYSLAM,Tier1,2.9568793137897615
YPIL,WYSLAMA,Tier1,2.9025216990919374
YPIL,LNLPTAVYMVT,Tier1,2.372296828272637
YPIL,YGGFL,Tier1,2.485285765005613
YPIL,YVL,Tier1,2.0665547048335537
YPIL,TIIPLPV,Tier1,2.346616624653207
YPIL,VFPW,Tier1,3.0770806505772352
YPIL,AGWNIPIGT,Tier1,2.6201491705355373
YPIL,AGWNIP,Tier1,3.0937820796410866
YPIL,VIPMGL,Tier1,2.8930196481866632
YPIL,WISELG,Tier1,2.745932897295137
YPIL,WISELGW,Tier1,2.8602652544764346
YPIL,ISELWG,Tier1,2.6582246428557927
YPIL,ISELGF,Tier1,2.8131357473555783
YPIL,ISELGY,Tier1,2.8681410237654497
YPIL,GPLGLLGFLGPLGLS,Tier1,2.903744627722219
YPIL,SVMPVVA,Tier1,2.0633682248663985
YPIL,VAMVPPFET,Tier1,2.871659866733537
YPIL,VLSRYPS,Tier1,3.0729583890986305
YPIL,YIPIQY,Tier1,2.967116981412964
YPIL,FVPH,Tier1,2.4500050378493956
YPIL,VPVTST,Tier1,2.499974987429029
YPIL,GGIF,Tier1,2.01693773693761
YPIL,GVQEGAGHYALL,Tier1,3.0978803243106494
YPIL,YYIVS,Tier1,1.941468480678896
YPIL,LPF,Tier1,2.9896734895075077
YPIL,LLPF,Tier1,2.0764965393926027
YPIL,FLPF,Tier1,2.8016751087798153
YPIL,HYVPV,Tier1,2.8325402606154158
YPIL,YLL,Tier1,2.2304457231311394
YPIL,CSQAPLA,Tier1,2.9707150418062906
YPIL,VLVPK,Tier1,2.6419823588597344
YPIL,DGVVYY,Tier1,3.064560151154796
YPIL,LGY,Tier1,2.5647865421424116
RADHPF,RADHP,Tier1,1.8388852698236091
RADHPF,ADHP,Tier1,2.2745601858273927
RADHPF,PYPQ,Tier1,3.080363180637984
RADHPF,WSVPQPK,Tier1,2.5673987286673143
RADHPF,QGAR,Tier1,2.395638751116523
RADHPF,AIRQGDVF,Tier1,3.093958063748664
RADHPF,VLEANPRSF,Tier1,2.348751638865436
RADHPF,HNPI,Tier1,2.356719346838231
RADHPF,QYDQGV,Tier1,2.184189874487052
RADHPF,AADNANELFPPN,Tier1,3.0373885687679674
RADHPF,VPNSYP,Tier1,2.6099250370248184
RADHPF,NPYVPR,Tier1,2.077724939665562
RADHPF,TERGY,Tier1,1.6268525633473778
RADHPF,TEFTK,Tier1,1.6439156889523623
RADHPF,YWVTSGPK,Tier1,3.0664709009486804
RADHPF,LYEGY,Tier1,2.7160949648491166
RADHPF,YSEMPPGK,Tier1,2.383529110677195
RADHPF,FHNMEK,Tier1,3.00269916124639
RADHPF,YAKPA,Tier1,2.7245538706323362
RADHPF,GTQY,Tier1,2.936757552785293
RADHPF,ARHPHP,Tier1,2.867363345451227
RADHPF,RYPS,Tier1,2.6776727502324116
RADHPF,SRYPS,Tier1,2.7110891808712525
RADHPF,YAKP,Tier1,2.3357959860407322
RADHPF,VLSRYPS,Tier1,2.9668166875427
RADHPF,TIASGEP,Tier1,3.048375471292369
RADHPF,YLKT,Tier1,3.0332251353088298
RADHPF,YQKFP,Tier1,2.748349928636144
RADHPF,LGNTDYAVH,Tier1,2.3005338053526017
RADHPF,DHG,Tier1,2.619867070788039
RADHPF,RASDPLLSV,Tier1,3.0332140422869234
RADHPF,LAPSLPGKPKPD,Tier1,2.2284467652352573
RADHPF,DHTKE,Tier1,3.111632016368106
RADHPF,MPDAHL,Tier1,2.678124201336109
RADHPF,ALEPDHR,Tier1,1.978097257425568
RADHPF,TETWNPNHPEL,Tier1,2.9030221298051133
RADHPF,SAEHGSLH,Tier1,2.595756457698401
RADHPF,RPNYTDA,Tier1,1.829385663387761
RADHPF,TSQLLSDQ,Tier1,3.050983827076045
RADHPF,TRTGDPFF,Tier1,1.4903187216921328
RADHPF,NFHPQ,Tier1,2.4136398386044524
RADHPF,VGGRP,Tier1,2.338734952604353
RADHPF,AEERYP,Tier1,2.567553882490365
RADHPF,YLGAK,Tier1,3.112553363239035
RADHPF,TYQTF,Tier1,2.564409496461835
RADHPF,SGQYFL,Tier1,2.96462386218643
RADHPF,YYDPL,Tier1,2.7518258389881622
RADHPF,KFPE,Tier1,2.8648597706017624
RADHPF,LANAK,Tier1,2.8282375051559585
RADHPF,SNAAC,Tier1,3.0869126905719693
RADHPF,QYP,Tier1,2.7047489463208723
RADHPF,LSGNK,Tier1,2.620890855242376
RADHPF,GEGSGA,Tier1,3.027465066957252
RADHPF,GLTSK,Tier1,2.9628866879580573
RADHPF,SDRDLLGPNNQYLPK,Tier1,3.0209640946271974
RADHPF,CAQ,Tier1,3.091715459925529
RADHPF,KYL,Tier1,3.0965467444334447
RADHPF,WYGPD,Tier1,2.7991990344043844
RADHPF,KGLWE,Tier1,2.7563096128920366
RADHPF,ADGF,Tier1,2.6022460858840373
RADHPF,ETTL,Tier1,2.949549084521609
RADHPF,RYLGY,Tier1,3.0567654694430906
RADHPF,RYL,Tier1,3.1216988332335034
RADHPF,RYLG,Tier1,3.0807457782329024
RADHPF,YQKFPQY,Tier1,2.4901713199713784
RADHPF,YQK,Tier1,3.024750650431563
RADHPF,FPQY,Tier1,2.9261794844050644
RADHP,ADHP,Tier1,1.632304305995077
RADHP,QGAR,Tier1,2.0795024071118613
RADHP,QYDQGV,Tier1,3.0589718148402385
RADHP,TERGY,Tier1,1.7788223015063083
RADHP,TEFTK,Tier1,2.869869264685556
RADHP,GTQY,Tier1,3.012778396935473
RADHP,ARHPHP,Tier1,2.885395981605823
RADHP,YAKP,Tier1,2.7495910295054093
RADHP,DHG,Tier1,1.8871326049753732
RADHP,DHTKE,Tier1,2.4804015817337097
RADHP,ALEPDHR,Tier1,2.2480173180813745
RADHP,RPNYTDA,Tier1,1.7287893681779203
RADHP,TRTGDPFF,Tier1,2.931369251137114
RADHP,AEERYP,Tier1,2.886154649674891
RADHP,DYK,Tier1,2.795989948979615
RADHP,YQK,Tier1,3.1225458431364896
ADHP,QGAR,Tier1,2.9783958858477777
ADHP,QYDQGV,Tier1,3.032215188212584
ADHP,TERGY,Tier1,1.8183028672075716
ADHP,TEFTK,Tier1,2.9705022776433583
ADHP,TDY,Tier1,2.5783810999345183
ADHP,LYEGY,Tier1,2.986898784771703
ADHP,GTQY,Tier1,2.72383029069004
ADHP,YAKP,Tier1,3.0327072755132316
ADHP,TIASGEP,Tier1,2.9980446114807084
ADHP,LGNTDYAVH,Tier1,3.093098431455331
ADHP,DHG,Tier1,1.354932353662268
ADHP,DHTKE,Tier1,2.916254934812428
ADHP,ALEPDHR,Tier1,2.388156286187503
ADHP,SAEHGSLH,Tier1,2.5508937481024114
ADHP,RPNYTDA,Tier1,2.235590186472824
ADHP,TRTGDPFF,Tier1,2.793490783746797
ADHP,AEERYP,Tier1,2.804569879655585
ADHP,QYP,Tier1,3.0885059389332428
ADHP,GEGSGA,Tier1,1.9554083680356593
ADHP,ADGF,Tier1,2.89480915410838
ADHP,ETTL,Tier1,3.102658730984492
QVVPYPQ,HQIYPV,Tier1,1.4806774183612272
QVVPYPQ,PYPQ,Tier1,2.971005129724603
QVVPYPQ,WSVPQPK,Tier1,2.4171268516015005
QVVPYPQ,LQGM,Tier1,2.1392502043218293
QVVPYPQ,LNLPTAVYMVT,Tier1,2.5130792726692732
QVVPYPQ,YGGFL,Tier1,2.722730846377396
QVVPYPQ,YGGFM,Tier1,2.940687966087501
QVVPYPQ,DRVYIHPF,Tier1,2.491745192454673
QVVPYPQ,AIRQGDVF,Tier1,1.842552109888482
QVVPYPQ,VLEANPRSF,Tier1,2.2439802746092172
QVVPYPQ,IQY,Tier1,3.0165427261882884
QVVPYPQ,FALPQYLK,Tier1,2.206176820726748
QVVPYPQ,PYVRYL,Tier1,2.3795157264529068
QVVPYPQ,HNPI,Tier1,2.74786265606855
QVVPYPQ,QYDQGV,Tier1,2.9515293139704135
QVVPYPQ,AADNANELFPPN,Tier1,2.765852396571029
QVVPYPQ,AMRLTYNRPCIYAT,Tier1,2.789055006219666
QVVPYPQ,AMRLTGNRPGLYAT,Tier1,2.715077042428328
QVVPYPQ,AMRLTYNRPCLGAT,Tier1,2.722580335407886
QVVPYPQ,CVHWMTNTARTACIAP,Tier1,2.8201498347952483
QVVPYPQ,AMRLTYNKPCLYGT,Tier1,2.832671377173113
QVVPYPQ,AGWNIPIGT,Tier1,1.8859928558447252
QVVPYPQ,AGWNIP,Tier1,1.9083440660636135
QVVPYPQ,AGWNI,Tier1,2.3905165722133566
QVVPYPQ,WNIP,Tier1,3.0912641396802676
QVVPYPQ,LGFEY,Tier1,2.887093250640107
QVVPYPQ,LGFEYY,Tier1,2.6339328070046837
QVVPYPQ,GWNIP,Tier1,2.52585041189288
QVVPYPQ,VPYPQ,Tier1,1.5904993518819306
QVVPYPQ,VPNSYP,Tier1,1.8605316023318736
QVVPYPQ,NPYVPR,Tier1,2.34708795255376
QVVPYPQ,WISELG,Tier1,2.4639083917707443
QVVPYPQ,WISELGW,Tier1,2.6541428023394644
QVVPYPQ,ISELWG,Tier1,2.411280120455259
QVVPYPQ,ISELGF,Tier1,2.9564361904415395
QVVPYPQ,ISELGY,Tier1,2.3077979340720365
QVVPYPQ,QLGNLGV,Tier1,2.612917628678039
QVVPYPQ,PYFNK,Tier1,2.666001200058254
QVVPYPQ,YLMSR,Tier1,2.3900583571076863
QVVPYPQ,TEFTK,Tier1,2.8976272350353485
QVVPYPQ,WHNVSGSP,Tier1,1.8245854307448266
QVVPYPQ,YWVTSGPK,Tier1,2.6041677423097576
QVVPYPQ,VAMVPPFET,Tier1,2.3338996875431093
QVVPYPQ,YSEMPPGK,Tier1,2.320223146828154
QVVPYPQ,FVNQPYLLYSVHMK,Tier1,2.7508362982215306
QVVPYPQ,YAKPA,Tier1,3.0556678811000135
QVVPYPQ,VLSRYPS,Tier1,1.7521817352325741
QVVPYPQ,TIASGEP,Tier1,2.723463403035674
QVVPYPQ,GYLEQ,Tier1,2.2947760802195316
QVVPYPQ,RDMPIQ,Tier1,2.743301790451892
QVVPYPQ,YPELF,Tier1,2.413246138480911
QVVPYPQ,YLKT,Tier1,2.5495520903418387
QVVPYPQ,TVYQ,Tier1,2.6925332736424266
QVVPYPQ,YGLN,Tier1,2.1284790283299335
QVVPYPQ,YQKFP,Tier1,2.556579883023473
QVVPYPQ,YQL,Tier1,2.8043388687004907
QVVPYPQ,YIPIQY,Tier1,2.5415420520268417
QVVPYPQ,FYQL,Tier1,2.526616416236852
QVVPYPQ,LGNTDYAVH,Tier1,2.444858121540737
QVVPYPQ,RASDPLLSV,Tier1,2.34195056847623
QVVPYPQ,LAPSLPGKPKPD,Tier1,2.4789369358542084
QVVPYPQ,MPDAHL,Tier1,2.556802398824545
QVVPYPQ,FVPH,Tier1,2.6775184161904564
QVVPYPQ,TSQLLSDQ,Tier1,1.945164927379005
QVVPYPQ,TRTGDPFF,Tier1,2.7364483983004764
QVVPYPQ,NFHPQ,Tier1,2.4342766447000956
QVVPYPQ,LSGYGP,Tier1,2.944822573732884
QVVPYPQ,PYSFK,Tier1,3.080675229345967
QVVPYPQ,GFGPEL,Tier1,2.107702536634535
QVVPYPQ,VGGRP,Tier1,2.4420829306614507
QVVPYPQ,VPVTST,Tier1,2.8105944572995663
QVVPYPQ,LTTLDSE,Tier1,3.0603113392531673
QVVPYPQ,STMMEERRMKVY,Tier1,3.022493536197892
QVVPYPQ,YLGAK,Tier1,2.6568425297646154
QVVPYPQ,GGLEPINFN,Tier1,2.187537930900004
QVVPYPQ,GGIF,Tier1,2.987698912176717
QVVPYPQ,GVQEGAGHYALL,Tier1,1.8075396850601377
QVVPYPQ,WPP,Tier1,3.025755025407779
QVVPYPQ,YYIVS,Tier1,3.0983934894562686
QVVPYPQ,TYQTF,Tier1,2.646362175047349
QVVPYPQ,SGQYFL,Tier1,2.1698073852436046
QVVPYPQ,YYDPL,Tier1,2.8047748237823384
QVVPYPQ,GIISHR,Tier1,2.846234490250072
QVVPYPQ,PSLVGRPPVGKLTL,Tier1,3.0429268278603434
QVVPYPQ,SNAAC,Tier1,2.30342688419674
QVVPYPQ,LSGNK,Tier1,2.0506994165579244
QVVPYPQ,GLTSK,Tier1,2.573186100880816
QVVPYPQ,SDRDLLGPNNQYLPK,Tier1,2.9026262983755395
QVVPYPQ,ACQ,Tier1,2.803744757642957
QVVPYPQ,CAQ,Tier1,2.77920428990972
QVVPYPQ,CSQAPLA,Tier1,2.0885937148809934
QVVPYPQ,KLSDW,Tier1,3.077971126672801
QVVPYPQ,KGLWE,Tier1,2.3963672802961917
QVVPYPQ,IYIEQGNGITGM,Tier1,2.1110499762708956
QVVPYPQ,AGGF,Tier1,2.9143259368976455
QVVPYPQ,ETTL,Tier1,2.856252648472675
QVVPYPQ,VKRRGQDCIHGFCSD,Tier1,2.8903707495107396
QVVPYPQ,GQFNDKRWIPFG,Tier1,2.4727169975415046
QVVPYPQ,KDVPP,Tier1,2.410513558539339
QVVPYPQ,GQVPP,Tier1,1.4822741142567437
QVVPYPQ,DGVVYY,Tier1,2.498975595509775
QVVPYPQ,DVPPYM,Tier1,2.4838101338433507
QVVPYPQ,RYLGY,Tier1,2.9619466415501385
QVVPYPQ,RYLG,Tier1,3.0551070807954157
QVVPYPQ,AYFYPEL,Tier1,2.278112053021343
QVVPYPQ,AYFYPE,Tier1,3.0685348649297945
QVVPYPQ,YQKFPQY,Tier1,2.922325459234775
QVVPYPQ,YQEPVLGPVRGPFPIIV,Tier1,2.729630993502461
HQIYPV,WSVPQPK,Tier1,2.394766700333297
HQIYPV,IYPF,Tier1,2.807593195108717
HQIYPV,WYSL,Tier1,2.765869829639316
HQIYPV,WYSLA,Tier1,2.6262939635100486
HQIYPV,WYSLAM,Tier1,2.749606227199575
HQIYPV,WYSLAMA,Tier1,2.645610907829402
HQIYPV,LQGM,Tier1,2.131809906673671
HQIYPV,FPLEMMPF,Tier1,3.0386011141942717
HQIYPV,LNLPTAVYMVT,Tier1,1.9906118999857882
HQIYPV,YGGFL,Tier1,2.476521577849538
HQIYPV,YGGFM,Tier1,2.9598682256885405
HQIYPV,DRVYIHPF,Tier1,1.9290567385940014
HQIYPV,AIRQGDVF,Tier1,2.1514005663969615
HQIYPV,VLEANPRSF,Tier1,2.5449042800346886
HQIYPV,FALPQYLK,Tier1,1.51863877310061
HQIYPV,PYVRYL,Tier1,1.676188247155472
HQIYPV,HNPI,Tier1,2.4658428922899316
HQIYPV,AMRLTYNRPCIYAT,Tier1,2.769061607830926
HQIYPV,AMRLTGNRPGLYAT,Tier1,2.6927379033159733
HQIYPV,AMRLTYNRPCLGAT,Tier1,2.691140134681643
HQIYPV,CVHWMTNTARTACIAP,Tier1,2.7443509660888012
HQIYPV,AMRLTYNKPCLYGT,Tier1,2.8206628168703687
HQIYPV,AGWNIPIGT,Tier1,1.4135510117459802
HQIYPV,AGWNIP,Tier1,1.8305183401829244
HQIYPV,AGWNI,Tier1,2.4820142474677187
HQIYPV,LGFEY,Tier1,2.6188105118455876
HQIYPV,LGFEYY,Tier1,2.5203994134887093
HQIYPV,GWNIP,Tier1,2.4187207077129624
HQIYPV,VPYPQ,Tier1,2.051416421508856
HQIYPV,VPNSYP,Tier1,2.2313363994097717
HQIYPV,NPYVPR,Tier1,2.406671915524871
HQIYPV,WISELG,Tier1,2.1530892567214104
HQIYPV,WISELGW,Tier1,2.312566968295765
HQIYPV,ISELWG,Tier1,2.123060520449859
HQIYPV,ISELGF,Tier1,2.418323822483912
HQIYPV,ISELGY,Tier1,1.950374587847046
HQIYPV,GPLGLLGFLGPLGLS,Tier1,3.007514563960789
HQIYPV,QLGNLGV,Tier1,2.22036619016085
HQIYPV,SVMPVVA,Tier1,2.9941451924470797
HQIYPV,PYFNK,Tier1,3.0607141150200747
HQIYPV,YLMSR,Tier1,1.9846182318947263
HQIYPV,HMPVTK,Tier1,2.5473698062581787
HQIYPV,LVSK,Tier1,2.6320736173760495
HQIYPV,WHNVSGSP,Tier1,1.9770286227065654
HQIYPV,YWVTSGPK,Tier1,2.5338692325073464
HQIYPV,VAMVPPFET,Tier1,2.076472949441886
HQIYPV,YSEMPPGK,Tier1,2.8843459854669313
HQIYPV,FVNQPYLLYSVHMK,Tier1,2.5677313651227607
HQIYPV,VLSRYPS,Tier1,1.6339114715396976
HQIYPV,TIASGEP,Tier1,2.7483724674211567
HQIYPV,GYLEQ,Tier1,2.804536158126277
HQIYPV,RDMPIQ,Tier1,3.048108690372347
HQIYPV,YPELF,Tier1,2.8003622459153763
HQIYPV,YLKT,Tier1,2.0072980836773633
HQIYPV,TVYQ,Tier1,2.3569671189772854
HQIYPV,YGLN,Tier1,2.069778552239818
HQIYPV,YQKFP,Tier1,2.9189242069452623
HQIYPV,YQL,Tier1,3.0076239996197187
HQIYPV,YIPIQY,Tier1,1.8324421658388623
HQIYPV,FYQL,Tier1,2.4399554678515294
HQIYPV,LGNTDYAVH,Tier1,2.3000687926311922
HQIYPV,RASDPLLSV,Tier1,1.9907371455603096
HQIYPV,LAPSLPGKPKPD,Tier1,2.530111381353273
HQIYPV,MPDAHL,Tier1,2.268990038434994
HQIYPV,FVPH,Tier1,2.0205368298945405
HQIYPV,SAEHGSLH,Tier1,2.913696634552969
HQIYPV,TSQLLSDQ,Tier1,2.589008617421522
HQIYPV,TRTGDPFF,Tier1,3.0959670158417048
HQIYPV,NFHPQ,Tier1,2.844886749312902
HQIYPV,LSGYGP,Tier1,2.8776235256669787
HQIYPV,PYSFK,Tier1,3.086974149110767
HQIYPV,GFGPEL,Tier1,2.0192737154998888
HQIYPV,VGGRP,Tier1,2.3433950459192046
HQIYPV,VPVTST,Tier1,2.2124384551115512
HQIYPV,YLGAK,Tier1,1.9951912825314204
HQIYPV,GGLEPINFN,Tier1,2.5095477874205625
HQIYPV,GGIF,Tier1,2.5744648821813323
HQIYPV,GVQEGAGHYALL,Tier1,1.9614248225574944
HQIYPV,WPP,Tier1,2.944074966853086
HQIYPV,YYIVS,Tier1,2.423138529532249
HQIYPV,TYQTF,Tier1,2.9608584177933017
HQIYPV,SGQYFL,Tier1,2.279215423114797
HQIYPV,YYDPL,Tier1,2.9633387664763355
HQIYPV,GIISHR,Tier1,2.0530052376360364
HQIYPV,PSLVGRPPVGKLTL,Tier1,2.5823740465107266
HQIYPV,SNAAC,Tier1,2.5846914839047757
HQIYPV,HYVPV,Tier1,2.8498796132766935
HQIYPV,LSGNK,Tier1,2.305445957407159
HQIYPV,GLTSK,Tier1,2.0645119112127635
HQIYPV,AWIRGCRL,Tier1,2.755465078134235
HQIYPV,ACQ,Tier1,2.968258886405899
HQIYPV,CAQ,Tier1,2.8503542553668897
HQIYPV,KYL,Tier1,2.598760595363188
HQIYPV,CSQAPLA,Tier1,1.756482691121796
HQIYPV,KLSDW,Tier1,3.117411269746101
HQIYPV,KGLWE,Tier1,2.56041787051969
HQIYPV,IYIEQGNGITGM,Tier1,2.1025643772440374
HQIYPV,AGGF,Tier1,2.767899927782188
HQIYPV,ETTL,Tier1,2.9096274965421496
HQIYPV,SGAF,Tier1,3.0156139329625966
HQIYPV,GQFNDKRWIPFG,Tier1,2.9431165763432086
HQIYPV,VLVPK,Tier1,2.926957604600888
HQIYPV,KDVPP,Tier1,2.775738314528337
HQIYPV,GQVPP,Tier1,1.8351024876611164
HQIYPV,DGVVYY,Tier1,2.313670304593679
HQIYPV,DVPPYM,Tier1,2.669145965113954
HQIYPV,PGVPWP,Tier1,2.567964008987342
HQIYPV,RYLGY,Tier1,2.464333763436037
HQIYPV,RYL,Tier1,2.793342871098853
HQIYPV,RYLG,Tier1,2.3042658369144613
HQIYPV,YLGY,Tier1,3.012994542210567
HQIYPV,LGY,Tier1,2.669929164868482
HQIYPV,AYFYPEL,Tier1,2.3070871491668354
HQIYPV,VAGTWY,Tier1,2.7638481201311085
HQIYPV,YQEPVLGPVRGPFPIIV,Tier1,2.6430211597293103
PYPQ,WSVPQPK,Tier1,3.1088409761535774
PYPQ,VPYPQ,Tier1,2.0755325258644564
PYPQ,VPNSYP,Tier1,1.8714600919416893
PYPQ,NPYVPR,Tier1,2.731399441608791
PYPQ,PYFNK,Tier1,3.124639687536361
PYPQ,TERGY,Tier1,2.5715345209934655
PYPQ,WHNVSGSP,Tier1,2.6148915484123147
PYPQ,YSEMPPGK,Tier1,1.979073901619933
PYPQ,YAKPA,Tier1,1.8715663018396689
PYPQ,GTQY,Tier1,2.7837026368543634
PYPQ,ARHPHP,Tier1,3.0200648896147473
PYPQ,RYPS,Tier1,1.4081290457267295
PYPQ,SRYPS,Tier1,1.3233299988468645
PYPQ,AYPS,Tier1,2.4016296283084664
PYPQ,YAKP,Tier1,2.136999980219123
PYPQ,VLSRYPS,Tier1,3.0201695996629083
PYPQ,YQKFP,Tier1,2.841621405562763
PYPQ,RPNYTDA,Tier1,2.9710550492595567
PYPQ,TRTGDPFF,Tier1,2.8417589118530797
PYPQ,NFHPQ,Tier1,2.8776189079890413
PYPQ,VGGRP,Tier1,2.7585170498892446
PYPQ,WPP,Tier1,3.0949017882641567
PYPQ,TYQTF,Tier1,2.2927480822595414
PYPQ,YYDPL,Tier1,3.0151672211736558
PYPQ,SNAAC,Tier1,2.785161128278193
PYPQ,QYP,Tier1,1.473769672465277
PYPQ,GEGSGA,Tier1,2.9860728190500976
PYPQ,GQVPP,Tier1,2.63037251913457
PYPQ,GFYPPP,Tier1,2.9331851065380246
PYPQ,AYFYPE,Tier1,3.0203365205439354
PYPQ,YQKFPQY,Tier1,2.659597537243542
PYPQ,FPQY,Tier1,2.74676180452934
WSVPQPK,LQGM,Tier1,3.037321917320878
WSVPQPK,DRVYIHPF,Tier1,3.0145549923710218
WSVPQPK,AIRQGDVF,Tier1,3.076164998857477
WSVPQPK,VLEANPRSF,Tier1,2.477176044628296
WSVPQPK,FALPQYLK,Tier1,2.249014726692096
WSVPQPK,PYVRYL,Tier1,2.891454068647999
WSVPQPK,HNPI,Tier1,1.9900809368854175
WSVPQPK,QYDQGV,Tier1,3.016345207437891
WSVPQPK,AMRLTYNRPCIYAT,Tier1,2.9806452420170997
WSVPQPK,AMRLTGNRPGLYAT,Tier1,2.8976538373511715
WSVPQPK,AMRLTYNRPCLGAT,Tier1,2.9419594233721904
WSVPQPK,CVHWMTNTARTACIAP,Tier1,2.8704474178193955
WSVPQPK,AMRLTYNKPCLYGT,Tier1,3.010138627209779
WSVPQPK,AGWNIPIGT,Tier1,3.117586580600608
WSVPQPK,VPYPQ,Tier1,2.1022746323644834
WSVPQPK,VPNSYP,Tier1,2.147807406831342
WSVPQPK,NPYVPR,Tier1,1.5014555645760967
WSVPQPK,PYFNK,Tier1,2.9897529700995578
WSVPQPK,YLMSR,Tier1,1.7926293101538882
WSVPQPK,HMPVTK,Tier1,2.142685427163971
WSVPQPK,TEFTK,Tier1,2.7843108820360296
WSVPQPK,WHNVSGSP,Tier1,2.2920109459187565
WSVPQPK,YWVTSGPK,Tier1,2.8982939267314225
WSVPQPK,YSEMPPGK,Tier1,2.495271499658741
WSVPQPK,YAKPA,Tier1,2.841354128185345
WSVPQPK,RYPS,Tier1,3.0231850156670594
WSVPQPK,SRYPS,Tier1,2.91517468792285
WSVPQPK,YAKP,Tier1,2.9708568461849647
WSVPQPK,VLSRYPS,Tier1,2.059331605337196
WSVPQPK,YLKT,Tier1,2.9172498891455936
WSVPQPK,TVYQ,Tier1,2.716992318678578
WSVPQPK,YQKFP,Tier1,2.484297316186033
WSVPQPK,LGNTDYAVH,Tier1,2.6392922840537634
WSVPQPK,RASDPLLSV,Tier1,2.8137539842704093
WSVPQPK,LAPSLPGKPKPD,Tier1,2.078228116168412
WSVPQPK,MPDAHL,Tier1,2.8249369506877047
WSVPQPK,TRTGDPFF,Tier1,2.552152844201169
WSVPQPK,NFHPQ,Tier1,2.67378146008843
WSVPQPK,VGGRP,Tier1,1.8321689433291726
WSVPQPK,YLGAK,Tier1,2.6402076188765604
WSVPQPK,TYQTF,Tier1,2.5629586614682944
WSVPQPK,SGQYFL,Tier1,2.8627610067896687
WSVPQPK,YYDPL,Tier1,3.0688720047268805
WSVPQPK,GIISHR,Tier1,3.0139073989831946
WSVPQPK,LANAK,Tier1,2.769816560518605
WSVPQPK,PSLVGRPPVGKLTL,Tier1,2.9832924274651633
WSVPQPK,SNAAC,Tier1,2.4013256026967067
WSVPQPK,LSGNK,Tier1,2.1078696306156552
WSVPQPK,GLTSK,Tier1,2.3550999826199517
WSVPQPK,CAQ,Tier1,2.543646668742078
WSVPQPK,KYL,Tier1,2.658134884253502
WSVPQPK,CSQAPLA,Tier1,2.3368699417470142
WSVPQPK,KGLWE,Tier1,3.02233916832013
WSVPQPK,IYIEQGNGITGM,Tier1,3.001203287320079
WSVPQPK,VKRRGQDCIHGFCSD,Tier1,2.9310127492334717
WSVPQPK,GQFNDKRWIPFG,Tier1,2.853658489607301
WSVPQPK,GQVPP,Tier1,2.526395771172249
WSVPQPK,RYLGY,Tier1,2.792748370517426
WSVPQPK,RYL,Tier1,2.8836307333109157
WSVPQPK,RYLG,Tier1,2.4745588576426956
WSVPQPK,YQKFPQY,Tier1,2.402328977284454
WSVPQPK,FPQY,Tier1,2.3605230973182127
IYPF,WYS,Tier1,3.009877074313831
IYPF,WYSL,Tier1,1.5465808819729698
IYPF,WYSLA,Tier1,1.671034891304317
IYPF,WYSLAM,Tier1,1.7405516037381745
IYPF,WYSLAMA,Tier1,1.7484343004011025
IYPF,FPLEMMPF,Tier1,2.8588029315907177
IYPF,LNLPTAVYMVT,Tier1,2.7452034282839213
IYPF,YGGFL,Tier1,2.1201685761319156
IYPF,YGGFM,Tier1,2.659573248315212
IYPF,DRVYIHPF,Tier1,3.111090178064909
IYPF,YVL,Tier1,3.0244569643193673
IYPF,FALPQYLK,Tier1,2.8849248907322145
IYPF,PYVRYL,Tier1,3.110928533448436
IYPF,TIIPLPV,Tier1,3.1130816843389773
IYPF,WPL,Tier1,2.3671253723710377
IYPF,VPW,Tier1,1.8695131431567886
IYPF,VFPW,Tier1,1.717102147160905
IYPF,AGWNIPIGT,Tier1,2.5797188340544137
IYPF,AGWNIP,Tier1,2.9688667458180653
IYPF,LGFEY,Tier1,3.111712929982456
IYPF,LGFEYY,Tier1,2.8837685727834197
IYPF,WISELG,Tier1,3.063318506098671
IYPF,WISELGW,Tier1,2.6259786384970587
IYPF,ISELWG,Tier1,2.984950760941416
IYPF,ISELGF,Tier1,2.8660273100466256
IYPF,SVMPVVA,Tier1,2.5205966572301084
IYPF,YLMSR,Tier1,2.8226954561173825
IYPF,VAMVPPFET,Tier1,2.649132853487275
IYPF,YIPIQY,Tier1,2.671810566381384
IYPF,FYQL,Tier1,2.84880943319354
IYPF,FFGFN,Tier1,2.967846141362478
IYPF,FVPH,Tier1,2.175779368825506
IYPF,VPVTST,Tier1,2.5387677113928646
IYPF,GGIF,Tier1,2.105190033965682
IYPF,WPP,Tier1,2.870270213154638
IYPF,YYIVS,Tier1,1.70515993345525
IYPF,LPF,Tier1,2.0863431713267833
IYPF,LLPF,Tier1,2.629801726002083
IYPF,FLPF,Tier1,1.6920740048226208
IYPF,HYVPV,Tier1,2.408859564620529
IYPF,LPM,Tier1,2.9117368151334606
IYPF,CSQAPLA,Tier1,3.028486721518837
IYPF,AGGF,Tier1,2.7025712533975037
IYPF,SGAF,Tier1,3.115960032602879
IYPF,DGVVYY,Tier1,2.7948066612209668
IYPF,PGVPWP,Tier1,2.491870085679971
IYPF,YLG,Tier1,2.3495332594195424
IYPF,YLGY,Tier1,2.427657577680198
IYPF,LGY,Tier1,2.461431226749982
IYPF,AYFYPEL,Tier1,2.7307603733683905
IYPF,VAGTWY,Tier1,2.5498195088786395
WYS,WYSL,Tier1,2.3175644189545848
WYS,WYSLA,Tier1,2.541019702938152
WYS,WYSLAM,Tier1,2.9080839184117835
WYS,WYSLAMA,Tier1,3.080460670866944
WYS,YGGFL,Tier1,2.4950635790895697
WYS,YGGFM,Tier1,1.9675289358149604
WYS,LGFEYY,Tier1,2.8270717287720264
WYS,YWVTSGPK,Tier1,2.793981928578074
WYS,TVYQ,Tier1,3.0846424149549527
WYS,FFGFN,Tier1,3.080248764650131
WYS,LSGYGP,Tier1,3.0181654301798835
WYS,PYSFK,Tier1,2.699968688685249
WYS,WPP,Tier1,1.893202858417504
WYS,YYIVS,Tier1,3.0266789978205066
WYS,TYQTF,Tier1,2.8489302410761588
WYS,SGQYFL,Tier1,3.0369999984292155
WYS,GTW,Tier1,2.052393595040853
WYS,WYGPD,Tier1,2.8955249906784766
WYS,AGGF,Tier1,2.624954719129653
WYS,SGAF,Tier1,2.5550438611262503
WYS,GFYPPP,Tier1,3.1239997059325284
WYS,PGVPWP,Tier1,2.746493743195599
WYS,RYLGY,Tier1,2.755760827054771
WYS,YLGY,Tier1,2.1627074851972123
WYS,LGY,Tier1,2.946566649794829
WYS,AYFYPE,Tier1,3.008326418362991
WYS,VAGTWY,Tier1,2.325728950460405
WYSL,WYSLA,Tier1,0.8655238092412281
WYSL,WYSLAM,Tier1,1.1023901949676709
WYSL,WYSLAMA,Tier1,1.499194044846318
WYSL,LNLPTAVYMVT,Tier1,2.840492870429193
WYSL,YGGFL,Tier1,1.8032066162490743
WYSL,YGGFM,Tier1,2.3277207798526534
WYSL,DRVYIHPF,Tier1,2.736094023048804
WYSL,YVL,Tier1,2.9894441702224697
WYSL,FALPQYLK,Tier1,2.6987758323434936
WYSL,PYVRYL,Tier1,2.513747061456198
WYSL,WPL,Tier1,1.860101483380768
WYSL,VPW,Tier1,2.0330406595830284
WYSL,VFPW,Tier1,1.8784128424941728
WYSL,AGWNIPIGT,Tier1,2.7362074163914056
WYSL,LGFEY,Tier1,2.7176004764642
WYSL,LGFEYY,Tier1,2.589189200721654
WYSL,WISELG,Tier1,2.9689214683350715
WYSL,WISELGW,Tier1,2.5910244365244313
WYSL,ISELWG,Tier1,3.067756767755277
WYSL,ISELGF,Tier1,2.8835625696692753
WYSL,ISELGY,Tier1,2.9562124738218047
WYSL,GPLGLLGFLGPLGLS,Tier1,2.930968437932092
WYSL,YWVTSGPK,Tier1,2.989497575881846
WYSL,VAMVPPFET,Tier1,2.891727343061684
WYSL,TVYQ,Tier1,2.532226298179883
WYSL,YGLN,Tier1,2.8572309854499416
WYSL,YIPIQY,Tier1,1.9769811389319794
WYSL,FFGFN,Tier1,2.678398732567821
WYSL,FVPH,Tier1,2.2490660474114934
WYSL,GFGPEL,Tier1,2.9733120445052053
WYSL,VPVTST,Tier1,2.6659039315029607
WYSL,YLGAK,Tier1,2.827512487595474
WYSL,GGIF,Tier1,2.0186340008607533
WYSL,WPP,Tier1,2.6963493690419327
WYSL,YYIVS,Tier1,1.346442315730167
WYSL,SGQYFL,Tier1,2.7681925884859035
WYSL,LPF,Tier1,3.1204168231479317
WYSL,FLPF,Tier1,2.6465448691303437
WYSL,LTC,Tier1,3.1107490441108987
WYSL,GTW,Tier1,2.647157884089735
WYSL,LPM,Tier1,3.0387098796716656
WYSL,AGGF,Tier1,2.694302033266485
WYSL,SGAF,Tier1,2.652655673400133
WYSL,DGVVYY,Tier1,2.4357390609236242
WYSL,PGVPWP,Tier1,2.1449122015322857
WYSL,RYLGY,Tier1,2.693793883437441
WYSL,RYLG,Tier1,2.9171125020020847
WYSL,YLG,Tier1,1.917968366731214
WYSL,YLGY,Tier1,1.5782082022535668
WYSL,LGY,Tier1,1.688522201456077
WYSL,AYFYPEL,Tier1,3.0366897386161917
WYSL,VAGTWY,Tier1,1.5789457246238994
WYSLA,WYSLAM,Tier1,0.8206819754222753
WYSLA,WYSLAMA,Tier1,0.8941469967326525
WYSLA,LNLPTAVYMVT,Tier1,2.5900101379998897
WYSLA,YGGFL,Tier1,1.8705706785334482
WYSLA,YGGFM,Tier1,2.412400742117677
WYSLA,DRVYIHPF,Tier1,2.6771163423869226
WYSLA,FALPQYLK,Tier1,2.604195885668111
WYSLA,PYVRYL,Tier1,2.4918341384253093
WYSLA,TIIPLPV,Tier1,3.109403466965222
WYSLA,WPL,Tier1,2.0154756680315598
WYSLA,VPW,Tier1,2.1645987381134253
WYSLA,VFPW,Tier1,2.409263395220048
WYSLA,AGWNIPIGT,Tier1,2.412458167355474
WYSLA,LGFEY,Tier1,2.8099631976109523
WYSLA,LGFEYY,Tier1,2.6883792152000763
WYSLA,VIPMGL,Tier1,3.0194960242734283
WYSLA,WISELG,Tier1,3.019313604063473
WYSLA,WISELGW,Tier1,2.7741972134180894
WYSLA,ISELWG,Tier1,3.1154639182522477
WYSLA,ISELGF,Tier1,2.823411808547767
WYSLA,ISELGY,Tier1,2.7993957047494202
WYSLA,GPLGLLGFLGPLGLS,Tier1,2.5065395450225605
WYSLA,SVMPVVA,Tier1,2.9533184963148726
WYSLA,YWVTSGPK,Tier1,2.8546713820010927
WYSLA,VAMVPPFET,Tier1,2.704941970264839
WYSLA,TVYQ,Tier1,2.3019732049176564
WYSLA,YGLN,Tier1,2.793957953993327
WYSLA,YIPIQY,Tier1,1.8008566512109196
WYSLA,YVGD,Tier1,3.1184092097310123
WYSLA,FVPH,Tier1,2.3300912096779576
WYSLA,LSGYGP,Tier1,2.802164001483026
WYSLA,GFGPEL,Tier1,2.8446390914547766
WYSLA,VPVTST,Tier1,2.1192882876887946
WYSLA,YLGAK,Tier1,2.5216148738418362
WYSLA,GGIF,Tier1,2.0268322858807633
WYSLA,WPP,Tier1,2.6780649919768074
WYSLA,YYIVS,Tier1,1.1772817789082966
WYSLA,SGQYFL,Tier1,2.8245413834677393
WYSLA,FLPF,Tier1,2.9930502334105857
WYSLA,GLTSK,Tier1,3.0289686231006807
WYSLA,LTC,Tier1,2.905801508118702
WYSLA,GTW,Tier1,2.590123527846331
WYSLA,LPM,Tier1,2.857287660387528
WYSLA,CSQAPLA,Tier1,2.749405469730471
WYSLA,AGGF,Tier1,2.3907354087934376
WYSLA,SGAF,Tier1,2.351208126212237
WYSLA,DGVVYY,Tier1,2.390741645056447
WYSLA,PGVPWP,Tier1,1.6190388774454283
WYSLA,RYLGY,Tier1,2.576863542570475
WYSLA,RYLG,Tier1,2.737848424323505
WYSLA,YLG,Tier1,1.3121687794448753
WYSLA,YLGY,Tier1,1.1861045703852828
WYSLA,LGY,Tier1,1.4104887681224592
WYSLA,AYFYPEL,Tier1,3.008307573069601
WYSLA,VAGTWY,Tier1,1.1464543878797704
WYSLAM,WYSLAMA,Tier1,0.6212722163450075
WYSLAM,FPLEMMPF,Tier1,3.067975344425347
WYSLAM,LNLPTAVYMVT,Tier1,2.378457522790709
WYSLAM,YGGFL,Tier1,2.1547519633586436
WYSLAM,YGGFM,Tier1,2.5253404844786576
WYSLAM,DRVYIHPF,Tier1,2.5960660556176194
WYSLAM,YVL,Tier1,3.109596277368604
WYSLAM,FALPQYLK,Tier1,2.5475487734618407
WYSLAM,PYVRYL,Tier1,2.694497552946514
WYSLAM,TIIPLPV,Tier1,2.8838143581959383
WYSLAM,WPL,Tier1,1.6704994816458427
WYSLAM,VPW,Tier1,1.7596496772447463
WYSLAM,VFPW,Tier1,1.9862158215808485
WYSLAM,AGWNIPIGT,Tier1,2.4286713937729147
WYSLAM,LGFEY,Tier1,2.86167690479357
WYSLAM,LGFEYY,Tier1,2.8790053974657295
WYSLAM,VIPMGL,Tier1,2.6340521752629376
WYSLAM,WISELG,Tier1,2.928102058020164
WYSLAM,WISELGW,Tier1,2.5605182143586758
WYSLAM,ISELWG,Tier1,3.0264046389434527
WYSLAM,ISELGF,Tier1,2.654170283279712
WYSLAM,ISELGY,Tier1,2.930905889712699
WYSLAM,GPLGLLGFLGPLGLS,Tier1,2.2369863342991714
WYSLAM,SVMPVVA,Tier1,2.646690939308793
WYSLAM,YWVTSGPK,Tier1,3.0376176608461742
WYSLAM,VAMVPPFET,Tier1,2.4845171684434115
WYSLAM,TVYQ,Tier1,2.4903991704130646
WYSLAM,YGLN,Tier1,3.0686241170912973
WYSLAM,YIPIQY,Tier1,2.0254290302154154
WYSLAM,FFGFN,Tier1,2.8734184124751905
WYSLAM,FVPH,Tier1,2.328091705071897
WYSLAM,GFGPEL,Tier1,2.9034261639406154
WYSLAM,VPVTST,Tier1,2.177391393804727
WYSLAM,YLGAK,Tier1,2.8204322304213796
WYSLAM,GGIF,Tier1,2.036959278398632
WYSLAM,WPP,Tier1,2.9036856567766955
WYSLAM,YYIVS,Tier1,1.5989095987142803
WYSLAM,SGQYFL,Tier1,2.9877266919009164
WYSLAM,LPF,Tier1,2.87480228320094
WYSLAM,FLPF,Tier1,2.665558153224496
WYSLAM,LTC,Tier1,2.445070263202513
WYSLAM,GTW,Tier1,2.801273415484384
WYSLAM,LPM,Tier1,2.408304669345728
WYSLAM,CSQAPLA,Tier1,2.7758061644841523
WYSLAM,IYIEQGNGITGM,Tier1,3.022467582859557
WYSLAM,AGGF,Tier1,2.689976771105665
WYSLAM,SGAF,Tier1,2.6555468601798844
WYSLAM,DGVVYY,Tier1,2.5710955078203543
WYSLAM,PGVPWP,Tier1,1.6988772399505905
WYSLAM,RYLGY,Tier1,2.9440896515810167
WYSLAM,RYLG,Tier1,2.948035455251025
WYSLAM,YLG,Tier1,1.7166054652247733
WYSLAM,YLGY,Tier1,1.9521847477411727
WYSLAM,LGY,Tier1,1.9677689237529536
WYSLAM,VAGTWY,Tier1,1.4773066141329334
WYSLAMA,FPLEMMPF,Tier1,3.09408944778093
WYSLAMA,LNLPTAVYMVT,Tier1,2.2154846035501685
WYSLAMA,YGGFL,Tier1,2.26518352425336
WYSLAMA,YGGFM,Tier1,2.651293034383246
WYSLAMA,DRVYIHPF,Tier1,2.6205923995741918
WYSLAMA,FALPQYLK,Tier1,2.530655365839614
WYSLAMA,PYVRYL,Tier1,2.7731485417812443
WYSLAMA,TIIPLPV,Tier1,2.737896202030603
WYSLAMA,WPL,Tier1,2.030850309478903
WYSLAMA,VPW,Tier1,1.965965202959655
WYSLAMA,VFPW,Tier1,2.3978705732018875
WYSLAMA,AGWNIPIGT,Tier1,2.1722870277364055
WYSLAMA,LGFEY,Tier1,3.0079062911096823
WYSLAMA,LGFEYY,Tier1,2.954737306252349
WYSLAMA,VIPMGL,Tier1,2.736409746872903
WYSLAMA,WISELG,Tier1,3.005227338124811
WYSLAMA,WISELGW,Tier1,2.6988009644796054
WYSLAMA,ISELWG,Tier1,3.061797113511406
WYSLAMA,ISELGF,Tier1,2.691223919398459
WYSLAMA,ISELGY,Tier1,2.887354310875182
WYSLAMA,GPLGLLGFLGPLGLS,Tier1,2.040548855459471
WYSLAMA,SVMPVVA,Tier1,2.4509141622392363
WYSLAMA,YWVTSGPK,Tier1,3.068862486488939
WYSLAMA,VAMVPPFET,Tier1,2.34303292289667
WYSLAMA,TVYQ,Tier1,2.517133871847196
WYSLAMA,YIPIQY,Tier1,2.0826119357042563
WYSLAMA,FVPH,Tier1,2.398618700270359
WYSLAMA,LSGYGP,Tier1,3.1173468957395087
WYSLAMA,GFGPEL,Tier1,2.8691484688902062
WYSLAMA,VPVTST,Tier1,1.8182384079487708
WYSLAMA,YLGAK,Tier1,2.759779909270144
WYSLAMA,GGIF,Tier1,2.1778492018175597
WYSLAMA,WPP,Tier1,2.868057173564512
WYSLAMA,YYIVS,Tier1,1.6321632260916865
WYSLAMA,SGQYFL,Tier1,3.101330309508597
WYSLAMA,LPF,Tier1,2.8286085538542136
WYSLAMA,FLPF,Tier1,2.8530239540424267
WYSLAMA,HYVPV,Tier1,2.8880443780666765
WYSLAMA,GLTSK,Tier1,3.0731279635754936
WYSLAMA,LTC,Tier1,2.5432522936532065
WYSLAMA,GTW,Tier1,3.015886424516696
WYSLAMA,LPM,Tier1,2.436697703389173
WYSLAMA,CSQAPLA,Tier1,2.5211341110398515
WYSLAMA,IYIEQGNGITGM,Tier1,2.9227049089188264
WYSLAMA,AGGF,Tier1,2.5508893974833735
WYSLAMA,SGAF,Tier1,2.62497752208567
WYSLAMA,DGVVYY,Tier1,2.6117186416439475
WYSLAMA,PGVPWP,Tier1,1.4400101302067823
WYSLAMA,RYLGY,Tier1,2.9934927004115037
WYSLAMA,RYLG,Tier1,2.97332931701104
WYSLAMA,YLG,Tier1,1.577609590394105
WYSLAMA,YLGY,Tier1,1.941787496358339
WYSLAMA,LGY,Tier1,2.039055277008914
WYSLAMA,AYFYPEL,Tier1,3.0870526901928845
WYSLAMA,VAGTWY,Tier1,1.549563013147043
LQGM,FPLEMMPF,Tier1,2.897532509257922
LQGM,LNLPTAVYMVT,Tier1,2.7426588368223146
LQGM,AIRQGDVF,Tier1,2.1890647516006663
LQGM,VLEANPRSF,Tier1,2.686067886164762
LQGM,IQY,Tier1,3.089688161056099
LQGM,FALPQYLK,Tier1,2.5662051692999466
LQGM,HNPI,Tier1,3.022058412105964
LQGM,AGWNIPIGT,Tier1,2.468373239092209
LQGM,AGWNIP,Tier1,2.196432625369897
LQGM,AGWNI,Tier1,2.202453031427969
LQGM,WNIP,Tier1,2.546103239193247
LQGM,GWNIP,Tier1,2.336353163814312
LQGM,GWNI,Tier1,2.8055782743968742
LQGM,VPYPQ,Tier1,2.9458548808056078
LQGM,WISELG,Tier1,2.2857195151197316
LQGM,WISELGW,Tier1,2.5859870938679204
LQGM,ISELWG,Tier1,2.171783576612693
LQGM,ISELGF,Tier1,2.4977697544907764
LQGM,ISELGY,Tier1,2.6694849907954303
LQGM,QLGNLGV,Tier1,2.160912854632819
LQGM,SVMPVVA,Tier1,3.1193474035715
LQGM,YLMSR,Tier1,2.6369872990039664
LQGM,LVSK,Tier1,2.8044463534077444
LQGM,WHNVSGSP,Tier1,3.0185530704185854
LQGM,VAMVPPFET,Tier1,2.526643642930983
LQGM,VLSRYPS,Tier1,2.823303637258847
LQGM,RDMPIQ,Tier1,2.9230925999557362
LQGM,YPELF,Tier1,3.0394345154524576
LQGM,YLKT,Tier1,3.0904226944551856
LQGM,YGLN,Tier1,2.9899747035461615
LQGM,YQL,Tier1,2.8764749659754596
LQGM,YIPIQY,Tier1,3.0510590680043346
LQGM,FYQL,Tier1,2.2552694951210803
LQGM,VGDI,Tier1,3.079173220812351
LQGM,RASDPLLSV,Tier1,2.810572512331422
LQGM,MPDAHL,Tier1,2.877468626791489
LQGM,FVPH,Tier1,3.0942028412662297
LQGM,TSQLLSDQ,Tier1,2.849498616132891
LQGM,GFGPEL,Tier1,2.587066679107417
LQGM,VGGRP,Tier1,3.1076740732069847
LQGM,GGLEPINFN,Tier1,2.5599219674060945
LQGM,GVQEGAGHYALL,Tier1,3.1114812757731043
LQGM,SNAAC,Tier1,2.7649233202514583
LQGM,LSGNK,Tier1,3.0050630490631223
LQGM,AWIRGCRL,Tier1,3.065209275925948
LQGM,ACQ,Tier1,2.2763846855285776
LQGM,QCL,Tier1,2.549898601460575
LQGM,CAQ,Tier1,2.674995789066366
LQGM,CSQAPLA,Tier1,2.4434569978153426
LQGM,KGLWE,Tier1,2.7309071501144264
LQGM,IYIEQGNGITGM,Tier1,2.8507594150169324
LQGM,VLVPK,Tier1,2.805739763538312
LQGM,GQVPP,Tier1,2.330001050507317
LQGM,DVPPYM,Tier1,3.0274806870045334
LQGM,VPKVK,Tier1,3.1233315609194947
QGAR,HNPI,Tier1,2.8759738847145084
QGAR,QYDQGV,Tier1,3.0903595651889124
QGAR,NPYVPR,Tier1,2.493428674788138
QGAR,TERGY,Tier1,2.476372192212757
QGAR,YAKPA,Tier1,2.8551056462026256
QGAR,GTQY,Tier1,2.542557534552822
QGAR,ARHPHP,Tier1,2.8180912473095843
QGAR,RYPS,Tier1,2.784602378688926
QGAR,SRYPS,Tier1,2.9634924354386167
QGAR,YAKP,Tier1,2.2271120708063465
QGAR,RYQ,Tier1,2.5760386405957862
QGAR,LAPSLPGKPKPD,Tier1,2.9754526289847267
QGAR,RPNYTDA,Tier1,2.1213958288995207
QGAR,TRTGDPFF,Tier1,3.07023741719506
QGAR,NFHPQ,Tier1,2.84775800730756
QGAR,VGGRP,Tier1,2.631152868546297
QGAR,LANAK,Tier1,2.5145012580633592
QGAR,QYP,Tier1,2.570334128539861
QGAR,LSGNK,Tier1,2.5973747186804874
QGAR,YQKFPQY,Tier1,2.96041134889105
QGAR,YQK,Tier1,2.264033348103809
FPLEMMPF,LNLPTAVYMVT,Tier1,2.6037131441097014
FPLEMMPF,DRVYIHPF,Tier1,2.806454632212296
FPLEMMPF,VPW,Tier1,3.0478429440554744
FPLEMMPF,VFPW,Tier1,2.760512578252926
FPLEMMPF,AGWNIPIGT,Tier1,2.59094224218263
FPLEMMPF,AGWNIP,Tier1,2.5856806731332775
FPLEMMPF,AGWNI,Tier1,2.787513770691294
FPLEMMPF,WNIP,Tier1,2.9785712036956906
FPLEMMPF,LGFEY,Tier1,2.7502964336356586
FPLEMMPF,LGFEYY,Tier1,2.824578160776834
FPLEMMPF,GWNIP,Tier1,2.5477842221973233
FPLEMMPF,WISELG,Tier1,2.350411157078263
FPLEMMPF,WISELGW,Tier1,1.7631362548644485
FPLEMMPF,ISELWG,Tier1,2.180830391900197
FPLEMMPF,ISELGF,Tier1,2.2856525539251065
FPLEMMPF,ISELGY,Tier1,2.942034608767545
FPLEMMPF,SVMPVVA,Tier1,2.936558812881897
FPLEMMPF,VAMVPPFET,Tier1,1.7612818183293388
FPLEMMPF,YPELF,Tier1,3.041922983687472
FPLEMMPF,FYQL,Tier1,2.8027512625242825
FPLEMMPF,FFGFN,Tier1,2.9599671352164965
FPLEMMPF,FVPH,Tier1,3.073978607156547
FPLEMMPF,GFGPEL,Tier1,2.617530255891028
FPLEMMPF,GGLEPINFN,Tier1,2.9884616239027064
FPLEMMPF,GIFE,Tier1,2.985773001195127
FPLEMMPF,FLPF,Tier1,2.8047234757894697
FPLEMMPF,ACQ,Tier1,3.073584916824335
FPLEMMPF,IYIEQGNGITGM,Tier1,2.941532937827236
FPLEMMPF,DGVVYY,Tier1,3.0799612347866923
FPLEMMPF,DVPPYM,Tier1,2.283513788326881
FPLEMMPF,AYFYPEL,Tier1,2.600779448412063
LNLPTAVYMVT,YGGFL,Tier1,2.6975368747066475
LNLPTAVYMVT,DRVYIHPF,Tier1,2.4330710774600597
LNLPTAVYMVT,AIRQGDVF,Tier1,2.9078258117205533
LNLPTAVYMVT,FALPQYLK,Tier1,2.179012714857753
LNLPTAVYMVT,PYVRYL,Tier1,2.607101602478722
LNLPTAVYMVT,TIIPLPV,Tier1,2.4274106887633176
LNLPTAVYMVT,AMRLTYNRPCIYAT,Tier1,2.916270290463332
LNLPTAVYMVT,AMRLTGNRPGLYAT,Tier1,3.036793679831396
LNLPTAVYMVT,AMRLTYNRPCLGAT,Tier1,2.8677300474956726
LNLPTAVYMVT,CVHWMTNTARTACIAP,Tier1,2.602816986779568
LNLPTAVYMVT,AMRLTYNKPCLYGT,Tier1,3.030136731866083
LNLPTAVYMVT,AGWNIPIGT,Tier1,1.2970385761499004
LNLPTAVYMVT,AGWNIP,Tier1,2.381704724704723
LNLPTAVYMVT,AGWNI,Tier1,2.9180163480398145
LNLPTAVYMVT,VIPMGL,Tier1,2.7131848413740474
LNLPTAVYMVT,GWNIP,Tier1,2.934310744403167
LNLPTAVYMVT,WISELG,Tier1,2.2693175253510236
LNLPTAVYMVT,WISELGW,Tier1,2.2369060602772084
LNLPTAVYMVT,ISELWG,Tier1,2.2679802309852826
LNLPTAVYMVT,ISELGF,Tier1,2.2575521434584
LNLPTAVYMVT,ISELGY,Tier1,2.357531346694067
LNLPTAVYMVT,GPLGLLGFLGPLGLS,Tier1,1.61014404807125
LNLPTAVYMVT,QLGNLGV,Tier1,2.169752691903018
LNLPTAVYMVT,SVMPVVA,Tier1,2.0637326244690284
LNLPTAVYMVT,FLKPLFNAALKLLP,Tier1,2.735387410423681
LNLPTAVYMVT,YLMSR,Tier1,3.034691331853519
LNLPTAVYMVT,WHNVSGSP,Tier1,3.085298337418269
LNLPTAVYMVT,VAMVPPFET,Tier1,1.7828845090951593
LNLPTAVYMVT,FVNQPYLLYSVHMK,Tier1,2.215674256376155
LNLPTAVYMVT,VLSRYPS,Tier1,2.855678868493688
LNLPTAVYMVT,YGLN,Tier1,2.856212316285159
LNLPTAVYMVT,YIPIQY,Tier1,2.1928157087271654
LNLPTAVYMVT,RASDPLLSV,Tier1,2.527890573507458
LNLPTAVYMVT,AGTTCLFTPLALPYDYSH,Tier1,2.727957673682612
LNLPTAVYMVT,FVPH,Tier1,2.5988013857295797
LNLPTAVYMVT,GFGPEL,Tier1,2.683143669779477
LNLPTAVYMVT,VPVTST,Tier1,2.0985728243636177
LNLPTAVYMVT,GGLEPINFN,Tier1,2.88665935872784
LNLPTAVYMVT,GGIF,Tier1,2.4156817024917867
LNLPTAVYMVT,GVQEGAGHYALL,Tier1,2.233004312191986
LNLPTAVYMVT,YYIVS,Tier1,2.2753957340663526
LNLPTAVYMVT,GIISHR,Tier1,2.9243619827387004
LNLPTAVYMVT,LLPF,Tier1,3.0630742622986054
LNLPTAVYMVT,PSLVGRPPVGKLTL,Tier1,2.524398853455328
LNLPTAVYMVT,HYVPV,Tier1,3.118678038147058
LNLPTAVYMVT,AWIRGCRL,Tier1,3.074373887389696
LNLPTAVYMVT,LPM,Tier1,2.9947270405721396
LNLPTAVYMVT,CSQAPLA,Tier1,2.3810473175826306
LNLPTAVYMVT,IYIEQGNGITGM,Tier1,2.1449576731733333
LNLPTAVYMVT,VLVPK,Tier1,3.0162609480437808
LNLPTAVYMVT,GQVPP,Tier1,3.0926989598115253
LNLPTAVYMVT,DGVVYY,Tier1,2.803100171928991
LNLPTAVYMVT,PGVPWP,Tier1,2.8059217216415506
LNLPTAVYMVT,LGY,Tier1,2.873977737193605
LNLPTAVYMVT,AYFYPEL,Tier1,2.937431091760422
LNLPTAVYMVT,VAGTWY,Tier1,2.8418863900257954
LNLPTAVYMVT,YQEPVLGPVRGPFPIIV,Tier1,1.978010825014108
YGGFL,YGGFM,Tier1,1.2984011799261033
YGGFL,DRVYIHPF,Tier1,2.9658949793934175
YGGFL,FALPQYLK,Tier1,2.8842573997925687
YGGFL,PYVRYL,Tier1,2.403376679531561
YGGFL,VFPW,Tier1,2.7237520250981726
YGGFL,AGWNIPIGT,Tier1,2.4564112573184684
YGGFL,AGWNIP,Tier1,3.0410316243669904
YGGFL,LGFEY,Tier1,2.8329437615961024
YGGFL,LGFEYY,Tier1,2.4609613893211755
YGGFL,VPYPQ,Tier1,2.8409556434735195
YGGFL,VPNSYP,Tier1,2.8524287602423173
YGGFL,WISELG,Tier1,2.8835147001715176
YGGFL,WISELGW,Tier1,2.85723145471768
YGGFL,ISELWG,Tier1,2.9665073142820013
YGGFL,ISELGF,Tier1,3.0774162467772093
YGGFL,ISELGY,Tier1,2.667380758129065
YGGFL,YWVTSGPK,Tier1,2.420901693931174
YGGFL,VAMVPPFET,Tier1,2.6699676928408853
YGGFL,VLSRYPS,Tier1,2.661687128395357
YGGFL,YPELF,Tier1,3.011456499798314
YGGFL,TVYQ,Tier1,2.7968603757104002
YGGFL,YGLN,Tier1,2.4972914879373884
YGGFL,YIPIQY,Tier1,2.3355032588662494
YGGFL,FYQL,Tier1,3.115138586049675
YGGFL,FFGFN,Tier1,2.9665079358275115
YGGFL,FVPH,Tier1,1.6993325169379663
YGGFL,LSGYGP,Tier1,2.054009389114184
YGGFL,PYSFK,Tier1,3.031344377251534
YGGFL,GFGPEL,Tier1,2.5904859342305495
YGGFL,VPVTST,Tier1,2.376093654018808
YGGFL,YLGAK,Tier1,2.6170001071662625
YGGFL,GGIF,Tier1,1.2029163548621629
YGGFL,GVQEGAGHYALL,Tier1,2.857446431933884
YGGFL,WPP,Tier1,2.6006739706747406
YGGFL,YYIVS,Tier1,1.32214488198577
YGGFL,TYQTF,Tier1,3.01075219404452
YGGFL,SGQYFL,Tier1,2.0642791632625728
YGGFL,GLTSK,Tier1,3.0857692115803146
YGGFL,GTW,Tier1,2.5745350551816224
YGGFL,CSQAPLA,Tier1,2.721439692027375
YGGFL,AGGF,Tier1,1.570751579931389
YGGFL,SGAF,Tier1,1.6099375430371599
YGGFL,GQVPP,Tier1,3.0988635890345657
YGGFL,DGVVYY,Tier1,2.1783899789865493
YGGFL,PGVPWP,Tier1,2.551088150551385
YGGFL,RYLGY,Tier1,2.722733050844103
YGGFL,YLG,Tier1,2.9209762202887113
YGGFL,YLGY,Tier1,1.9925887771931847
YGGFL,LGY,Tier1,1.553597023402815
YGGFL,AYFYPEL,Tier1,2.604301176357183
YGGFL,VAGTWY,Tier1,1.6633959828452451
YGGFM,PYVRYL,Tier1,2.900066516971375
YGGFM,VFPW,Tier1,2.997036076021182
YGGFM,AGWNIPIGT,Tier1,2.8688596543693343
YGGFM,LGFEY,Tier1,3.0691531733923902
YGGFM,LGFEYY,Tier1,2.6024472941361543
YGGFM,VPYPQ,Tier1,2.8599262842646906
YGGFM,VPNSYP,Tier1,2.798875605750674
YGGFM,WHNVSGSP,Tier1,2.9875615978774825
YGGFM,YWVTSGPK,Tier1,2.2500930069765808
YGGFM,VAMVPPFET,Tier1,2.935206091327015
YGGFM,AYPS,Tier1,3.102751044766616
YGGFM,VLSRYPS,Tier1,3.006917986877889
YGGFM,TVYQ,Tier1,2.9557247499377906
YGGFM,YGLN,Tier1,2.8584452255477424
YGGFM,YIPIQY,Tier1,2.9874390163432505
YGGFM,FFGFN,Tier1,2.697608802301567
YGGFM,FVPH,Tier1,2.0491317904380377
YGGFM,LSGYGP,Tier1,2.215053130484417
YGGFM,PYSFK,Tier1,2.612177254937442
YGGFM,GFGPEL,Tier1,2.7385199308211767
YGGFM,VPVTST,Tier1,2.833555723909473
YGGFM,YLGAK,Tier1,2.991351197998105
YGGFM,GGIF,Tier1,2.0701990851577188
YGGFM,WPP,Tier1,2.06214247945894
YGGFM,YYIVS,Tier1,2.422721979216954
YGGFM,TYQTF,Tier1,2.6120477578605694
YGGFM,SGQYFL,Tier1,2.242215329971565
YGGFM,GTW,Tier1,2.1069746449270177
YGGFM,CSQAPLA,Tier1,3.0298649610728963
YGGFM,WYGPD,Tier1,2.9969794259022278
YGGFM,AGGF,Tier1,1.4268377903287524
YGGFM,SGAF,Tier1,1.4527696921211257
YGGFM,DGVVYY,Tier1,2.6281943918302875
YGGFM,GFYPPP,Tier1,2.9219710194664748
YGGFM,PGVPWP,Tier1,2.5323208357607525
YGGFM,RYLGY,Tier1,2.8878088936158375
YGGFM,YLGY,Tier1,2.4790203350355524
YGGFM,LGY,Tier1,2.48450844696105
YGGFM,AYFYPEL,Tier1,2.779172733439054
YGGFM,AYFYPE,Tier1,3.02813237426547
YGGFM,VAGTWY,Tier1,1.9220448020605843
DRVYIHPF,AIRQGDVF,Tier1,2.3760470948339196
DRVYIHPF,FALPQYLK,Tier1,1.8966165353938391
DRVYIHPF,PYVRYL,Tier1,2.106518101709881
DRVYIHPF,AMRLTYNRPCIYAT,Tier1,2.7943650905483715
DRVYIHPF,AMRLTGNRPGLYAT,Tier1,2.8703239468063098
DRVYIHPF,AMRLTYNRPCLGAT,Tier1,2.774383604734446
DRVYIHPF,CVHWMTNTARTACIAP,Tier1,2.895996722452968
DRVYIHPF,AMRLTYNKPCLYGT,Tier1,2.77251893458242
DRVYIHPF,AGWNIPIGT,Tier1,2.2478490578636916
DRVYIHPF,AGWNIP,Tier1,2.815289516242969
DRVYIHPF,LGFEY,Tier1,2.3496185979979627
DRVYIHPF,LGFEYY,Tier1,2.370793551114653
DRVYIHPF,NPYVPR,Tier1,2.8178847607700424
DRVYIHPF,WISELG,Tier1,2.3668299742918366
DRVYIHPF,WISELGW,Tier1,2.1939864843662775
DRVYIHPF,ISELWG,Tier1,2.439367792989644
DRVYIHPF,ISELGF,Tier1,2.4795530540013386
DRVYIHPF,ISELGY,Tier1,2.335890640837811
DRVYIHPF,GPLGLLGFLGPLGLS,Tier1,3.049663161055551
DRVYIHPF,QLGNLGV,Tier1,2.7384956712900106
DRVYIHPF,PYFNK,Tier1,2.9649820719531426
DRVYIHPF,YLMSR,Tier1,2.7315420899639085
DRVYIHPF,HMPVTK,Tier1,2.7919156192004126
DRVYIHPF,WHNVSGSP,Tier1,2.9070204400823663
DRVYIHPF,YWVTSGPK,Tier1,2.632383873142091
DRVYIHPF,VAMVPPFET,Tier1,2.279182881916325
DRVYIHPF,FHNMEK,Tier1,3.09101489820253
DRVYIHPF,FVNQPYLLYSVHMK,Tier1,2.213351249190777
DRVYIHPF,VLSRYPS,Tier1,2.868708855361436
DRVYIHPF,GYLEQ,Tier1,2.56457455196888
DRVYIHPF,RDMPIQ,Tier1,2.6843356515079826
DRVYIHPF,YLKT,Tier1,2.663844761535769
DRVYIHPF,TVYQ,Tier1,2.6547767354411302
DRVYIHPF,YGLN,Tier1,2.5243518634683446
DRVYIHPF,YQKFP,Tier1,3.0467043259763242
DRVYIHPF,YIPIQY,Tier1,2.2266626542481482
DRVYIHPF,YVGD,Tier1,2.851365962269988
DRVYIHPF,LGNTDYAVH,Tier1,2.736402688063354
DRVYIHPF,RASDPLLSV,Tier1,2.4093471914862477
DRVYIHPF,LAPSLPGKPKPD,Tier1,2.9811998048314794
DRVYIHPF,AGTTCLFTPLALPYDYSH,Tier1,3.109149259428197
DRVYIHPF,MPDAHL,Tier1,2.705476938648096
DRVYIHPF,FVPH,Tier1,2.4972157924480776
DRVYIHPF,TSQLLSDQ,Tier1,2.974463512778666
DRVYIHPF,NFHPQ,Tier1,2.9658222049313925
DRVYIHPF,PYSFK,Tier1,3.0044363599113377
DRVYIHPF,GFGPEL,Tier1,2.2586901786692275
DRVYIHPF,VPVTST,Tier1,2.9595614157544303
DRVYIHPF,STMMEERRMKVY,Tier1,2.8034797126791475
DRVYIHPF,YLGAK,Tier1,2.488255829086165
DRVYIHPF,GGLEPINFN,Tier1,2.664654628662987
DRVYIHPF,GGIF,Tier1,3.121067870950577
DRVYIHPF,GIFE,Tier1,2.842374298957927
DRVYIHPF,GVQEGAGHYALL,Tier1,2.5525009223053057
DRVYIHPF,YYIVS,Tier1,2.8442435232802477
DRVYIHPF,SGQYFL,Tier1,2.949114512754786
DRVYIHPF,GIISHR,Tier1,2.540494030188086
DRVYIHPF,PSLVGRPPVGKLTL,Tier1,2.9679287871181024
DRVYIHPF,LSGNK,Tier1,2.891394477438537
DRVYIHPF,GLTSK,Tier1,2.6914250693798794
DRVYIHPF,VAWRNRCKGTD,Tier1,3.0221658235174647
DRVYIHPF,AWIRGCRL,Tier1,2.8911411262106896
DRVYIHPF,SDRDLLGPNNQYLPK,Tier1,2.957756133066064
DRVYIHPF,KYL,Tier1,2.972923338182748
DRVYIHPF,CSQAPLA,Tier1,2.8823462182185637
DRVYIHPF,KLSDW,Tier1,2.7837610956810392
DRVYIHPF,KGLWE,Tier1,2.2559782737512233
DRVYIHPF,IYIEQGNGITGM,Tier1,2.201551002644241
DRVYIHPF,ETTL,Tier1,3.0758203001036306
DRVYIHPF,VKRRGQDCIHGFCSD,Tier1,2.7960439480877715
DRVYIHPF,GQFNDKRWIPFG,Tier1,2.505592462088449
DRVYIHPF,KDVPP,Tier1,2.7051383416621344
DRVYIHPF,DGVVYY,Tier1,2.275569698112353
DRVYIHPF,DVPPYM,Tier1,2.937797248871012
DRVYIHPF,PGVPWP,Tier1,2.7288789733878054
DRVYIHPF,RYLGY,Tier1,2.5557614117709795
DRVYIHPF,RYL,Tier1,3.038745367156951
DRVYIHPF,RYLG,Tier1,2.48965070811551
DRVYIHPF,LGY,Tier1,3.1186460602198878
DRVYIHPF,AYFYPEL,Tier1,2.6344033636375714
DRVYIHPF,VAGTWY,Tier1,2.773690263373008
DRVYIHPF,YQEPVLGPVRGPFPIIV,Tier1,2.66225357302159
LEQQVDDLEGSLEQEKK,DDPDKGMLKWKNDFFQEF,Tier1,2.651503298783839
LEQQVDDLEGSLEQEKK,IANNEADAISLDGGQVFEAG,Tier1,3.074659006389856
LEQQVDDLEGSLEQEKK,AIEWEGIESGSVEQA,Tier1,2.6446991699340967
LEQQVDDLEGSLEQEKK,TEVWDSNEQ,Tier1,2.7677557875996825
AIRQGDVF,VLEANPRSF,Tier1,1.6578833027926272
AIRQGDVF,IQY,Tier1,2.5281677535005502
AIRQGDVF,FALPQYLK,Tier1,2.331876776613619
AIRQGDVF,PYVRYL,Tier1,2.5678483816246045
AIRQGDVF,HNPI,Tier1,3.068466429764719
AIRQGDVF,QYDQGV,Tier1,2.8505525669808516
AIRQGDVF,AADNANELFPPN,Tier1,2.7082383848777893
AIRQGDVF,AMRLTYNRPCIYAT,Tier1,3.0856189330498798
AIRQGDVF,AMRLTYNRPCLGAT,Tier1,2.991787934935178
AIRQGDVF,AMRLTYNKPCLYGT,Tier1,3.093068451576546
AIRQGDVF,AGWNIPIGT,Tier1,2.8064872377797725
AIRQGDVF,AGWNIP,Tier1,2.8828965865094065
AIRQGDVF,AGWNI,Tier1,3.03628520141137
AIRQGDVF,LGFEY,Tier1,2.5382442275930948
AIRQGDVF,LGFEYY,Tier1,2.7561206484901475
AIRQGDVF,VPYPQ,Tier1,3.1018916738511413
AIRQGDVF,VPNSYP,Tier1,3.080392210706635
AIRQGDVF,NPYVPR,Tier1,2.931971375432757
AIRQGDVF,WISELG,Tier1,2.103190595035099
AIRQGDVF,WISELGW,Tier1,2.4917679235110697
AIRQGDVF,ISELWG,Tier1,2.162599678515994
AIRQGDVF,ISELGF,Tier1,2.605699972737804
AIRQGDVF,ISELGY,Tier1,2.2334068774729086
AIRQGDVF,QLGNLGV,Tier1,2.2987508826881036
AIRQGDVF,FLKPLFNAALKLLP,Tier1,2.9690674296623154
AIRQGDVF,VKP,Tier1,2.776310205598117
AIRQGDVF,TEFTK,Tier1,2.578559488261597
AIRQGDVF,LVSK,Tier1,2.8134312974231457
AIRQGDVF,LDY,Tier1,2.904876196448234
AIRQGDVF,VAMVPPFET,Tier1,2.655765147352084
AIRQGDVF,YSEMPPGK,Tier1,3.117896702066468
AIRQGDVF,FHNMEK,Tier1,2.53980808632097
AIRQGDVF,FVNQPYLLYSVHMK,Tier1,2.7761160502555566
AIRQGDVF,LVMFLDNQHRVIRH,Tier1,2.516934745400269
AIRQGDVF,VLSRYPS,Tier1,2.6186598906742646
AIRQGDVF,YQLD,Tier1,2.8513014733970214
AIRQGDVF,GYLEQ,Tier1,2.319980068377546
AIRQGDVF,RDMPIQ,Tier1,2.337436048112897
AIRQGDVF,YPELF,Tier1,2.266550858040021
AIRQGDVF,YLKT,Tier1,2.473107499647423
AIRQGDVF,YGLN,Tier1,2.595724369692051
AIRQGDVF,YQKFP,Tier1,2.9924988134678667
AIRQGDVF,YQL,Tier1,2.4301771802158068
AIRQGDVF,YIPIQY,Tier1,2.8340087694220975
AIRQGDVF,FYQL,Tier1,2.622535026473095
AIRQGDVF,LGNTDYAVH,Tier1,2.559664856825165
AIRQGDVF,VGDI,Tier1,2.7383300668682615
AIRQGDVF,RASDPLLSV,Tier1,2.1064640515238686
AIRQGDVF,RNDDLNYIQ,Tier1,2.6709525966002374
AIRQGDVF,LAPSLPGKPKPD,Tier1,2.7653263681107494
AIRQGDVF,MPDAHL,Tier1,2.6049565637543775
AIRQGDVF,ALEPDHR,Tier1,3.054980927535406
AIRQGDVF,TSQLLSDQ,Tier1,1.8833252324463552
AIRQGDVF,TRTGDPFF,Tier1,2.836027585101402
AIRQGDVF,NFHPQ,Tier1,2.7707725286388873
AIRQGDVF,GFGPEL,Tier1,2.2571828208297005
AIRQGDVF,VGGRP,Tier1,3.075329053277203
AIRQGDVF,VVGGDGDV,Tier1,2.5594403019278156
AIRQGDVF,LTTLDSE,Tier1,2.736382046488108
AIRQGDVF,STMMEERRMKVY,Tier1,2.6312852133934217
AIRQGDVF,DVFRELRVQ,Tier1,3.0123392233510335
AIRQGDVF,YLGAK,Tier1,3.095164186323089
AIRQGDVF,GGLEPINFN,Tier1,1.7243111816598904
AIRQGDVF,GIFE,Tier1,2.5876162509753815
AIRQGDVF,GVQEGAGHYALL,Tier1,2.5069519730090204
AIRQGDVF,SGQYFL,Tier1,2.647610292508139
AIRQGDVF,GIISHR,Tier1,2.942059033479771
AIRQGDVF,KFPE,Tier1,3.020883305418482
AIRQGDVF,LANAK,Tier1,3.0424169832565418
AIRQGDVF,LSGNK,Tier1,2.540774780609259
AIRQGDVF,VAWRNRCKGTD,Tier1,2.659339007420328
AIRQGDVF,IRGCRL,Tier1,2.9385418034590396
AIRQGDVF,WIRGCRL,Tier1,2.691928199707824
AIRQGDVF,AWIRGCRL,Tier1,2.5375931762406734
AIRQGDVF,SDRDLLGPNNQYLPK,Tier1,2.607229401734274
AIRQGDVF,QCL,Tier1,2.9837931317612756
AIRQGDVF,CAQ,Tier1,2.9318627358600966
AIRQGDVF,KYL,Tier1,3.07030920306776
AIRQGDVF,CSQAPLA,Tier1,2.9332219793940792
AIRQGDVF,KLSDW,Tier1,1.8878320258617154
AIRQGDVF,KGLWE,Tier1,1.4376988525884913
AIRQGDVF,IYIEQGNGITGM,Tier1,2.2004931938274708
AIRQGDVF,ETTL,Tier1,2.7002231027070307
AIRQGDVF,VKRRGQDCIHGFCSD,Tier1,2.578486957488989
AIRQGDVF,GQFNDKRWIPFG,Tier1,2.4875079342956132
AIRQGDVF,VLVPK,Tier1,3.095444396888021
AIRQGDVF,KDVPP,Tier1,2.511177561487768
AIRQGDVF,GQVPP,Tier1,2.6407272108020163
AIRQGDVF,DGVVYY,Tier1,2.652635187278506
AIRQGDVF,IVEYF,Tier1,2.659064688979186
AIRQGDVF,AYFYPEL,Tier1,2.9119074335157293
AIRQGDVF,YQEPVLGPVRGPFPIIV,Tier1,2.883998709948365
AIRQGDVF,VPKVK,Tier1,2.7604255551234806
VLEANPRSF,IQY,Tier1,2.9449862779911355
VLEANPRSF,FALPQYLK,Tier1,2.6129813844602396
VLEANPRSF,PYVRYL,Tier1,3.019811914624915
VLEANPRSF,HNPI,Tier1,2.2099511661737377
VLEANPRSF,QYDQGV,Tier1,2.153760263574785
VLEANPRSF,AADNANELFPPN,Tier1,2.458296462948813
VLEANPRSF,CVHWMTNTARTACIAP,Tier1,2.9682295278103528
VLEANPRSF,LGFEY,Tier1,3.0609850072067486
VLEANPRSF,LGFEYY,Tier1,3.116887109622346
VLEANPRSF,VPYPQ,Tier1,2.877113514470336
VLEANPRSF,VPNSYP,Tier1,2.543567693418786
VLEANPRSF,NPYVPR,Tier1,2.5727966009572407
VLEANPRSF,WISELG,Tier1,2.7617987492489195
VLEANPRSF,WISELGW,Tier1,3.0556257070991517
VLEANPRSF,ISELWG,Tier1,2.7749957540630255
VLEANPRSF,ISELGY,Tier1,2.752193751747908
VLEANPRSF,TEFTK,Tier1,2.363375475964693
VLEANPRSF,LVSK,Tier1,3.1070800753272287
VLEANPRSF,LYEGY,Tier1,2.844841090538033
VLEANPRSF,VAMVPPFET,Tier1,3.040612552136978
VLEANPRSF,YSEMPPGK,Tier1,2.8576593838564253
VLEANPRSF,LVMFLDNQHRVIRH,Tier1,3.003185538038052
VLEANPRSF,VLSRYPS,Tier1,2.3212865892783734
VLEANPRSF,TIASGEP,Tier1,2.967911889266573
VLEANPRSF,YPELF,Tier1,2.6855493261373176
VLEANPRSF,YLKT,Tier1,2.8642616644668886
VLEANPRSF,YQL,Tier1,2.809635356811549
VLEANPRSF,FYQL,Tier1,3.0729792758122105
VLEANPRSF,LGNTDYAVH,Tier1,1.8957927486866653
VLEANPRSF,RASDPLLSV,Tier1,1.9696148089458627
VLEANPRSF,LAPSLPGKPKPD,Tier1,2.1140494907856215
VLEANPRSF,MPDAHL,Tier1,2.290525817838374
VLEANPRSF,ALEPDHR,Tier1,2.4591469350829795
VLEANPRSF,TETWNPNHPEL,Tier1,2.7662869999470283
VLEANPRSF,RPNYTDA,Tier1,2.893365702454178
VLEANPRSF,TSQLLSDQ,Tier1,2.0620407722481082
VLEANPRSF,TRTGDPFF,Tier1,1.9956659270402122
VLEANPRSF,NFHPQ,Tier1,3.003567760797318
VLEANPRSF,GFGPEL,Tier1,2.681371693063055
VLEANPRSF,VGGRP,Tier1,2.4958169014410947
VLEANPRSF,VVGGDGDV,Tier1,2.5961565969415443
VLEANPRSF,LTTLDSE,Tier1,2.8295493032760928
VLEANPRSF,GGLEPINFN,Tier1,2.8398631245404533
VLEANPRSF,GVQEGAGHYALL,Tier1,2.747204932669631
VLEANPRSF,TYQTF,Tier1,2.8727606088427016
VLEANPRSF,SGQYFL,Tier1,2.388260964814367
VLEANPRSF,YYDPL,Tier1,2.646352146109883
VLEANPRSF,LANAK,Tier1,2.2738015538247955
VLEANPRSF,SNAAC,Tier1,2.623278982308595
VLEANPRSF,LSGNK,Tier1,2.6146267494930986
VLEANPRSF,SDRDLLGPNNQYLPK,Tier1,2.52947972522121
VLEANPRSF,CAQ,Tier1,2.6827966507345766
VLEANPRSF,KYL,Tier1,2.9443285905515526
VLEANPRSF,CSQAPLA,Tier1,2.7265309225430787
VLEANPRSF,KLSDW,Tier1,2.932983053498264
VLEANPRSF,KGLWE,Tier1,2.2709180112484986
VLEANPRSF,IYIEQGNGITGM,Tier1,2.2789822121383274
VLEANPRSF,ADGF,Tier1,2.8280353966798937
VLEANPRSF,ETTL,Tier1,2.676875917861699
VLEANPRSF,VKRRGQDCIHGFCSD,Tier1,2.727314253140692
VLEANPRSF,GQFNDKRWIPFG,Tier1,3.0394219148074
VLEANPRSF,GQVPP,Tier1,2.7645508065826636
VLEANPRSF,DGVVYY,Tier1,2.8729291842956006
VLEANPRSF,RYL,Tier1,3.069781291656332
VLEANPRSF,AYFYPEL,Tier1,3.1128770843337237
VLEANPRSF,YQKFPQY,Tier1,2.9300445692715247
VLEANPRSF,FPQY,Tier1,3.078531434723779
VLEANPRSF,YQEPVLGPVRGPFPIIV,Tier1,2.959015752325881
IQY,PYVRYL,Tier1,2.980791344316646
IQY,QLGNLGV,Tier1,2.981126539227263
IQY,VKP,Tier1,2.413535121650723
IQY,LDY,Tier1,2.7610024387706686
IQY,YQLD,Tier1,2.775973036747871
IQY,YPELF,Tier1,3.049040834356456
IQY,YLKT,Tier1,2.429626939025487
IQY,YGLN,Tier1,2.6703975712624906
IQY,YQL,Tier1,0.474701717078455
IQY,YIPIQY,Tier1,3.113181696264538
IQY,FYQL,Tier1,2.8222400427977363
IQY,GGLEPINFN,Tier1,2.812006010283376
IQY,SGQYFL,Tier1,2.900991891432406
IQY,KLSDW,Tier1,2.7219699894824103
IQY,KGLWE,Tier1,3.0829641996177894
YVL,TIIPLPV,Tier1,2.387297465907552
YVL,WPL,Tier1,2.7648019316106858
YVL,VFPW,Tier1,2.9654048932804886
YVL,VIPMGL,Tier1,2.086652978429007
YVL,ISELGF,Tier1,3.121209193130444
YVL,SVMPVVA,Tier1,2.844380122655555
YVL,GGIF,Tier1,2.485786349427708
YVL,YYIVS,Tier1,2.45583827452292
YVL,LLPF,Tier1,1.9868498816233906
YVL,FLPF,Tier1,2.9268866499126744
YVL,LTC,Tier1,2.835683417582286
YVL,YLL,Tier1,0.5507937524283262
YVL,LPM,Tier1,2.97730609313525
YVL,VLVPK,Tier1,2.882001841055454
YVL,LGY,Tier1,2.8753383061618174
FALPQYLK,PYVRYL,Tier1,1.3904333603142345
FALPQYLK,HNPI,Tier1,2.8929102601635903
FALPQYLK,AMRLTYNRPCIYAT,Tier1,2.301525681133991
FALPQYLK,AMRLTGNRPGLYAT,Tier1,2.4077579713186386
FALPQYLK,AMRLTYNRPCLGAT,Tier1,2.274798035774949
FALPQYLK,CVHWMTNTARTACIAP,Tier1,2.4265394023965685
FALPQYLK,AMRLTYNKPCLYGT,Tier1,2.3397004872609353
FALPQYLK,AGWNIPIGT,Tier1,2.111047695124574
FALPQYLK,AGWNIP,Tier1,2.7076445089427503
FALPQYLK,LGFEY,Tier1,2.772514904255405
FALPQYLK,LGFEYY,Tier1,2.835339410876565
FALPQYLK,GWNIP,Tier1,3.087362629083604
FALPQYLK,VPYPQ,Tier1,2.8338991007526473
FALPQYLK,VPNSYP,Tier1,2.8822864782261193
FALPQYLK,NPYVPR,Tier1,2.3239523362548207
FALPQYLK,WISELG,Tier1,2.5970233294241742
FALPQYLK,WISELGW,Tier1,2.5082821889269575
FALPQYLK,ISELWG,Tier1,2.635002796525006
FALPQYLK,ISELGF,Tier1,2.6182390684517123
FALPQYLK,ISELGY,Tier1,2.593667721635975
FALPQYLK,GPLGLLGFLGPLGLS,Tier1,2.8408769811923467
FALPQYLK,QLGNLGV,Tier1,2.2319658069307575
FALPQYLK,FLKPLFNAALKLLP,Tier1,2.586680460168782
FALPQYLK,YLMSR,Tier1,2.110649835493198
FALPQYLK,HMPVTK,Tier1,2.5980950726208625
FALPQYLK,LVSK,Tier1,2.4564867115180093
FALPQYLK,WHNVSGSP,Tier1,2.9102099140335858
FALPQYLK,YWVTSGPK,Tier1,2.5661946120755053
FALPQYLK,VAMVPPFET,Tier1,2.5731034790913245
FALPQYLK,FVNQPYLLYSVHMK,Tier1,1.9939597675620981
FALPQYLK,VLSRYPS,Tier1,2.107958643675832
FALPQYLK,YLKT,Tier1,2.1243194998585984
FALPQYLK,TVYQ,Tier1,2.267061705605055
FALPQYLK,YGLN,Tier1,2.5731272466164032
FALPQYLK,YQKFP,Tier1,2.9642751995756913
FALPQYLK,YIPIQY,Tier1,1.6662303471093793
FALPQYLK,FYQL,Tier1,2.4663049968225352
FALPQYLK,LGNTDYAVH,Tier1,2.6504867541701422
FALPQYLK,RASDPLLSV,Tier1,2.0659618697744744
FALPQYLK,LAPSLPGKPKPD,Tier1,2.5687683624756357
FALPQYLK,MPDAHL,Tier1,2.9585102981731333
FALPQYLK,FVPH,Tier1,2.6497965345306738
FALPQYLK,GFGPEL,Tier1,2.7004507024703415
FALPQYLK,VGGRP,Tier1,2.757478748974425
FALPQYLK,VPVTST,Tier1,2.8105962403165816
FALPQYLK,YLGAK,Tier1,1.9242176056940028
FALPQYLK,GGLEPINFN,Tier1,3.054123015674642
FALPQYLK,GGIF,Tier1,2.900881948546693
FALPQYLK,GVQEGAGHYALL,Tier1,2.875443099085528
FALPQYLK,YYIVS,Tier1,2.6069730005282024
FALPQYLK,SGQYFL,Tier1,2.4480961497781486
FALPQYLK,GIISHR,Tier1,2.156415555888759
FALPQYLK,LANAK,Tier1,2.9964163959636116
FALPQYLK,PSLVGRPPVGKLTL,Tier1,2.034798605772928
FALPQYLK,LSGNK,Tier1,2.536858984439007
FALPQYLK,GLTSK,Tier1,2.2676334621568315
FALPQYLK,VAWRNRCKGTD,Tier1,3.081354388893006
FALPQYLK,WIRGCRL,Tier1,2.9528443275978473
FALPQYLK,AWIRGCRL,Tier1,2.351597792149304
FALPQYLK,CAQ,Tier1,2.7434932071401583
FALPQYLK,KYL,Tier1,2.1359480976334875
FALPQYLK,CSQAPLA,Tier1,2.1804374837662044
FALPQYLK,KGLWE,Tier1,2.7582197040872445
FALPQYLK,IYIEQGNGITGM,Tier1,2.2717533949129485
FALPQYLK,VKRRGQDCIHGFCSD,Tier1,3.044863659211083
FALPQYLK,GQFNDKRWIPFG,Tier1,2.776860301383147
FALPQYLK,VLVPK,Tier1,2.8638601238788537
FALPQYLK,GQVPP,Tier1,2.816743822651566
FALPQYLK,DGVVYY,Tier1,2.649989209231514
FALPQYLK,PGVPWP,Tier1,2.7961493657738448
FALPQYLK,RYLGY,Tier1,2.2301703680798948
FALPQYLK,RYL,Tier1,2.29712536176781
FALPQYLK,RYLG,Tier1,1.907448926975117
FALPQYLK,LGY,Tier1,2.9717453718775575
FALPQYLK,AYFYPEL,Tier1,2.954830912120765
FALPQYLK,VAGTWY,Tier1,2.8497454223649994
FALPQYLK,YQEPVLGPVRGPFPIIV,Tier1,2.508277468319953
FALPQYLK,VPKVK,Tier1,3.0829572525965463
PYVRYL,AMRLTYNRPCIYAT,Tier1,2.378455603328713
PYVRYL,AMRLTGNRPGLYAT,Tier1,2.3475803384586014
PYVRYL,AMRLTYNRPCLGAT,Tier1,2.321721812176013
PYVRYL,CVHWMTNTARTACIAP,Tier1,2.8401636867033306
PYVRYL,AMRLTYNKPCLYGT,Tier1,2.2968784073005084
PYVRYL,AGWNIPIGT,Tier1,2.370845005058118
PYVRYL,AGWNIP,Tier1,2.9248899249906755
PYVRYL,LGFEY,Tier1,2.805424310315953
PYVRYL,LGFEYY,Tier1,2.731808989949487
PYVRYL,VPYPQ,Tier1,3.0041302795658176
PYVRYL,VPNSYP,Tier1,2.835925612919812
PYVRYL,NPYVPR,Tier1,2.36665403602436
PYVRYL,WISELG,Tier1,2.9082711799451157
PYVRYL,WISELGW,Tier1,2.9701470139381234
PYVRYL,ISELWG,Tier1,3.0354062302205698
PYVRYL,ISELGF,Tier1,3.1087966052578726
PYVRYL,ISELGY,Tier1,2.660370108434453
PYVRYL,QLGNLGV,Tier1,2.5350143547918353
PYVRYL,FLKPLFNAALKLLP,Tier1,2.6497900193277375
PYVRYL,PYFNK,Tier1,2.9341712834890386
PYVRYL,YLMSR,Tier1,2.819541267667731
PYVRYL,LVSK,Tier1,2.699382276368752
PYVRYL,WHNVSGSP,Tier1,3.0707948923970845
PYVRYL,YWVTSGPK,Tier1,1.9028724097499363
PYVRYL,VAMVPPFET,Tier1,3.11452427952335
PYVRYL,FVNQPYLLYSVHMK,Tier1,2.2786888459167915
PYVRYL,VLSRYPS,Tier1,2.1178944200181347
PYVRYL,YLKT,Tier1,1.3736051921359638
PYVRYL,TVYQ,Tier1,2.409717147434079
PYVRYL,YGLN,Tier1,1.9623745060737938
PYVRYL,YQKFP,Tier1,2.781722383771888
PYVRYL,YQL,Tier1,2.981155325577277
PYVRYL,YIPIQY,Tier1,1.5414971677194815
PYVRYL,FYQL,Tier1,2.803473271381162
PYVRYL,LGNTDYAVH,Tier1,2.87679769401966
PYVRYL,RASDPLLSV,Tier1,2.417304091248131
PYVRYL,LAPSLPGKPKPD,Tier1,2.720946862824284
PYVRYL,FVPH,Tier1,2.492751082491888
PYVRYL,NFHPQ,Tier1,2.9653383741434505
PYVRYL,LSGYGP,Tier1,2.843791562955499
PYVRYL,PYSFK,Tier1,2.3826140658543213
PYVRYL,GFGPEL,Tier1,2.797940397970881
PYVRYL,VGGRP,Tier1,2.791118424014407
PYVRYL,VPVTST,Tier1,2.9903407419715373
PYVRYL,YLGAK,Tier1,1.525942831381707
PYVRYL,GGIF,Tier1,2.7164156855697437
PYVRYL,GVQEGAGHYALL,Tier1,3.0340488361112143
PYVRYL,YYIVS,Tier1,2.338412286424587
PYVRYL,TYQTF,Tier1,3.1163961805849754
PYVRYL,SGQYFL,Tier1,2.2256397530760825
PYVRYL,GIISHR,Tier1,1.9529072076504328
PYVRYL,PSLVGRPPVGKLTL,Tier1,2.418782976853952
PYVRYL,LSGNK,Tier1,2.634609510196972
PYVRYL,GLTSK,Tier1,2.159061267968366
PYVRYL,VAWRNRCKGTD,Tier1,3.0587970369163906
PYVRYL,WIRGCRL,Tier1,2.7677149173428797
PYVRYL,AWIRGCRL,Tier1,2.1854151912363795
PYVRYL,KYL,Tier1,2.2162085150161923
PYVRYL,CSQAPLA,Tier1,2.6981162617914793
PYVRYL,KLSDW,Tier1,3.1222986043601777
PYVRYL,KGLWE,Tier1,2.9097001556220414
PYVRYL,IYIEQGNGITGM,Tier1,2.835790198784367
PYVRYL,AGGF,Tier1,3.040469938043379
PYVRYL,SGAF,Tier1,3.0263899240364274
PYVRYL,GQVPP,Tier1,2.817066162010574
PYVRYL,DGVVYY,Tier1,2.665605160785614
PYVRYL,PGVPWP,Tier1,2.873919415890453
PYVRYL,RYLGY,Tier1,1.5662489780952467
PYVRYL,RYL,Tier1,2.225337203008582
PYVRYL,RYLG,Tier1,1.8085225530752183
PYVRYL,YLGY,Tier1,2.632117386531722
PYVRYL,LGY,Tier1,2.4155648816061004
PYVRYL,AYFYPEL,Tier1,3.0874836427239267
PYVRYL,VAGTWY,Tier1,2.422369071661213
PYVRYL,VPKVK,Tier1,3.049706284144852
TIIPLPV,WPL,Tier1,2.690230349568648
TIIPLPV,VPW,Tier1,2.8045155941206557
TIIPLPV,AGWNIPIGT,Tier1,3.1025470790575103
TIIPLPV,VIPMGL,Tier1,1.4844432055637025
TIIPLPV,ISELGF,Tier1,2.7795300559161182
TIIPLPV,GPLGLLGFLGPLGLS,Tier1,2.0913039220956833
TIIPLPV,SVMPVVA,Tier1,1.4645160499851368
TIIPLPV,VAMVPPFET,Tier1,3.094253227143136
TIIPLPV,VPVTST,Tier1,2.652037075541719
TIIPLPV,GGIF,Tier1,3.032905296710537
TIIPLPV,YYIVS,Tier1,2.876413445968446
TIIPLPV,LPF,Tier1,2.654632775921383
TIIPLPV,LLPF,Tier1,1.9819625888437162
TIIPLPV,LTC,Tier1,2.0079637541598605
TIIPLPV,YLL,Tier1,2.493586536006216
TIIPLPV,LAC,Tier1,2.301384729234948
TIIPLPV,LPM,Tier1,1.8190629381840966
TIIPLPV,YLG,Tier1,2.9682767206001683
WPL,VPW,Tier1,1.1020513443854358
WPL,VFPW,Tier1,2.0078762503215946
WPL,VIPMGL,Tier1,2.2871847831202747
WPL,WISELGW,Tier1,2.9615625964162224
WPL,ISELGF,Tier1,2.9368137209145173
WPL,GPLGLLGFLGPLGLS,Tier1,2.996622234544318
WPL,SVMPVVA,Tier1,2.9154524334993877
WPL,YIPIQY,Tier1,2.792921789259889
WPL,GGIF,Tier1,2.8517591825134625
WPL,YYIVS,Tier1,2.5516246450638715
WPL,LPF,Tier1,2.438757240102962
WPL,LLPF,Tier1,2.778689405031837
WPL,FLPF,Tier1,2.6164617856484096
WPL,LTC,Tier1,1.8657774564607827
WPL,YLL,Tier1,3.05820165034091
WPL,LPM,Tier1,1.796983190112581
WPL,PGVPWP,Tier1,2.8037590441029114
WPL,YLG,Tier1,2.054544293763587
WPL,YLGY,Tier1,2.9982692159589903
WPL,LGY,Tier1,2.779463910245956
WPL,VAGTWY,Tier1,2.8523438871786375
VPW,VFPW,Tier1,1.658556684793322
VPW,VIPMGL,Tier1,2.7535947782770087
VPW,WISELGW,Tier1,2.8526458737891907
VPW,ISELGF,Tier1,2.9332168156111704
VPW,SVMPVVA,Tier1,2.5625362187783
VPW,VAMVPPFET,Tier1,3.0995743833367144
VPW,YIPIQY,Tier1,3.1015923006508146
VPW,FVPH,Tier1,2.92783487654324
VPW,VPVTST,Tier1,2.946997110456209
VPW,GGIF,Tier1,2.870047432297168
VPW,YYIVS,Tier1,2.730900654170683
VPW,LPF,Tier1,1.6366625230681262
VPW,LLPF,Tier1,2.5618455991451055
VPW,FLPF,Tier1,2.0059508068931646
VPW,HYVPV,Tier1,2.9735498651925987
VPW,LTC,Tier1,2.1114304848290404
VPW,LAC,Tier1,2.9536998880812835
VPW,LPM,Tier1,1.7279233808548558
VPW,PGVPWP,Tier1,2.6143755469130476
VPW,YLG,Tier1,2.3206805927906347
VPW,VAGTWY,Tier1,3.0813495734005976
VFPW,WISELGW,Tier1,2.6061876995476867
VFPW,ISELGF,Tier1,3.0322807780648953
VFPW,SVMPVVA,Tier1,2.95641371912302
VFPW,VAMVPPFET,Tier1,3.0803476582055125
VFPW,FYQL,Tier1,3.0370894853265704
VFPW,FFGFN,Tier1,2.2901459697461375
VFPW,FVPH,Tier1,2.5806597675353764
VFPW,GGIF,Tier1,2.4007486068822628
VFPW,YYIVS,Tier1,2.565436604814882
VFPW,LPF,Tier1,2.3942088460240627
VFPW,LLPF,Tier1,2.6147729196119074
VFPW,FLPF,Tier1,1.2280784760985233
VFPW,LTC,Tier1,2.9422252220453666
VFPW,LPM,Tier1,2.7912738342511023
VFPW,VAGTWY,Tier1,3.0694882433225876
HNPI,QYDQGV,Tier1,2.8278616103847907
HNPI,VPYPQ,Tier1,2.5570980528657525
HNPI,VPNSYP,Tier1,2.2053283618517368
HNPI,NPYVPR,Tier1,2.072389120853605
HNPI,YLMSR,Tier1,2.7575584764300074
HNPI,HMPVTK,Tier1,2.989192997731736
HNPI,TEFTK,Tier1,2.9327735948408087
HNPI,LVSK,Tier1,2.966228266100699
HNPI,WHNVSGSP,Tier1,2.98863077988411
HNPI,YSEMPPGK,Tier1,3.0483297517075068
HNPI,YAKPA,Tier1,2.693627420968088
HNPI,SRYPS,Tier1,3.0374837928621514
HNPI,YAKP,Tier1,2.67438042334235
HNPI,VLSRYPS,Tier1,2.1625060315820805
HNPI,TIASGEP,Tier1,2.883301436195315
HNPI,YLKT,Tier1,2.7583241193056494
HNPI,TVYQ,Tier1,2.812961952989112
HNPI,LGNTDYAVH,Tier1,2.166864638535061
HNPI,RASDPLLSV,Tier1,2.3841509164992534
HNPI,LAPSLPGKPKPD,Tier1,2.2428530858856957
HNPI,MPDAHL,Tier1,2.271264715160333
HNPI,ALEPDHR,Tier1,2.9884758629091968
HNPI,SAEHGSLH,Tier1,2.9288074633455805
HNPI,RPNYTDA,Tier1,3.04793471021706
HNPI,TSQLLSDQ,Tier1,2.9477300738230445
HNPI,TRTGDPFF,Tier1,2.680491631216094
HNPI,NFHPQ,Tier1,3.0712639590057638
HNPI,VGGRP,Tier1,1.4019598171312666
HNPI,YLGAK,Tier1,2.6130970958562973
HNPI,TYQTF,Tier1,2.905947226199236
HNPI,SGQYFL,Tier1,2.7939897616183025
HNPI,YYDPL,Tier1,3.0139875344373905
HNPI,GIISHR,Tier1,2.6485741905669706
HNPI,LANAK,Tier1,1.7588151894975808
HNPI,SNAAC,Tier1,2.142465811756338
HNPI,LSGNK,Tier1,2.1167411491543877
HNPI,GLTSK,Tier1,2.264399566012085
HNPI,CAQ,Tier1,2.420051566394591
HNPI,KYL,Tier1,2.4168225903273304
HNPI,CSQAPLA,Tier1,2.3429238972642423
HNPI,ETTL,Tier1,2.9546365848020235
HNPI,GQVPP,Tier1,2.4985861848216104
HNPI,RYLGY,Tier1,3.109034159967013
HNPI,RYL,Tier1,2.5970744021385324
HNPI,RYLG,Tier1,2.5855387258093887
HNPI,FPQY,Tier1,3.021602452642852
QYDQGV,YEDCTDCGN,Tier1,2.8512606540532666
QYDQGV,AADNANELFPPN,Tier1,1.9861490181141068
QYDQGV,VPYPQ,Tier1,3.093036534355918
QYDQGV,VPNSYP,Tier1,2.7830056161670127
QYDQGV,NPYVPR,Tier1,2.756890678081309
QYDQGV,TERGY,Tier1,2.2445943087118567
QYDQGV,TEFTK,Tier1,1.9371067680178393
QYDQGV,TDY,Tier1,3.123450164394353
QYDQGV,LYEGY,Tier1,2.509635833728383
QYDQGV,YSEMPPGK,Tier1,2.861910054845809
QYDQGV,TIASGEP,Tier1,2.891894109735685
QYDQGV,GYLEQ,Tier1,2.7744359054407193
QYDQGV,TVYQ,Tier1,3.1174492341742344
QYDQGV,YVGD,Tier1,2.905485580683204
QYDQGV,LGNTDYAVH,Tier1,2.2803170992012753
QYDQGV,RASDPLLSV,Tier1,3.0599922382975318
QYDQGV,LAPSLPGKPKPD,Tier1,2.9947611158228593
QYDQGV,MPDAHL,Tier1,2.6999694160538703
QYDQGV,ALEPDHR,Tier1,2.093872004591648
QYDQGV,TETWNPNHPEL,Tier1,2.2381323002251676
QYDQGV,RPNYTDA,Tier1,2.200261192616586
QYDQGV,TSQLLSDQ,Tier1,2.0904501310631907
QYDQGV,TRTGDPFF,Tier1,2.034442125934301
QYDQGV,NFHPQ,Tier1,2.818906731129376
QYDQGV,GFGPEL,Tier1,2.9777310734566838
QYDQGV,VVGGDGDV,Tier1,2.892541845670643
QYDQGV,LTTLDSE,Tier1,2.7632509083794443
QYDQGV,AEERYP,Tier1,2.339365277681022
QYDQGV,DEDTQAMP,Tier1,2.7431052869083987
QYDQGV,TYQTF,Tier1,2.717115908520689
QYDQGV,SGQYFL,Tier1,2.943598393646176
QYDQGV,YYDPL,Tier1,2.3734930617494245
QYDQGV,KFPE,Tier1,2.930335685822212
QYDQGV,LANAK,Tier1,3.0953764218440827
QYDQGV,SNAAC,Tier1,3.021474703791073
QYDQGV,QYP,Tier1,2.8417285891828397
QYDQGV,MTEEY,Tier1,2.673135135156742
QYDQGV,LSGNK,Tier1,2.9833800059753166
QYDQGV,SDRDLLGPNNQYLPK,Tier1,2.790164536984173
QYDQGV,CAQ,Tier1,2.83915170841156
QYDQGV,WYGPD,Tier1,2.845399678740488
QYDQGV,KGLWE,Tier1,2.645318581701751
QYDQGV,IYIEQGNGITGM,Tier1,2.983618828384329
QYDQGV,ADGF,Tier1,2.354677043681623
QYDQGV,AWDPE,Tier1,2.4562722261379224
QYDQGV,ETTL,Tier1,2.487466782447286
QYDQGV,DGVVYY,Tier1,3.099069386578237
QYDQGV,YQKFPQY,Tier1,2.94054976092135
QYDQGV,FPQY,Tier1,2.932793574786305
YEDCTDCGN,AADNANELFPPN,Tier1,2.2237111479037766
YEDCTDCGN,AIEWEGIESGSVEQA,Tier1,2.5048753326339948
YEDCTDCGN,TEFTK,Tier1,2.9208315284385558
YEDCTDCGN,GYLEQ,Tier1,3.0239743382760955
YEDCTDCGN,ALEPDHR,Tier1,3.0281729627738594
YEDCTDCGN,TETWNPNHPEL,Tier1,2.120096101850597
YEDCTDCGN,TSQLLSDQ,Tier1,2.9088815068656384
YEDCTDCGN,VVGGDGDV,Tier1,3.0209823217699214
YEDCTDCGN,LTTLDSE,Tier1,2.5481573083212994
YEDCTDCGN,AEERYP,Tier1,2.912826243178077
YEDCTDCGN,DEDTQAMP,Tier1,1.4717887171061192
YEDCTDCGN,PVDENDEG,Tier1,2.394550312110924
YEDCTDCGN,AEEEYPDL,Tier1,2.3316967146583263
YEDCTDCGN,MTEEY,Tier1,2.008452426843593
YEDCTDCGN,TEVWDSNEQ,Tier1,1.4174807163291674
YEDCTDCGN,AWDPE,Tier1,1.5881069496783076
AADNANELFPPN,IANNEADAISLDGGQVFEAG,Tier1,2.6306177945611307
AADNANELFPPN,PIAAEVYEHTEGSTTSY,Tier1,2.2857760422840574
AADNANELFPPN,AIEWEGIESGSVEQA,Tier1,2.7154441234861
AADNANELFPPN,LGFEYY,Tier1,3.109093496353932
AADNANELFPPN,VPNSYP,Tier1,3.0384333584715315
AADNANELFPPN,ISELGY,Tier1,2.9359184121808806
AADNANELFPPN,TERGY,Tier1,2.969759236541422
AADNANELFPPN,TEFTK,Tier1,2.6885187993932287
AADNANELFPPN,LYEGY,Tier1,2.8506650115134575
AADNANELFPPN,YSEMPPGK,Tier1,2.8378888670555082
AADNANELFPPN,TIASGEP,Tier1,2.532814128638026
AADNANELFPPN,GYLEQ,Tier1,2.46485555786004
AADNANELFPPN,YPELF,Tier1,2.88562153751893
AADNANELFPPN,LGNTDYAVH,Tier1,2.2032137122048554
AADNANELFPPN,RASDPLLSV,Tier1,2.9778936663643756
AADNANELFPPN,RNDDLNYIQ,Tier1,2.746392353196984
AADNANELFPPN,LAPSLPGKPKPD,Tier1,3.121693699439603
AADNANELFPPN,MPDAHL,Tier1,2.623423513571104
AADNANELFPPN,ALEPDHR,Tier1,2.572444215382732
AADNANELFPPN,TETWNPNHPEL,Tier1,1.4870177722349043
AADNANELFPPN,SAEHGSLH,Tier1,2.865842755118591
AADNANELFPPN,TSQLLSDQ,Tier1,1.4090152992990475
AADNANELFPPN,TRTGDPFF,Tier1,2.4795701509349377
AADNANELFPPN,GFGPEL,Tier1,2.696024784613764
AADNANELFPPN,VVGGDGDV,Tier1,2.3454810936006485
AADNANELFPPN,LTTLDSE,Tier1,2.2031185316336632
AADNANELFPPN,AEERYP,Tier1,2.7312815561900368
AADNANELFPPN,DEDTQAMP,Tier1,2.500192144227445
AADNANELFPPN,GGLEPINFN,Tier1,2.683423775797841
AADNANELFPPN,GVQEGAGHYALL,Tier1,2.53042983768198
AADNANELFPPN,YYDPL,Tier1,2.751391428656698
AADNANELFPPN,MTEEY,Tier1,2.9540892690330653
AADNANELFPPN,SDRDLLGPNNQYLPK,Tier1,2.1305716322747394
AADNANELFPPN,WYGPD,Tier1,3.035309323272124
AADNANELFPPN,KGLWE,Tier1,3.016124086006703
AADNANELFPPN,TEVWDSNEQ,Tier1,2.4994837077126855
AADNANELFPPN,IYIEQGNGITGM,Tier1,2.264555817100019
AADNANELFPPN,ADGF,Tier1,3.123241403746665
AADNANELFPPN,AWDPE,Tier1,2.713660179764449
AADNANELFPPN,ETTL,Tier1,2.622202313297345
AADNANELFPPN,DGVVYY,Tier1,2.915813712284894
AADNANELFPPN,AYFYPEL,Tier1,3.067485934406462
AMRLTYNRPCIYAT,AMRLTGNRPGLYAT,Tier1,0.6567647207884224
AMRLTYNRPCIYAT,AMRLTYNRPCLGAT,Tier1,0.42188832185810043
AMRLTYNRPCIYAT,FRSGILKLASKIPSVLCAVLKNC,Tier1,3.057064123702231
AMRLTYNRPCIYAT,AKAWGIPPHVIPQIVPVRIRPLCGNV,Tier1,2.9834991336934866
AMRLTYNRPCIYAT,FIPGLRRLFATVVPTVVCAINKLPPG,Tier1,3.0818698238005973
AMRLTYNRPCIYAT,CVHWMTNTARTACIAP,Tier1,1.452594688373687
AMRLTYNRPCIYAT,AMRLTYNKPCLYGT,Tier1,0.3618260297924704
AMRLTYNRPCIYAT,AGWNIPIGT,Tier1,2.8680984997160253
AMRLTYNRPCIYAT,NPYVPR,Tier1,2.803535956851373
AMRLTYNRPCIYAT,FLKPLFNAALKLLP,Tier1,2.267222860036431
AMRLTYNRPCIYAT,WHNVSGSP,Tier1,3.0639487705151036
AMRLTYNRPCIYAT,YWVTSGPK,Tier1,2.3966618982118106
AMRLTYNRPCIYAT,FVNQPYLLYSVHMK,Tier1,1.4132075720279031
AMRLTYNRPCIYAT,LVMFLDNQHRVIRH,Tier1,2.6823501823851954
AMRLTYNRPCIYAT,VLSRYPS,Tier1,2.485688289821223
AMRLTYNRPCIYAT,YLKT,Tier1,3.0258019224901163
AMRLTYNRPCIYAT,RASDPLLSV,Tier1,3.0160428880370787
AMRLTYNRPCIYAT,LAPSLPGKPKPD,Tier1,2.2707583973272025
AMRLTYNRPCIYAT,AGTTCLFTPLALPYDYSH,Tier1,2.9798887069578375
AMRLTYNRPCIYAT,STMMEERRMKVY,Tier1,2.8895966939174995
AMRLTYNRPCIYAT,YLGAK,Tier1,2.924106434881122
AMRLTYNRPCIYAT,GVQEGAGHYALL,Tier1,3.1016261858684206
AMRLTYNRPCIYAT,GIISHR,Tier1,2.8719440901739004
AMRLTYNRPCIYAT,PSLVGRPPVGKLTL,Tier1,1.5432997173005256
AMRLTYNRPCIYAT,LSGNK,Tier1,3.0646647535179996
AMRLTYNRPCIYAT,GLTSK,Tier1,2.9821601533743194
AMRLTYNRPCIYAT,VAWRNRCKGTD,Tier1,2.344249222642557
AMRLTYNRPCIYAT,AWIRGCRL,Tier1,2.597650296949735
AMRLTYNRPCIYAT,SDRDLLGPNNQYLPK,Tier1,2.9960587105217757
AMRLTYNRPCIYAT,RCMAFLLSDGAAAAQQLLPQYW,Tier1,2.6503346432937835
AMRLTYNRPCIYAT,IYIEQGNGITGM,Tier1,3.0865165672695984
AMRLTYNRPCIYAT,VKRRGQDCIHGFCSD,Tier1,2.2824648258544005
AMRLTYNRPCIYAT,GQFNDKRWIPFG,Tier1,2.3974782937628345
AMRLTYNRPCIYAT,APIRMWYMYRKLTDMEPKPVA,Tier1,2.319622528734474
AMRLTYNRPCIYAT,PKLPPVKK,Tier1,2.7339702878170526
AMRLTYNRPCIYAT,RYLGY,Tier1,3.0227967269744354
AMRLTYNRPCIYAT,YQEPVLGPVRGPFPIIV,Tier1,2.3984684640451506
AMRLTGNRPGLYAT,AMRLTYNRPCLGAT,Tier1,0.47737154256536485
AMRLTGNRPGLYAT,CVHWMTNTARTACIAP,Tier1,1.701985449782188
AMRLTGNRPGLYAT,AMRLTYNKPCLYGT,Tier1,0.6294930881463212
AMRLTGNRPGLYAT,AGWNIPIGT,Tier1,2.8151269057004815
AMRLTGNRPGLYAT,VPNSYP,Tier1,3.0848745402265205
AMRLTGNRPGLYAT,NPYVPR,Tier1,2.5390780645013646
AMRLTGNRPGLYAT,FLKPLFNAALKLLP,Tier1,2.5947284323223503
AMRLTGNRPGLYAT,WHNVSGSP,Tier1,2.9278981147228573
AMRLTGNRPGLYAT,YWVTSGPK,Tier1,2.186222926036567
AMRLTGNRPGLYAT,FVNQPYLLYSVHMK,Tier1,1.8734656792910356
AMRLTGNRPGLYAT,LVMFLDNQHRVIRH,Tier1,3.0009472038952727
AMRLTGNRPGLYAT,VLSRYPS,Tier1,2.3450798889896016
AMRLTGNRPGLYAT,YLKT,Tier1,2.8275353176432922
AMRLTGNRPGLYAT,RASDPLLSV,Tier1,2.911063391370531
AMRLTGNRPGLYAT,LAPSLPGKPKPD,Tier1,1.971539579735213
AMRLTGNRPGLYAT,AGTTCLFTPLALPYDYSH,Tier1,3.0924744638493644
AMRLTGNRPGLYAT,PYSFK,Tier1,2.988389142813635
AMRLTGNRPGLYAT,VGGRP,Tier1,2.921232436012549
AMRLTGNRPGLYAT,STMMEERRMKVY,Tier1,3.0209499076801425
AMRLTGNRPGLYAT,YLGAK,Tier1,2.6543511548045564
AMRLTGNRPGLYAT,GVQEGAGHYALL,Tier1,3.0477865096748835
AMRLTGNRPGLYAT,GIISHR,Tier1,2.6458345181963465
AMRLTGNRPGLYAT,PSLVGRPPVGKLTL,Tier1,1.5656653584777618
AMRLTGNRPGLYAT,LSGNK,Tier1,2.7716316968163444
AMRLTGNRPGLYAT,GLTSK,Tier1,2.594465103797417
AMRLTGNRPGLYAT,VAWRNRCKGTD,Tier1,2.3224933725989283
AMRLTGNRPGLYAT,AWIRGCRL,Tier1,2.7178035774948084
AMRLTGNRPGLYAT,SDRDLLGPNNQYLPK,Tier1,3.004507459281845
AMRLTGNRPGLYAT,CSQAPLA,Tier1,3.0845968477382293
AMRLTGNRPGLYAT,RCMAFLLSDGAAAAQQLLPQYW,Tier1,3.022132638749871
AMRLTGNRPGLYAT,IYIEQGNGITGM,Tier1,3.1182255098822416
AMRLTGNRPGLYAT,VKRRGQDCIHGFCSD,Tier1,2.491316346104153
AMRLTGNRPGLYAT,GQFNDKRWIPFG,Tier1,2.635990030151065
AMRLTGNRPGLYAT,APIRMWYMYRKLTDMEPKPVA,Tier1,2.732651433151486
AMRLTGNRPGLYAT,GQVPP,Tier1,3.0777123631713788
AMRLTGNRPGLYAT,PKLPPVKK,Tier1,2.559942259875646
AMRLTGNRPGLYAT,RYLGY,Tier1,2.8521663507257498
AMRLTGNRPGLYAT,RYLG,Tier1,3.099320881953645
AMRLTGNRPGLYAT,YQEPVLGPVRGPFPIIV,Tier1,2.70420051511663
AMRLTYNRPCLGAT,CVHWMTNTARTACIAP,Tier1,1.4869422103393979
AMRLTYNRPCLGAT,AMRLTYNKPCLYGT,Tier1,0.41698060091339095
AMRLTYNRPCLGAT,AGWNIPIGT,Tier1,2.8031417057710706
AMRLTYNRPCLGAT,NPYVPR,Tier1,2.688857296947832
AMRLTYNRPCLGAT,FLKPLFNAALKLLP,Tier1,2.2472460250248796
AMRLTYNRPCLGAT,WHNVSGSP,Tier1,3.053199385444039
AMRLTYNRPCLGAT,YWVTSGPK,Tier1,2.2906275846015824
AMRLTYNRPCLGAT,FVNQPYLLYSVHMK,Tier1,1.5407733087344626
AMRLTYNRPCLGAT,LVMFLDNQHRVIRH,Tier1,2.6834663392753746
AMRLTYNRPCLGAT,VLSRYPS,Tier1,2.407756625181754
AMRLTYNRPCLGAT,YLKT,Tier1,2.8873484189199923
AMRLTYNRPCLGAT,RASDPLLSV,Tier1,2.8424979778929003
AMRLTYNRPCLGAT,LAPSLPGKPKPD,Tier1,2.127731580155548
AMRLTYNRPCLGAT,AGTTCLFTPLALPYDYSH,Tier1,3.075353360679907
AMRLTYNRPCLGAT,PYSFK,Tier1,3.1143945080006166
AMRLTYNRPCLGAT,VGGRP,Tier1,3.0617658609390936
AMRLTYNRPCLGAT,STMMEERRMKVY,Tier1,2.9139154656894046
AMRLTYNRPCLGAT,YLGAK,Tier1,2.762468668205692
AMRLTYNRPCLGAT,GVQEGAGHYALL,Tier1,3.0746954632452246
AMRLTYNRPCLGAT,GIISHR,Tier1,2.625766425039124
AMRLTYNRPCLGAT,PSLVGRPPVGKLTL,Tier1,1.4073478830074786
AMRLTYNRPCLGAT,LSGNK,Tier1,2.8550852000024562
AMRLTYNRPCLGAT,GLTSK,Tier1,2.7312720168278903
AMRLTYNRPCLGAT,VAWRNRCKGTD,Tier1,2.250278604875822
AMRLTYNRPCLGAT,WIRGCRL,Tier1,3.1107452967313463
AMRLTYNRPCLGAT,AWIRGCRL,Tier1,2.457971621226895
AMRLTYNRPCLGAT,SDRDLLGPNNQYLPK,Tier1,2.98136959972147
AMRLTYNRPCLGAT,CSQAPLA,Tier1,3.1088356499532406
AMRLTYNRPCLGAT,RCMAFLLSDGAAAAQQLLPQYW,Tier1,2.8267686975029966
AMRLTYNRPCLGAT,IYIEQGNGITGM,Tier1,3.029180599291698
AMRLTYNRPCLGAT,VKRRGQDCIHGFCSD,Tier1,2.342868718022748
AMRLTYNRPCLGAT,GQFNDKRWIPFG,Tier1,2.5232002993622493
AMRLTYNRPCLGAT,APIRMWYMYRKLTDMEPKPVA,Tier1,2.5619297362506184
AMRLTYNRPCLGAT,PKLPPVKK,Tier1,2.5988864026894065
AMRLTYNRPCLGAT,RYLGY,Tier1,2.971775342540157
AMRLTYNRPCLGAT,YQEPVLGPVRGPFPIIV,Tier1,2.502054646636117
SIITMTKEAKLPQLWKQIACRLYNTC,FRSGILKLASKIPSVLCAVLKNC,Tier1,2.2171374825168453
SIITMTKEAKLPQLWKQIACRLYNTC,AKAWGIPPHVIPQIVPVRIRPLCGNV,Tier1,1.2334248595518746
SIITMTKEAKLPQLWKQIACRLYNTC,GFWDSVKEGLKNAAVTILNKIKCKISECPPA,Tier1,1.2242643037453527
SIITMTKEAKLPQLWKQIACRLYNTC,FIPGLRRLFATVVPTVVCAINKLPPG,Tier1,1.7879531340608057
SIITMTKEAKLPQLWKQIACRLYNTC,GLLDSVKEGLKKVAGQLLDTLKCKISGCTPA,Tier1,1.3358816486470493
SIITMTKEAKLPQLWKQIACRLYNTC,GFFDRIKALTKNVTLELLNTITCKLPVTPP,Tier1,1.322056933623382
SIITMTKEAKLPQLWKQIACRLYNTC,RCMAFLLSDGAAAAQQLLPQYW,Tier1,2.911605636945753
SIITMTKEAKLPQLWKQIACRLYNTC,APIRMWYMYRKLTDMEPKPVA,Tier1,1.479926885895932
FRSGILKLASKIPSVLCAVLKNC,AKAWGIPPHVIPQIVPVRIRPLCGNV,Tier1,1.4123533180566425
FRSGILKLASKIPSVLCAVLKNC,GFWDSVKEGLKNAAVTILNKIKCKISECPPA,Tier1,3.0243814827275743
FRSGILKLASKIPSVLCAVLKNC,FIPGLRRLFATVVPTVVCAINKLPPG,Tier1,1.5868782923590927
FRSGILKLASKIPSVLCAVLKNC,GLLDSVKEGLKKVAGQLLDTLKCKISGCTPA,Tier1,2.648293262101251
FRSGILKLASKIPSVLCAVLKNC,GFFDRIKALTKNVTLELLNTITCKLPVTPP,Tier1,2.7380509982929935
FRSGILKLASKIPSVLCAVLKNC,FLKPLFNAALKLLP,Tier1,2.6416715551312806
FRSGILKLASKIPSVLCAVLKNC,APIRMWYMYRKLTDMEPKPVA,Tier1,2.7817514302173922
AKAWGIPPHVIPQIVPVRIRPLCGNV,GFWDSVKEGLKNAAVTILNKIKCKISECPPA,Tier1,2.1591443260150442
AKAWGIPPHVIPQIVPVRIRPLCGNV,FIPGLRRLFATVVPTVVCAINKLPPG,Tier1,1.1580578366754788
AKAWGIPPHVIPQIVPVRIRPLCGNV,GLLDSVKEGLKKVAGQLLDTLKCKISGCTPA,Tier1,1.816077376624441
AKAWGIPPHVIPQIVPVRIRPLCGNV,GFFDRIKALTKNVTLELLNTITCKLPVTPP,Tier1,1.765554649864323
AKAWGIPPHVIPQIVPVRIRPLCGNV,FLKPLFNAALKLLP,Tier1,3.091371639180408
AKAWGIPPHVIPQIVPVRIRPLCGNV,FVNQPYLLYSVHMK,Tier1,3.1078502851391416
AKAWGIPPHVIPQIVPVRIRPLCGNV,RCMAFLLSDGAAAAQQLLPQYW,Tier1,3.111570538007085
AKAWGIPPHVIPQIVPVRIRPLCGNV,APIRMWYMYRKLTDMEPKPVA,Tier1,2.0802679690111296
GFWDSVKEGLKNAAVTILNKIKCKISECPPA,FIPGLRRLFATVVPTVVCAINKLPPG,Tier1,2.4058305682330148
GFWDSVKEGLKNAAVTILNKIKCKISECPPA,GLLDSVKEGLKKVAGQLLDTLKCKISGCTPA,Tier1,0.9240777452549541
GFWDSVKEGLKNAAVTILNKIKCKISECPPA,GFFDRIKALTKNVTLELLNTITCKLPVTPP,Tier1,1.0015415396404261
GFWDSVKEGLKNAAVTILNKIKCKISECPPA,RCMAFLLSDGAAAAQQLLPQYW,Tier1,2.995194261404984
GFWDSVKEGLKNAAVTILNKIKCKISECPPA,APIRMWYMYRKLTDMEPKPVA,Tier1,1.9043578356694195
FIPGLRRLFATVVPTVVCAINKLPPG,GLLDSVKEGLKKVAGQLLDTLKCKISGCTPA,Tier1,2.259088379069699
FIPGLRRLFATVVPTVVCAINKLPPG,GFFDRIKALTKNVTLELLNTITCKLPVTPP,Tier1,2.1341793290291493
FIPGLRRLFATVVPTVVCAINKLPPG,FVNQPYLLYSVHMK,Tier1,3.07743542774152
FIPGLRRLFATVVPTVVCAINKLPPG,RCMAFLLSDGAAAAQQLLPQYW,Tier1,3.1237246361396727
FIPGLRRLFATVVPTVVCAINKLPPG,APIRMWYMYRKLTDMEPKPVA,Tier1,2.443336180069389
DDPDKGMLKWKNDFFQEF,RNDDLNYIQ,Tier1,2.947684941080649
DDPDKGMLKWKNDFFQEF,SDRDLLGPNNQYLPK,Tier1,3.0779982333431932
GLLDSVKEGLKKVAGQLLDTLKCKISGCTPA,GFFDRIKALTKNVTLELLNTITCKLPVTPP,Tier1,0.7284396590097506
GLLDSVKEGLKKVAGQLLDTLKCKISGCTPA,RCMAFLLSDGAAAAQQLLPQYW,Tier1,2.834411142800497
GLLDSVKEGLKKVAGQLLDTLKCKISGCTPA,APIRMWYMYRKLTDMEPKPVA,Tier1,1.9632714968556848
GFFDRIKALTKNVTLELLNTITCKLPVTPP,RCMAFLLSDGAAAAQQLLPQYW,Tier1,2.965886936468412
GFFDRIKALTKNVTLELLNTITCKLPVTPP,APIRMWYMYRKLTDMEPKPVA,Tier1,2.183529741586267
CVHWMTNTARTACIAP,AMRLTYNKPCLYGT,Tier1,1.5671001796994888
CVHWMTNTARTACIAP,AGWNIPIGT,Tier1,2.7986450075639686
CVHWMTNTARTACIAP,VPNSYP,Tier1,3.097769926541231
CVHWMTNTARTACIAP,NPYVPR,Tier1,3.019940748813212
CVHWMTNTARTACIAP,GPLGLLGFLGPLGLS,Tier1,2.9337118489907286
CVHWMTNTARTACIAP,FLKPLFNAALKLLP,Tier1,2.7278393159329783
CVHWMTNTARTACIAP,YLMSR,Tier1,3.074999100320361
CVHWMTNTARTACIAP,WHNVSGSP,Tier1,2.9415508724016126
CVHWMTNTARTACIAP,YWVTSGPK,Tier1,2.5962217316735074
CVHWMTNTARTACIAP,VAMVPPFET,Tier1,2.9730265535650964
CVHWMTNTARTACIAP,FVNQPYLLYSVHMK,Tier1,1.6248745495223393
CVHWMTNTARTACIAP,LVMFLDNQHRVIRH,Tier1,2.883895266075269
CVHWMTNTARTACIAP,VLSRYPS,Tier1,2.3607155972141367
CVHWMTNTARTACIAP,LGNTDYAVH,Tier1,2.956304951168782
CVHWMTNTARTACIAP,RASDPLLSV,Tier1,2.5867252335205944
CVHWMTNTARTACIAP,LAPSLPGKPKPD,Tier1,2.175893653873913
CVHWMTNTARTACIAP,AGTTCLFTPLALPYDYSH,Tier1,2.1794482215121924
CVHWMTNTARTACIAP,YLGAK,Tier1,3.0966649603098944
CVHWMTNTARTACIAP,GVQEGAGHYALL,Tier1,2.67232579660804
CVHWMTNTARTACIAP,SGQYFL,Tier1,3.070290546169297
CVHWMTNTARTACIAP,GIISHR,Tier1,2.9069202866967117
CVHWMTNTARTACIAP,PSLVGRPPVGKLTL,Tier1,1.7334881493627272
CVHWMTNTARTACIAP,GLTSK,Tier1,3.0552042708810667
CVHWMTNTARTACIAP,SDRDLLGPNNQYLPK,Tier1,2.9570407556437983
CVHWMTNTARTACIAP,CSQAPLA,Tier1,2.7416549283170224
CVHWMTNTARTACIAP,RCMAFLLSDGAAAAQQLLPQYW,Tier1,2.061374518300064
CVHWMTNTARTACIAP,IYIEQGNGITGM,Tier1,2.512796619767766
CVHWMTNTARTACIAP,VKRRGQDCIHGFCSD,Tier1,2.4486009748262734
CVHWMTNTARTACIAP,GQFNDKRWIPFG,Tier1,2.9126202349846104
CVHWMTNTARTACIAP,APIRMWYMYRKLTDMEPKPVA,Tier1,2.656376541591779
CVHWMTNTARTACIAP,YQEPVLGPVRGPFPIIV,Tier1,1.6821415020004593
AMRLTYNKPCLYGT,AGWNIPIGT,Tier1,2.9569470983514194
AMRLTYNKPCLYGT,NPYVPR,Tier1,2.69344354190474
AMRLTYNKPCLYGT,FLKPLFNAALKLLP,Tier1,2.3346901562396196
AMRLTYNKPCLYGT,YWVTSGPK,Tier1,2.1872015964574305
AMRLTYNKPCLYGT,FVNQPYLLYSVHMK,Tier1,1.4754783262100093
AMRLTYNKPCLYGT,LVMFLDNQHRVIRH,Tier1,2.7316438405104524
AMRLTYNKPCLYGT,VLSRYPS,Tier1,2.5562172471088225
AMRLTYNKPCLYGT,YLKT,Tier1,2.9029839261374906
AMRLTYNKPCLYGT,RASDPLLSV,Tier1,3.0075732992914346
AMRLTYNKPCLYGT,LAPSLPGKPKPD,Tier1,2.241621172408803
AMRLTYNKPCLYGT,AGTTCLFTPLALPYDYSH,Tier1,3.0530201259118868
AMRLTYNKPCLYGT,PYSFK,Tier1,2.9654267365000524
AMRLTYNKPCLYGT,STMMEERRMKVY,Tier1,2.91556891954248
AMRLTYNKPCLYGT,YLGAK,Tier1,2.826211742033279
AMRLTYNKPCLYGT,GIISHR,Tier1,2.809070769130159
AMRLTYNKPCLYGT,PSLVGRPPVGKLTL,Tier1,1.6830324252734776
AMRLTYNKPCLYGT,LSGNK,Tier1,3.0101621602199664
AMRLTYNKPCLYGT,GLTSK,Tier1,2.8882148253360236
AMRLTYNKPCLYGT,VAWRNRCKGTD,Tier1,2.2108682757556424
AMRLTYNKPCLYGT,AWIRGCRL,Tier1,2.553447565914805
AMRLTYNKPCLYGT,SDRDLLGPNNQYLPK,Tier1,2.946242912085817
AMRLTYNKPCLYGT,RCMAFLLSDGAAAAQQLLPQYW,Tier1,2.7902258543483462
AMRLTYNKPCLYGT,IYIEQGNGITGM,Tier1,3.1077143753210033
AMRLTYNKPCLYGT,VKRRGQDCIHGFCSD,Tier1,2.374010759770541
AMRLTYNKPCLYGT,GQFNDKRWIPFG,Tier1,2.4653643732262576
AMRLTYNKPCLYGT,APIRMWYMYRKLTDMEPKPVA,Tier1,2.4495586992865097
AMRLTYNKPCLYGT,PKLPPVKK,Tier1,2.756833705883142
AMRLTYNKPCLYGT,RYLGY,Tier1,2.8701281382377295
AMRLTYNKPCLYGT,YQEPVLGPVRGPFPIIV,Tier1,2.5832812465795407
IRW,GWNI,Tier1,3.031015602532997
IANNEADAISLDGGQVFEAG,PIAAEVYEHTEGSTTSY,Tier1,2.2310146697385713
IANNEADAISLDGGQVFEAG,AIEWEGIESGSVEQA,Tier1,1.919808526276493
IANNEADAISLDGGQVFEAG,TETWNPNHPEL,Tier1,2.9085855208313385
PIAAEVYEHTEGSTTSY,AIEWEGIESGSVEQA,Tier1,2.9214629146477358
PIAAEVYEHTEGSTTSY,TIASGEP,Tier1,2.950659981627866
PIAAEVYEHTEGSTTSY,LGNTDYAVH,Tier1,2.863547723474712
PIAAEVYEHTEGSTTSY,AGTTCLFTPLALPYDYSH,Tier1,2.535387707189949
PIAAEVYEHTEGSTTSY,TETWNPNHPEL,Tier1,2.4869468711925045
PIAAEVYEHTEGSTTSY,SAEHGSLH,Tier1,2.8551548845697625
PIAAEVYEHTEGSTTSY,GVQEGAGHYALL,Tier1,2.9875031212332135
PIAAEVYEHTEGSTTSY,SDRDLLGPNNQYLPK,Tier1,3.100449927036268
PIAAEVYEHTEGSTTSY,IYIEQGNGITGM,Tier1,2.9447251820675335
AGWNIPIGT,AGWNIP,Tier1,1.3684523582637318
AGWNIPIGT,AGWNI,Tier1,2.2580776096774122
AGWNIPIGT,WNIP,Tier1,3.032808927213803
AGWNIPIGT,LGFEY,Tier1,2.878899380437175
AGWNIPIGT,LGFEYY,Tier1,2.730841110437442
AGWNIPIGT,GWNIP,Tier1,2.0951582825797668
AGWNIPIGT,VPYPQ,Tier1,2.424541517784334
AGWNIPIGT,VPNSYP,Tier1,2.7566753486970583
AGWNIPIGT,WISELG,Tier1,2.3656873770234776
AGWNIPIGT,WISELGW,Tier1,2.404587655758726
AGWNIPIGT,ISELWG,Tier1,2.304825102554525
AGWNIPIGT,ISELGF,Tier1,2.4428190554342275
AGWNIPIGT,ISELGY,Tier1,2.157783539001662
AGWNIPIGT,GPLGLLGFLGPLGLS,Tier1,2.498991798126049
AGWNIPIGT,QLGNLGV,Tier1,2.3834577917880218
AGWNIPIGT,SVMPVVA,Tier1,2.4855469852658976
AGWNIPIGT,YLMSR,Tier1,2.526686083312296
AGWNIPIGT,HMPVTK,Tier1,2.8791221021134783
AGWNIPIGT,WHNVSGSP,Tier1,2.1042379191967893
AGWNIPIGT,YWVTSGPK,Tier1,2.9004046107619352
AGWNIPIGT,VAMVPPFET,Tier1,1.699432285804595
AGWNIPIGT,FVNQPYLLYSVHMK,Tier1,2.617959827025826
AGWNIPIGT,VLSRYPS,Tier1,2.421867898550054
AGWNIPIGT,TIASGEP,Tier1,2.968511779929299
AGWNIPIGT,GYLEQ,Tier1,3.0192653807857965
AGWNIPIGT,YLKT,Tier1,2.972439716542343
AGWNIPIGT,TVYQ,Tier1,2.809062807621863
AGWNIPIGT,YGLN,Tier1,2.2504536615581476
AGWNIPIGT,YIPIQY,Tier1,2.076831497874277
AGWNIPIGT,FYQL,Tier1,2.9039175030761535
AGWNIPIGT,LGNTDYAVH,Tier1,2.986091070440446
AGWNIPIGT,RASDPLLSV,Tier1,2.6302352547029058
AGWNIPIGT,AGTTCLFTPLALPYDYSH,Tier1,2.8779436269180008
AGWNIPIGT,MPDAHL,Tier1,2.8662796216236894
AGWNIPIGT,FVPH,Tier1,2.3296123073897865
AGWNIPIGT,TSQLLSDQ,Tier1,3.040613196531647
AGWNIPIGT,LSGYGP,Tier1,2.8473302548483668
AGWNIPIGT,GFGPEL,Tier1,2.1397713192647707
AGWNIPIGT,VPVTST,Tier1,1.6548482030449911
AGWNIPIGT,YLGAK,Tier1,2.706361716053534
AGWNIPIGT,GGLEPINFN,Tier1,2.57768282180664
AGWNIPIGT,GGIF,Tier1,2.4692722741738606
AGWNIPIGT,GVQEGAGHYALL,Tier1,1.962694412764251
AGWNIPIGT,WPP,Tier1,2.87401553850237
AGWNIPIGT,YYIVS,Tier1,2.3158117432502707
AGWNIPIGT,SGQYFL,Tier1,2.9076028578120257
AGWNIPIGT,GIISHR,Tier1,2.8570906925811483
AGWNIPIGT,PSLVGRPPVGKLTL,Tier1,2.7266347472393857
AGWNIPIGT,SNAAC,Tier1,2.986278937344128
AGWNIPIGT,HYVPV,Tier1,2.672508304561511
AGWNIPIGT,MPACGSS,Tier1,2.9368093698369693
AGWNIPIGT,GLTSK,Tier1,2.6818520367641314
AGWNIPIGT,ACQ,Tier1,2.6627060075448354
AGWNIPIGT,CSQAPLA,Tier1,1.9152410195603313
AGWNIPIGT,IYIEQGNGITGM,Tier1,2.2184710157288863
AGWNIPIGT,AGGF,Tier1,2.5386232678472385
AGWNIPIGT,SGAF,Tier1,2.8693984852706467
AGWNIPIGT,GQVPP,Tier1,2.1026121495360086
AGWNIPIGT,DGVVYY,Tier1,2.600982890909677
AGWNIPIGT,GFYPPP,Tier1,3.0897914317642736
AGWNIPIGT,DVPPYM,Tier1,2.3637404601614493
AGWNIPIGT,PGVPWP,Tier1,2.159208959552432
AGWNIPIGT,YLG,Tier1,3.0184221783635468
AGWNIPIGT,YLGY,Tier1,2.9527189993821055
AGWNIPIGT,LGY,Tier1,2.6896241658725706
AGWNIPIGT,AYFYPEL,Tier1,2.3361860251998694
AGWNIPIGT,VAGTWY,Tier1,2.578448028440789
AGWNIPIGT,YQEPVLGPVRGPFPIIV,Tier1,2.5360780953556175
AGWNIP,AGWNI,Tier1,1.0925847414937582
AGWNIP,WNIP,Tier1,1.933827557503442
AGWNIP,LGFEYY,Tier1,2.9507325743584945
AGWNIP,GWNIP,Tier1,0.9374208627867436
AGWNIP,GWNI,Tier1,2.167175669143416
AGWNIP,VPYPQ,Tier1,2.3640814930592917
AGWNIP,VPNSYP,Tier1,2.9825428365716085
AGWNIP,WISELG,Tier1,2.7434559044141014
AGWNIP,WISELGW,Tier1,2.7784064571945972
AGWNIP,ISELWG,Tier1,2.5743001127643295
AGWNIP,ISELGF,Tier1,2.9338125127582906
AGWNIP,ISELGY,Tier1,2.679000547231159
AGWNIP,QLGNLGV,Tier1,2.916406592137466
AGWNIP,YLMSR,Tier1,2.512540027291181
AGWNIP,WHNVSGSP,Tier1,1.9609514430784847
AGWNIP,VAMVPPFET,Tier1,2.3409982334277037
AGWNIP,YSEMPPGK,Tier1,3.06570336061156
AGWNIP,VLSRYPS,Tier1,2.7946136147002334
AGWNIP,GYLEQ,Tier1,2.959821950472046
AGWNIP,RDMPIQ,Tier1,2.900900439745988
AGWNIP,YPELF,Tier1,2.9789217147569813
AGWNIP,YGLN,Tier1,2.488130495145935
AGWNIP,YIPIQY,Tier1,2.8568668804998696
AGWNIP,FYQL,Tier1,2.517770401523423
AGWNIP,FVPH,Tier1,2.7518536105920726
AGWNIP,GFGPEL,Tier1,2.4442478056294266
AGWNIP,VPVTST,Tier1,2.6261486911786505
AGWNIP,GGLEPINFN,Tier1,2.5245081278478443
AGWNIP,GGIF,Tier1,3.12419840945243
AGWNIP,GVQEGAGHYALL,Tier1,2.5388029379251336
AGWNIP,WPP,Tier1,2.964720704704206
AGWNIP,SNAAC,Tier1,3.080229337423197
AGWNIP,HYVPV,Tier1,2.829331498525284
AGWNIP,MPACGSS,Tier1,2.866312113521912
AGWNIP,ACQ,Tier1,1.7786131583767066
AGWNIP,QCH,Tier1,2.8068677848312307
AGWNIP,CSQAPLA,Tier1,2.6254507591263865
AGWNIP,IYIEQGNGITGM,Tier1,3.015688391785856
AGWNIP,AGGF,Tier1,2.987138041605018
AGWNIP,GQFNDKRWIPFG,Tier1,3.0679459962341413
AGWNIP,KDVPP,Tier1,2.8088074260165032
AGWNIP,GQVPP,Tier1,2.001282877141482
AGWNIP,GFYPPP,Tier1,2.9967576454454634
AGWNIP,DVPPYM,Tier1,1.9695546213656276
AGWNIP,PGVPWP,Tier1,2.9689289485087027
AGWNIP,AYFYPEL,Tier1,2.3488801433600903
AGWNI,WNIP,Tier1,1.2669957856638312
AGWNI,GWNIP,Tier1,1.0996168003550695
AGWNI,GWNI,Tier1,1.3339899411532259
AGWNI,VPYPQ,Tier1,2.9961909823388053
AGWNI,WISELG,Tier1,3.043623748813193
AGWNI,WISELGW,Tier1,3.110004464954922
AGWNI,ISELWG,Tier1,2.8272952344323294
AGWNI,YLMSR,Tier1,2.954652884971267
AGWNI,WHNVSGSP,Tier1,2.6828101386783643
AGWNI,VAMVPPFET,Tier1,2.932200642055272
AGWNI,RDMPIQ,Tier1,3.0877751480090985
AGWNI,YPELF,Tier1,3.0164526877338145
AGWNI,YGLN,Tier1,3.0690085991075993
AGWNI,FYQL,Tier1,2.408371529333732
AGWNI,GFGPEL,Tier1,3.062225291599691
AGWNI,GGLEPINFN,Tier1,2.7706760035632825
AGWNI,GVQEGAGHYALL,Tier1,3.08882464845054
AGWNI,ACQ,Tier1,1.910055549707618
AGWNI,GQVPP,Tier1,2.676533974262905
AGWNI,DVPPYM,Tier1,2.421516917484976
AGWNI,AYFYPEL,Tier1,2.835000847998628
WNIP,GWNIP,Tier1,1.3076830614841508
WNIP,GWNI,Tier1,0.7091041582452946
WNIP,RDMPIQ,Tier1,3.0224659899034716
WNIP,FYQL,Tier1,2.54187453474102
WNIP,GGLEPINFN,Tier1,2.911216370528782
WNIP,ACQ,Tier1,2.1517210768790553
WNIP,QCL,Tier1,3.031140772446023
WNIP,QCH,Tier1,3.085819407665981
WNIP,DVPPYM,Tier1,3.0871980226171227
AIEWEGIESGSVEQA,TETWNPNHPEL,Tier1,2.962561116185368
AIEWEGIESGSVEQA,LTTLDSE,Tier1,2.739171380276969
AIEWEGIESGSVEQA,AEEEYPDL,Tier1,3.0815947141737605
AIEWEGIESGSVEQA,TEVWDSNEQ,Tier1,2.574209265598201
LGFEY,LGFEYY,Tier1,1.049176110352505
LGFEY,WISELG,Tier1,1.6642171639494545
LGFEY,WISELGW,Tier1,1.693405173420639
LGFEY,ISELWG,Tier1,1.832888309481201
LGFEY,ISELGF,Tier1,1.7610150462892622
LGFEY,ISELGY,Tier1,1.5775578163653161
LGFEY,QLGNLGV,Tier1,2.9305990176675007
LGFEY,VLYEE,Tier1,3.05547540703263
LGFEY,TEFTK,Tier1,2.9967637982345012
LGFEY,LDY,Tier1,2.8939914809892726
LGFEY,LYEGY,Tier1,2.2934576299663294
LGFEY,VAMVPPFET,Tier1,2.2411221650396107
LGFEY,TIASGEP,Tier1,2.913798131635803
LGFEY,GYLEQ,Tier1,2.3492371245079946
LGFEY,YPELF,Tier1,2.092883436281541
LGFEY,YLKT,Tier1,3.0421916789451835
LGFEY,TVYQ,Tier1,2.446471010481728
LGFEY,YGLN,Tier1,2.5266436106833012
LGFEY,YIPIQY,Tier1,2.1581353360576006
LGFEY,FYQL,Tier1,2.592111246948525
LGFEY,YVGD,Tier1,1.868289013775809
LGFEY,LGNTDYAVH,Tier1,2.60116789166041
LGFEY,VGDI,Tier1,2.773620756401171
LGFEY,RASDPLLSV,Tier1,2.783538503630335
LGFEY,FFGFN,Tier1,2.873077064687939
LGFEY,MPDAHL,Tier1,2.5923317264045154
LGFEY,TSQLLSDQ,Tier1,2.8114615975980946
LGFEY,TRTGDPFF,Tier1,3.0620275610756127
LGFEY,GFGPEL,Tier1,1.4072250665617074
LGFEY,VVGGDGDV,Tier1,2.6409672106903184
LGFEY,LTTLDSE,Tier1,2.641813685930599
LGFEY,GGLEPINFN,Tier1,2.4094405935701992
LGFEY,GGIF,Tier1,2.9937668784916562
LGFEY,GIFE,Tier1,1.8056264772712816
LGFEY,GVQEGAGHYALL,Tier1,3.0521737992223312
LGFEY,YYIVS,Tier1,2.8643670153852128
LGFEY,TYQTF,Tier1,3.0949360508322017
LGFEY,SGQYFL,Tier1,2.4593066821762997
LGFEY,YYDPL,Tier1,2.6088867497150976
LGFEY,CSQAPLA,Tier1,3.0898909148950233
LGFEY,WYGPD,Tier1,2.729515913588986
LGFEY,KLSDW,Tier1,2.6900305873678962
LGFEY,KGLWE,Tier1,2.4619706598769393
LGFEY,IYIEQGNGITGM,Tier1,2.3923657753916796
LGFEY,ADGF,Tier1,2.5971162723930634
LGFEY,ETTL,Tier1,2.4910291287831576
LGFEY,DGVVYY,Tier1,1.4155932364190342
LGFEY,IVEYF,Tier1,1.990252497691703
LGFEY,DVPPYM,Tier1,2.979065890358937
LGFEY,YLGY,Tier1,3.0933231870469955
LGFEY,LGY,Tier1,3.0040060655352523
LGFEY,AYFYPEL,Tier1,2.1114263681560907
LGFEY,AYFYPE,Tier1,2.968047991345267
LGFEY,VAGTWY,Tier1,2.8705447040066416
LGFEYY,VPYPQ,Tier1,2.9011401430329835
LGFEYY,VPNSYP,Tier1,2.9002413955246538
LGFEYY,WISELG,Tier1,2.137173752490142
LGFEYY,WISELGW,Tier1,1.9823427150999773
LGFEYY,ISELWG,Tier1,2.20774338167884
LGFEYY,ISELGF,Tier1,2.381117562159671
LGFEYY,ISELGY,Tier1,1.864627590844007
LGFEYY,TEFTK,Tier1,2.977805070836008
LGFEYY,YWVTSGPK,Tier1,3.04177562487185
LGFEYY,LYEGY,Tier1,2.1271739456691936
LGFEYY,VAMVPPFET,Tier1,2.26803364276605
LGFEYY,TIASGEP,Tier1,2.809037353064208
LGFEYY,GYLEQ,Tier1,2.337498114734231
LGFEYY,YPELF,Tier1,1.8126118688074206
LGFEYY,YLKT,Tier1,3.108898682229798
LGFEYY,TVYQ,Tier1,2.544726545836595
LGFEYY,YGLN,Tier1,2.5316508949557197
LGFEYY,YIPIQY,Tier1,2.251513056131871
LGFEYY,FYQL,Tier1,2.560343984755462
LGFEYY,YVGD,Tier1,2.2607901142630737
LGFEYY,LGNTDYAVH,Tier1,2.5536079585879152
LGFEYY,RASDPLLSV,Tier1,3.006865825096757
LGFEYY,FFGFN,Tier1,2.868100901812003
LGFEYY,MPDAHL,Tier1,2.7257019403256093
LGFEYY,FVPH,Tier1,2.9552417164238642
LGFEYY,TSQLLSDQ,Tier1,2.8776662784985514
LGFEYY,TRTGDPFF,Tier1,2.775818083412648
LGFEYY,GFGPEL,Tier1,1.5456678113753115
LGFEYY,VVGGDGDV,Tier1,3.031648676933011
LGFEYY,LTTLDSE,Tier1,2.90000373798497
LGFEYY,GGLEPINFN,Tier1,2.60223698276263
LGFEYY,GGIF,Tier1,2.998431907914181
LGFEYY,GIFE,Tier1,2.482113744653154
LGFEYY,GVQEGAGHYALL,Tier1,2.6930713901340413
LGFEYY,WPP,Tier1,3.0138859071036452
LGFEYY,YYIVS,Tier1,2.684665920114105
LGFEYY,TYQTF,Tier1,2.5933272315805076
LGFEYY,SGQYFL,Tier1,2.214466723723614
LGFEYY,YYDPL,Tier1,2.1516393259542235
LGFEYY,CSQAPLA,Tier1,3.077735150976771
LGFEYY,WYGPD,Tier1,2.342638004005089
LGFEYY,KLSDW,Tier1,3.112769365364636
LGFEYY,KGLWE,Tier1,2.730580991064307
LGFEYY,IYIEQGNGITGM,Tier1,2.43673673923451
LGFEYY,ADGF,Tier1,2.8088808441514175
LGFEYY,AGGF,Tier1,2.967278053240106
LGFEYY,ETTL,Tier1,2.7997324914611377
LGFEYY,SGAF,Tier1,2.94482288072643
LGFEYY,GQVPP,Tier1,3.0847477611527045
LGFEYY,DGVVYY,Tier1,1.3232785261376798
LGFEYY,IVEYF,Tier1,2.5490827725012553
LGFEYY,DVPPYM,Tier1,2.6813886803563025
LGFEYY,RYLGY,Tier1,2.9379408404669305
LGFEYY,YLGY,Tier1,2.7803629126787186
LGFEYY,LGY,Tier1,2.9385822214491335
LGFEYY,AYFYPEL,Tier1,1.3723694327707505
LGFEYY,AYFYPE,Tier1,2.1787181357487406
LGFEYY,VAGTWY,Tier1,2.685939036944177
VIPMGL,ISELGF,Tier1,2.8497639223830737
VIPMGL,GPLGLLGFLGPLGLS,Tier1,2.22360737219117
VIPMGL,QLGNLGV,Tier1,2.932126482200384
VIPMGL,SVMPVVA,Tier1,2.151037675244951
VIPMGL,VPVTST,Tier1,2.971852316945008
VIPMGL,GGIF,Tier1,2.724444647059742
VIPMGL,YYIVS,Tier1,2.8830599639523786
VIPMGL,LLPF,Tier1,2.4096378068419853
VIPMGL,LTC,Tier1,1.2698213390716644
VIPMGL,YLL,Tier1,2.3342428280460408
VIPMGL,LAC,Tier1,3.051486310026339
VIPMGL,LPM,Tier1,1.6315399342731305
VIPMGL,VLVPK,Tier1,3.0384956727508423
VIPMGL,YLG,Tier1,3.0087934694308953
VIPMGL,LGY,Tier1,3.110942897076799
GWNIP,GWNI,Tier1,1.5066668369221072
GWNIP,VPYPQ,Tier1,2.961435932926018
GWNIP,WISELG,Tier1,3.081324667815757
GWNIP,WISELGW,Tier1,2.9839718608407364
GWNIP,ISELWG,Tier1,2.881418985213978
GWNIP,YLMSR,Tier1,2.7749149745534747
GWNIP,WHNVSGSP,Tier1,2.534645049711879
GWNIP,VAMVPPFET,Tier1,2.8218364525511443
GWNIP,RDMPIQ,Tier1,2.828637609493297
GWNIP,YGLN,Tier1,3.0022828484860518
GWNIP,FYQL,Tier1,2.5258757881684737
GWNIP,GFGPEL,Tier1,2.9434268235902867
GWNIP,GGLEPINFN,Tier1,2.792737090827735
GWNIP,HYVPV,Tier1,3.070494526552418
GWNIP,ACQ,Tier1,1.5857299660533146
GWNIP,QCH,Tier1,2.643341719251838
GWNIP,KDVPP,Tier1,3.078607225981264
GWNIP,GQVPP,Tier1,2.6435244094556243
GWNIP,DVPPYM,Tier1,2.2322031744823505
GWNIP,AYFYPEL,Tier1,2.8189944122320707
GWNI,FYQL,Tier1,2.8093834147524865
GWNI,ACQ,Tier1,2.26553881356833
VPYPQ,VPNSYP,Tier1,1.1397717631049233
VPYPQ,NPYVPR,Tier1,2.3068564773603355
VPYPQ,ISELWG,Tier1,3.097802017101266
VPYPQ,ISELGY,Tier1,2.89836948898904
VPYPQ,PYFNK,Tier1,2.958560522999408
VPYPQ,YLMSR,Tier1,2.1235930174407023
VPYPQ,HMPVTK,Tier1,2.982519085923711
VPYPQ,TEFTK,Tier1,3.0617586942401114
VPYPQ,WHNVSGSP,Tier1,1.3425170379405398
VPYPQ,YWVTSGPK,Tier1,2.7910173810726695
VPYPQ,VAMVPPFET,Tier1,2.750515738689121
VPYPQ,YSEMPPGK,Tier1,1.9297359715024969
VPYPQ,YAKPA,Tier1,2.318209976313015
VPYPQ,RYPS,Tier1,2.6249155499144408
VPYPQ,SRYPS,Tier1,2.484725864461673
VPYPQ,AYPS,Tier1,2.5986437065813597
VPYPQ,YAKP,Tier1,2.9529692199574242
VPYPQ,VLSRYPS,Tier1,1.743304098653419
VPYPQ,TIASGEP,Tier1,2.533285504684767
VPYPQ,GYLEQ,Tier1,2.9999594896625634
VPYPQ,YPELF,Tier1,2.9202906453538957
VPYPQ,TVYQ,Tier1,2.7312137004103842
VPYPQ,YGLN,Tier1,2.977193612722959
VPYPQ,YQKFP,Tier1,2.786003153299375
VPYPQ,FYQL,Tier1,3.0953704623530522
VPYPQ,LGNTDYAVH,Tier1,2.5798632858475155
VPYPQ,RASDPLLSV,Tier1,2.946947110332027
VPYPQ,LAPSLPGKPKPD,Tier1,2.644757047350571
VPYPQ,MPDAHL,Tier1,2.5731264338712423
VPYPQ,FVPH,Tier1,2.7608541749959348
VPYPQ,SAEHGSLH,Tier1,3.0926369895834913
VPYPQ,TSQLLSDQ,Tier1,2.7957260792777605
VPYPQ,TRTGDPFF,Tier1,2.6779003362062195
VPYPQ,NFHPQ,Tier1,2.8705826671318975
VPYPQ,LSGYGP,Tier1,2.870350633439704
VPYPQ,GFGPEL,Tier1,2.4858296297885523
VPYPQ,VGGRP,Tier1,2.1117752286776046
VPYPQ,VPVTST,Tier1,2.7155369398791733
VPYPQ,YLGAK,Tier1,2.753043514507514
VPYPQ,GVQEGAGHYALL,Tier1,2.3117785623149345
VPYPQ,WPP,Tier1,2.3040685273751436
VPYPQ,TYQTF,Tier1,2.1404366750986505
VPYPQ,SGQYFL,Tier1,2.417708802087017
VPYPQ,YYDPL,Tier1,2.299288388605855
VPYPQ,SNAAC,Tier1,1.6780194266868749
VPYPQ,QYP,Tier1,2.8311700912337523
VPYPQ,MPACGSS,Tier1,2.67478592530973
VPYPQ,LSGNK,Tier1,2.4015711358706318
VPYPQ,GLTSK,Tier1,2.586396664770012
VPYPQ,CAQ,Tier1,2.9803013538497978
VPYPQ,CSQAPLA,Tier1,1.9743605233938362
VPYPQ,IYIEQGNGITGM,Tier1,2.8511492541878543
VPYPQ,AGGF,Tier1,2.5164439569055674
VPYPQ,ETTL,Tier1,3.0729885012409404
VPYPQ,SGAF,Tier1,3.037268063505328
VPYPQ,KDVPP,Tier1,2.868738141856321
VPYPQ,GQVPP,Tier1,1.6153752571234097
VPYPQ,DGVVYY,Tier1,2.7286005014209027
VPYPQ,GFYPPP,Tier1,2.189093112883223
VPYPQ,DVPPYM,Tier1,2.376666541534285
VPYPQ,PGVPWP,Tier1,2.8675964972815358
VPYPQ,RYLGY,Tier1,2.982511857664389
VPYPQ,AYFYPEL,Tier1,2.204720099104528
VPYPQ,AYFYPE,Tier1,2.283953771462277
VPYPQ,YQKFPQY,Tier1,2.9587339563537083
VPYPQ,FPQY,Tier1,2.444663273819977
VPNSYP,NPYVPR,Tier1,1.9259710034908946
VPNSYP,ISELGY,Tier1,2.876603656127952
VPNSYP,YLMSR,Tier1,2.7634615872235564
VPNSYP,TERGY,Tier1,2.8987186368422027
VPNSYP,TEFTK,Tier1,2.834054107362012
VPNSYP,WHNVSGSP,Tier1,1.8854495477543871
VPNSYP,YWVTSGPK,Tier1,2.2939508171811123
VPNSYP,LYEGY,Tier1,2.643251166975026
VPNSYP,VAMVPPFET,Tier1,2.993139250964089
VPNSYP,YSEMPPGK,Tier1,1.9452301041153766
VPNSYP,YAKPA,Tier1,1.869207463837862
VPNSYP,GTQY,Tier1,2.761092349305138
VPNSYP,RYPS,Tier1,2.347702566556472
VPNSYP,SRYPS,Tier1,2.1246869350113995
VPNSYP,AYPS,Tier1,2.6053257988213647
VPNSYP,YAKP,Tier1,2.312819957665458
VPNSYP,VLSRYPS,Tier1,1.6587315241427487
VPNSYP,TIASGEP,Tier1,2.0655442229779784
VPNSYP,YPELF,Tier1,3.0463824430273587
VPNSYP,YLKT,Tier1,2.8414046860251094
VPNSYP,TVYQ,Tier1,2.4224311585846494
VPNSYP,YGLN,Tier1,2.913195773063763
VPNSYP,YQKFP,Tier1,2.796709153143397
VPNSYP,YIPIQY,Tier1,3.000395788090407
VPNSYP,LGNTDYAVH,Tier1,2.0263002880233514
VPNSYP,RASDPLLSV,Tier1,2.643334071540133
VPNSYP,LAPSLPGKPKPD,Tier1,2.123763316894217
VPNSYP,MPDAHL,Tier1,2.435709255541718
VPNSYP,FVPH,Tier1,3.0236117695754294
VPNSYP,SAEHGSLH,Tier1,2.4765556147355787
VPNSYP,RPNYTDA,Tier1,3.0207453445744332
VPNSYP,TSQLLSDQ,Tier1,2.660545088419692
VPNSYP,TRTGDPFF,Tier1,2.0324131036103013
VPNSYP,NFHPQ,Tier1,2.6437523874571234
VPNSYP,LSGYGP,Tier1,2.4384986534115733
VPNSYP,GFGPEL,Tier1,2.46760170626498
VPNSYP,VGGRP,Tier1,1.6562011622768775
VPNSYP,VPVTST,Tier1,2.908559562820113
VPNSYP,YLGAK,Tier1,2.431847759236401
VPNSYP,GVQEGAGHYALL,Tier1,2.451562422783368
VPNSYP,WPP,Tier1,2.589357108543686
VPNSYP,TYQTF,Tier1,1.5335947288602083
VPNSYP,SGQYFL,Tier1,1.865824814271149
VPNSYP,YYDPL,Tier1,2.2034396213169267
VPNSYP,GIISHR,Tier1,3.1031276163284978
VPNSYP,LANAK,Tier1,3.0324567600885084
VPNSYP,SNAAC,Tier1,1.5058850634603864
VPNSYP,QYP,Tier1,2.2366830735713155
VPNSYP,LSGNK,Tier1,2.35696177893333
VPNSYP,GEGSGA,Tier1,2.621376329198487
VPNSYP,GLTSK,Tier1,2.2773831899546586
VPNSYP,CAQ,Tier1,2.648612753298901
VPNSYP,CSQAPLA,Tier1,1.9169558278849073
VPNSYP,WYGPD,Tier1,2.8086688978300103
VPNSYP,IYIEQGNGITGM,Tier1,2.723249858806022
VPNSYP,ADGF,Tier1,3.052613554852955
VPNSYP,AGGF,Tier1,2.512932246801648
VPNSYP,ETTL,Tier1,2.7930591683653394
VPNSYP,SGAF,Tier1,2.7635717605945445
VPNSYP,GQVPP,Tier1,1.5895911547106016
VPNSYP,DGVVYY,Tier1,2.656105398981933
VPNSYP,GFYPPP,Tier1,2.7527928300196147
VPNSYP,DVPPYM,Tier1,3.093839209254873
VPNSYP,PGVPWP,Tier1,2.971514024274757
VPNSYP,RYLGY,Tier1,2.620012892665533
VPNSYP,RYLG,Tier1,2.889843511024248
VPNSYP,AYFYPEL,Tier1,2.564221466184132
VPNSYP,AYFYPE,Tier1,2.6183545727885833
VPNSYP,YQKFPQY,Tier1,2.7334008323022037
VPNSYP,FPQY,Tier1,2.2772055884886293
NPYVPR,PYFNK,Tier1,2.539351120499509
NPYVPR,YLMSR,Tier1,2.6858429830862116
NPYVPR,HMPVTK,Tier1,2.7143151827364704
NPYVPR,TERGY,Tier1,2.821048888740565
NPYVPR,TEFTK,Tier1,2.5874429129027727
NPYVPR,WHNVSGSP,Tier1,2.6576168333218506
NPYVPR,YWVTSGPK,Tier1,2.0060154888027473
NPYVPR,LYEGY,Tier1,3.092612626812377
NPYVPR,YSEMPPGK,Tier1,2.5060072955091215
NPYVPR,YAKPA,Tier1,2.4839725502343177
NPYVPR,GTQY,Tier1,3.017047761395013
NPYVPR,ARHPHP,Tier1,2.9432346444065534
NPYVPR,RYPS,Tier1,2.4269626750292983
NPYVPR,SRYPS,Tier1,2.67154702234442
NPYVPR,YAKP,Tier1,2.4256779738527303
NPYVPR,VLSRYPS,Tier1,2.0760426737394084
NPYVPR,TIASGEP,Tier1,3.0751327433997844
NPYVPR,YLKT,Tier1,2.161028652247525
NPYVPR,TVYQ,Tier1,2.21486696537589
NPYVPR,YGLN,Tier1,2.941186214789259
NPYVPR,YQKFP,Tier1,2.026839479919403
NPYVPR,YIPIQY,Tier1,2.959843012092853
NPYVPR,LGNTDYAVH,Tier1,2.3598384776324774
NPYVPR,RASDPLLSV,Tier1,2.593409847555975
NPYVPR,LAPSLPGKPKPD,Tier1,1.6982220322444859
NPYVPR,MPDAHL,Tier1,2.9367876088472897
NPYVPR,SAEHGSLH,Tier1,2.859577814778695
NPYVPR,RPNYTDA,Tier1,2.904326798972225
NPYVPR,TSQLLSDQ,Tier1,3.054981967008459
NPYVPR,TRTGDPFF,Tier1,2.2800075448822668
NPYVPR,NFHPQ,Tier1,1.9165177768456665
NPYVPR,PYSFK,Tier1,2.6811211321897486
NPYVPR,GFGPEL,Tier1,3.0908122522630554
NPYVPR,VGGRP,Tier1,1.6352840820534027
NPYVPR,YLGAK,Tier1,1.8425451125010552
NPYVPR,TYQTF,Tier1,2.266803895845463
NPYVPR,SGQYFL,Tier1,2.422455764600674
NPYVPR,YYDPL,Tier1,3.107381534053656
NPYVPR,GIISHR,Tier1,2.503773035121056
NPYVPR,LANAK,Tier1,2.406113262528928
NPYVPR,PSLVGRPPVGKLTL,Tier1,3.0593791637495094
NPYVPR,SNAAC,Tier1,2.704948071656384
NPYVPR,QYP,Tier1,2.5821519026650632
NPYVPR,LSGNK,Tier1,1.465387714754975
NPYVPR,GLTSK,Tier1,1.6715192304180424
NPYVPR,VAWRNRCKGTD,Tier1,2.7302422359963843
NPYVPR,SDRDLLGPNNQYLPK,Tier1,2.9612242703083456
NPYVPR,CAQ,Tier1,2.4136854391035496
NPYVPR,KYL,Tier1,2.299938188848786
NPYVPR,CSQAPLA,Tier1,2.5551257204062456
NPYVPR,WYGPD,Tier1,3.1197427815811256
NPYVPR,KGLWE,Tier1,2.868801104057811
NPYVPR,IYIEQGNGITGM,Tier1,2.984327170862961
NPYVPR,VKRRGQDCIHGFCSD,Tier1,3.112825120408847
NPYVPR,GQFNDKRWIPFG,Tier1,3.0101205469815024
NPYVPR,KDVPP,Tier1,3.0705800929368077
NPYVPR,GQVPP,Tier1,2.4045749878076474
NPYVPR,PKLPPVKK,Tier1,3.095060934806599
NPYVPR,RYLGY,Tier1,1.8385654605477875
NPYVPR,RYL,Tier1,2.337593451000498
NPYVPR,RYLG,Tier1,1.7937082233854442
NPYVPR,YQKFPQY,Tier1,2.0775017668203812
NPYVPR,YQK,Tier1,3.093948621893373
NPYVPR,FPQY,Tier1,2.6794172947425205
WISELG,WISELGW,Tier1,0.9841100535331182
WISELG,ISELWG,Tier1,0.38770712078355535
WISELG,ISELGF,Tier1,0.8685882843534518
WISELG,ISELGY,Tier1,1.0518922091167986
WISELG,GPLGLLGFLGPLGLS,Tier1,3.1198520133188423
WISELG,QLGNLGV,Tier1,2.1679729835981436
WISELG,SVMPVVA,Tier1,2.8843214910452812
WISELG,VLYEE,Tier1,2.694150536155319
WISELG,LVSK,Tier1,3.0283630862923365
WISELG,LYEGY,Tier1,3.058009694036877
WISELG,VAMVPPFET,Tier1,1.568704432356876
WISELG,VLSRYPS,Tier1,3.0974024505069333
WISELG,TIASGEP,Tier1,2.8442069352348662
WISELG,GYLEQ,Tier1,2.5325069331895382
WISELG,YPELF,Tier1,2.1656305031191003
WISELG,TVYQ,Tier1,2.880501596711499
WISELG,YGLN,Tier1,2.715115946680036
WISELG,YIPIQY,Tier1,2.313047659229382
WISELG,FYQL,Tier1,2.5860166334942445
WISELG,YVGD,Tier1,2.6209128826868224
WISELG,LGNTDYAVH,Tier1,2.5794824498041065
WISELG,VGDI,Tier1,1.99671984782314
WISELG,RASDPLLSV,Tier1,2.132263417522225
WISELG,MPDAHL,Tier1,2.1320631404795263
WISELG,FVPH,Tier1,2.788905177264529
WISELG,TSQLLSDQ,Tier1,2.326781979383889
WISELG,GFGPEL,Tier1,1.5004363714800144
WISELG,VVGGDGDV,Tier1,2.0984345588746898
WISELG,VPVTST,Tier1,2.8908018976771785
WISELG,LTTLDSE,Tier1,2.1351187606029485
WISELG,GGLEPINFN,Tier1,2.1893771007884175
WISELG,GGIF,Tier1,2.611052281704842
WISELG,GIFE,Tier1,1.840121516820378
WISELG,GVQEGAGHYALL,Tier1,2.4045486789550425
WISELG,YYIVS,Tier1,2.7330466124984967
WISELG,SGQYFL,Tier1,2.7146559600438986
WISELG,YYDPL,Tier1,2.977627255326276
WISELG,CSQAPLA,Tier1,2.6060287141327847
WISELG,KLSDW,Tier1,2.912334003324548
WISELG,KGLWE,Tier1,2.4209995108649096
WISELG,IYIEQGNGITGM,Tier1,1.9281624882352812
WISELG,ETTL,Tier1,2.294817353939139
WISELG,VLVPK,Tier1,3.060700524478517
WISELG,GQVPP,Tier1,2.985379481537254
WISELG,DGVVYY,Tier1,1.69741225731936
WISELG,IVEYF,Tier1,1.8149628394324342
WISELG,DVPPYM,Tier1,2.6755533419049966
WISELG,LGY,Tier1,3.0442093956418677
WISELG,AYFYPEL,Tier1,2.3659422908081185
WISELG,YQEPVLGPVRGPFPIIV,Tier1,2.9277431571705868
WISELGW,ISELWG,Tier1,0.9689184151215395
WISELGW,ISELGF,Tier1,1.1860346082155895
WISELGW,ISELGY,Tier1,1.7269138300483862
WISELGW,GPLGLLGFLGPLGLS,Tier1,3.027582750884275
WISELGW,QLGNLGV,Tier1,2.603753345031608
WISELGW,SVMPVVA,Tier1,2.8511275168200942
WISELGW,VLYEE,Tier1,3.0291327389409077
WISELGW,YLMSR,Tier1,3.080490361198487
WISELGW,VAMVPPFET,Tier1,1.4819344359729565
WISELGW,FVNQPYLLYSVHMK,Tier1,3.106696597957649
WISELGW,GYLEQ,Tier1,2.8783292734251718
WISELGW,YPELF,Tier1,2.342857944243707
WISELGW,TVYQ,Tier1,2.94886732834438
WISELGW,YGLN,Tier1,3.0111928587479238
WISELGW,YIPIQY,Tier1,2.3437985395549514
WISELGW,FYQL,Tier1,2.3579316373724675
WISELGW,YVGD,Tier1,2.8475729261734646
WISELGW,LGNTDYAVH,Tier1,2.870097630639467
WISELGW,VGDI,Tier1,2.8191617701329705
WISELGW,RASDPLLSV,Tier1,2.5857064395987823
WISELGW,FFGFN,Tier1,3.030440155223954
WISELGW,MPDAHL,Tier1,2.5167757495565914
WISELGW,FVPH,Tier1,2.7018719553521677
WISELGW,TSQLLSDQ,Tier1,2.8314911759072348
WISELGW,GFGPEL,Tier1,1.8556967553649357
WISELGW,VVGGDGDV,Tier1,2.7930401451112283
WISELGW,VPVTST,Tier1,3.040104612105054
WISELGW,LTTLDSE,Tier1,2.690032650113871
WISELGW,GGLEPINFN,Tier1,2.532722231520498
WISELGW,GGIF,Tier1,2.704882328862299
WISELGW,GIFE,Tier1,2.2168476420913565
WISELGW,GVQEGAGHYALL,Tier1,2.641566469756549
WISELGW,YYIVS,Tier1,2.6693547918612137
WISELGW,SGQYFL,Tier1,2.8161972857698423
WISELGW,YYDPL,Tier1,3.0935880000151026
WISELGW,FLPF,Tier1,2.9285794843427806
WISELGW,CSQAPLA,Tier1,2.8477625983930577
WISELGW,KGLWE,Tier1,2.6381077476652797
WISELGW,IYIEQGNGITGM,Tier1,2.0305996762090244
WISELGW,ETTL,Tier1,2.935976902599397
WISELGW,DGVVYY,Tier1,1.8376703724590124
WISELGW,IVEYF,Tier1,1.999526009565409
WISELGW,DVPPYM,Tier1,2.614031409885059
WISELGW,AYFYPEL,Tier1,2.210171886116233
WISELGW,YQEPVLGPVRGPFPIIV,Tier1,2.7398895966617003
ISELWG,ISELGF,Tier1,0.9511900016412848
ISELWG,ISELGY,Tier1,1.2035605832867615
ISELWG,QLGNLGV,Tier1,2.33379362744383
ISELWG,SVMPVVA,Tier1,2.7708941524275237
ISELWG,VLYEE,Tier1,2.6775119343017786
ISELWG,YLMSR,Tier1,3.0681533652026496
ISELWG,LVSK,Tier1,3.125319165043064
ISELWG,VAMVPPFET,Tier1,1.4726149620040516
ISELWG,VLSRYPS,Tier1,3.055704369972787
ISELWG,TIASGEP,Tier1,2.9059811947340353
ISELWG,GYLEQ,Tier1,2.59066345379466
ISELWG,RDMPIQ,Tier1,3.1194950788164637
ISELWG,YPELF,Tier1,2.1152474428654364
ISELWG,TVYQ,Tier1,3.0247951789359018
ISELWG,YGLN,Tier1,2.873349539246082
ISELWG,YIPIQY,Tier1,2.484127593648724
ISELWG,FYQL,Tier1,2.485875771228473
ISELWG,YVGD,Tier1,2.784504858929715
ISELWG,LGNTDYAVH,Tier1,2.670328678231818
ISELWG,VGDI,Tier1,2.207073429104774
ISELWG,RASDPLLSV,Tier1,2.2637052904002664
ISELWG,MPDAHL,Tier1,2.1214693191543286
ISELWG,FVPH,Tier1,2.778864721670514
ISELWG,TSQLLSDQ,Tier1,2.3806177916790836
ISELWG,GFGPEL,Tier1,1.5633584901111355
ISELWG,VVGGDGDV,Tier1,2.217634800386382
ISELWG,VPVTST,Tier1,2.874680835279748
ISELWG,LTTLDSE,Tier1,2.096446744237958
ISELWG,GGLEPINFN,Tier1,2.263111762059035
ISELWG,GGIF,Tier1,2.6988498866056996
ISELWG,GIFE,Tier1,2.0664777200431588
ISELWG,GVQEGAGHYALL,Tier1,2.338932408897881
ISELWG,YYIVS,Tier1,2.8204702454861823
ISELWG,SGQYFL,Tier1,2.8504397393673067
ISELWG,YYDPL,Tier1,2.9120134356255236
ISELWG,CSQAPLA,Tier1,2.574440228172299
ISELWG,KLSDW,Tier1,3.049863437764204
ISELWG,KGLWE,Tier1,2.4575155518446965
ISELWG,IYIEQGNGITGM,Tier1,2.0088547548520967
ISELWG,ETTL,Tier1,2.4213268240590033
ISELWG,VLVPK,Tier1,3.0717611575244015
ISELWG,GQVPP,Tier1,2.9432389130193086
ISELWG,DGVVYY,Tier1,1.832521190119748
ISELWG,IVEYF,Tier1,2.0283164818664625
ISELWG,DVPPYM,Tier1,2.425159993934329
ISELWG,AYFYPEL,Tier1,2.2300772613954782
ISELWG,YQEPVLGPVRGPFPIIV,Tier1,2.890767778989789
ISELGF,ISELGY,Tier1,1.3791087968005191
ISELGF,GPLGLLGFLGPLGLS,Tier1,2.9090384609583246
ISELGF,QLGNLGV,Tier1,2.2005809268158925
ISELGF,SVMPVVA,Tier1,2.560392264821402
ISELGF,VLYEE,Tier1,3.0251502932358645
ISELGF,VAMVPPFET,Tier1,1.5844961862681044
ISELGF,TIASGEP,Tier1,3.095944322211888
ISELGF,GYLEQ,Tier1,2.994479211052498
ISELGF,YPELF,Tier1,2.796251691679897
ISELGF,TVYQ,Tier1,2.8570976642700074
ISELGF,YGLN,Tier1,2.9965459340072274
ISELGF,YIPIQY,Tier1,2.294409966761208
ISELGF,FYQL,Tier1,2.782743231220437
ISELGF,YVGD,Tier1,2.5807581391216337
ISELGF,LGNTDYAVH,Tier1,2.862641184478253
ISELGF,VGDI,Tier1,2.1060664844978545
ISELGF,RASDPLLSV,Tier1,2.3775363923473622
ISELGF,MPDAHL,Tier1,2.391845243876526
ISELGF,FVPH,Tier1,2.9557483499290678
ISELGF,TSQLLSDQ,Tier1,2.894933058718905
ISELGF,GFGPEL,Tier1,1.7947570308938017
ISELGF,VVGGDGDV,Tier1,2.5357539625428944
ISELGF,VPVTST,Tier1,2.7930494178202103
ISELGF,LTTLDSE,Tier1,2.486783456920771
ISELGF,GGLEPINFN,Tier1,2.6258001507243622
ISELGF,GGIF,Tier1,2.6364716386006553
ISELGF,GIFE,Tier1,2.0279863153411446
ISELGF,GVQEGAGHYALL,Tier1,2.8309403342703447
ISELGF,YYIVS,Tier1,2.6896705144699813
ISELGF,SGQYFL,Tier1,3.070357524906458
ISELGF,LLPF,Tier1,3.070530688706414
ISELGF,LTC,Tier1,2.992186211875077
ISELGF,LPM,Tier1,2.869535020868739
ISELGF,CSQAPLA,Tier1,2.6325016892357
ISELGF,KGLWE,Tier1,2.9021477169535
ISELGF,IYIEQGNGITGM,Tier1,2.1486593477928144
ISELGF,ETTL,Tier1,2.6110465383933166
ISELGF,DGVVYY,Tier1,1.9331941907535384
ISELGF,IVEYF,Tier1,2.041131286931417
ISELGF,DVPPYM,Tier1,2.912277419740889
ISELGF,LGY,Tier1,3.0324825916031406
ISELGF,AYFYPEL,Tier1,2.6503828042057935
ISELGY,GPLGLLGFLGPLGLS,Tier1,3.0848244525113047
ISELGY,QLGNLGV,Tier1,2.2700125235759177
ISELGY,VLYEE,Tier1,2.8997605747871553
ISELGY,LDY,Tier1,3.057558226274083
ISELGY,LYEGY,Tier1,2.496942129651322
ISELGY,VAMVPPFET,Tier1,1.7206304215907038
ISELGY,VLSRYPS,Tier1,2.8535605067412604
ISELGY,TIASGEP,Tier1,2.1059005912201365
ISELGY,GYLEQ,Tier1,2.177094458378962
ISELGY,YPELF,Tier1,2.2162852958361454
ISELGY,YLKT,Tier1,2.9311471514700256
ISELGY,TVYQ,Tier1,2.48212294248261
ISELGY,YGLN,Tier1,2.2813654495385918
ISELGY,YIPIQY,Tier1,1.9874613577190627
ISELGY,FYQL,Tier1,2.9349324754988717
ISELGY,YVGD,Tier1,2.169271302108498
ISELGY,LGNTDYAVH,Tier1,2.089318599272522
ISELGY,VGDI,Tier1,2.247070632126367
ISELGY,RASDPLLSV,Tier1,1.9030491327157109
ISELGY,MPDAHL,Tier1,1.9092747627611297
ISELGY,FVPH,Tier1,2.851815754236038
ISELGY,SAEHGSLH,Tier1,2.784584900266146
ISELGY,TSQLLSDQ,Tier1,2.085110709170346
ISELGY,LSGYGP,Tier1,3.047850193306379
ISELGY,GFGPEL,Tier1,1.0983466354980669
ISELGY,VVGGDGDV,Tier1,2.037575742531612
ISELGY,VPVTST,Tier1,2.587006337127578
ISELGY,LTTLDSE,Tier1,1.9385489954254802
ISELGY,YLGAK,Tier1,2.8205519519723095
ISELGY,GGLEPINFN,Tier1,2.134744976934389
ISELGY,GGIF,Tier1,2.627374742857809
ISELGY,GIFE,Tier1,2.1055460504444725
ISELGY,GVQEGAGHYALL,Tier1,2.036477822408262
ISELGY,YYIVS,Tier1,2.51004222117894
ISELGY,SGQYFL,Tier1,2.4462920951253793
ISELGY,YYDPL,Tier1,2.5759815242433275
ISELGY,GIISHR,Tier1,3.0302510390537907
ISELGY,SNAAC,Tier1,3.077072671866682
ISELGY,GLTSK,Tier1,2.9995519441463383
ISELGY,CAQ,Tier1,3.0883558349596294
ISELGY,CSQAPLA,Tier1,2.3042252927741504
ISELGY,KLSDW,Tier1,2.995788982484724
ISELGY,KGLWE,Tier1,2.6013122612144923
ISELGY,IYIEQGNGITGM,Tier1,1.776977614114362
ISELGY,ADGF,Tier1,2.979726941990975
ISELGY,AGGF,Tier1,3.079163074135608
ISELGY,ETTL,Tier1,1.8128370943420524
ISELGY,SGAF,Tier1,3.055879349833647
ISELGY,KDVPP,Tier1,3.0345813572669624
ISELGY,GQVPP,Tier1,2.5645935968447358
ISELGY,DGVVYY,Tier1,1.3001172663654745
ISELGY,IVEYF,Tier1,2.3357622279889916
ISELGY,DVPPYM,Tier1,2.6528409894220126
ISELGY,PGVPWP,Tier1,3.069762553487919
ISELGY,YLGY,Tier1,3.111349163206544
ISELGY,LGY,Tier1,2.618264797817743
ISELGY,AYFYPEL,Tier1,2.1009397620377004
ISELGY,VAGTWY,Tier1,2.842826414276721
ISELGY,YQEPVLGPVRGPFPIIV,Tier1,3.016949129180413
GPLGLLGFLGPLGLS,QLGNLGV,Tier1,2.9757204131478407
GPLGLLGFLGPLGLS,SVMPVVA,Tier1,2.3676391525574965
GPLGLLGFLGPLGLS,VAMVPPFET,Tier1,2.6471673953047707
GPLGLLGFLGPLGLS,FVNQPYLLYSVHMK,Tier1,2.7598507479597822
GPLGLLGFLGPLGLS,YIPIQY,Tier1,2.5967509871925376
GPLGLLGFLGPLGLS,RASDPLLSV,Tier1,2.8657144906227945
GPLGLLGFLGPLGLS,AGTTCLFTPLALPYDYSH,Tier1,2.845490651963347
GPLGLLGFLGPLGLS,VPVTST,Tier1,2.371656667068112
GPLGLLGFLGPLGLS,GGIF,Tier1,2.8526152932127795
GPLGLLGFLGPLGLS,GVQEGAGHYALL,Tier1,3.1237471992911336
GPLGLLGFLGPLGLS,YYIVS,Tier1,2.3941742865511784
GPLGLLGFLGPLGLS,PSLVGRPPVGKLTL,Tier1,2.811763047001117
GPLGLLGFLGPLGLS,LTC,Tier1,2.844770391443743
GPLGLLGFLGPLGLS,LPM,Tier1,2.8436225730469933
GPLGLLGFLGPLGLS,CSQAPLA,Tier1,2.9185027251688984
GPLGLLGFLGPLGLS,IYIEQGNGITGM,Tier1,2.7104429395921574
GPLGLLGFLGPLGLS,PGVPWP,Tier1,2.8887819074315653
GPLGLLGFLGPLGLS,YLG,Tier1,2.9123791630869844
GPLGLLGFLGPLGLS,LGY,Tier1,2.8821927363812567
GPLGLLGFLGPLGLS,VAGTWY,Tier1,2.7593672521592616
GPLGLLGFLGPLGLS,YQEPVLGPVRGPFPIIV,Tier1,2.4987522759399354
QLGNLGV,FLKPLFNAALKLLP,Tier1,2.938654280360185
QLGNLGV,LVSK,Tier1,2.4015256098156845
QLGNLGV,VAMVPPFET,Tier1,2.751632902921162
QLGNLGV,FVNQPYLLYSVHMK,Tier1,3.0382932451227855
QLGNLGV,YLKT,Tier1,2.7055726740014445
QLGNLGV,TVYQ,Tier1,2.8588614039226488
QLGNLGV,YGLN,Tier1,2.2526145425417976
QLGNLGV,YQL,Tier1,3.0116313702890967
QLGNLGV,YIPIQY,Tier1,2.0587895985039752
QLGNLGV,FYQL,Tier1,3.0798661281790887
QLGNLGV,VGDI,Tier1,2.4949601709682714
QLGNLGV,RASDPLLSV,Tier1,2.3098685400013013
QLGNLGV,TSQLLSDQ,Tier1,2.8688427069122757
QLGNLGV,GFGPEL,Tier1,2.722023300474109
QLGNLGV,VPVTST,Tier1,3.036969296291193
QLGNLGV,YLGAK,Tier1,2.9529259840891338
QLGNLGV,GGLEPINFN,Tier1,2.3503987869697855
QLGNLGV,GGIF,Tier1,3.007807199609766
QLGNLGV,GIFE,Tier1,2.7970087613830508
QLGNLGV,YYIVS,Tier1,3.1130234165632538
QLGNLGV,GIISHR,Tier1,2.701539565125642
QLGNLGV,GLTSK,Tier1,3.0113379018780106
QLGNLGV,IRGCRL,Tier1,2.9465107508156003
QLGNLGV,WIRGCRL,Tier1,2.96339364654871
QLGNLGV,AWIRGCRL,Tier1,2.5757650729992965
QLGNLGV,QCL,Tier1,2.875347731359738
QLGNLGV,CAQ,Tier1,2.954606234367383
QLGNLGV,CSQAPLA,Tier1,2.7321431376955365
QLGNLGV,KLSDW,Tier1,3.0125732750347574
QLGNLGV,KGLWE,Tier1,3.007133369172271
QLGNLGV,IYIEQGNGITGM,Tier1,2.4426921934986185
QLGNLGV,VLVPK,Tier1,2.7110757756510675
QLGNLGV,GQVPP,Tier1,2.981949586419405
QLGNLGV,DGVVYY,Tier1,3.0432444650546175
QLGNLGV,IVEYF,Tier1,2.9665810669456545
QLGNLGV,RYLG,Tier1,3.108853667182864
QLGNLGV,VPKVK,Tier1,3.071450324876315
SVMPVVA,VAMVPPFET,Tier1,2.3148909368149058
SVMPVVA,FVPH,Tier1,2.741565338108851
SVMPVVA,VPVTST,Tier1,2.0315415444068288
SVMPVVA,GGIF,Tier1,2.4382046922057463
SVMPVVA,YYIVS,Tier1,2.7170506099265697
SVMPVVA,LPF,Tier1,2.2441848437028677
SVMPVVA,LLPF,Tier1,1.8944556731693853
SVMPVVA,FLPF,Tier1,2.6222139964823388
SVMPVVA,HYVPV,Tier1,2.494179068598496
SVMPVVA,LTC,Tier1,2.25071598297722
SVMPVVA,LAC,Tier1,1.9765788977857985
SVMPVVA,LPM,Tier1,1.8656801372757421
SVMPVVA,CSQAPLA,Tier1,2.667054239253054
SVMPVVA,VLVPK,Tier1,3.019100966367774
SVMPVVA,PGVPWP,Tier1,3.102709937584161
FLKPLFNAALKLLP,FVNQPYLLYSVHMK,Tier1,1.814273096006928
FLKPLFNAALKLLP,LVMFLDNQHRVIRH,Tier1,2.045785888028325
FLKPLFNAALKLLP,PSLVGRPPVGKLTL,Tier1,2.1583078655670995
FLKPLFNAALKLLP,IRGCRL,Tier1,2.7052226829757684
FLKPLFNAALKLLP,WIRGCRL,Tier1,2.1899560659964075
FLKPLFNAALKLLP,AWIRGCRL,Tier1,1.7509920266701555
FLKPLFNAALKLLP,VLVPK,Tier1,3.0841296906894105
FLKPLFNAALKLLP,YQEPVLGPVRGPFPIIV,Tier1,2.7552836896468573
VKP,YLKT,Tier1,2.1923108153020467
VKP,YQL,Tier1,2.4709027164424833
VKP,LANAK,Tier1,2.920554269361056
VKP,LSGNK,Tier1,3.083705248534752
VKP,IRGCRL,Tier1,2.298119077694683
VKP,WIRGCRL,Tier1,2.6428496397999073
VKP,AWIRGCRL,Tier1,2.770764962709117
VKP,KLSDW,Tier1,2.724144911115505
VKP,VPKVK,Tier1,2.0749971278532473
VKCFR,IRGCRL,Tier1,2.1573213264673563
VKCFR,WIRGCRL,Tier1,2.024163114788945
VKCFR,AWIRGCRL,Tier1,2.6377574558979013
VKCFR,VPKVK,Tier1,2.551146605934402
PYFNK,TEFTK,Tier1,3.005727288999323
PYFNK,WHNVSGSP,Tier1,2.818895955653901
PYFNK,YWVTSGPK,Tier1,2.808113682400918
PYFNK,YSEMPPGK,Tier1,2.767329260389107
PYFNK,FHNMEK,Tier1,2.5994754552036023
PYFNK,RYPS,Tier1,2.821445431901412
PYFNK,GYLEQ,Tier1,3.1180774870720245
PYFNK,RDMPIQ,Tier1,3.1046079773163884
PYFNK,YLKT,Tier1,2.803672334307304
PYFNK,YGLN,Tier1,2.8848896642188144
PYFNK,YQKFP,Tier1,1.0161759597760203
PYFNK,NFHPQ,Tier1,1.8394887919418523
PYFNK,PYSFK,Tier1,1.8895189076572538
PYFNK,STMMEERRMKVY,Tier1,2.9656442454399725
PYFNK,KFPE,Tier1,2.933566511751867
PYFNK,LSGNK,Tier1,2.7265161754537983
PYFNK,VAWRNRCKGTD,Tier1,2.6584269182688645
PYFNK,WRNRCKGTD,Tier1,2.9146856668009518
PYFNK,QKW,Tier1,2.996954703187386
PYFNK,QCH,Tier1,2.8142513213756866
PYFNK,KGLWE,Tier1,2.9323860319970008
PYFNK,GQFNDKRWIPFG,Tier1,2.297169533713938
PYFNK,KDVPP,Tier1,2.8160623459500016
PYFNK,GQVPP,Tier1,3.051135791731908
PYFNK,PKLPPVKK,Tier1,3.1105213025024514
PYFNK,RYLGY,Tier1,2.91690459311485
PYFNK,YQKFPQY,Tier1,2.194308421884763
VLYEE,GYLEQ,Tier1,2.924635162874841
VLYEE,YPELF,Tier1,2.9207743142068185
VLYEE,VGDI,Tier1,3.0356772328220485
VLYEE,MPDAHL,Tier1,3.0684364544536074
VLYEE,TSQLLSDQ,Tier1,2.8726796443695513
VLYEE,GFGPEL,Tier1,3.074201746667852
VLYEE,VVGGDGDV,Tier1,2.294417651282894
VLYEE,LTTLDSE,Tier1,1.9986996301299678
VLYEE,GIFE,Tier1,2.9828134563458772
VLYEE,MTEEY,Tier1,3.029889720984868
VLYEE,KGLWE,Tier1,3.0253485394524424
VLYEE,AWDPE,Tier1,2.9408735250923965
VLYEE,ETTL,Tier1,2.6502918371840947
VLYEE,DGVVYY,Tier1,2.9220990094042603
VLYEE,IVEYF,Tier1,3.1005705069945493
YLMSR,HMPVTK,Tier1,1.8399331195356807
YLMSR,WHNVSGSP,Tier1,2.1100645454774747
YLMSR,VAMVPPFET,Tier1,2.8156190734515234
YLMSR,YSEMPPGK,Tier1,3.0986999359509007
YLMSR,VLSRYPS,Tier1,1.9900171229941637
YLMSR,YQKFP,Tier1,3.1148079547591765
YLMSR,FYQL,Tier1,2.7906290262181566
YLMSR,RASDPLLSV,Tier1,3.0113070881292883
YLMSR,LAPSLPGKPKPD,Tier1,3.0249267819465206
YLMSR,MPDAHL,Tier1,2.961861894322743
YLMSR,FVPH,Tier1,2.3977798616091195
YLMSR,VGGRP,Tier1,2.5277780854915894
YLMSR,VPVTST,Tier1,2.8535927065730884
YLMSR,YLGAK,Tier1,2.821936860972965
YLMSR,GVQEGAGHYALL,Tier1,3.064498624730315
YLMSR,WPP,Tier1,3.0177938868403005
YLMSR,GIISHR,Tier1,2.896488032422623
YLMSR,PSLVGRPPVGKLTL,Tier1,2.896981902641399
YLMSR,SNAAC,Tier1,2.7335552862741217
YLMSR,HYVPV,Tier1,2.253772049511038
YLMSR,MPACGSS,Tier1,2.9677650567948217
YLMSR,LSGNK,Tier1,2.594582390575184
YLMSR,GLTSK,Tier1,2.707195154214943
YLMSR,KYL,Tier1,2.8854978366408512
YLMSR,CSQAPLA,Tier1,2.2951180147017634
YLMSR,GQFNDKRWIPFG,Tier1,3.0176043588036157
YLMSR,GQVPP,Tier1,2.7592745667846827
YLMSR,DVPPYM,Tier1,2.8443796392978524
YLMSR,PGVPWP,Tier1,2.9845199743662523
YLMSR,RYLG,Tier1,2.845113504716756
YLMSR,AYFYPEL,Tier1,2.9403265051532155
MILMR,LVSK,Tier1,2.8770478583942354
MILMR,LLR,Tier1,2.504749382139313
MILMR,IRGCRL,Tier1,3.1026144086303358
MILMR,WIRGCRL,Tier1,2.8023583621265873
MILMR,AWIRGCRL,Tier1,2.9804588838999178
MILMR,LFC,Tier1,2.951020926612534
MILMR,QCL,Tier1,2.055125724481261
MILMR,CLV,Tier1,2.9995759864933786
MILMR,VLVPK,Tier1,2.259551617515624
HMPVTK,WHNVSGSP,Tier1,2.6025259378263748
HMPVTK,VLSRYPS,Tier1,2.8118685824105074
HMPVTK,LAPSLPGKPKPD,Tier1,3.050658679696435
HMPVTK,FVPH,Tier1,2.927277062673038
HMPVTK,VGGRP,Tier1,2.684453283789561
HMPVTK,VPVTST,Tier1,2.8010785675720498
HMPVTK,YLGAK,Tier1,2.7433409060578993
HMPVTK,GIISHR,Tier1,2.7244456707445415
HMPVTK,PSLVGRPPVGKLTL,Tier1,2.957023615121928
HMPVTK,HYVPV,Tier1,2.6505509466569914
HMPVTK,LSGNK,Tier1,2.8036303553958883
HMPVTK,GLTSK,Tier1,2.2751071974917028
HMPVTK,CSQAPLA,Tier1,2.5395832570476515
HMPVTK,GQVPP,Tier1,3.108238338965114
HMPVTK,PGVPWP,Tier1,2.573152566364714
HMPVTK,RYLG,Tier1,2.611022770029173
TERGY,TEFTK,Tier1,2.0928238178186906
TERGY,TDY,Tier1,2.7251162385218017
TERGY,LYEGY,Tier1,2.8406659313286378
TERGY,YSEMPPGK,Tier1,2.446309587514475
TERGY,YAKPA,Tier1,2.894117616292341
TERGY,GTQY,Tier1,2.5125492531211395
TERGY,ARHPHP,Tier1,3.090981608455328
TERGY,RYPS,Tier1,2.4877799352352485
TERGY,SRYPS,Tier1,2.6290471160424698
TERGY,YAKP,Tier1,2.5024360952089038
TERGY,YQKFP,Tier1,3.115855464472434
TERGY,LGNTDYAVH,Tier1,3.0277018306246872
TERGY,DHG,Tier1,1.897563789203756
TERGY,LAPSLPGKPKPD,Tier1,3.044795509402675
TERGY,DHTKE,Tier1,2.5386026108140642
TERGY,ALEPDHR,Tier1,2.3656335216334816
TERGY,TETWNPNHPEL,Tier1,2.874122555193688
TERGY,SAEHGSLH,Tier1,2.879820126583512
TERGY,RPNYTDA,Tier1,1.5844242768121861
TERGY,TRTGDPFF,Tier1,2.117629428179196
TERGY,NFHPQ,Tier1,2.6712586931541797
TERGY,EERYP,Tier1,2.660474025554489
TERGY,AEERYP,Tier1,1.7661259550669792
TERGY,TYQTF,Tier1,2.8323322033930327
TERGY,YYDPL,Tier1,2.941800120695589
TERGY,QYP,Tier1,2.0358904840401526
TERGY,GEGSGA,Tier1,2.4662798249970175
TERGY,DYK,Tier1,3.030965601602235
TERGY,WYGPD,Tier1,2.491597209190123
TERGY,ADGF,Tier1,2.986705169841808
TERGY,AWDPE,Tier1,3.055345759448517
TERGY,YQKFPQY,Tier1,2.8007176253884793
TERGY,YQK,Tier1,2.808266583599027
TEFTK,LYEGY,Tier1,2.8629505762456473
TEFTK,YSEMPPGK,Tier1,2.120221759535133
TEFTK,FHNMEK,Tier1,2.0532265932241796
TEFTK,TIASGEP,Tier1,3.119764665112252
TEFTK,YQLD,Tier1,3.1244876708055376
TEFTK,GYLEQ,Tier1,2.6120376730010775
TEFTK,RDMPIQ,Tier1,2.94678791326464
TEFTK,YPELF,Tier1,2.8776388435164253
TEFTK,YLKT,Tier1,3.037868597095603
TEFTK,YQKFP,Tier1,2.3754360520704383
TEFTK,YVGD,Tier1,3.0404770605478593
TEFTK,LGNTDYAVH,Tier1,2.6329202286162445
TEFTK,DHG,Tier1,3.0868946335717253
TEFTK,LAPSLPGKPKPD,Tier1,2.924969641024397
TEFTK,MPDAHL,Tier1,2.7210079015144317
TEFTK,ALEPDHR,Tier1,2.0150403086843065
TEFTK,TETWNPNHPEL,Tier1,2.5773139835872136
TEFTK,RPNYTDA,Tier1,2.5080289817295944
TEFTK,TSQLLSDQ,Tier1,2.647750007793241
TEFTK,TRTGDPFF,Tier1,1.8676254586264804
TEFTK,NFHPQ,Tier1,2.0315109154441178
TEFTK,GFGPEL,Tier1,2.653488443952277
TEFTK,VGGRP,Tier1,2.9345316721541344
TEFTK,LTTLDSE,Tier1,3.052337089434121
TEFTK,EERYP,Tier1,3.1004120614867885
TEFTK,AEERYP,Tier1,2.3878001126098334
TEFTK,GGLEPINFN,Tier1,3.003400909623679
TEFTK,TYQTF,Tier1,2.668069702241505
TEFTK,YYDPL,Tier1,2.6216048955296682
TEFTK,KFPE,Tier1,1.62028670419445
TEFTK,SNAAC,Tier1,3.1017716934807957
TEFTK,QYP,Tier1,2.963036644735676
TEFTK,MTEEY,Tier1,2.894768946349991
TEFTK,LSGNK,Tier1,2.921343294411451
TEFTK,SDRDLLGPNNQYLPK,Tier1,3.117565139928534
TEFTK,GEC,Tier1,2.9145259075287244
TEFTK,CAQ,Tier1,3.0446563328020715
TEFTK,WYGPD,Tier1,2.7170093614609936
TEFTK,KLSDW,Tier1,2.526289323790323
TEFTK,KGLWE,Tier1,2.0558167833741106
TEFTK,ADGF,Tier1,2.546727154941562
TEFTK,AWDPE,Tier1,2.3214723269539523
TEFTK,DWDPK,Tier1,2.844860606666521
TEFTK,ETTL,Tier1,2.8614569325884904
TEFTK,GQFNDKRWIPFG,Tier1,3.0838073669788786
TEFTK,KDVPP,Tier1,2.485190734715885
TEFTK,GQVPP,Tier1,2.8406370933277167
TEFTK,YQKFPQY,Tier1,2.444705259278372
TEFTK,FPQY,Tier1,2.8685503814155973
TDY,DHG,Tier1,3.0512933524851764
TDY,RPNYTDA,Tier1,2.557290076681483
TDY,DYK,Tier1,2.981316258138423
TDY,ADGF,Tier1,2.920155554546251
TDY,AWDPE,Tier1,3.1171258484945006
NHK,RYQ,Tier1,2.852144296594263
NHK,KKY,Tier1,2.9721360057967474
LVSK,VLSRYPS,Tier1,2.77116283440107
LVSK,YLKT,Tier1,2.907711423132089
LVSK,YIPIQY,Tier1,3.063409359295096
LVSK,RASDPLLSV,Tier1,2.2224279054024607
LVSK,FVPH,Tier1,3.054768539065115
LVSK,VGGRP,Tier1,3.096227337772653
LVSK,YLGAK,Tier1,2.6750481607370586
LVSK,GGIF,Tier1,3.062663476633786
LVSK,GIISHR,Tier1,1.8278542613483606
LVSK,LANAK,Tier1,2.621054493395864
LVSK,PSLVGRPPVGKLTL,Tier1,2.9711793331028704
LVSK,LSGNK,Tier1,2.7492755674501566
LVSK,GLTSK,Tier1,2.754282575860603
LVSK,WIRGCRL,Tier1,3.084302198892357
LVSK,AWIRGCRL,Tier1,2.787444579461988
LVSK,CAQ,Tier1,3.0003076599503267
LVSK,KYL,Tier1,2.341645954045262
LVSK,CSQAPLA,Tier1,2.929293226815917
LVSK,VLVPK,Tier1,1.183420049361796
LVSK,RYL,Tier1,2.4531573206588284
LVSK,RYLG,Tier1,2.7855199455887636
LVSK,VPKVK,Tier1,2.9608920798100447
WHNVSGSP,YWVTSGPK,Tier1,2.84790286986684
WHNVSGSP,VAMVPPFET,Tier1,2.6317720610816497
WHNVSGSP,YSEMPPGK,Tier1,1.701945954430636
WHNVSGSP,YAKPA,Tier1,2.7285192090714077
WHNVSGSP,RYPS,Tier1,2.8281793554480426
WHNVSGSP,SRYPS,Tier1,2.7213595820866097
WHNVSGSP,AYPS,Tier1,2.7876306930163914
WHNVSGSP,VLSRYPS,Tier1,2.0004007140438316
WHNVSGSP,TIASGEP,Tier1,2.9355372318679374
WHNVSGSP,YQKFP,Tier1,2.804314564645193
WHNVSGSP,LGNTDYAVH,Tier1,2.9504256778604168
WHNVSGSP,LAPSLPGKPKPD,Tier1,2.703053402863567
WHNVSGSP,MPDAHL,Tier1,2.7793235895536275
WHNVSGSP,FVPH,Tier1,2.644477430608576
WHNVSGSP,TSQLLSDQ,Tier1,3.1159401672301867
WHNVSGSP,TRTGDPFF,Tier1,3.004655108875191
WHNVSGSP,NFHPQ,Tier1,2.871251208478853
WHNVSGSP,LSGYGP,Tier1,3.092290389113413
WHNVSGSP,GFGPEL,Tier1,2.646071453748612
WHNVSGSP,VGGRP,Tier1,2.446301885371335
WHNVSGSP,VPVTST,Tier1,2.72296273207991
WHNVSGSP,YLGAK,Tier1,3.083453483460536
WHNVSGSP,GVQEGAGHYALL,Tier1,2.177296618845123
WHNVSGSP,WPP,Tier1,2.333923254852545
WHNVSGSP,TYQTF,Tier1,2.7771103197418676
WHNVSGSP,SGQYFL,Tier1,3.0248089424031526
WHNVSGSP,YYDPL,Tier1,2.9997801995740216
WHNVSGSP,SNAAC,Tier1,2.3025358625131007
WHNVSGSP,HYVPV,Tier1,2.910264410960271
WHNVSGSP,MPACGSS,Tier1,2.287368642466545
WHNVSGSP,LSGNK,Tier1,2.744548006662771
WHNVSGSP,GLTSK,Tier1,2.7764664127689387
WHNVSGSP,ACQ,Tier1,2.9667653037253734
WHNVSGSP,QCH,Tier1,3.025874165214049
WHNVSGSP,CSQAPLA,Tier1,2.3262863904538755
WHNVSGSP,IYIEQGNGITGM,Tier1,2.943418406421272
WHNVSGSP,AGGF,Tier1,2.7334586973824595
WHNVSGSP,GQFNDKRWIPFG,Tier1,2.8399555252238726
WHNVSGSP,KDVPP,Tier1,2.675565331610017
WHNVSGSP,GQVPP,Tier1,1.7253096576043774
WHNVSGSP,GFYPPP,Tier1,2.016856639151801
WHNVSGSP,DVPPYM,Tier1,2.1042854958059007
WHNVSGSP,PGVPWP,Tier1,2.8109990642363076
WHNVSGSP,AYFYPEL,Tier1,2.3338384155767593
WHNVSGSP,AYFYPE,Tier1,2.6008026652584837
FDEQE,WDDMEK,Tier1,2.9161084262303305
FDEQE,PVDENDEG,Tier1,2.81317171406944
FDEQE,DLEE,Tier1,2.946088419406463
WDDMEK,WDR,Tier1,2.671575783176041
WDDMEK,WEN,Tier1,2.1227966795859428
WDDMEK,EQC,Tier1,2.346555727079164
WDDMEK,DWDPK,Tier1,2.619348119028058
MEMK,DVFRELRVQ,Tier1,2.6022148524361226
MEMK,CQC,Tier1,2.9236177581427514
MEMK,EQC,Tier1,3.0342051721523555
LDY,YQLD,Tier1,1.785655166518518
LDY,GYLEQ,Tier1,3.042987920206029
LDY,YPELF,Tier1,2.4871936974423323
LDY,YQL,Tier1,2.7198883702645493
LDY,VGDI,Tier1,2.8141989971576407
LDY,VVGGDGDV,Tier1,2.7552338940140206
LDY,LTTLDSE,Tier1,3.0253897661327187
LDY,GGLEPINFN,Tier1,2.986892406973406
LDY,GIFE,Tier1,2.9340903582144904
LDY,KLSDW,Tier1,2.585075567880451
LDY,KGLWE,Tier1,2.842866324041815
LDY,AWDPE,Tier1,2.929964369037798
LDY,IVEYF,Tier1,2.917811637061705
YWVTSGPK,LYEGY,Tier1,3.046546884878069
YWVTSGPK,YSEMPPGK,Tier1,3.0458422549773085
YWVTSGPK,FVNQPYLLYSVHMK,Tier1,2.7272895061855196
YWVTSGPK,YAKPA,Tier1,3.034168710802728
YWVTSGPK,RYPS,Tier1,2.974163739541634
YWVTSGPK,VLSRYPS,Tier1,2.254132270254276
YWVTSGPK,TIASGEP,Tier1,3.1012264295157896
YWVTSGPK,YLKT,Tier1,2.3608568557339047
YWVTSGPK,TVYQ,Tier1,2.471168501667846
YWVTSGPK,YGLN,Tier1,2.521953830244232
YWVTSGPK,YQKFP,Tier1,2.69648945290227
YWVTSGPK,YIPIQY,Tier1,2.6026847322018596
YWVTSGPK,LGNTDYAVH,Tier1,2.7595270197900144
YWVTSGPK,RASDPLLSV,Tier1,2.7886791280340524
YWVTSGPK,LAPSLPGKPKPD,Tier1,2.3426249819079343
YWVTSGPK,FVPH,Tier1,2.722092219710003
YWVTSGPK,SAEHGSLH,Tier1,2.668537215588377
YWVTSGPK,TRTGDPFF,Tier1,2.6701469895515624
YWVTSGPK,NFHPQ,Tier1,2.6006053119317873
YWVTSGPK,LSGYGP,Tier1,1.9447372116289388
YWVTSGPK,PYSFK,Tier1,1.782432783689453
YWVTSGPK,GFGPEL,Tier1,2.978303417893195
YWVTSGPK,VGGRP,Tier1,2.56181723823974
YWVTSGPK,VPVTST,Tier1,3.0643104760954194
YWVTSGPK,YLGAK,Tier1,1.778291639325103
YWVTSGPK,GGIF,Tier1,3.071464617830202
YWVTSGPK,GVQEGAGHYALL,Tier1,3.0567608831328665
YWVTSGPK,WPP,Tier1,2.7292109176383152
YWVTSGPK,YYIVS,Tier1,2.941905505982687
YWVTSGPK,TYQTF,Tier1,2.476946471010423
YWVTSGPK,SGQYFL,Tier1,2.065144844016887
YWVTSGPK,GIISHR,Tier1,2.4236907304319284
YWVTSGPK,PSLVGRPPVGKLTL,Tier1,2.9219037372809042
YWVTSGPK,LSGNK,Tier1,2.5933082941745944
YWVTSGPK,GLTSK,Tier1,2.0054311644359477
YWVTSGPK,VAWRNRCKGTD,Tier1,3.113863034887405
YWVTSGPK,GTW,Tier1,2.2720074551570875
YWVTSGPK,CSQAPLA,Tier1,2.800500612677293
YWVTSGPK,WYGPD,Tier1,2.7924250926349194
YWVTSGPK,IYIEQGNGITGM,Tier1,3.0272314568594965
YWVTSGPK,AGGF,Tier1,2.523359446974211
YWVTSGPK,SGAF,Tier1,2.3250783741057837
YWVTSGPK,GQVPP,Tier1,2.7872632314163246
YWVTSGPK,DGVVYY,Tier1,2.8523152965417484
YWVTSGPK,PGVPWP,Tier1,2.627193811702595
YWVTSGPK,RYLGY,Tier1,1.5249146680038959
YWVTSGPK,RYL,Tier1,3.089428620936297
YWVTSGPK,RYLG,Tier1,2.296746460111349
YWVTSGPK,YLGY,Tier1,2.7295476577683195
YWVTSGPK,LGY,Tier1,2.7672781407706397
YWVTSGPK,YQKFPQY,Tier1,3.055738771736064
YWVTSGPK,VAGTWY,Tier1,2.1628976361132466
LYEGY,GTQY,Tier1,2.936380275018459
LYEGY,TIASGEP,Tier1,2.2940537060427455
LYEGY,GYLEQ,Tier1,2.9205771944865075
LYEGY,YPELF,Tier1,2.702759474918138
LYEGY,TVYQ,Tier1,2.5058919212674975
LYEGY,YIPIQY,Tier1,2.972954226050784
LYEGY,YVGD,Tier1,1.9540943209904773
LYEGY,LGNTDYAVH,Tier1,1.9380973179465824
LYEGY,RASDPLLSV,Tier1,2.793641888376351
LYEGY,MPDAHL,Tier1,2.6363108082690174
LYEGY,SAEHGSLH,Tier1,2.566752687354847
LYEGY,TSQLLSDQ,Tier1,2.8015279933034396
LYEGY,TRTGDPFF,Tier1,2.1446285446798754
LYEGY,GFGPEL,Tier1,2.385507753352878
LYEGY,VVGGDGDV,Tier1,2.7793407786424438
LYEGY,LTTLDSE,Tier1,3.008012308973956
LYEGY,YLGAK,Tier1,3.0484197976455594
LYEGY,TYQTF,Tier1,2.3004937321372854
LYEGY,SGQYFL,Tier1,2.0103951701945135
LYEGY,YYDPL,Tier1,1.8296041223150459
LYEGY,QYP,Tier1,3.074140608385895
LYEGY,GEGSGA,Tier1,2.6685851312197784
LYEGY,WYGPD,Tier1,1.780875841372779
LYEGY,IYIEQGNGITGM,Tier1,2.8957926726745087
LYEGY,ADGF,Tier1,1.6471263879261282
LYEGY,AWDPE,Tier1,3.090450237349464
LYEGY,ETTL,Tier1,2.1794835513436124
LYEGY,DGVVYY,Tier1,1.8651807895275625
LYEGY,RYLGY,Tier1,2.8514031380095743
LYEGY,AYFYPEL,Tier1,2.815318714459221
LYEGY,AYFYPE,Tier1,2.973521685017713
LYEGY,FPQY,Tier1,3.0794462258811413
VAMVPPFET,FVNQPYLLYSVHMK,Tier1,3.03568024116
VAMVPPFET,VLSRYPS,Tier1,2.886110025664953
VAMVPPFET,TIASGEP,Tier1,2.562077613810873
VAMVPPFET,GYLEQ,Tier1,2.917910277440264
VAMVPPFET,YPELF,Tier1,2.658897143535469
VAMVPPFET,TVYQ,Tier1,2.8541366075587637
VAMVPPFET,YGLN,Tier1,3.034780515763926
VAMVPPFET,YIPIQY,Tier1,2.545398590191185
VAMVPPFET,FYQL,Tier1,2.9420395548846123
VAMVPPFET,YVGD,Tier1,2.916995707275215
VAMVPPFET,LGNTDYAVH,Tier1,2.5239933554350924
VAMVPPFET,RASDPLLSV,Tier1,2.369602246884141
VAMVPPFET,AGTTCLFTPLALPYDYSH,Tier1,2.6714321357931867
VAMVPPFET,MPDAHL,Tier1,2.041146921476286
VAMVPPFET,FVPH,Tier1,2.4451195747178924
VAMVPPFET,TSQLLSDQ,Tier1,2.637767356382852
VAMVPPFET,GFGPEL,Tier1,1.5177896338877415
VAMVPPFET,VVGGDGDV,Tier1,2.7677179613531773
VAMVPPFET,VPVTST,Tier1,2.1444427817503247
VAMVPPFET,LTTLDSE,Tier1,2.5253835802439846
VAMVPPFET,GGLEPINFN,Tier1,2.5659096609892043
VAMVPPFET,GGIF,Tier1,2.5050086754205574
VAMVPPFET,GIFE,Tier1,2.786614065038041
VAMVPPFET,GVQEGAGHYALL,Tier1,1.8638633850956126
VAMVPPFET,YYIVS,Tier1,2.645098905794564
VAMVPPFET,SGQYFL,Tier1,2.7751099087943265
VAMVPPFET,YYDPL,Tier1,3.0615773022718322
VAMVPPFET,SNAAC,Tier1,2.901598098426835
VAMVPPFET,HYVPV,Tier1,2.9962373080730558
VAMVPPFET,MPACGSS,Tier1,3.1100195284390995
VAMVPPFET,CSQAPLA,Tier1,2.018763504024027
VAMVPPFET,KGLWE,Tier1,3.086576190135283
VAMVPPFET,IYIEQGNGITGM,Tier1,1.6234999408984228
VAMVPPFET,AGGF,Tier1,2.8817035294328983
VAMVPPFET,ETTL,Tier1,2.738270673784488
VAMVPPFET,SGAF,Tier1,3.0999307337322404
VAMVPPFET,GQVPP,Tier1,2.7162164925583414
VAMVPPFET,DGVVYY,Tier1,1.9222239678510316
VAMVPPFET,IVEYF,Tier1,2.9632222035249787
VAMVPPFET,DVPPYM,Tier1,2.0103624519019516
VAMVPPFET,PGVPWP,Tier1,2.6273305597981533
VAMVPPFET,LGY,Tier1,3.118778086354838
VAMVPPFET,AYFYPEL,Tier1,1.9711358856770098
VAMVPPFET,AYFYPE,Tier1,2.989112595204882
VAMVPPFET,VAGTWY,Tier1,2.879977898356798
VAMVPPFET,YQEPVLGPVRGPFPIIV,Tier1,2.368999299852283
YSEMPPGK,FHNMEK,Tier1,3.0309364445322293
YSEMPPGK,YAKPA,Tier1,2.383380735405269
YSEMPPGK,ARHPHP,Tier1,3.086926357479793
YSEMPPGK,RYPS,Tier1,2.2132348438946576
YSEMPPGK,SRYPS,Tier1,2.0765516874051326
YSEMPPGK,AYPS,Tier1,3.0407860046558115
YSEMPPGK,YAKP,Tier1,2.782430766665969
YSEMPPGK,VLSRYPS,Tier1,2.597782545756969
YSEMPPGK,TIASGEP,Tier1,2.7747841430198616
YSEMPPGK,GYLEQ,Tier1,2.8830562057928835
YSEMPPGK,YPELF,Tier1,3.069037921862582
YSEMPPGK,YQKFP,Tier1,2.5124367906429512
YSEMPPGK,LGNTDYAVH,Tier1,2.7740237150636236
YSEMPPGK,LAPSLPGKPKPD,Tier1,2.430563487212978
YSEMPPGK,MPDAHL,Tier1,2.8158237107893065
YSEMPPGK,ALEPDHR,Tier1,3.119848078387592
YSEMPPGK,TETWNPNHPEL,Tier1,3.028671157113325
YSEMPPGK,SAEHGSLH,Tier1,2.8577508573294415
YSEMPPGK,RPNYTDA,Tier1,2.931805658039128
YSEMPPGK,TSQLLSDQ,Tier1,2.8297295721623663
YSEMPPGK,TRTGDPFF,Tier1,2.2061643080181925
YSEMPPGK,NFHPQ,Tier1,2.4330817856138305
YSEMPPGK,GFGPEL,Tier1,2.782708318971159
YSEMPPGK,VGGRP,Tier1,2.5197025651520493
YSEMPPGK,STMMEERRMKVY,Tier1,3.0546349688494483
YSEMPPGK,AEERYP,Tier1,2.656737313567689
YSEMPPGK,GVQEGAGHYALL,Tier1,2.675536398657377
YSEMPPGK,WPP,Tier1,3.0648404625532746
YSEMPPGK,TYQTF,Tier1,2.5269259355483245
YSEMPPGK,YYDPL,Tier1,2.5784917309385573
YSEMPPGK,KFPE,Tier1,2.7369356910045366
YSEMPPGK,SNAAC,Tier1,2.504477799404886
YSEMPPGK,QYP,Tier1,2.7185658218338644
YSEMPPGK,LSGNK,Tier1,2.7807187350588007
YSEMPPGK,GEGSGA,Tier1,3.0334004448078495
YSEMPPGK,CSQAPLA,Tier1,3.067676089308143
YSEMPPGK,WYGPD,Tier1,2.9763925104323854
YSEMPPGK,KGLWE,Tier1,3.0320465080126064
YSEMPPGK,VKRRGQDCIHGFCSD,Tier1,2.9701399047044763
YSEMPPGK,GQFNDKRWIPFG,Tier1,2.821035659310559
YSEMPPGK,KDVPP,Tier1,2.3208582790988443
YSEMPPGK,GQVPP,Tier1,2.124011308954781
YSEMPPGK,GFYPPP,Tier1,2.852971230195481
YSEMPPGK,DVPPYM,Tier1,2.6245589413257466
YSEMPPGK,AYFYPEL,Tier1,2.6734926213900576
YSEMPPGK,AYFYPE,Tier1,2.495286887505557
YSEMPPGK,YQKFPQY,Tier1,2.539476403520848
YSEMPPGK,FPQY,Tier1,2.936388799178366
FHNMEK,GYLEQ,Tier1,2.845168812220879
FHNMEK,RDMPIQ,Tier1,1.9782830188384635
FHNMEK,YQKFP,Tier1,2.4151486270855327
FHNMEK,RNDDLNYIQ,Tier1,2.467777926734658
FHNMEK,NFHPQ,Tier1,2.152410302151323
FHNMEK,STMMEERRMKVY,Tier1,2.108884597957704
FHNMEK,DVFRELRVQ,Tier1,3.0466668824426435
FHNMEK,GGLEPINFN,Tier1,2.885631351671954
FHNMEK,WDR,Tier1,2.764045097050968
FHNMEK,KFPE,Tier1,1.6533462373986447
FHNMEK,VAWRNRCKGTD,Tier1,2.4069691397705366
FHNMEK,WRNRCKGTD,Tier1,2.291880397834655
FHNMEK,QKW,Tier1,2.6786027351394304
FHNMEK,WEN,Tier1,3.124176258579971
FHNMEK,EQC,Tier1,2.950522028023466
FHNMEK,QCH,Tier1,2.5762048239216653
FHNMEK,KLSDW,Tier1,1.9893543231287971
FHNMEK,KGLWE,Tier1,1.8234489238853229
FHNMEK,DWDPK,Tier1,2.942894474556041
FHNMEK,VKRRGQDCIHGFCSD,Tier1,2.7597365831154574
FHNMEK,GQFNDKRWIPFG,Tier1,2.330977141160391
FHNMEK,KDVPP,Tier1,2.2868508876059295
FHNMEK,YQKFPQY,Tier1,3.0183676657558087
FVNQPYLLYSVHMK,LVMFLDNQHRVIRH,Tier1,2.2622755707224456
FVNQPYLLYSVHMK,VLSRYPS,Tier1,2.8463379801231006
FVNQPYLLYSVHMK,YIPIQY,Tier1,2.738131107670448
FVNQPYLLYSVHMK,RASDPLLSV,Tier1,2.7865524729750186
FVNQPYLLYSVHMK,LAPSLPGKPKPD,Tier1,2.9044720789361467
FVNQPYLLYSVHMK,AGTTCLFTPLALPYDYSH,Tier1,2.6356914478820714
FVNQPYLLYSVHMK,STMMEERRMKVY,Tier1,2.894964654818676
FVNQPYLLYSVHMK,YLGAK,Tier1,3.112391588475269
FVNQPYLLYSVHMK,GVQEGAGHYALL,Tier1,2.872721370335586
FVNQPYLLYSVHMK,GIISHR,Tier1,2.8931658385087378
FVNQPYLLYSVHMK,PSLVGRPPVGKLTL,Tier1,1.940876083936008
FVNQPYLLYSVHMK,VAWRNRCKGTD,Tier1,2.7972296306796434
FVNQPYLLYSVHMK,WIRGCRL,Tier1,2.9771577590129232
FVNQPYLLYSVHMK,AWIRGCRL,Tier1,2.4214040621424977
FVNQPYLLYSVHMK,SDRDLLGPNNQYLPK,Tier1,2.8695106375743666
FVNQPYLLYSVHMK,RCMAFLLSDGAAAAQQLLPQYW,Tier1,2.181120374777086
FVNQPYLLYSVHMK,IYIEQGNGITGM,Tier1,2.537199736299875
FVNQPYLLYSVHMK,VKRRGQDCIHGFCSD,Tier1,2.424226531568292
FVNQPYLLYSVHMK,GQFNDKRWIPFG,Tier1,2.4071884630216465
FVNQPYLLYSVHMK,APIRMWYMYRKLTDMEPKPVA,Tier1,2.569962207304841
FVNQPYLLYSVHMK,YQEPVLGPVRGPFPIIV,Tier1,1.7177164831553138
LVMFLDNQHRVIRH,STMMEERRMKVY,Tier1,2.740910420039914
LVMFLDNQHRVIRH,PSLVGRPPVGKLTL,Tier1,3.0252208443186195
LVMFLDNQHRVIRH,VAWRNRCKGTD,Tier1,2.5921963528073335
LVMFLDNQHRVIRH,IRGCRL,Tier1,3.069446643571166
LVMFLDNQHRVIRH,WIRGCRL,Tier1,2.5655516938314724
LVMFLDNQHRVIRH,AWIRGCRL,Tier1,2.5376388719156964
LVMFLDNQHRVIRH,SDRDLLGPNNQYLPK,Tier1,2.8305876078096337
LVMFLDNQHRVIRH,RCMAFLLSDGAAAAQQLLPQYW,Tier1,2.8382365750634793
LVMFLDNQHRVIRH,VKRRGQDCIHGFCSD,Tier1,2.2212489315710613
LVMFLDNQHRVIRH,GQFNDKRWIPFG,Tier1,2.785017878514773
LVMFLDNQHRVIRH,APIRMWYMYRKLTDMEPKPVA,Tier1,2.946251759039034
LVMFLDNQHRVIRH,YQEPVLGPVRGPFPIIV,Tier1,2.7755189754346645
YAKPA,GTQY,Tier1,2.8759548762997036
YAKPA,ARHPHP,Tier1,2.275111168797232
YAKPA,RHPHP,Tier1,3.0357517470499724
YAKPA,RYPS,Tier1,1.510641951502493
YAKPA,SRYPS,Tier1,1.1753042701120184
YAKPA,AYPS,Tier1,2.6952128921734944
YAKPA,YAKP,Tier1,1.1104217674328578
YAKPA,VLSRYPS,Tier1,2.2296428991061634
YAKPA,YQKFP,Tier1,3.064826879259817
YAKPA,LAPSLPGKPKPD,Tier1,2.570081245767201
YAKPA,RPNYTDA,Tier1,2.879859923908261
YAKPA,TRTGDPFF,Tier1,2.784977038644549
YAKPA,VGGRP,Tier1,1.8467337572322637
YAKPA,YLGAK,Tier1,3.0359240794824434
YAKPA,TYQTF,Tier1,2.5563948844193614
YAKPA,SNAAC,Tier1,2.45320084243036
YAKPA,QYP,Tier1,2.343971162879152
YAKPA,LSGNK,Tier1,2.7975622083095484
YAKPA,GEGSGA,Tier1,3.1030479850380783
YAKPA,GLTSK,Tier1,2.91415485682941
YAKPA,GQVPP,Tier1,2.6672310508138266
YAKPA,YQKFPQY,Tier1,2.8295900941556917
YAKPA,FPQY,Tier1,2.937517019576196
GTQY,RYPS,Tier1,2.9021733388625863
GTQY,SRYPS,Tier1,2.91676023094175
GTQY,YAKP,Tier1,2.312413298622861
GTQY,RPNYTDA,Tier1,2.4645286155176205
GTQY,TRTGDPFF,Tier1,2.664069512601101
GTQY,TYQTF,Tier1,2.405746062162134
GTQY,SGQYFL,Tier1,2.9926333955921134
GTQY,QYP,Tier1,1.6722485800249915
GTQY,GEGSGA,Tier1,2.42880551238167
GTQY,WYGPD,Tier1,2.9620281240350015
ARHPHP,RHPHP,Tier1,1.034770677934499
ARHPHP,RYPS,Tier1,1.9134848242078506
ARHPHP,SRYPS,Tier1,2.143546589397069
ARHPHP,YAKP,Tier1,2.188149473612356
ARHPHP,LAPSLPGKPKPD,Tier1,2.9268633285072037
ARHPHP,VGGRP,Tier1,2.6368652156717363
RHPHP,RYPS,Tier1,2.2219111654311283
RHPHP,SRYPS,Tier1,2.683707074114698
RHPHP,YAKP,Tier1,2.933058874571286
RYPS,SRYPS,Tier1,0.9996309211626365
RYPS,AYPS,Tier1,2.8373385213947584
RYPS,YAKP,Tier1,1.5529604672095396
RYPS,VLSRYPS,Tier1,2.9075217812074383
RYPS,YQKFP,Tier1,2.5318257364563577
RYPS,LAPSLPGKPKPD,Tier1,2.992924822251901
RYPS,RPNYTDA,Tier1,2.9502956985302133
RYPS,TRTGDPFF,Tier1,2.9366527958178197
RYPS,NFHPQ,Tier1,2.7025213374826436
RYPS,PYSFK,Tier1,2.976728817094824
RYPS,VGGRP,Tier1,2.48015387721193
RYPS,TYQTF,Tier1,2.7124840293199814
RYPS,QYP,Tier1,1.9155484186920677
RYPS,LSGNK,Tier1,2.845624915209705
RYPS,GQVPP,Tier1,3.006283482119908
RYPS,YQKFPQY,Tier1,2.460319612017098
RYPS,YQK,Tier1,3.0178089710083547
SRYPS,AYPS,Tier1,2.846763385610832
SRYPS,YAKP,Tier1,1.339464874496793
SRYPS,VLSRYPS,Tier1,2.8575716702577947
SRYPS,YQKFP,Tier1,2.998178327667257
SRYPS,LAPSLPGKPKPD,Tier1,2.930076808340244
SRYPS,RPNYTDA,Tier1,2.705674359525604
SRYPS,TRTGDPFF,Tier1,2.8110966634134664
SRYPS,VGGRP,Tier1,2.3598217881204495
SRYPS,TYQTF,Tier1,2.605640307648743
SRYPS,SNAAC,Tier1,2.8396039168280356
SRYPS,QYP,Tier1,2.034004991374121
SRYPS,GQVPP,Tier1,2.935184146130702
SRYPS,YQKFPQY,Tier1,2.651914534944341
SRYPS,FPQY,Tier1,2.879908373372479
AYPS,LSGYGP,Tier1,2.4017879108956617
AYPS,WPP,Tier1,2.8774227779342563
AYPS,AGGF,Tier1,2.395448838285894
AYPS,SGAF,Tier1,2.828660703415233
AYPS,GQVPP,Tier1,2.9969329492421215
AYPS,GFYPPP,Tier1,2.1978917330606325
YAKP,VLSRYPS,Tier1,2.8148810727999822
YAKP,YQKFP,Tier1,2.995645171209888
YAKP,LAPSLPGKPKPD,Tier1,2.7883483280999446
YAKP,RPNYTDA,Tier1,2.271870324106537
YAKP,TRTGDPFF,Tier1,2.6269574899597683
YAKP,NFHPQ,Tier1,3.1149250821344814
YAKP,VGGRP,Tier1,2.109121950283945
YAKP,TYQTF,Tier1,2.5208566801098695
YAKP,LANAK,Tier1,3.0370870536019012
YAKP,SNAAC,Tier1,2.9639447571035054
YAKP,QYP,Tier1,1.9574769054861523
YAKP,LSGNK,Tier1,2.993454288665108
YAKP,YQKFPQY,Tier1,2.5382612915931797
YAKP,FPQY,Tier1,2.805284579256885
RYQ,RPNYTDA,Tier1,2.8672504978570963
RYQ,DYK,Tier1,2.7609233736210133
RYQ,KKY,Tier1,2.7067046424982926
RYQ,YQK,Tier1,2.032686914649716
VLSRYPS,TIASGEP,Tier1,2.8738566760431543
VLSRYPS,YLKT,Tier1,2.4687820309180566
VLSRYPS,TVYQ,Tier1,2.88582297534723
VLSRYPS,YGLN,Tier1,2.9761652081019085
VLSRYPS,YQKFP,Tier1,2.9785754534783218
VLSRYPS,YIPIQY,Tier1,2.8049535470973503
VLSRYPS,LGNTDYAVH,Tier1,2.407154640470928
VLSRYPS,RASDPLLSV,Tier1,2.1333336896496413
VLSRYPS,LAPSLPGKPKPD,Tier1,1.83448589580202
VLSRYPS,MPDAHL,Tier1,2.5931898061252294
VLSRYPS,FVPH,Tier1,2.3936255158754087
VLSRYPS,SAEHGSLH,Tier1,2.995930341531001
VLSRYPS,TSQLLSDQ,Tier1,2.9831325424266404
VLSRYPS,TRTGDPFF,Tier1,2.6930777897972673
VLSRYPS,NFHPQ,Tier1,3.117047715583611
VLSRYPS,LSGYGP,Tier1,2.7901960147433957
VLSRYPS,GFGPEL,Tier1,2.7992902177538492
VLSRYPS,VGGRP,Tier1,1.527554735135198
VLSRYPS,VPVTST,Tier1,2.6883679724862657
VLSRYPS,YLGAK,Tier1,2.0515308671092827
VLSRYPS,GGIF,Tier1,2.935286254436654
VLSRYPS,GVQEGAGHYALL,Tier1,2.2766040234843214
VLSRYPS,YYIVS,Tier1,2.9643374480641262
VLSRYPS,TYQTF,Tier1,2.6679511009495274
VLSRYPS,SGQYFL,Tier1,2.16843754877332
VLSRYPS,YYDPL,Tier1,2.8945635869309263
VLSRYPS,GIISHR,Tier1,2.1243578427760643
VLSRYPS,LANAK,Tier1,2.683230249380984
VLSRYPS,PSLVGRPPVGKLTL,Tier1,2.3268663471221234
VLSRYPS,SNAAC,Tier1,2.157548657848607
VLSRYPS,LSGNK,Tier1,2.019033048168665
VLSRYPS,GLTSK,Tier1,2.014705278849472
VLSRYPS,CAQ,Tier1,2.9618294350522922
VLSRYPS,KYL,Tier1,2.735118797162102
VLSRYPS,CSQAPLA,Tier1,1.8663218087312252
VLSRYPS,KGLWE,Tier1,3.1061599720563957
VLSRYPS,IYIEQGNGITGM,Tier1,2.7337792952403563
VLSRYPS,AGGF,Tier1,2.7959265218457214
VLSRYPS,VKRRGQDCIHGFCSD,Tier1,3.1203223155249695
VLSRYPS,VLVPK,Tier1,3.052464691245444
VLSRYPS,GQVPP,Tier1,2.065348493507852
VLSRYPS,DGVVYY,Tier1,2.829293227842459
VLSRYPS,PGVPWP,Tier1,3.1147160298622536
VLSRYPS,RYLGY,Tier1,2.519298893965977
VLSRYPS,RYL,Tier1,2.9427292080876346
VLSRYPS,RYLG,Tier1,2.5928985859028906
VLSRYPS,AYFYPEL,Tier1,2.8285736246682345
VLSRYPS,YQKFPQY,Tier1,3.0920449311675333
VLSRYPS,FPQY,Tier1,3.0680502759195076
VLSRYPS,YQEPVLGPVRGPFPIIV,Tier1,2.8541795551864317
TIASGEP,GYLEQ,Tier1,2.799633254308658
TIASGEP,TVYQ,Tier1,2.5435039157124626
TIASGEP,YVGD,Tier1,2.327079623092818
TIASGEP,LGNTDYAVH,Tier1,1.557460651793836
TIASGEP,RASDPLLSV,Tier1,2.3065938881849175
TIASGEP,LAPSLPGKPKPD,Tier1,2.7390809143549064
TIASGEP,MPDAHL,Tier1,1.620397900722338
TIASGEP,TETWNPNHPEL,Tier1,3.122681573389071
TIASGEP,SAEHGSLH,Tier1,1.5571048173309694
TIASGEP,TSQLLSDQ,Tier1,2.1994447897278286
TIASGEP,TRTGDPFF,Tier1,2.6082078112647396
TIASGEP,LSGYGP,Tier1,2.5549184058221743
TIASGEP,GFGPEL,Tier1,1.8551804250603738
TIASGEP,VGGRP,Tier1,2.7726540335825396
TIASGEP,VVGGDGDV,Tier1,2.443726717111669
TIASGEP,VPVTST,Tier1,2.747650145713255
TIASGEP,LTTLDSE,Tier1,2.2854762243367492
TIASGEP,YLGAK,Tier1,2.931745327439074
TIASGEP,GVQEGAGHYALL,Tier1,2.2347566845947684
TIASGEP,TYQTF,Tier1,2.751025959072995
TIASGEP,SGQYFL,Tier1,2.5354184223133633
TIASGEP,YYDPL,Tier1,2.363882368783232
TIASGEP,SNAAC,Tier1,2.237815843689288
TIASGEP,GEGSGA,Tier1,1.9985769663326383
TIASGEP,GLTSK,Tier1,2.7285906708170025
TIASGEP,CAQ,Tier1,2.89434080243575
TIASGEP,CSQAPLA,Tier1,2.1217823593762293
TIASGEP,WYGPD,Tier1,2.7072371707443343
TIASGEP,IYIEQGNGITGM,Tier1,2.2869739548161423
TIASGEP,ADGF,Tier1,2.525975699493443
TIASGEP,AGGF,Tier1,2.8549759772551098
TIASGEP,ETTL,Tier1,1.6031927037954528
TIASGEP,SGAF,Tier1,2.7815603967241316
TIASGEP,GQVPP,Tier1,2.3129845538924854
TIASGEP,DGVVYY,Tier1,2.1310141300834586
TIASGEP,DVPPYM,Tier1,3.066227059186743
TIASGEP,PGVPWP,Tier1,3.1160766250104106
TIASGEP,AYFYPEL,Tier1,2.7226646081366743
TIASGEP,AYFYPE,Tier1,2.9645816770317976
YQLD,GYLEQ,Tier1,2.675197584056025
YQLD,YPELF,Tier1,3.0417143890010334
YQLD,YQL,Tier1,2.6922326097572444
YQLD,RNDDLNYIQ,Tier1,2.4881086383907416
YQLD,TSQLLSDQ,Tier1,3.0959022245756036
YQLD,DVFRELRVQ,Tier1,2.856510861080121
YQLD,GGLEPINFN,Tier1,2.4400227350522745
YQLD,WEN,Tier1,2.9168440528462654
YQLD,EQC,Tier1,2.9797486575229684
YQLD,KLSDW,Tier1,2.081789064449908
YQLD,KGLWE,Tier1,2.7339101123800775
YQLD,AWDPE,Tier1,3.0905545552101414
YQLD,DWDPK,Tier1,2.757464119387935
GYLEQ,RDMPIQ,Tier1,2.331425167851447
GYLEQ,YPELF,Tier1,2.346099564902225
GYLEQ,TVYQ,Tier1,3.092384347782444
GYLEQ,YGLN,Tier1,2.273131555167528
GYLEQ,YVGD,Tier1,2.683703434858129
GYLEQ,LGNTDYAVH,Tier1,2.8956906614046796
GYLEQ,RASDPLLSV,Tier1,3.0722720720261782
GYLEQ,RNDDLNYIQ,Tier1,2.4090109387030703
GYLEQ,MPDAHL,Tier1,2.8367064134542526
GYLEQ,TSQLLSDQ,Tier1,1.8692733224719682
GYLEQ,NFHPQ,Tier1,2.6945422419970666
GYLEQ,GFGPEL,Tier1,1.917350356718335
GYLEQ,VVGGDGDV,Tier1,2.8282912217350806
GYLEQ,LTTLDSE,Tier1,2.356995057097733
GYLEQ,GGLEPINFN,Tier1,1.9029762482587924
GYLEQ,GIFE,Tier1,2.460735635683542
GYLEQ,GVQEGAGHYALL,Tier1,2.664834274295682
GYLEQ,YYDPL,Tier1,2.8897773570030862
GYLEQ,KFPE,Tier1,2.874296729520341
GYLEQ,LSGNK,Tier1,3.0669861535526617
GYLEQ,SDRDLLGPNNQYLPK,Tier1,3.040727835308918
GYLEQ,WYGPD,Tier1,2.6951831122533467
GYLEQ,KLSDW,Tier1,2.4160008460413622
GYLEQ,KGLWE,Tier1,2.0386581464801683
GYLEQ,IYIEQGNGITGM,Tier1,2.674855484579438
GYLEQ,AWDPE,Tier1,2.8499507201488474
GYLEQ,ETTL,Tier1,2.3281912763726598
GYLEQ,KDVPP,Tier1,1.8865338610379228
GYLEQ,GQVPP,Tier1,2.6919222618996486
GYLEQ,DGVVYY,Tier1,2.3728716366813805
GYLEQ,DVPPYM,Tier1,2.6355786638173515
GYLEQ,AYFYPEL,Tier1,2.5682920270815965
RDMPIQ,RNDDLNYIQ,Tier1,2.349954092929935
RDMPIQ,TSQLLSDQ,Tier1,2.827563729198284
RDMPIQ,NFHPQ,Tier1,2.9432805741162658
RDMPIQ,GFGPEL,Tier1,3.04793596564854
RDMPIQ,STMMEERRMKVY,Tier1,2.2143526146542043
RDMPIQ,DVFRELRVQ,Tier1,2.8350633659792384
RDMPIQ,GGLEPINFN,Tier1,2.308545518263712
RDMPIQ,KFPE,Tier1,2.3529489003491855
RDMPIQ,LSGNK,Tier1,3.045127444975791
RDMPIQ,VAWRNRCKGTD,Tier1,2.948671217213388
RDMPIQ,ACQ,Tier1,2.5680391500668245
RDMPIQ,ECA,Tier1,2.856746249170432
RDMPIQ,EQC,Tier1,2.9215294600786144
RDMPIQ,QCH,Tier1,2.3417575004372515
RDMPIQ,KLSDW,Tier1,2.307367935254448
RDMPIQ,KGLWE,Tier1,1.9146900950443124
RDMPIQ,VKRRGQDCIHGFCSD,Tier1,2.8868811043246523
RDMPIQ,GQFNDKRWIPFG,Tier1,2.41650172571271
RDMPIQ,KDVPP,Tier1,1.586305623297997
RDMPIQ,DVPPYM,Tier1,2.9660566616950135
YPELF,YGLN,Tier1,3.042540307629119
YPELF,YQL,Tier1,2.87085490777364
YPELF,FYQL,Tier1,2.460410582948907
YPELF,LGNTDYAVH,Tier1,2.986293380346616
YPELF,MPDAHL,Tier1,2.8209618678891726
YPELF,TSQLLSDQ,Tier1,2.523542147507893
YPELF,TRTGDPFF,Tier1,2.861233934191607
YPELF,GFGPEL,Tier1,1.987246663496084
YPELF,VVGGDGDV,Tier1,2.55774213736461
YPELF,LTTLDSE,Tier1,2.639930886693085
YPELF,GGLEPINFN,Tier1,2.4435947418774187
YPELF,GIFE,Tier1,2.544878243711553
YPELF,GVQEGAGHYALL,Tier1,2.6288365876528603
YPELF,TYQTF,Tier1,3.08511453779726
YPELF,SGQYFL,Tier1,2.6228521032003687
YPELF,YYDPL,Tier1,2.2345863632911835
YPELF,WYGPD,Tier1,3.035152665520948
YPELF,KLSDW,Tier1,2.9297994935636016
YPELF,KGLWE,Tier1,2.3911176624513932
YPELF,IYIEQGNGITGM,Tier1,2.9167257145540955
YPELF,ETTL,Tier1,2.8861873709055557
YPELF,GQVPP,Tier1,3.0230224552394853
YPELF,DGVVYY,Tier1,2.181158489226793
YPELF,IVEYF,Tier1,2.446652268814222
YPELF,DVPPYM,Tier1,2.597168820203215
YPELF,AYFYPEL,Tier1,1.8065517461752718
YPELF,AYFYPE,Tier1,2.795994225677499
RLKKY,VAWRNRCKGTD,Tier1,2.899403862032724
RLKKY,WRNRCKGTD,Tier1,2.4679151059830926
RLKKY,QKW,Tier1,3.0635361586291023
RLKKY,PKLPPVKK,Tier1,2.8746580950939538
RLKKY,VPKVK,Tier1,2.7875338633641524
YLKT,TVYQ,Tier1,2.580848660396031
YLKT,YGLN,Tier1,1.9782714075202228
YLKT,YQKFP,Tier1,2.4228384089723547
YLKT,YQL,Tier1,2.436727283155116
YLKT,YIPIQY,Tier1,2.258428403611108
YLKT,FYQL,Tier1,3.0880878867107535
YLKT,LGNTDYAVH,Tier1,2.895644116752231
YLKT,RASDPLLSV,Tier1,2.7028526102645123
YLKT,LAPSLPGKPKPD,Tier1,2.74466204638749
YLKT,NFHPQ,Tier1,2.35086100414004
YLKT,PYSFK,Tier1,2.337751191676534
YLKT,GFGPEL,Tier1,2.9292236123848223
YLKT,VGGRP,Tier1,2.4819783146914802
YLKT,YLGAK,Tier1,1.8021151626277356
YLKT,GGLEPINFN,Tier1,3.008740525958151
YLKT,TYQTF,Tier1,3.084842266557628
YLKT,SGQYFL,Tier1,2.5202203609917806
YLKT,GIISHR,Tier1,2.2090134714645546
YLKT,LANAK,Tier1,2.7401393719802853
YLKT,LSGNK,Tier1,2.3502595084928153
YLKT,GLTSK,Tier1,2.1291939147111036
YLKT,VAWRNRCKGTD,Tier1,2.853604850322107
YLKT,IRGCRL,Tier1,2.8544545795792065
YLKT,WIRGCRL,Tier1,2.749438231449737
YLKT,AWIRGCRL,Tier1,2.3676553771856264
YLKT,CAQ,Tier1,2.990660988882623
YLKT,KYL,Tier1,2.124792698183058
YLKT,CSQAPLA,Tier1,3.01469574795214
YLKT,KLSDW,Tier1,2.601042849493498
YLKT,KGLWE,Tier1,2.663823496985407
YLKT,GQVPP,Tier1,2.56052470090024
YLKT,PKLPPVKK,Tier1,3.06005997267914
YLKT,RYLGY,Tier1,1.9313773498139677
YLKT,RYL,Tier1,2.093583970218543
YLKT,RYLG,Tier1,1.9194223739095977
YLKT,YQKFPQY,Tier1,2.996374521762527
YLKT,VPKVK,Tier1,2.4968677092832254
TVYQ,YGLN,Tier1,2.3855851256817604
TVYQ,YIPIQY,Tier1,1.7608631097139515
TVYQ,YVGD,Tier1,2.0146352399160112
TVYQ,LGNTDYAVH,Tier1,2.133200036805778
TVYQ,RASDPLLSV,Tier1,2.4090101764902823
TVYQ,LAPSLPGKPKPD,Tier1,3.0192873598950576
TVYQ,MPDAHL,Tier1,2.6184350461970003
TVYQ,FVPH,Tier1,3.0688953339684257
TVYQ,SAEHGSLH,Tier1,2.8713834013975537
TVYQ,TSQLLSDQ,Tier1,3.0068256102255053
TVYQ,TRTGDPFF,Tier1,2.8942954650156376
TVYQ,NFHPQ,Tier1,2.89111139188059
TVYQ,LSGYGP,Tier1,2.8724610250704057
TVYQ,GFGPEL,Tier1,2.310330245613123
TVYQ,VGGRP,Tier1,2.804495337289944
TVYQ,VPVTST,Tier1,2.754493116096552
TVYQ,YLGAK,Tier1,1.8238291251430119
TVYQ,GGIF,Tier1,2.9814101330657836
TVYQ,WPP,Tier1,2.9239166468793867
TVYQ,YYIVS,Tier1,2.700006807409672
TVYQ,TYQTF,Tier1,2.3587816537352144
TVYQ,SGQYFL,Tier1,1.921135223653367
TVYQ,YYDPL,Tier1,2.9853501172946184
TVYQ,GIISHR,Tier1,2.813340914017999
TVYQ,SNAAC,Tier1,2.8812033438092177
TVYQ,LSGNK,Tier1,2.769566431577618
TVYQ,GLTSK,Tier1,2.101519050543097
TVYQ,GTW,Tier1,2.6576523750918573
TVYQ,CAQ,Tier1,1.9387147250361474
TVYQ,KYL,Tier1,2.5614025928864423
TVYQ,CSQAPLA,Tier1,2.11250887612251
TVYQ,WYGPD,Tier1,2.8577632071595547
TVYQ,IYIEQGNGITGM,Tier1,2.4144505866398793
TVYQ,ADGF,Tier1,2.825455408677226
TVYQ,AGGF,Tier1,2.859294289636565
TVYQ,ETTL,Tier1,2.638278231801192
TVYQ,SGAF,Tier1,2.6685291324034366
TVYQ,GQVPP,Tier1,2.71362779560318
TVYQ,DGVVYY,Tier1,2.109479678474146
TVYQ,PGVPWP,Tier1,2.308587126784545
TVYQ,RYLGY,Tier1,1.9388105726627263
TVYQ,RYL,Tier1,2.5531742491503087
TVYQ,RYLG,Tier1,1.7330505327908412
TVYQ,YLG,Tier1,2.681870086511508
TVYQ,YLGY,Tier1,2.4217005425320637
TVYQ,LGY,Tier1,2.4574445473827646
TVYQ,AYFYPEL,Tier1,3.060181003327243
TVYQ,FPQY,Tier1,2.993510257649879
TVYQ,VAGTWY,Tier1,2.173885823201978
LLR,QCL,Tier1,2.8070172319903732
YGLN,YQKFP,Tier1,2.940279522665965
YGLN,YQL,Tier1,2.6859183403888958
YGLN,YIPIQY,Tier1,1.8226941327030768
YGLN,FYQL,Tier1,2.997715372015877
YGLN,RASDPLLSV,Tier1,2.9424073171570235
YGLN,FVPH,Tier1,2.9335439797399068
YGLN,TSQLLSDQ,Tier1,2.862640473784026
YGLN,NFHPQ,Tier1,2.637847315747773
YGLN,LSGYGP,Tier1,2.5166563542168063
YGLN,PYSFK,Tier1,2.408499806546493
YGLN,GFGPEL,Tier1,2.2844540801763435
YGLN,VPVTST,Tier1,2.9813356367499186
YGLN,YLGAK,Tier1,2.3756065172326806
YGLN,GGLEPINFN,Tier1,2.269067183013932
YGLN,GGIF,Tier1,2.78047055791345
YGLN,GIFE,Tier1,2.7710182364383558
YGLN,GVQEGAGHYALL,Tier1,2.9476949805998167
YGLN,YYIVS,Tier1,2.67480609816331
YGLN,SGQYFL,Tier1,2.487384365844944
YGLN,GIISHR,Tier1,2.903021685153841
YGLN,LSGNK,Tier1,2.84677564298995
YGLN,GLTSK,Tier1,2.643984019292285
YGLN,AWIRGCRL,Tier1,3.0259877891431266
YGLN,GTW,Tier1,2.9027910568925788
YGLN,CSQAPLA,Tier1,2.925810090945447
YGLN,KLSDW,Tier1,2.813132761199938
YGLN,KGLWE,Tier1,2.8687915065705667
YGLN,IYIEQGNGITGM,Tier1,2.8679684640765775
YGLN,AGGF,Tier1,2.8186781782272132
YGLN,ETTL,Tier1,3.1217098837733825
YGLN,SGAF,Tier1,2.6473578482314033
YGLN,KDVPP,Tier1,3.072616602127404
YGLN,GQVPP,Tier1,2.305586453701654
YGLN,DGVVYY,Tier1,2.5699859608556603
YGLN,PGVPWP,Tier1,2.9722296750232426
YGLN,RYLGY,Tier1,2.5182217752115728
YGLN,RYLG,Tier1,2.7580204388852154
YGLN,YLGY,Tier1,2.7505396102819057
YGLN,LGY,Tier1,2.4091368392224837
YGLN,AYFYPEL,Tier1,2.9793847636189614
YGLN,VAGTWY,Tier1,2.518044268053382
YQKFP,LAPSLPGKPKPD,Tier1,3.1131954176733663
YQKFP,TRTGDPFF,Tier1,2.74019995180891
YQKFP,NFHPQ,Tier1,1.3738335419122327
YQKFP,PYSFK,Tier1,2.0464881791104887
YQKFP,VGGRP,Tier1,2.9375649797360786
YQKFP,STMMEERRMKVY,Tier1,3.104633074318299
YQKFP,YLGAK,Tier1,3.0517402969668797
YQKFP,TYQTF,Tier1,2.5593005682536534
YQKFP,SGQYFL,Tier1,3.026675715112663
YQKFP,KFPE,Tier1,2.63169258302859
YQKFP,QYP,Tier1,2.7578833348378957
YQKFP,LSGNK,Tier1,2.5254376982387674
YQKFP,GLTSK,Tier1,3.123184207729866
YQKFP,VAWRNRCKGTD,Tier1,2.533161586032673
YQKFP,WRNRCKGTD,Tier1,2.7343366496589487
YQKFP,QKW,Tier1,3.1172502364544448
YQKFP,QCH,Tier1,2.972759470479645
YQKFP,KLSDW,Tier1,3.0598363534397115
YQKFP,KGLWE,Tier1,2.6886971521039644
YQKFP,GQFNDKRWIPFG,Tier1,2.3659203275559744
YQKFP,KDVPP,Tier1,2.9623655059391805
YQKFP,GQVPP,Tier1,2.8503850644266917
YQKFP,RYLGY,Tier1,2.6638137515600593
YQKFP,RYLG,Tier1,3.0019851853225075
YQKFP,YQKFPQY,Tier1,1.350728145249137
YQKFP,YQK,Tier1,2.8432601207457093
YQKFP,FPQY,Tier1,2.7177847040919807
YQL,FYQL,Tier1,2.587070886230189
YQL,GGLEPINFN,Tier1,2.720705263483734
YQL,SGQYFL,Tier1,2.911712955088323
YQL,KLSDW,Tier1,2.687433059777505
YQL,KGLWE,Tier1,2.9347685325631403
YIPIQY,FYQL,Tier1,2.7069470427025606
YIPIQY,YVGD,Tier1,2.7579360193061433
YIPIQY,LGNTDYAVH,Tier1,2.630130457060162
YIPIQY,RASDPLLSV,Tier1,2.3490360452352217
YIPIQY,MPDAHL,Tier1,3.079885769154637
YIPIQY,FVPH,Tier1,2.7854146463781344
YIPIQY,LSGYGP,Tier1,2.905734491750171
YIPIQY,GFGPEL,Tier1,2.324309900545251
YIPIQY,VPVTST,Tier1,2.601851547375838
YIPIQY,YLGAK,Tier1,2.027074754291259
YIPIQY,GGLEPINFN,Tier1,2.859633233280318
YIPIQY,GGIF,Tier1,2.4799708510147083
YIPIQY,GIFE,Tier1,3.0448320717471122
YIPIQY,GVQEGAGHYALL,Tier1,2.9104491129616195
YIPIQY,YYIVS,Tier1,1.8111556589251552
YIPIQY,SGQYFL,Tier1,2.1765627195166353
YIPIQY,GIISHR,Tier1,2.6457707854707557
YIPIQY,PSLVGRPPVGKLTL,Tier1,3.0811017820679525
YIPIQY,GLTSK,Tier1,2.6118597826331853
YIPIQY,GTW,Tier1,3.094234404145164
YIPIQY,CAQ,Tier1,3.0302426565780696
YIPIQY,KYL,Tier1,2.7586162469808624
YIPIQY,CSQAPLA,Tier1,2.4228518570479483
YIPIQY,IYIEQGNGITGM,Tier1,2.2563514738127703
YIPIQY,AGGF,Tier1,3.006789300642331
YIPIQY,SGAF,Tier1,2.869393502742077
YIPIQY,GQVPP,Tier1,2.920613330269249
YIPIQY,DGVVYY,Tier1,2.065517762591486
YIPIQY,IVEYF,Tier1,2.9546214699782345
YIPIQY,PGVPWP,Tier1,2.499160842567403
YIPIQY,RYLGY,Tier1,2.1616777943719208
YIPIQY,RYL,Tier1,2.767919574309009
YIPIQY,RYLG,Tier1,2.186899820943399
YIPIQY,YLG,Tier1,2.383548615743682
YIPIQY,YLGY,Tier1,2.108784948987376
YIPIQY,LGY,Tier1,1.9232080954053876
YIPIQY,AYFYPEL,Tier1,2.773150358857009
YIPIQY,VAGTWY,Tier1,1.9611759151755175
YIPIQY,YQEPVLGPVRGPFPIIV,Tier1,3.0885999273730507
FYQL,FFGFN,Tier1,2.7200287341916334
FYQL,FVPH,Tier1,3.095968291116233
FYQL,GFGPEL,Tier1,2.8717764145671447
FYQL,GGLEPINFN,Tier1,2.9761171724629287
FYQL,SGQYFL,Tier1,2.826858793598725
FYQL,FLPF,Tier1,3.1142859899682227
FYQL,KGLWE,Tier1,2.8861993061387787
FYQL,DGVVYY,Tier1,2.999537513330106
FYQL,IVEYF,Tier1,2.8003673280899526
FYQL,AYFYPEL,Tier1,2.582523197301211
YVGD,LGNTDYAVH,Tier1,2.2448252788765894
YVGD,RASDPLLSV,Tier1,2.6637338548502734
YVGD,MPDAHL,Tier1,2.3070289952411622
YVGD,SAEHGSLH,Tier1,2.8352622926985562
YVGD,TSQLLSDQ,Tier1,2.9474504671815174
YVGD,TRTGDPFF,Tier1,3.0007133530626127
YVGD,GFGPEL,Tier1,1.9728321486827094
YVGD,VVGGDGDV,Tier1,2.8341507002666892
YVGD,LTTLDSE,Tier1,2.629817255632225
YVGD,YLGAK,Tier1,2.9484578351060557
YVGD,GIFE,Tier1,2.939714299778205
YVGD,SGQYFL,Tier1,2.807855055744002
YVGD,YYDPL,Tier1,2.5758846490497307
YVGD,CAQ,Tier1,2.8348803013851227
YVGD,CSQAPLA,Tier1,2.996778454258034
YVGD,WYGPD,Tier1,2.407054334975719
YVGD,KGLWE,Tier1,3.0305032483767427
YVGD,IYIEQGNGITGM,Tier1,2.6824757864326387
YVGD,ADGF,Tier1,1.9740459422086425
YVGD,AWDPE,Tier1,3.0976632114400977
YVGD,ETTL,Tier1,1.7351272349589135
YVGD,DGVVYY,Tier1,1.7322451554341947
YVGD,RYLGY,Tier1,3.0381528931212944
YVGD,RYLG,Tier1,2.898273092020011
YVGD,AYFYPEL,Tier1,2.98225927172947
YVGD,VAGTWY,Tier1,3.0173533602636615
LGNTDYAVH,RASDPLLSV,Tier1,1.5178511197577425
LGNTDYAVH,LAPSLPGKPKPD,Tier1,1.9767588333912145
LGNTDYAVH,AGTTCLFTPLALPYDYSH,Tier1,2.851057988231488
LGNTDYAVH,MPDAHL,Tier1,1.414253229434255
LGNTDYAVH,ALEPDHR,Tier1,2.6040147637040776
LGNTDYAVH,TETWNPNHPEL,Tier1,2.6137271142631526
LGNTDYAVH,SAEHGSLH,Tier1,1.7988349389423908
LGNTDYAVH,RPNYTDA,Tier1,3.068539014125754
LGNTDYAVH,TSQLLSDQ,Tier1,1.9522375608527747
LGNTDYAVH,TRTGDPFF,Tier1,1.896509049426452
LGNTDYAVH,NFHPQ,Tier1,3.038296725277826
LGNTDYAVH,LSGYGP,Tier1,3.110855309823684
LGNTDYAVH,GFGPEL,Tier1,2.026323300871538
LGNTDYAVH,VGGRP,Tier1,2.434940654835938
LGNTDYAVH,VVGGDGDV,Tier1,2.3951181836051147
LGNTDYAVH,LTTLDSE,Tier1,2.391028153499693
LGNTDYAVH,YLGAK,Tier1,2.493052752231685
LGNTDYAVH,GGLEPINFN,Tier1,3.011498054363686
LGNTDYAVH,GVQEGAGHYALL,Tier1,2.230517177138709
LGNTDYAVH,TYQTF,Tier1,2.4059043729231675
LGNTDYAVH,SGQYFL,Tier1,1.9805033077446879
LGNTDYAVH,YYDPL,Tier1,2.1263671266982196
LGNTDYAVH,GIISHR,Tier1,2.837943969553732
LGNTDYAVH,LANAK,Tier1,2.752575128211539
LGNTDYAVH,SNAAC,Tier1,2.4025741888541434
LGNTDYAVH,LSGNK,Tier1,2.7659402266082878
LGNTDYAVH,GEGSGA,Tier1,2.8131054187117126
LGNTDYAVH,GLTSK,Tier1,2.5005340348764005
LGNTDYAVH,SDRDLLGPNNQYLPK,Tier1,2.6082264071955925
LGNTDYAVH,CAQ,Tier1,2.5184510538096383
LGNTDYAVH,KYL,Tier1,3.012037324620508
LGNTDYAVH,CSQAPLA,Tier1,2.0743356236655406
LGNTDYAVH,WYGPD,Tier1,2.7525036668386775
LGNTDYAVH,KGLWE,Tier1,2.8751859828668476
LGNTDYAVH,IYIEQGNGITGM,Tier1,1.609611420016625
LGNTDYAVH,ADGF,Tier1,2.291294887491051
LGNTDYAVH,ETTL,Tier1,1.8669827898149154
LGNTDYAVH,GQVPP,Tier1,2.565738370558322
LGNTDYAVH,DGVVYY,Tier1,1.963696839754679
LGNTDYAVH,RYLGY,Tier1,2.770253327001971
LGNTDYAVH,RYL,Tier1,3.0563989724289216
LGNTDYAVH,RYLG,Tier1,2.7003911828725022
LGNTDYAVH,AYFYPEL,Tier1,2.6729170136280973
LGNTDYAVH,AYFYPE,Tier1,3.0885636309539652
LGNTDYAVH,FPQY,Tier1,3.1097665466589435
LGNTDYAVH,YQEPVLGPVRGPFPIIV,Tier1,2.930151826548513
DHG,DHTKE,Tier1,1.970376292415536
DHG,ALEPDHR,Tier1,2.605094643016337
DHG,SAEHGSLH,Tier1,3.1171775708017915
DHG,RPNYTDA,Tier1,2.8714369967432725
DHG,EERYP,Tier1,3.1151642986558925
DHG,AEERYP,Tier1,2.5169083588768473
DHG,GEGSGA,Tier1,2.7173589712516506
VGDI,RASDPLLSV,Tier1,2.8571458034142583
VGDI,TSQLLSDQ,Tier1,3.061935562045163
VGDI,GFGPEL,Tier1,2.8282025425267863
VGDI,VVGGDGDV,Tier1,2.1414191974648302
VGDI,LTTLDSE,Tier1,2.7274409104176947
VGDI,GGLEPINFN,Tier1,2.912575411824204
VGDI,GIFE,Tier1,2.113136610166214
VGDI,KLSDW,Tier1,3.117828843036056
VGDI,ETTL,Tier1,2.721507421885086
VGDI,DGVVYY,Tier1,3.0871704751980573
VGDI,IVEYF,Tier1,2.157918366327606
RASDPLLSV,LAPSLPGKPKPD,Tier1,2.002046577545196
RASDPLLSV,AGTTCLFTPLALPYDYSH,Tier1,3.080501833195675
RASDPLLSV,MPDAHL,Tier1,1.7669957440774402
RASDPLLSV,FVPH,Tier1,2.998261877654654
RASDPLLSV,SAEHGSLH,Tier1,2.5229613647967994
RASDPLLSV,TSQLLSDQ,Tier1,2.164904661880183
RASDPLLSV,TRTGDPFF,Tier1,2.824390710663754
RASDPLLSV,GFGPEL,Tier1,2.24878869227127
RASDPLLSV,VGGRP,Tier1,2.4927013307384396
RASDPLLSV,VVGGDGDV,Tier1,2.5022587932035254
RASDPLLSV,VPVTST,Tier1,2.7460798164389035
RASDPLLSV,LTTLDSE,Tier1,2.6764940958984424
RASDPLLSV,YLGAK,Tier1,2.197754595348094
RASDPLLSV,GGLEPINFN,Tier1,2.947196200778744
RASDPLLSV,GGIF,Tier1,3.0196637417760597
RASDPLLSV,GVQEGAGHYALL,Tier1,2.2434913854564167
RASDPLLSV,YYIVS,Tier1,3.01639034912046
RASDPLLSV,SGQYFL,Tier1,2.297856920212899
RASDPLLSV,YYDPL,Tier1,3.03607085968955
RASDPLLSV,GIISHR,Tier1,1.941999164902608
RASDPLLSV,LANAK,Tier1,2.4868248950075964
RASDPLLSV,PSLVGRPPVGKLTL,Tier1,2.5465146427420593
RASDPLLSV,SNAAC,Tier1,2.796094941279935
RASDPLLSV,LSGNK,Tier1,2.4518793633958627
RASDPLLSV,GLTSK,Tier1,2.183618238740768
RASDPLLSV,SDRDLLGPNNQYLPK,Tier1,2.764943182816245
RASDPLLSV,CAQ,Tier1,2.4853852895893875
RASDPLLSV,KYL,Tier1,2.706250360023562
RASDPLLSV,CSQAPLA,Tier1,1.876942756169238
RASDPLLSV,KGLWE,Tier1,2.698505431560366
RASDPLLSV,IYIEQGNGITGM,Tier1,1.6008800650528978
RASDPLLSV,ADGF,Tier1,3.056226235170744
RASDPLLSV,ETTL,Tier1,1.9675437608368138
RASDPLLSV,VLVPK,Tier1,2.735862524722786
RASDPLLSV,GQVPP,Tier1,2.7105675271828917
RASDPLLSV,DGVVYY,Tier1,2.1515484839578236
RASDPLLSV,RYLGY,Tier1,2.8479693157867745
RASDPLLSV,RYL,Tier1,2.7609157235509727
RASDPLLSV,RYLG,Tier1,2.503847391137805
RASDPLLSV,LGY,Tier1,3.0954296468816676
RASDPLLSV,YQEPVLGPVRGPFPIIV,Tier1,2.486037592853084
RNDDLNYIQ,TSQLLSDQ,Tier1,2.598401876694828
RNDDLNYIQ,STMMEERRMKVY,Tier1,2.7917271966325954
RNDDLNYIQ,DVFRELRVQ,Tier1,2.6131523527488922
RNDDLNYIQ,GGLEPINFN,Tier1,2.57704139662099
RNDDLNYIQ,KFPE,Tier1,3.065438005694843
RNDDLNYIQ,SDRDLLGPNNQYLPK,Tier1,2.5686574092991927
RNDDLNYIQ,WEN,Tier1,2.8285713590559283
RNDDLNYIQ,EQC,Tier1,2.69325872243249
RNDDLNYIQ,KLSDW,Tier1,2.4586042863554365
RNDDLNYIQ,KGLWE,Tier1,2.4413062334934605
RNDDLNYIQ,TEVWDSNEQ,Tier1,2.963832769051511
RNDDLNYIQ,DWDPK,Tier1,2.980245969777478
RNDDLNYIQ,KDVPP,Tier1,2.829176889359791
LAPSLPGKPKPD,MPDAHL,Tier1,2.619912505402594
LAPSLPGKPKPD,ALEPDHR,Tier1,2.993661494524867
LAPSLPGKPKPD,SAEHGSLH,Tier1,2.5057265158539717
LAPSLPGKPKPD,RPNYTDA,Tier1,2.8804458978138756
LAPSLPGKPKPD,TSQLLSDQ,Tier1,2.8060468282378492
LAPSLPGKPKPD,TRTGDPFF,Tier1,2.299904934347862
LAPSLPGKPKPD,NFHPQ,Tier1,2.9125734594110386
LAPSLPGKPKPD,GFGPEL,Tier1,3.106103021996641
LAPSLPGKPKPD,VGGRP,Tier1,1.7877835256796626
LAPSLPGKPKPD,YLGAK,Tier1,2.377532492028111
LAPSLPGKPKPD,GVQEGAGHYALL,Tier1,2.683463621236639
LAPSLPGKPKPD,TYQTF,Tier1,2.9307823559010733
LAPSLPGKPKPD,SGQYFL,Tier1,2.7488680582483913
LAPSLPGKPKPD,GIISHR,Tier1,2.4636628830680083
LAPSLPGKPKPD,LANAK,Tier1,2.4747076396819847
LAPSLPGKPKPD,PSLVGRPPVGKLTL,Tier1,2.3890979895460194
LAPSLPGKPKPD,SNAAC,Tier1,2.705519056199341
LAPSLPGKPKPD,LSGNK,Tier1,2.091442953107616
LAPSLPGKPKPD,GLTSK,Tier1,2.088697195718144
LAPSLPGKPKPD,VAWRNRCKGTD,Tier1,2.7328909542666966
LAPSLPGKPKPD,SDRDLLGPNNQYLPK,Tier1,2.3992754179932207
LAPSLPGKPKPD,CAQ,Tier1,3.0121906743386324
LAPSLPGKPKPD,KYL,Tier1,3.095845756732524
LAPSLPGKPKPD,CSQAPLA,Tier1,2.44753164985782
LAPSLPGKPKPD,IYIEQGNGITGM,Tier1,2.579769850234422
LAPSLPGKPKPD,ETTL,Tier1,2.93862649482249
LAPSLPGKPKPD,VKRRGQDCIHGFCSD,Tier1,2.5331571619803754
LAPSLPGKPKPD,GQFNDKRWIPFG,Tier1,3.0626990532409812
LAPSLPGKPKPD,GQVPP,Tier1,2.57559990043779
LAPSLPGKPKPD,RYLGY,Tier1,2.708667807198335
LAPSLPGKPKPD,RYLG,Tier1,2.7008036981662333
LAPSLPGKPKPD,YQKFPQY,Tier1,2.8919547666533396
LAPSLPGKPKPD,YQEPVLGPVRGPFPIIV,Tier1,2.9031884879103824
AGTTCLFTPLALPYDYSH,GVQEGAGHYALL,Tier1,2.072976564327606
AGTTCLFTPLALPYDYSH,SDRDLLGPNNQYLPK,Tier1,3.113110862720203
AGTTCLFTPLALPYDYSH,RCMAFLLSDGAAAAQQLLPQYW,Tier1,2.0485078223115414
AGTTCLFTPLALPYDYSH,IYIEQGNGITGM,Tier1,2.2421493239282744
AGTTCLFTPLALPYDYSH,DGVVYY,Tier1,3.0801792868104205
AGTTCLFTPLALPYDYSH,AYFYPEL,Tier1,2.9827605869378897
AGTTCLFTPLALPYDYSH,YQEPVLGPVRGPFPIIV,Tier1,1.834991335933109
DHTKE,ALEPDHR,Tier1,2.56966631773479
DHTKE,EERYP,Tier1,2.2705845437886643
DHTKE,AEERYP,Tier1,2.2397337601234093
DHTKE,DYK,Tier1,2.746851389905084
DHTKE,DWDPK,Tier1,2.8859965298157633
FFGFN,GGIF,Tier1,3.116310671796968
FFGFN,FLPF,Tier1,3.051428189198124
MPDAHL,ALEPDHR,Tier1,2.7716476487437256
MPDAHL,TETWNPNHPEL,Tier1,3.0571933490283323
MPDAHL,FVPH,Tier1,2.925547928211187
MPDAHL,SAEHGSLH,Tier1,2.119943876963206
MPDAHL,TSQLLSDQ,Tier1,2.0513445031986444
MPDAHL,TRTGDPFF,Tier1,2.4727474572825585
MPDAHL,GFGPEL,Tier1,1.6870085951535485
MPDAHL,VGGRP,Tier1,2.5746255159161797
MPDAHL,VVGGDGDV,Tier1,2.0750174144843707
MPDAHL,VPVTST,Tier1,2.820550422138667
MPDAHL,LTTLDSE,Tier1,1.8501086232001758
MPDAHL,YLGAK,Tier1,2.9201983329697767
MPDAHL,GGLEPINFN,Tier1,3.037415481161542
MPDAHL,GVQEGAGHYALL,Tier1,2.211021560825101
MPDAHL,TYQTF,Tier1,3.0150231722720813
MPDAHL,SGQYFL,Tier1,2.603744179369372
MPDAHL,YYDPL,Tier1,2.3207559468815555
MPDAHL,GIISHR,Tier1,2.9213924869375085
MPDAHL,SNAAC,Tier1,2.2772789730264313
MPDAHL,LSGNK,Tier1,2.89272166973162
MPDAHL,GLTSK,Tier1,2.6798102159850266
MPDAHL,CAQ,Tier1,2.582155910145593
MPDAHL,CSQAPLA,Tier1,1.9908244377298825
MPDAHL,KGLWE,Tier1,2.673094481397462
MPDAHL,IYIEQGNGITGM,Tier1,1.9743398041934772
MPDAHL,ADGF,Tier1,2.5443464262640276
MPDAHL,ETTL,Tier1,1.5804376266407796
MPDAHL,KDVPP,Tier1,2.882000944875008
MPDAHL,GQVPP,Tier1,2.505716689929184
MPDAHL,DGVVYY,Tier1,2.0324959527850974
MPDAHL,DVPPYM,Tier1,2.7099348471268336
MPDAHL,RYLG,Tier1,3.1045976270781654
MPDAHL,AYFYPEL,Tier1,2.6107830407224863
MPDAHL,AYFYPE,Tier1,3.0963777373217605
ALEPDHR,TETWNPNHPEL,Tier1,2.2110768160960688
ALEPDHR,SAEHGSLH,Tier1,3.036462441273396
ALEPDHR,RPNYTDA,Tier1,2.382753819056204
ALEPDHR,TSQLLSDQ,Tier1,2.62162769710153
ALEPDHR,TRTGDPFF,Tier1,2.6620363085165004
ALEPDHR,VVGGDGDV,Tier1,2.9764746891982634
ALEPDHR,LTTLDSE,Tier1,2.777173390745281
ALEPDHR,AEERYP,Tier1,2.299756746388239
ALEPDHR,DEDTQAMP,Tier1,2.959545027062979
ALEPDHR,YYDPL,Tier1,3.115010100459943
ALEPDHR,KFPE,Tier1,2.977209953729417
ALEPDHR,MTEEY,Tier1,3.0708944938734795
ALEPDHR,SDRDLLGPNNQYLPK,Tier1,2.9335904734429317
ALEPDHR,KGLWE,Tier1,2.7670702558786777
ALEPDHR,ADGF,Tier1,2.946470248506314
ALEPDHR,AWDPE,Tier1,2.451855252335444
ALEPDHR,DWDPK,Tier1,2.94283019586735
ALEPDHR,ETTL,Tier1,2.734332210093714
TETWNPNHPEL,RPNYTDA,Tier1,2.8683147295598865
TETWNPNHPEL,TSQLLSDQ,Tier1,2.3608655947074095
TETWNPNHPEL,TRTGDPFF,Tier1,2.5372273548567414
TETWNPNHPEL,VVGGDGDV,Tier1,2.958089295563689
TETWNPNHPEL,LTTLDSE,Tier1,2.7850264224574444
TETWNPNHPEL,AEERYP,Tier1,2.775029931528213
TETWNPNHPEL,DEDTQAMP,Tier1,2.5410683437067623
TETWNPNHPEL,YYDPL,Tier1,3.024651554996055
TETWNPNHPEL,MTEEY,Tier1,2.9121520023651852
TETWNPNHPEL,SDRDLLGPNNQYLPK,Tier1,2.672740205446498
TETWNPNHPEL,TEVWDSNEQ,Tier1,2.4199986533533338
TETWNPNHPEL,IYIEQGNGITGM,Tier1,3.0779144946770103
TETWNPNHPEL,AWDPE,Tier1,2.5112458301192166
FVPH,LSGYGP,Tier1,2.8258437980940974
FVPH,GFGPEL,Tier1,2.670123014673721
FVPH,VPVTST,Tier1,2.201357004376074
FVPH,YLGAK,Tier1,2.609697915429041
FVPH,GGIF,Tier1,1.6560461035622858
FVPH,GVQEGAGHYALL,Tier1,2.7929938752459638
FVPH,WPP,Tier1,2.5712097694619116
FVPH,YYIVS,Tier1,2.0907020355531256
FVPH,SGQYFL,Tier1,2.660798970823745
FVPH,GIISHR,Tier1,2.5431236806994924
FVPH,FLPF,Tier1,2.9109496305825666
FVPH,HYVPV,Tier1,2.739448502924018
FVPH,GLTSK,Tier1,2.7598590208070086
FVPH,CSQAPLA,Tier1,2.557175560609391
FVPH,AGGF,Tier1,2.1449590484971326
FVPH,SGAF,Tier1,2.4525309469694077
FVPH,GQVPP,Tier1,2.9896175464170778
FVPH,DGVVYY,Tier1,2.627473135246259
FVPH,DVPPYM,Tier1,3.0843489830962976
FVPH,PGVPWP,Tier1,2.497321751840757
FVPH,RYLGY,Tier1,2.9397870491258966
FVPH,RYLG,Tier1,3.001649670189199
FVPH,YLGY,Tier1,2.8533063560348735
FVPH,LGY,Tier1,2.3941027557613865
FVPH,AYFYPEL,Tier1,2.8331852788248257
FVPH,VAGTWY,Tier1,2.4447861089211913
SAEHGSLH,TSQLLSDQ,Tier1,2.6672613154691014
SAEHGSLH,TRTGDPFF,Tier1,2.586101560287257
SAEHGSLH,LSGYGP,Tier1,2.5031630966172083
SAEHGSLH,GFGPEL,Tier1,2.567971908071061
SAEHGSLH,VGGRP,Tier1,2.7683358540624425
SAEHGSLH,LTTLDSE,Tier1,3.0942065677443114
SAEHGSLH,YLGAK,Tier1,2.7436212920917282
SAEHGSLH,GVQEGAGHYALL,Tier1,2.595090783930645
SAEHGSLH,TYQTF,Tier1,3.015562426851184
SAEHGSLH,SGQYFL,Tier1,2.8083056073126924
SAEHGSLH,YYDPL,Tier1,3.026168665043328
SAEHGSLH,GIISHR,Tier1,2.966551156216561
SAEHGSLH,SNAAC,Tier1,3.054640446852091
SAEHGSLH,LSGNK,Tier1,3.1008313328541384
SAEHGSLH,GEGSGA,Tier1,2.0920575718105896
SAEHGSLH,GLTSK,Tier1,2.5353637471114516
SAEHGSLH,CSQAPLA,Tier1,2.849019048606558
SAEHGSLH,WYGPD,Tier1,2.667342444807638
SAEHGSLH,IYIEQGNGITGM,Tier1,2.7431737611991553
SAEHGSLH,ADGF,Tier1,3.0441717891182325
SAEHGSLH,ETTL,Tier1,2.3105214496479864
SAEHGSLH,SGAF,Tier1,2.994114239164629
SAEHGSLH,GQVPP,Tier1,2.8000112471102527
SAEHGSLH,DGVVYY,Tier1,2.714406673515754
SAEHGSLH,RYLGY,Tier1,3.012778972638626
RPNYTDA,TRTGDPFF,Tier1,2.199344209714034
RPNYTDA,VGGRP,Tier1,3.088458153829384
RPNYTDA,AEERYP,Tier1,2.5969929415245487
RPNYTDA,TYQTF,Tier1,2.9816923379790943
RPNYTDA,QYP,Tier1,2.321174438045884
RPNYTDA,GEGSGA,Tier1,3.0603862516539087
RPNYTDA,DYK,Tier1,2.798292573764972
RPNYTDA,YQKFPQY,Tier1,2.727724261016715
RPNYTDA,YQK,Tier1,2.9829224023397827
TSQLLSDQ,TRTGDPFF,Tier1,2.6842496591600873
TSQLLSDQ,NFHPQ,Tier1,2.8989254639992073
TSQLLSDQ,GFGPEL,Tier1,2.0462570997609384
TSQLLSDQ,VVGGDGDV,Tier1,1.8548953556733245
TSQLLSDQ,LTTLDSE,Tier1,1.7687982201031511
TSQLLSDQ,GGLEPINFN,Tier1,1.96878309268847
TSQLLSDQ,GIFE,Tier1,3.0923126042809232
TSQLLSDQ,GVQEGAGHYALL,Tier1,2.092163899388289
TSQLLSDQ,SGQYFL,Tier1,2.6961944693346456
TSQLLSDQ,YYDPL,Tier1,2.736688204502922
TSQLLSDQ,SNAAC,Tier1,2.8457271000678506
TSQLLSDQ,LSGNK,Tier1,2.7375963605561258
TSQLLSDQ,SDRDLLGPNNQYLPK,Tier1,2.339658486456736
TSQLLSDQ,CAQ,Tier1,2.9248301956284446
TSQLLSDQ,CSQAPLA,Tier1,2.780604126853581
TSQLLSDQ,KLSDW,Tier1,2.8527265446161625
TSQLLSDQ,KGLWE,Tier1,2.3020227975290113
TSQLLSDQ,IYIEQGNGITGM,Tier1,1.8209757650123524
TSQLLSDQ,ADGF,Tier1,3.089068814299251
TSQLLSDQ,AWDPE,Tier1,3.0294740345944793
TSQLLSDQ,ETTL,Tier1,1.9216507331861181
TSQLLSDQ,KDVPP,Tier1,2.5184989978329773
TSQLLSDQ,GQVPP,Tier1,2.41205084448337
TSQLLSDQ,DGVVYY,Tier1,2.453451320017986
TSQLLSDQ,DVPPYM,Tier1,3.0189402952594686
TSQLLSDQ,AYFYPEL,Tier1,2.872080201625532
TRTGDPFF,NFHPQ,Tier1,2.4783756910342465
TRTGDPFF,GFGPEL,Tier1,2.6632853846486944
TRTGDPFF,VGGRP,Tier1,2.5088126014639878
TRTGDPFF,AEERYP,Tier1,2.947519362055745
TRTGDPFF,GVQEGAGHYALL,Tier1,3.10563907568838
TRTGDPFF,TYQTF,Tier1,1.615625984360214
TRTGDPFF,SGQYFL,Tier1,2.048256285322716
TRTGDPFF,YYDPL,Tier1,2.210247919516143
TRTGDPFF,SNAAC,Tier1,2.60851388297678
TRTGDPFF,QYP,Tier1,2.5032036927727512
TRTGDPFF,LSGNK,Tier1,2.953659708190165
TRTGDPFF,GEGSGA,Tier1,2.7414881445560826
TRTGDPFF,SDRDLLGPNNQYLPK,Tier1,2.8916944061087215
TRTGDPFF,CAQ,Tier1,2.784048910016641
TRTGDPFF,CSQAPLA,Tier1,3.0370253601029207
TRTGDPFF,WYGPD,Tier1,2.220019357264721
TRTGDPFF,KGLWE,Tier1,2.8599320439817526
TRTGDPFF,IYIEQGNGITGM,Tier1,2.8132861455753746
TRTGDPFF,ADGF,Tier1,2.10973794123946
TRTGDPFF,ETTL,Tier1,2.7964424757264044
TRTGDPFF,GQVPP,Tier1,2.894337848597485
TRTGDPFF,DGVVYY,Tier1,2.752058785033685
TRTGDPFF,RYLGY,Tier1,3.0055985671171737
TRTGDPFF,AYFYPEL,Tier1,2.9477075076360313
TRTGDPFF,AYFYPE,Tier1,2.9006543207696986
TRTGDPFF,YQKFPQY,Tier1,2.3755363989486664
TRTGDPFF,FPQY,Tier1,2.2635118801346885
NFHPQ,PYSFK,Tier1,2.2423765532139233
NFHPQ,GFGPEL,Tier1,3.032731418497691
NFHPQ,VGGRP,Tier1,2.776985919255654
NFHPQ,STMMEERRMKVY,Tier1,3.0846396457868037
NFHPQ,YLGAK,Tier1,2.9780177827642818
NFHPQ,GGLEPINFN,Tier1,2.9608849006916937
NFHPQ,TYQTF,Tier1,2.555745122191203
NFHPQ,SGQYFL,Tier1,2.8605853876884226
NFHPQ,KFPE,Tier1,2.7036378976369284
NFHPQ,QYP,Tier1,2.5937255500358307
NFHPQ,LSGNK,Tier1,2.2383318730106083
NFHPQ,GLTSK,Tier1,2.813728080131262
NFHPQ,VAWRNRCKGTD,Tier1,2.5640296231784
NFHPQ,WRNRCKGTD,Tier1,2.722685659589973
NFHPQ,SDRDLLGPNNQYLPK,Tier1,3.066498071947791
NFHPQ,QKW,Tier1,3.10940418058264
NFHPQ,CAQ,Tier1,2.932535421867063
NFHPQ,QCH,Tier1,2.6687293593538266
NFHPQ,WYGPD,Tier1,2.8631945925796867
NFHPQ,KLSDW,Tier1,2.681426446493718
NFHPQ,KGLWE,Tier1,2.474965647095742
NFHPQ,GQFNDKRWIPFG,Tier1,2.7499124800165022
NFHPQ,KDVPP,Tier1,2.6348740894538594
NFHPQ,GQVPP,Tier1,2.4881483682691314
NFHPQ,RYLGY,Tier1,2.776000539505682
NFHPQ,RYLG,Tier1,2.947752542702555
NFHPQ,YQKFPQY,Tier1,2.0220876329845994
NFHPQ,YQK,Tier1,2.824568759408882
NFHPQ,FPQY,Tier1,3.1147547742807973
LSGYGP,PYSFK,Tier1,2.7765914289530773
LSGYGP,GFGPEL,Tier1,2.8946014253393124
LSGYGP,VPVTST,Tier1,2.5076015147702715
LSGYGP,YLGAK,Tier1,2.442450341632386
LSGYGP,GGIF,Tier1,2.685291867775125
LSGYGP,GVQEGAGHYALL,Tier1,2.8875496139787122
LSGYGP,WPP,Tier1,2.7380654334461445
LSGYGP,YYIVS,Tier1,2.618033846639137
LSGYGP,TYQTF,Tier1,3.0183830933825506
LSGYGP,SGQYFL,Tier1,2.5049065905686514
LSGYGP,GIISHR,Tier1,3.042621732432486
LSGYGP,GEGSGA,Tier1,2.845097089838246
LSGYGP,GLTSK,Tier1,2.5551731449186903
LSGYGP,GTW,Tier1,2.2611892925640986
LSGYGP,CSQAPLA,Tier1,2.8057550453419777
LSGYGP,WYGPD,Tier1,3.063599440938353
LSGYGP,AGGF,Tier1,1.7395476005721777
LSGYGP,SGAF,Tier1,1.3730490394436548
LSGYGP,GQVPP,Tier1,2.698566816003081
LSGYGP,DGVVYY,Tier1,2.8188076939712783
LSGYGP,PGVPWP,Tier1,2.611682351038586
LSGYGP,RYLGY,Tier1,2.6467449113539443
LSGYGP,YLGY,Tier1,2.388907436256229
LSGYGP,LGY,Tier1,2.1295032644130383
LSGYGP,VAGTWY,Tier1,1.989692441438044
PYSFK,YLGAK,Tier1,2.653215098928975
PYSFK,WPP,Tier1,2.921917121563311
PYSFK,TYQTF,Tier1,2.9773563297516668
PYSFK,SGQYFL,Tier1,2.9904535523610662
PYSFK,GLTSK,Tier1,2.9038254377592954
PYSFK,VAWRNRCKGTD,Tier1,3.085119391625929
PYSFK,GTW,Tier1,2.586268311138697
PYSFK,WYGPD,Tier1,3.0608858593464134
PYSFK,AGGF,Tier1,2.9791941707240586
PYSFK,SGAF,Tier1,2.857851733476433
PYSFK,RYLGY,Tier1,2.1700777842328667
PYSFK,RYLG,Tier1,2.9577797507872017
PYSFK,YQKFPQY,Tier1,2.932481244264816
PYSFK,VAGTWY,Tier1,2.9505673969290402
GFGPEL,VGGRP,Tier1,3.0939372336439637
GFGPEL,VVGGDGDV,Tier1,2.189045176472361
GFGPEL,VPVTST,Tier1,2.573321927278185
GFGPEL,LTTLDSE,Tier1,1.9847197266155483
GFGPEL,YLGAK,Tier1,2.8479241908530684
GFGPEL,GGLEPINFN,Tier1,2.0600103279165536
GFGPEL,GGIF,Tier1,2.7011793222783353
GFGPEL,GIFE,Tier1,2.1975246241274466
GFGPEL,GVQEGAGHYALL,Tier1,2.1080904545876464
GFGPEL,WPP,Tier1,2.931593829714603
GFGPEL,YYIVS,Tier1,2.8241536605478386
GFGPEL,TYQTF,Tier1,2.7635781124519667
GFGPEL,SGQYFL,Tier1,2.2589768995992285
GFGPEL,YYDPL,Tier1,2.3084689053306624
GFGPEL,SNAAC,Tier1,2.646883812988195
GFGPEL,GLTSK,Tier1,2.864097638422805
GFGPEL,CAQ,Tier1,2.709186293328307
GFGPEL,CSQAPLA,Tier1,2.183069118388851
GFGPEL,WYGPD,Tier1,2.600398014105492
GFGPEL,KLSDW,Tier1,2.8574264947935304
GFGPEL,KGLWE,Tier1,2.3779964552705946
GFGPEL,IYIEQGNGITGM,Tier1,1.8708435694499956
GFGPEL,ADGF,Tier1,2.5599727178602767
GFGPEL,AGGF,Tier1,2.649187653721434
GFGPEL,AWDPE,Tier1,3.120605688671711
GFGPEL,ETTL,Tier1,1.7835891760163378
GFGPEL,SGAF,Tier1,2.685325234259074
GFGPEL,KDVPP,Tier1,2.6386353539133167
GFGPEL,GQVPP,Tier1,2.1500672684892974
GFGPEL,DGVVYY,Tier1,1.3499914773064277
GFGPEL,IVEYF,Tier1,2.7206536417758245
GFGPEL,DVPPYM,Tier1,2.1095243152071377
GFGPEL,PGVPWP,Tier1,2.7454945820947
GFGPEL,LGY,Tier1,2.881611285991998
GFGPEL,AYFYPEL,Tier1,1.7667876421072446
GFGPEL,AYFYPE,Tier1,2.6016730042367344
GFGPEL,VAGTWY,Tier1,2.7350238292811846
VGGRP,YLGAK,Tier1,2.1046829424600886
VGGRP,TYQTF,Tier1,2.5746281236410686
VGGRP,SGQYFL,Tier1,2.5780378287705568
VGGRP,GIISHR,Tier1,2.344279946902403
VGGRP,LANAK,Tier1,2.0777948681642786
VGGRP,PSLVGRPPVGKLTL,Tier1,3.073646745284488
VGGRP,SNAAC,Tier1,1.7994708310453138
VGGRP,QYP,Tier1,2.958876951682927
VGGRP,LSGNK,Tier1,1.683025965097271
VGGRP,GLTSK,Tier1,1.601361774270281
VGGRP,CAQ,Tier1,2.386943523823588
VGGRP,KYL,Tier1,2.7236070756587694
VGGRP,CSQAPLA,Tier1,2.0615336300642126
VGGRP,ETTL,Tier1,3.044977804432814
VGGRP,GQVPP,Tier1,1.9788366755248268
VGGRP,RYLGY,Tier1,2.6757099484799967
VGGRP,RYL,Tier1,2.8871643160922766
VGGRP,RYLG,Tier1,2.4504803237147184
VGGRP,YQKFPQY,Tier1,2.9975968216129028
VGGRP,FPQY,Tier1,2.9482851556434793
VVGGDGDV,LTTLDSE,Tier1,1.4483448744515253
VVGGDGDV,GGLEPINFN,Tier1,2.7135853573177564
VVGGDGDV,GIFE,Tier1,2.705424677337447
VVGGDGDV,GVQEGAGHYALL,Tier1,2.8661040169642846
VVGGDGDV,YYDPL,Tier1,2.9952336443140117
VVGGDGDV,KGLWE,Tier1,2.9554102526518546
VVGGDGDV,IYIEQGNGITGM,Tier1,2.456089911568923
VVGGDGDV,ADGF,Tier1,2.65287340755807
VVGGDGDV,AWDPE,Tier1,2.967287868687003
VVGGDGDV,ETTL,Tier1,1.8068853232521624
VVGGDGDV,DGVVYY,Tier1,2.4592470969401763
VVGGDGDV,IVEYF,Tier1,2.7244612573434543
VPVTST,YLGAK,Tier1,2.598881072926057
VPVTST,GGIF,Tier1,2.091802212505647
VPVTST,GVQEGAGHYALL,Tier1,2.591677101424753
VPVTST,WPP,Tier1,2.784875220088575
VPVTST,YYIVS,Tier1,2.128891322641549
VPVTST,SGQYFL,Tier1,3.121457660299345
VPVTST,GIISHR,Tier1,2.7470895280028413
VPVTST,SNAAC,Tier1,2.9046237534173063
VPVTST,HYVPV,Tier1,2.513820784569313
VPVTST,MPACGSS,Tier1,2.7147470162840834
VPVTST,GLTSK,Tier1,2.4337563191889515
VPVTST,LTC,Tier1,2.8965395250757164
VPVTST,LPM,Tier1,2.657555089796778
VPVTST,CSQAPLA,Tier1,1.626857175667936
VPVTST,IYIEQGNGITGM,Tier1,2.8178611700786917
VPVTST,AGGF,Tier1,2.053493756623571
VPVTST,SGAF,Tier1,2.378714745680646
VPVTST,GQVPP,Tier1,2.608248180250448
VPVTST,DGVVYY,Tier1,2.750004431595277
VPVTST,DVPPYM,Tier1,3.008996293419866
VPVTST,PGVPWP,Tier1,1.6119549007766472
VPVTST,YLG,Tier1,2.388891332880879
VPVTST,YLGY,Tier1,2.6744777417876135
VPVTST,LGY,Tier1,2.211288147539943
VPVTST,AYFYPEL,Tier1,3.079586170656211
VPVTST,VAGTWY,Tier1,2.2418256778959726
LTTLDSE,DEDTQAMP,Tier1,2.721293725402438
LTTLDSE,GGLEPINFN,Tier1,2.602397784554024
LTTLDSE,GIFE,Tier1,2.986980512287009
LTTLDSE,GVQEGAGHYALL,Tier1,2.587721124804687
LTTLDSE,YYDPL,Tier1,2.622292740837546
LTTLDSE,MTEEY,Tier1,2.8122408785524424
LTTLDSE,KGLWE,Tier1,2.7966473364083333
LTTLDSE,TEVWDSNEQ,Tier1,3.066752427147374
LTTLDSE,IYIEQGNGITGM,Tier1,2.3402998986812
LTTLDSE,ADGF,Tier1,3.008794413461478
LTTLDSE,AWDPE,Tier1,2.4900581554321715
LTTLDSE,ETTL,Tier1,1.7572142050871395
LTTLDSE,KDVPP,Tier1,2.925998698284019
LTTLDSE,DGVVYY,Tier1,2.4731468590565715
LTTLDSE,DVPPYM,Tier1,2.750054060871841
LTTLDSE,AYFYPEL,Tier1,2.8070294759117145
STMMEERRMKVY,DVFRELRVQ,Tier1,2.979026352716381
STMMEERRMKVY,GGLEPINFN,Tier1,2.8818459323795196
STMMEERRMKVY,KFPE,Tier1,3.0095913299678725
STMMEERRMKVY,VAWRNRCKGTD,Tier1,1.99205348787223
STMMEERRMKVY,WRNRCKGTD,Tier1,2.5888068903187653
STMMEERRMKVY,SDRDLLGPNNQYLPK,Tier1,2.6040005505089416
STMMEERRMKVY,KLSDW,Tier1,2.9278635394824697
STMMEERRMKVY,KGLWE,Tier1,2.6521226491844323
STMMEERRMKVY,VKRRGQDCIHGFCSD,Tier1,1.477999734364233
STMMEERRMKVY,GQFNDKRWIPFG,Tier1,1.317454202407719
STMMEERRMKVY,APIRMWYMYRKLTDMEPKPVA,Tier1,3.0630167828190085
STMMEERRMKVY,KDVPP,Tier1,2.561145396460843
DVFRELRVQ,GGLEPINFN,Tier1,2.899213001521806
DVFRELRVQ,KLSDW,Tier1,2.554474169441422
EERYP,AEERYP,Tier1,1.2483067869887245
EERYP,DEDTQAMP,Tier1,2.9280284214829515
EERYP,KFPE,Tier1,3.0204108245693
EERYP,MTEEY,Tier1,2.7019141826741966
EERYP,AWDPE,Tier1,2.875431541834491
EERYP,DWDPK,Tier1,3.038753757793414
AEERYP,DEDTQAMP,Tier1,2.527238980472042
AEERYP,YYDPL,Tier1,3.001421590400777
AEERYP,KFPE,Tier1,2.875618337577196
AEERYP,MTEEY,Tier1,2.278782202893005
AEERYP,TEVWDSNEQ,Tier1,3.052047849899265
AEERYP,AWDPE,Tier1,2.383305788818213
AEERYP,DWDPK,Tier1,3.083466652673381
AEERYP,KDVPP,Tier1,3.0492322287668157
DEDTQAMP,PVDENDEG,Tier1,2.1989148644763827
DEDTQAMP,AEEEYPDL,Tier1,2.11915258993149
DEDTQAMP,MTEEY,Tier1,1.63697796207483
DEDTQAMP,TEVWDSNEQ,Tier1,1.9510860151572471
DEDTQAMP,AWDPE,Tier1,1.9633296028834735
PVDENDEG,AEEEYPDL,Tier1,2.2139410506932196
PVDENDEG,TEVWDSNEQ,Tier1,2.2480830621405863
PVDENDEG,AWDPE,Tier1,2.952230640508549
YLGAK,GGIF,Tier1,2.8314033120834545
YLGAK,YYIVS,Tier1,2.556183420861086
YLGAK,TYQTF,Tier1,2.8758559744156966
YLGAK,SGQYFL,Tier1,2.245099583089341
YLGAK,GIISHR,Tier1,1.5142098309092062
YLGAK,LANAK,Tier1,2.7002120461943964
YLGAK,PSLVGRPPVGKLTL,Tier1,2.7012263288278686
YLGAK,SNAAC,Tier1,3.0224499179171427
YLGAK,LSGNK,Tier1,2.1270250316787966
YLGAK,GLTSK,Tier1,1.049281582418986
YLGAK,GTW,Tier1,2.9215398868609177
YLGAK,CAQ,Tier1,2.6063296251280503
YLGAK,KYL,Tier1,2.044189037904521
YLGAK,CSQAPLA,Tier1,2.181550223097697
YLGAK,IYIEQGNGITGM,Tier1,2.939617734149794
YLGAK,AGGF,Tier1,2.6696525415157053
YLGAK,ETTL,Tier1,3.0220089576365314
YLGAK,SGAF,Tier1,2.6213381048113
YLGAK,GQVPP,Tier1,2.655541655122064
YLGAK,DGVVYY,Tier1,2.656943572424775
YLGAK,PGVPWP,Tier1,2.513364432688146
YLGAK,RYLGY,Tier1,1.1691694473222927
YLGAK,RYL,Tier1,2.0586873266266843
YLGAK,RYLG,Tier1,1.0335979373933402
YLGAK,YLG,Tier1,2.9085888275948095
YLGAK,YLGY,Tier1,2.4859333354540105
YLGAK,LGY,Tier1,2.274727528169491
YLGAK,VAGTWY,Tier1,2.2818102950075922
GGLEPINFN,GIFE,Tier1,2.3657173696082743
GGLEPINFN,GVQEGAGHYALL,Tier1,2.568327302045517
GGLEPINFN,SDRDLLGPNNQYLPK,Tier1,3.0466202370439026
GGLEPINFN,ACQ,Tier1,2.9346069976241895
GGLEPINFN,KLSDW,Tier1,2.0695796248141924
GGLEPINFN,KGLWE,Tier1,2.2693731238756945
GGLEPINFN,IYIEQGNGITGM,Tier1,2.2741653620374924
GGLEPINFN,ETTL,Tier1,3.0289514858848103
GGLEPINFN,GQFNDKRWIPFG,Tier1,2.947677495787047
GGLEPINFN,KDVPP,Tier1,2.660216508746671
GGLEPINFN,GQVPP,Tier1,2.6356353686214375
GGLEPINFN,DGVVYY,Tier1,2.853847404690283
GGLEPINFN,IVEYF,Tier1,2.955821061675198
GGLEPINFN,DVPPYM,Tier1,2.9338341340162333
GGLEPINFN,AYFYPEL,Tier1,2.8041671154676644
GGIF,GVQEGAGHYALL,Tier1,3.1073766047287967
GGIF,YYIVS,Tier1,1.4302683047054472
GGIF,SGQYFL,Tier1,2.543907494696145
GGIF,GIISHR,Tier1,2.9857907081044424
GGIF,LLPF,Tier1,2.96971976305471
GGIF,FLPF,Tier1,2.734355628584198
GGIF,LTC,Tier1,2.9069677132050904
GGIF,GTW,Tier1,3.0950950071954546
GGIF,YLL,Tier1,2.9408547151416964
GGIF,LPM,Tier1,2.943200340025012
GGIF,CSQAPLA,Tier1,2.5857912030366292
GGIF,AGGF,Tier1,2.034502746134437
GGIF,SGAF,Tier1,2.10688112590801
GGIF,VLVPK,Tier1,3.0583562685118366
GGIF,DGVVYY,Tier1,2.44830110410422
GGIF,IVEYF,Tier1,3.0750445863344105
GGIF,PGVPWP,Tier1,2.706821109752751
GGIF,YLG,Tier1,2.7932097756060097
GGIF,YLGY,Tier1,2.570765341991552
GGIF,LGY,Tier1,1.671754143368967
GGIF,VAGTWY,Tier1,2.0769405213318763
GIFE,KLSDW,Tier1,2.5840601617573076
GIFE,KGLWE,Tier1,2.62482619322262
GIFE,IYIEQGNGITGM,Tier1,3.107236139472383
GIFE,ETTL,Tier1,2.9082363913335003
GIFE,DGVVYY,Tier1,2.4341203356250314
GIFE,IVEYF,Tier1,1.688801423537286
GVQEGAGHYALL,YYIVS,Tier1,3.021082962919119
GVQEGAGHYALL,SGQYFL,Tier1,2.733520407333599
GVQEGAGHYALL,YYDPL,Tier1,2.834281931327656
GVQEGAGHYALL,GIISHR,Tier1,3.098861200113396
GVQEGAGHYALL,SNAAC,Tier1,2.769639584483318
GVQEGAGHYALL,LSGNK,Tier1,3.112245621619796
GVQEGAGHYALL,GLTSK,Tier1,3.098016291192307
GVQEGAGHYALL,SDRDLLGPNNQYLPK,Tier1,2.913250484736714
GVQEGAGHYALL,CSQAPLA,Tier1,2.284087940187623
GVQEGAGHYALL,RCMAFLLSDGAAAAQQLLPQYW,Tier1,3.0138866565370988
GVQEGAGHYALL,IYIEQGNGITGM,Tier1,1.7606150080256158
GVQEGAGHYALL,AGGF,Tier1,3.0319650242313436
GVQEGAGHYALL,ETTL,Tier1,2.761736775449647
GVQEGAGHYALL,KDVPP,Tier1,2.887737592681359
GVQEGAGHYALL,GQVPP,Tier1,2.375747617848884
GVQEGAGHYALL,DGVVYY,Tier1,2.2843241927222775
GVQEGAGHYALL,DVPPYM,Tier1,2.372046897447128
GVQEGAGHYALL,AYFYPEL,Tier1,2.06084719254445
GVQEGAGHYALL,AYFYPE,Tier1,2.9890974669732855
GVQEGAGHYALL,YQEPVLGPVRGPFPIIV,Tier1,2.108970318686467
WPP,TYQTF,Tier1,2.711193464229642
WPP,SGQYFL,Tier1,3.062675917562355
WPP,MPACGSS,Tier1,2.9626364725731515
WPP,GLTSK,Tier1,3.1106592712758006
WPP,GTW,Tier1,2.5512055939474005
WPP,CSQAPLA,Tier1,3.02174105918637
WPP,WYGPD,Tier1,3.075481794501828
WPP,AGGF,Tier1,2.1101413360045904
WPP,SGAF,Tier1,2.4707579349139848
WPP,GQVPP,Tier1,2.8256121061045327
WPP,DGVVYY,Tier1,3.1227847146706695
WPP,GFYPPP,Tier1,1.906856654875514
WPP,DVPPYM,Tier1,2.9044588686795034
WPP,PGVPWP,Tier1,1.9213886799686115
WPP,RYLGY,Tier1,3.0052403832808596
WPP,YLGY,Tier1,2.7171444107995537
WPP,LGY,Tier1,3.0990980118013076
WPP,AYFYPEL,Tier1,2.8344340206103475
WPP,AYFYPE,Tier1,2.576879747409147
WPP,VAGTWY,Tier1,2.5987738736797303
YYIVS,SGQYFL,Tier1,2.6001943360813478
YYIVS,GIISHR,Tier1,3.0076494937045655
YYIVS,LLPF,Tier1,3.0929147911482944
YYIVS,FLPF,Tier1,2.906336847455113
YYIVS,GTW,Tier1,3.093775459236144
YYIVS,YLL,Tier1,2.7759141258314246
YYIVS,CSQAPLA,Tier1,2.7004543651651733
YYIVS,IYIEQGNGITGM,Tier1,3.0725302146147344
YYIVS,AGGF,Tier1,2.33166561929113
YYIVS,SGAF,Tier1,2.3572456232997143
YYIVS,DGVVYY,Tier1,2.2210553791373715
YYIVS,PGVPWP,Tier1,2.3942159960354137
YYIVS,RYLGY,Tier1,2.7849948535483917
YYIVS,RYLG,Tier1,3.027605895109456
YYIVS,YLG,Tier1,2.000471554247536
YYIVS,YLGY,Tier1,1.6039945722961504
YYIVS,LGY,Tier1,1.0691472357405902
YYIVS,AYFYPEL,Tier1,2.848499412529239
YYIVS,VAGTWY,Tier1,1.6145182765040293
TYQTF,SGQYFL,Tier1,1.660062294165321
TYQTF,YYDPL,Tier1,2.2337132684443777
TYQTF,SNAAC,Tier1,2.380099127382603
TYQTF,QYP,Tier1,1.9863871022697102
TYQTF,GEGSGA,Tier1,2.9855948712168647
TYQTF,GLTSK,Tier1,3.0394489975042362
TYQTF,CAQ,Tier1,2.749981653537812
TYQTF,CSQAPLA,Tier1,2.8114953647756074
TYQTF,WYGPD,Tier1,2.258031079393618
TYQTF,ADGF,Tier1,2.6047257962118726
TYQTF,AGGF,Tier1,2.845478848879452
TYQTF,SGAF,Tier1,2.8916158463909096
TYQTF,GQVPP,Tier1,2.64105367621485
TYQTF,DGVVYY,Tier1,2.7339640373462335
TYQTF,RYLGY,Tier1,2.583036973917719
TYQTF,RYLG,Tier1,3.0669498574832432
TYQTF,AYFYPEL,Tier1,2.7102856200701875
TYQTF,AYFYPE,Tier1,2.458741031830233
TYQTF,YQKFPQY,Tier1,2.3525758472455403
TYQTF,FPQY,Tier1,1.416139961548404
SGQYFL,YYDPL,Tier1,2.5093327417404394
SGQYFL,GIISHR,Tier1,2.902166919265888
SGQYFL,LANAK,Tier1,3.0254629616451894
SGQYFL,SNAAC,Tier1,2.5558387924005017
SGQYFL,QYP,Tier1,3.000568848905791
SGQYFL,LSGNK,Tier1,2.8395680688032074
SGQYFL,GLTSK,Tier1,2.632878031165297
SGQYFL,GTW,Tier1,2.8678415919993197
SGQYFL,CAQ,Tier1,2.388868939312058
SGQYFL,KYL,Tier1,2.8047663100367073
SGQYFL,CSQAPLA,Tier1,2.3062925735787068
SGQYFL,WYGPD,Tier1,2.580922621631297
SGQYFL,KGLWE,Tier1,3.0715932286725915
SGQYFL,IYIEQGNGITGM,Tier1,2.3786735137578185
SGQYFL,ADGF,Tier1,2.594295542967625
SGQYFL,AGGF,Tier1,2.5914598708807213
SGQYFL,ETTL,Tier1,2.7495734277534125
SGQYFL,SGAF,Tier1,2.4322746285312316
SGQYFL,GQVPP,Tier1,2.5862205212887623
SGQYFL,DGVVYY,Tier1,1.8974510972537735
SGQYFL,IVEYF,Tier1,3.1178617500651358
SGQYFL,PGVPWP,Tier1,3.1159068809771377
SGQYFL,RYLGY,Tier1,2.2246952019803405
SGQYFL,RYL,Tier1,2.8257244803452366
SGQYFL,RYLG,Tier1,2.608999333773554
SGQYFL,YLGY,Tier1,2.8679147394093674
SGQYFL,LGY,Tier1,2.612220538415689
SGQYFL,AYFYPEL,Tier1,2.6168578925796355
SGQYFL,AYFYPE,Tier1,3.120849165547725
SGQYFL,YQKFPQY,Tier1,3.0993056913291843
SGQYFL,FPQY,Tier1,2.5566495609980895
SGQYFL,VAGTWY,Tier1,2.4541569172215105
YYDPL,SNAAC,Tier1,2.7166742569731652
YYDPL,QYP,Tier1,3.0704986782107735
YYDPL,MTEEY,Tier1,2.8285272421433367
YYDPL,CSQAPLA,Tier1,3.005588811663669
YYDPL,WYGPD,Tier1,2.4970070633901154
YYDPL,KGLWE,Tier1,3.0887086001424855
YYDPL,IYIEQGNGITGM,Tier1,2.909055290045151
YYDPL,ADGF,Tier1,2.379334227383386
YYDPL,AWDPE,Tier1,2.89257475981167
YYDPL,ETTL,Tier1,2.491538075099236
YYDPL,GQVPP,Tier1,2.9814129392882838
YYDPL,DGVVYY,Tier1,2.1179778522287576
YYDPL,DVPPYM,Tier1,2.903505773701812
YYDPL,AYFYPEL,Tier1,1.9131133218275944
YYDPL,AYFYPE,Tier1,1.8700482251065682
YYDPL,FPQY,Tier1,2.4120787480440207
WDR,QKW,Tier1,2.7592165061818243
WDR,WEN,Tier1,1.8650845887471545
WDR,EQC,Tier1,2.8166178645292166
WDR,DWDPK,Tier1,2.6855200127322316
GIISHR,LANAK,Tier1,2.735418453529999
GIISHR,PSLVGRPPVGKLTL,Tier1,2.2651567297792
GIISHR,LSGNK,Tier1,2.136340834174228
GIISHR,GLTSK,Tier1,1.466794391696564
GIISHR,AWIRGCRL,Tier1,2.703828741535526
GIISHR,CAQ,Tier1,3.01838146473947
GIISHR,KYL,Tier1,2.311473101928526
GIISHR,CSQAPLA,Tier1,2.4755250607645367
GIISHR,IYIEQGNGITGM,Tier1,3.0284680755642404
GIISHR,VLVPK,Tier1,2.5961842652054345
GIISHR,GQVPP,Tier1,2.999163529938143
GIISHR,PKLPPVKK,Tier1,3.1240945325239666
GIISHR,PGVPWP,Tier1,3.1242537423900187
GIISHR,RYLGY,Tier1,2.346980402688849
GIISHR,RYL,Tier1,2.328636779567734
GIISHR,RYLG,Tier1,1.8933848036145189
GIISHR,LGY,Tier1,2.8748875841768635
GIISHR,VAGTWY,Tier1,3.046469120002294
GIISHR,VPKVK,Tier1,3.0355871156095358
KFPE,GEC,Tier1,2.8890555303210332
KFPE,QCH,Tier1,2.973081225100564
KFPE,KLSDW,Tier1,2.6770593409480257
KFPE,KGLWE,Tier1,2.083324470728468
KFPE,AWDPE,Tier1,2.850523020722633
KFPE,DWDPK,Tier1,2.893492193657001
KFPE,GQFNDKRWIPFG,Tier1,2.891636125249335
KFPE,KDVPP,Tier1,2.2491740655017347
KFPE,YQKFPQY,Tier1,3.02885651473397
LPF,LLPF,Tier1,1.8661146522561014
LPF,FLPF,Tier1,1.7278992734999696
LPF,HYVPV,Tier1,2.5159444461322895
LPF,LTC,Tier1,2.701547136855335
LPF,LAC,Tier1,1.811055947525105
LPF,LPM,Tier1,2.1734382179664
LPF,CHI,Tier1,3.113630718366268
LPF,YLG,Tier1,3.123423253390002
LLPF,FLPF,Tier1,1.9481129609617107
LLPF,LTC,Tier1,2.6693165434448263
LLPF,YLL,Tier1,2.1882916095747653
LLPF,LAC,Tier1,2.065681527806163
LLPF,LPM,Tier1,2.364385636516931
LLPF,VLVPK,Tier1,3.0082601599599723
FLPF,LAC,Tier1,3.0254898415879263
FLPF,LPM,Tier1,2.8907294300256154
LANAK,SNAAC,Tier1,2.962354686741797
LANAK,LSGNK,Tier1,2.2720438087180543
LANAK,GLTSK,Tier1,2.608708044002267
LANAK,CAQ,Tier1,2.472447665318057
LANAK,KYL,Tier1,2.2782611859088955
LANAK,CSQAPLA,Tier1,2.990431793810242
LANAK,RYL,Tier1,2.3493175307950853
LANAK,RYLG,Tier1,2.7336024555804914
PSLVGRPPVGKLTL,LSGNK,Tier1,3.0600044275190093
PSLVGRPPVGKLTL,GLTSK,Tier1,2.658476311040815
PSLVGRPPVGKLTL,AWIRGCRL,Tier1,2.607669345880403
PSLVGRPPVGKLTL,CSQAPLA,Tier1,2.78139856327189
PSLVGRPPVGKLTL,IYIEQGNGITGM,Tier1,3.089683480964236
PSLVGRPPVGKLTL,VKRRGQDCIHGFCSD,Tier1,2.988152325254685
PSLVGRPPVGKLTL,PKLPPVKK,Tier1,2.845629138116018
PSLVGRPPVGKLTL,RYLG,Tier1,3.0366342061780873
PSLVGRPPVGKLTL,YQEPVLGPVRGPFPIIV,Tier1,2.4054286886987013
SNAAC,MPACGSS,Tier1,3.004146918600756
SNAAC,LSGNK,Tier1,2.677243619657954
SNAAC,GEGSGA,Tier1,3.0717125389014286
SNAAC,GLTSK,Tier1,2.6590776395987175
SNAAC,CAQ,Tier1,2.3081926654993428
SNAAC,CSQAPLA,Tier1,1.6283865635787664
SNAAC,IYIEQGNGITGM,Tier1,2.9553248046823892
SNAAC,AGGF,Tier1,2.83417717242021
SNAAC,ETTL,Tier1,2.882298261507956
SNAAC,GQVPP,Tier1,1.767893695896135
SNAAC,DGVVYY,Tier1,3.0953986617665925
SNAAC,DVPPYM,Tier1,3.082120904598269
SNAAC,AYFYPEL,Tier1,2.9982872857514717
SNAAC,FPQY,Tier1,2.7060421624662014
AEEEYPDL,MTEEY,Tier1,2.4453081086079704
AEEEYPDL,TEVWDSNEQ,Tier1,1.841884242299166
AEEEYPDL,AWDPE,Tier1,2.6678104268078666
QYP,GEGSGA,Tier1,2.8045717380043222
QYP,WYGPD,Tier1,2.7405710473561795
QYP,GQVPP,Tier1,3.113157230267454
QYP,YQKFPQY,Tier1,2.370272891976229
QYP,YQK,Tier1,2.826676357978099
QYP,FPQY,Tier1,2.568996169133744
HYVPV,MPACGSS,Tier1,2.4286038709903863
HYVPV,LAC,Tier1,3.046877765538665
HYVPV,CHI,Tier1,2.789969272013777
HYVPV,CSQAPLA,Tier1,2.9969100246688543
HYVPV,GFYPPP,Tier1,3.053624868601038
HYVPV,DVPPYM,Tier1,2.934732897185945
HYVPV,PGVPWP,Tier1,2.905342241463068
MPACGSS,CSQAPLA,Tier1,2.9527570125324223
MPACGSS,AGGF,Tier1,3.051197572756827
MPACGSS,GFYPPP,Tier1,2.0288190618484134
MPACGSS,DVPPYM,Tier1,2.4801948529886353
MPACGSS,PGVPWP,Tier1,3.125300243785711
MTEEY,TEVWDSNEQ,Tier1,2.4951731469422307
MTEEY,AWDPE,Tier1,1.6338817954881206
LSGNK,GLTSK,Tier1,1.6872618561228823
LSGNK,VAWRNRCKGTD,Tier1,2.71779355935236
LSGNK,SDRDLLGPNNQYLPK,Tier1,3.111994456406682
LSGNK,CAQ,Tier1,2.4324117638217784
LSGNK,KYL,Tier1,2.4872913137420705
LSGNK,CSQAPLA,Tier1,2.5484477302955613
LSGNK,KGLWE,Tier1,2.598339923182064
LSGNK,IYIEQGNGITGM,Tier1,3.1043399632939304
LSGNK,ETTL,Tier1,3.0094727656174873
LSGNK,VKRRGQDCIHGFCSD,Tier1,3.0735121273050394
LSGNK,GQFNDKRWIPFG,Tier1,3.076029493068872
LSGNK,KDVPP,Tier1,2.4935923028552804
LSGNK,GQVPP,Tier1,2.226805016858412
LSGNK,PKLPPVKK,Tier1,2.681734299924124
LSGNK,RYLGY,Tier1,2.629380229540044
LSGNK,RYL,Tier1,2.598651234503089
LSGNK,RYLG,Tier1,2.3148379933898258
LSGNK,YQKFPQY,Tier1,2.9054811225492596
LSGNK,VPKVK,Tier1,2.98650009467941
GEGSGA,WYGPD,Tier1,2.6258498181610146
GEGSGA,ADGF,Tier1,2.8108396775668134
GEGSGA,ETTL,Tier1,2.6794538992792662
GEGSGA,GQVPP,Tier1,3.0689605435113876
GLTSK,CAQ,Tier1,2.341082768753798
GLTSK,KYL,Tier1,2.5001809850435146
GLTSK,CSQAPLA,Tier1,1.9198439277134889
GLTSK,IYIEQGNGITGM,Tier1,2.964296277206158
GLTSK,AGGF,Tier1,2.7828222052153815
GLTSK,ETTL,Tier1,2.8787261560708894
GLTSK,SGAF,Tier1,2.8273179397434998
GLTSK,GQVPP,Tier1,2.2384356809284904
GLTSK,DGVVYY,Tier1,3.029019161117451
GLTSK,PGVPWP,Tier1,2.46106598030734
GLTSK,RYLGY,Tier1,1.928017579376928
GLTSK,RYL,Tier1,2.547009075969875
GLTSK,RYLG,Tier1,1.5124005481761664
GLTSK,LGY,Tier1,2.840444166774492
GLTSK,VAGTWY,Tier1,2.7446992942408266
VAWRNRCKGTD,IRGCRL,Tier1,3.0608094492866758
VAWRNRCKGTD,WIRGCRL,Tier1,2.7448740697985987
VAWRNRCKGTD,AWIRGCRL,Tier1,2.5413234819559762
VAWRNRCKGTD,WRNRCKGTD,Tier1,1.4512659957960838
VAWRNRCKGTD,SDRDLLGPNNQYLPK,Tier1,2.661130585457908
VAWRNRCKGTD,KLSDW,Tier1,2.8009097602396906
VAWRNRCKGTD,KGLWE,Tier1,2.732892992423544
VAWRNRCKGTD,VKRRGQDCIHGFCSD,Tier1,1.9636150776588064
VAWRNRCKGTD,GQFNDKRWIPFG,Tier1,1.9838160373285212
VAWRNRCKGTD,KDVPP,Tier1,3.107648350652429
VAWRNRCKGTD,PKLPPVKK,Tier1,2.2453063909596493
VAWRNRCKGTD,YQKFPQY,Tier1,2.8468236444557498
VAWRNRCKGTD,VPKVK,Tier1,2.684865628278121
IRGCRL,WIRGCRL,Tier1,1.0620316215102708
IRGCRL,AWIRGCRL,Tier1,1.370517140164309
IRGCRL,QCL,Tier1,3.089563779128089
IRGCRL,KLSDW,Tier1,2.9910511479635318
IRGCRL,PKLPPVKK,Tier1,2.9427427389249927
IRGCRL,VPKVK,Tier1,1.1138095172866187
WIRGCRL,AWIRGCRL,Tier1,0.8378888061463239
WIRGCRL,QCL,Tier1,3.0301834382170574
WIRGCRL,KLSDW,Tier1,2.862214041911817
WIRGCRL,PKLPPVKK,Tier1,2.927022501857237
WIRGCRL,VPKVK,Tier1,1.6352574160023041
AWIRGCRL,KLSDW,Tier1,2.933711337416719
AWIRGCRL,KGLWE,Tier1,3.086174735405902
AWIRGCRL,GQFNDKRWIPFG,Tier1,3.064753229650983
AWIRGCRL,VLVPK,Tier1,3.06816051957535
AWIRGCRL,PKLPPVKK,Tier1,2.609781310714006
AWIRGCRL,VPKVK,Tier1,1.7250333038167194
WRNRCKGTD,QKW,Tier1,2.7054257845275664
WRNRCKGTD,VKRRGQDCIHGFCSD,Tier1,2.8614336862062135
WRNRCKGTD,GQFNDKRWIPFG,Tier1,2.764028258665251
WRNRCKGTD,PKLPPVKK,Tier1,2.9545674121350305
WRNRCKGTD,YQKFPQY,Tier1,2.941328401814404
SDRDLLGPNNQYLPK,RCMAFLLSDGAAAAQQLLPQYW,Tier1,2.721403552333946
SDRDLLGPNNQYLPK,KGLWE,Tier1,2.8989413452444404
SDRDLLGPNNQYLPK,IYIEQGNGITGM,Tier1,2.3827448441251615
SDRDLLGPNNQYLPK,VKRRGQDCIHGFCSD,Tier1,2.1059942908039333
SDRDLLGPNNQYLPK,GQFNDKRWIPFG,Tier1,2.624894592063311
SDRDLLGPNNQYLPK,YQEPVLGPVRGPFPIIV,Tier1,2.795796021364351
IQW,CQC,Tier1,2.758892780622809
IQW,QCL,Tier1,2.868049054915503
LTC,LAC,Tier1,2.6947853665906187
LTC,LPM,Tier1,0.7858299041813769
LTC,YLG,Tier1,2.683973609178871
GTW,WYGPD,Tier1,2.813767096566614
GTW,AGGF,Tier1,2.4867624741649896
GTW,SGAF,Tier1,1.841766212130027
GTW,PGVPWP,Tier1,2.517281015177558
GTW,RYLGY,Tier1,2.6143273842502714
GTW,YLGY,Tier1,2.2921943710615733
GTW,LGY,Tier1,2.5136937310318515
GTW,VAGTWY,Tier1,1.7264835205660976
YLL,VLVPK,Tier1,3.0033207005772646
LFC,CLV,Tier1,2.4668434723660915
CME,GEC,Tier1,2.914756878466506
CME,ECA,Tier1,2.8582343632131098
CME,EQC,Tier1,2.916854288472559
WEN,EQC,Tier1,1.8670260533511975
WEN,DWDPK,Tier1,2.594263952607214
LAC,LPM,Tier1,2.21038641980432
LAC,CHI,Tier1,2.7574174623875214
ACQ,ECA,Tier1,2.744199938912926
ACQ,QCH,Tier1,2.204386114802289
ACQ,KDVPP,Tier1,2.8806404080516184
ACQ,GQVPP,Tier1,2.5892024734644763
ACQ,DVPPYM,Tier1,2.664840161774033
GEC,ECA,Tier1,2.8250789877071867
GEC,AWDPE,Tier1,2.796172455592917
ECA,KDVPP,Tier1,2.9126894160045613
ECA,DVPPYM,Tier1,2.494086320035673
CAQ,KYL,Tier1,2.878029059372568
CAQ,CSQAPLA,Tier1,2.130301019773852
CAQ,IYIEQGNGITGM,Tier1,2.8238887884376487
CAQ,ADGF,Tier1,2.7213542076538446
CAQ,ETTL,Tier1,2.693491312931147
CAQ,GQVPP,Tier1,2.6264492925943963
CAQ,DGVVYY,Tier1,3.0048041842050988
CAQ,RYLGY,Tier1,3.115869144931649
CAQ,RYL,Tier1,2.9503183731086566
CAQ,RYLG,Tier1,2.5951778003575137
LPM,PGVPWP,Tier1,3.0190730622810964
LPM,YLG,Tier1,2.669028741063021
MHI,CHI,Tier1,1.4635785087235083
KKY,YQK,Tier1,1.7965732486471997
KYL,KGLWE,Tier1,2.962572034473687
KYL,RYLGY,Tier1,2.163155844423732
KYL,RYL,Tier1,0.4692483934934573
KYL,RYLG,Tier1,1.5010219678111478
EQC,DWDPK,Tier1,2.930989090382332
QCH,KDVPP,Tier1,2.539264151771964
QCH,GQVPP,Tier1,2.9792678431071082
CSQAPLA,IYIEQGNGITGM,Tier1,2.096244141817888
CSQAPLA,AGGF,Tier1,2.462733187646073
CSQAPLA,ETTL,Tier1,2.601543987423536
CSQAPLA,SGAF,Tier1,2.7631186882732344
CSQAPLA,GQVPP,Tier1,1.8907647546315058
CSQAPLA,DGVVYY,Tier1,2.43989526716211
CSQAPLA,DVPPYM,Tier1,2.9414520348200774
CSQAPLA,PGVPWP,Tier1,2.287000441532047
CSQAPLA,RYLGY,Tier1,2.9350862846116295
CSQAPLA,RYLG,Tier1,2.6221639348915677
CSQAPLA,LGY,Tier1,2.8144990809538375
CSQAPLA,AYFYPEL,Tier1,2.7735591976676477
CSQAPLA,VAGTWY,Tier1,2.7580726590762756
CSQAPLA,YQEPVLGPVRGPFPIIV,Tier1,2.9206175128438336
RCMAFLLSDGAAAAQQLLPQYW,IYIEQGNGITGM,Tier1,2.7560874487622353
RCMAFLLSDGAAAAQQLLPQYW,VKRRGQDCIHGFCSD,Tier1,2.7636486946331855
RCMAFLLSDGAAAAQQLLPQYW,APIRMWYMYRKLTDMEPKPVA,Tier1,2.329818831179062
RCMAFLLSDGAAAAQQLLPQYW,YQEPVLGPVRGPFPIIV,Tier1,1.4949862467924462
WYGPD,ADGF,Tier1,2.4191078200621527
WYGPD,AWDPE,Tier1,3.026107180482113
WYGPD,ETTL,Tier1,2.778644067993712
WYGPD,SGAF,Tier1,3.08420452789627
WYGPD,DGVVYY,Tier1,2.4682297964243163
WYGPD,RYLGY,Tier1,3.0170112563571374
WYGPD,AYFYPEL,Tier1,2.989839001898543
WYGPD,AYFYPE,Tier1,2.6812374226011766
KLSDW,KGLWE,Tier1,1.3942964961503328
KLSDW,GQFNDKRWIPFG,Tier1,3.0605651762904538
KLSDW,KDVPP,Tier1,2.7212855687124278
KLSDW,VPKVK,Tier1,2.8655023449553187
KGLWE,IYIEQGNGITGM,Tier1,2.822759645931518
KGLWE,AWDPE,Tier1,3.1238179230786285
KGLWE,ETTL,Tier1,2.6782687907725657
KGLWE,VKRRGQDCIHGFCSD,Tier1,2.813329549238981
KGLWE,GQFNDKRWIPFG,Tier1,2.5357223377492075
KGLWE,KDVPP,Tier1,2.0320219504453187
KGLWE,GQVPP,Tier1,2.991521768949346
KGLWE,DGVVYY,Tier1,2.776430093062798
KGLWE,IVEYF,Tier1,3.0115581417532242
KGLWE,RYL,Tier1,3.051535715365968
KGLWE,AYFYPEL,Tier1,3.0430391537604637
KGLWE,VPKVK,Tier1,3.01557859944895
TEVWDSNEQ,AWDPE,Tier1,2.333784774500218
IYIEQGNGITGM,ETTL,Tier1,2.399148524854663
IYIEQGNGITGM,VKRRGQDCIHGFCSD,Tier1,3.059104283044751
IYIEQGNGITGM,GQVPP,Tier1,2.7200488714738147
IYIEQGNGITGM,DGVVYY,Tier1,1.9414646565652063
IYIEQGNGITGM,IVEYF,Tier1,3.1019807668935826
IYIEQGNGITGM,DVPPYM,Tier1,2.950712941170868
IYIEQGNGITGM,PGVPWP,Tier1,3.0931952859533887
IYIEQGNGITGM,AYFYPEL,Tier1,2.476724937593537
IYIEQGNGITGM,VAGTWY,Tier1,3.0674336640062156
IYIEQGNGITGM,YQEPVLGPVRGPFPIIV,Tier1,1.8853896630216744
ADGF,AWDPE,Tier1,2.7543453711383976
ADGF,ETTL,Tier1,2.155656357821926
ADGF,DGVVYY,Tier1,2.5275867061840485
ADGF,FPQY,Tier1,3.1002973500286632
AGGF,SGAF,Tier1,0.9612802141710275
AGGF,GQVPP,Tier1,2.646917380871061
AGGF,DGVVYY,Tier1,2.7185659941990847
AGGF,GFYPPP,Tier1,2.487008422184738
AGGF,PGVPWP,Tier1,2.181190150913514
AGGF,RYLGY,Tier1,2.967945123035579
AGGF,YLG,Tier1,3.0718094335513104
AGGF,YLGY,Tier1,2.316752711679875
AGGF,LGY,Tier1,2.18991180423177
AGGF,AYFYPEL,Tier1,2.8253710132603507
AGGF,AYFYPE,Tier1,3.01294904145651
AGGF,VAGTWY,Tier1,1.9712620732313224
AWDPE,DWDPK,Tier1,2.5431962230614125
AWDPE,ETTL,Tier1,2.914424058723794
ETTL,KDVPP,Tier1,2.8971600063248104
ETTL,GQVPP,Tier1,2.7866899688410847
ETTL,DGVVYY,Tier1,1.953755009127416
ETTL,AYFYPEL,Tier1,3.058859300396902
SGAF,GQVPP,Tier1,2.9490698581971864
SGAF,DGVVYY,Tier1,2.6292465425305296
SGAF,PGVPWP,Tier1,2.334144727607766
SGAF,RYLGY,Tier1,2.8202153786142294
SGAF,YLG,Tier1,3.0501311124954458
SGAF,YLGY,Tier1,2.117284170107477
SGAF,LGY,Tier1,1.9397614808459605
SGAF,VAGTWY,Tier1,1.5573166583615592
VKRRGQDCIHGFCSD,GQFNDKRWIPFG,Tier1,1.436623415775455
VKRRGQDCIHGFCSD,APIRMWYMYRKLTDMEPKPVA,Tier1,2.387227699333763
VKRRGQDCIHGFCSD,KDVPP,Tier1,3.0171643581055516
VKRRGQDCIHGFCSD,PKLPPVKK,Tier1,3.0385448706510045
VKRRGQDCIHGFCSD,YQEPVLGPVRGPFPIIV,Tier1,2.615094186127776
GQFNDKRWIPFG,APIRMWYMYRKLTDMEPKPVA,Tier1,2.9131432764994076
GQFNDKRWIPFG,KDVPP,Tier1,2.7558272749103456
GQFNDKRWIPFG,PKLPPVKK,Tier1,2.9950472858905854
GQFNDKRWIPFG,YQKFPQY,Tier1,2.7071597867523396
GQFNDKRWIPFG,YQEPVLGPVRGPFPIIV,Tier1,2.9432673400146236
APIRMWYMYRKLTDMEPKPVA,YQEPVLGPVRGPFPIIV,Tier1,2.945220898452127
KDVPP,GQVPP,Tier1,2.488075974972932
KDVPP,DVPPYM,Tier1,2.5054838777730915
GQVPP,DGVVYY,Tier1,2.9616649026047797
GQVPP,GFYPPP,Tier1,3.070180560077352
GQVPP,DVPPYM,Tier1,2.62958688765172
GQVPP,PGVPWP,Tier1,2.9507041668468235
GQVPP,RYLG,Tier1,3.1179422742628486
GQVPP,AYFYPEL,Tier1,2.7337527708696596
PKLPPVKK,VPKVK,Tier1,2.2381145439664767
DGVVYY,IVEYF,Tier1,2.440333811041946
DGVVYY,DVPPYM,Tier1,2.820671777566225
DGVVYY,PGVPWP,Tier1,2.844832026660265
DGVVYY,RYLGY,Tier1,2.771305197135713
DGVVYY,RYLG,Tier1,2.944870389354542
DGVVYY,YLGY,Tier1,2.6001820491075915
DGVVYY,LGY,Tier1,2.3793031389811916
DGVVYY,AYFYPEL,Tier1,1.8378252613992943
DGVVYY,AYFYPE,Tier1,2.5545519704540833
DGVVYY,VAGTWY,Tier1,2.360085578003917
DGVVYY,YQEPVLGPVRGPFPIIV,Tier1,3.121735722359265
GFYPPP,DVPPYM,Tier1,2.726328396007362
GFYPPP,PGVPWP,Tier1,2.8640624313673295
GFYPPP,AYFYPEL,Tier1,2.7531403033042583
GFYPPP,AYFYPE,Tier1,2.266950679542087
DVPPYM,AYFYPEL,Tier1,1.7743887464088302
DVPPYM,AYFYPE,Tier1,2.3137049157007783
PGVPWP,RYLGY,Tier1,2.7304501570385566
PGVPWP,RYLG,Tier1,2.7371046185731838
PGVPWP,YLG,Tier1,2.0320267821303557
PGVPWP,YLGY,Tier1,2.0915643922000458
PGVPWP,LGY,Tier1,2.3508516122053003
PGVPWP,VAGTWY,Tier1,1.7029650593956065
RYLGY,RYL,Tier1,2.074021672721013
RYLGY,RYLG,Tier1,1.2343756631781309
RYLGY,YLGY,Tier1,2.302600294661933
RYLGY,LGY,Tier1,2.5527078283916675
RYLGY,YQKFPQY,Tier1,3.0424744783562687
RYLGY,VAGTWY,Tier1,2.2797440530328155
RYL,RYLG,Tier1,1.4642335446087413
RYLG,YLG,Tier1,3.0037809410317555
RYLG,YLGY,Tier1,2.821907687376422
RYLG,LGY,Tier1,2.805228419263154
RYLG,VAGTWY,Tier1,2.718136735302471
YLG,YLGY,Tier1,1.7137065272276675
YLG,LGY,Tier1,1.8719688494532236
YLG,VAGTWY,Tier1,2.045661180039933
YLGY,LGY,Tier1,1.3199754473332823
YLGY,VAGTWY,Tier1,1.193703674719479
LGY,VAGTWY,Tier1,1.3508064635849175
AYFYPEL,AYFYPE,Tier1,1.5264193819048295
AYFYPEL,FPQY,Tier1,3.055907993225958
AYFYPEL,YQEPVLGPVRGPFPIIV,Tier1,3.0653177790238617
AYFYPE,FPQY,Tier1,2.682642236498785
YQKFPQY,YQK,Tier1,2.55493439839977
YQKFPQY,FPQY,Tier1,2.297844195547121
DSGVT,HFGDPFH,Tier2,2.9750389295142416
DSGVT,IPAGM,Tier2,3.0320207397094507
DSGVT,PSIPA,Tier2,2.9843038280795193
DSGVT,RASDPLLSV,Tier2,2.486316735902527
DSGVT,TSQLLSDQ,Tier2,2.4986051096640693
DSGVT,GEGSGA,Tier2,2.924617941112349
DSGVT,GLTSK,Tier2,2.757254373651991
DSGVT,GIVSPH,Tier2,3.016170941058816
DSGVT,SEVFH,Tier2,2.747107117226719
DSGVT,SPHWTIN,Tier2,2.8495366869073235
DSGVT,NPSHADFV,Tier2,2.7412221188548402
DSGVT,HAVSEGTK,Tier2,2.4298052333594287
DSGVT,ISITDFGGVGDGR,Tier2,2.3799170584615625
DSGVT,TGLVIDSGDGVTH,Tier2,2.756486530306918
DSGVT,TTGIVLDSGDGVSH,Tier2,2.889361120984138
DSGVT,ASEGGHG,Tier2,2.9389864673647508
DSGVT,VPSGHPI,Tier2,2.9524905430457284
DSGVT,CGN,Tier2,3.068894681938286
DSGVT,CSGD,Tier2,1.4851290294942225
DSGVT,CTN,Tier2,2.9589760892654864
DSGVT,QFAAD,Tier2,2.6965586231383543
DAQEKLE,EELDNALN,Tier2,2.13957418225066
DAQEKLE,RNDDLNYIQ,Tier2,2.517120585186973
DAQEKLE,EVVLEKSETVKDT,Tier2,2.7123592596249404
EELDNALN,VPSIDDQEELM,Tier2,2.381957583323945
EELDNALN,LEEAF,Tier2,2.7824495770551847
EELDNALN,RNDDLNYIQ,Tier2,2.6150223640169585
EELDNALN,SEVFHVD,Tier2,3.041874942270617
EELDNALN,EVVLEKSETVKDT,Tier2,2.648207765739868
EELDNALN,IINVIGEPIDER,Tier2,2.7427166415452753
EELDNALN,LQLWDTAGQER,Tier2,3.0591640379048757
VPSIDDQEELM,FVTPEEEQQQMH,Tier2,2.8678337854594296
VPSIDDQEELM,AVFVDLEPTVIDEVR,Tier2,3.003369777333106
VPSIDDQEELM,IINVIGEPIDER,Tier2,3.0244201153796317
HFGDPFH,TRTGDPFF,Tier2,2.698279790595593
HFGDPFH,SEVFH,Tier2,2.842192327429486
HFGDPFH,SPHWTIN,Tier2,2.765939305486608
HFGDPFH,HAVSEGTK,Tier2,2.916728270405917
HFGDPFH,ISITDFGGVGDGR,Tier2,2.7478179870396024
HFGDPFH,GPHWPLPPF,Tier2,2.876612029179596
HFGDPFH,PHWPLPPF,Tier2,2.9708138681933294
PSYV,AVPYPQR,Tier2,2.6976492339587472
PSYV,IPAGM,Tier2,2.3192925023195925
PSYV,LPAGV,Tier2,2.770712360052079
PSYV,IPAGV,Tier2,2.7709721696328127
PSYV,PSIPA,Tier2,1.91751624492998
PSYV,PSLPA,Tier2,2.346779262494608
PSYV,VSYT,Tier2,1.5220519131921217
PSYV,AWFS,Tier2,3.0793156862603657
PSYV,GLTSK,Tier2,3.002913869776763
PSYV,AVLAPH,Tier2,2.4554120750156967
PSYV,FSPH,Tier2,2.2974046026153188
PSYV,GIVSPH,Tier2,2.1030909317610953
PSYV,SPHWTIN,Tier2,2.256734461039467
PSYV,ALFSPH,Tier2,1.4754121134439877
PSYV,GTAHWL,Tier2,1.924000775436204
PSYV,GLLLPSFSNAPR,Tier2,3.082222199141971
PSYV,SMLLTGGSASGGL,Tier2,2.5762135818266727
PSYV,FVVPSGHPI,Tier2,2.285652539325594
PSYV,GPHWPLPPF,Tier2,2.124823655696052
PSYV,HWPLPPF,Tier2,2.8324545904700313
PSYV,PHWPLPPF,Tier2,2.3932878380801546
PSYV,VPSGHPI,Tier2,1.9349098437708692
PSYV,VVPSGHPI,Tier2,2.297786213062241
PSYV,AQKIPAGT,Tier2,3.0501068301521004
PSYV,ILAGPTTI,Tier2,2.6641834031969966
HPLH,HHLP,Tier2,1.1930712284882483
HPLH,HLPH,Tier2,1.1930712284882483
HPLH,PLHH,Tier2,0.24237492451356515
HPLH,HPHL,Tier2,1.3473389437676775
HPLH,LLHH,Tier2,2.908380781486977
HPLH,HHPLL,Tier2,2.40515567608728
HPLH,LPHH,Tier2,1.799650295373926
HPLH,HHPL,Tier2,1.3473389437676775
HPLH,LHPH,Tier2,1.3473389437676775
HPLH,LLPHH,Tier2,2.6029956921231148
HPLH,HLH,Tier2,1.820259120744828
HPLH,LLPHHH,Tier2,2.3205058669111547
HPLH,LHH,Tier2,1.3970868242918841
HPLH,GLTSK,Tier2,2.6558461746708204
HPLH,GIVSPH,Tier2,2.7922296902787314
HPLH,SPHWTIN,Tier2,2.9952549056897877
HPLH,GTAHWL,Tier2,3.075748026086809
HPLH,VPSGHPI,Tier2,2.9175876397524703
HHLP,PLHH,Tier2,1.0544402218326783
HHLP,HPHL,Tier2,1.799650295373926
HHLP,LLHH,Tier2,3.084116947767771
HHLP,HHPLL,Tier2,2.6661605378732727
HHLP,HLHP,Tier2,1.1930712284882483
HHLP,LPHH,Tier2,1.3473389437676775
HHLP,HHPL,Tier2,1.799650295373926
HHLP,LHPH,Tier2,1.799650295373926
HHLP,LLPHH,Tier2,2.4128312064284554
HHLP,HLH,Tier2,2.0998340408234824
HHLP,LLPHHH,Tier2,2.1780663928599373
HHLP,LHH,Tier2,1.74579819193294
HHLP,GLTSK,Tier2,2.8426925243372296
HHLP,AVLAPH,Tier2,2.978519083761871
HHLP,GIVSPH,Tier2,2.54866839549898
HHLP,SPHWTIN,Tier2,2.838477784555965
HHLP,ALFSPH,Tier2,2.8437973522353657
HHLP,GPHWPLPPF,Tier2,3.075288158453347
HHLP,VPSGHPI,Tier2,2.6251885467767346
HLPH,PLHH,Tier2,1.0544402218326783
HLPH,HPHL,Tier2,1.799650295373926
HLPH,LLHH,Tier2,3.084116947767771
HLPH,HHPLL,Tier2,2.6661605378732727
HLPH,HLHP,Tier2,1.1930712284882483
HLPH,LPHH,Tier2,1.3473389437676775
HLPH,HHPL,Tier2,1.799650295373926
HLPH,LHPH,Tier2,1.799650295373926
HLPH,LLPHH,Tier2,2.4128312064284554
HLPH,HLH,Tier2,2.0998340408234824
HLPH,LLPHHH,Tier2,2.1780663928599373
HLPH,LHH,Tier2,1.74579819193294
HLPH,GLTSK,Tier2,2.8426925243372296
HLPH,AVLAPH,Tier2,2.978519083761871
HLPH,GIVSPH,Tier2,2.54866839549898
HLPH,SPHWTIN,Tier2,2.838477784555965
HLPH,ALFSPH,Tier2,2.8437973522353657
HLPH,GPHWPLPPF,Tier2,3.075288158453347
HLPH,VPSGHPI,Tier2,2.6251885467767346
LLPH,LLHH,Tier2,1.742516069163623
LLPH,HHPLL,Tier2,1.8680323040293567
LLPH,LPHH,Tier2,3.056106627054013
LLPH,LLPHH,Tier2,1.4842126215268236
LLPH,LLPHHH,Tier2,2.4951972998197274
LLPH,IPAGM,Tier2,2.2861331324781426
LLPH,LPAGV,Tier2,2.0179957935208264
LLPH,IPAGV,Tier2,1.9897796543905284
LLPH,LALPA,Tier2,2.5774204917641854
LLPH,PSIPA,Tier2,3.0489339518817755
LLPH,AVLAPH,Tier2,1.5958681307429228
LLPH,FPILEH,Tier2,2.919857757371311
LLPH,FPILEHL,Tier2,2.76611334497621
LLPH,GIVSPH,Tier2,1.8244540559987026
LLPH,ALFSPH,Tier2,2.5076762908216668
LLPH,GTAHWL,Tier2,2.8516102430920482
LLPH,IGGIGTVPVGR,Tier2,2.78702596844264
LLPH,SMLLTGGSASGGL,Tier2,3.00899621726938
LLPH,FVVPSGHPI,Tier2,2.077817920483145
LLPH,VPSGHPI,Tier2,2.3071154088950214
LLPH,VVPSGHPI,Tier2,1.7576863364110307
LLPH,ILAGPTTI,Tier2,2.014892482623448
LLPH,RAILTLV,Tier2,2.342120679307805
PLHH,HPHL,Tier2,1.368965972340422
PLHH,LLHH,Tier2,2.910198037514967
PLHH,HHPLL,Tier2,2.4146510758395046
PLHH,HLHP,Tier2,0.24237492451356515
PLHH,LPHH,Tier2,1.7108963764096141
PLHH,HHPL,Tier2,1.368965972340422
PLHH,LHPH,Tier2,1.368965972340422
PLHH,LLPHH,Tier2,2.5544267971427197
PLHH,HLH,Tier2,1.82468971304152
PLHH,LLPHHH,Tier2,2.2681548288430426
PLHH,LHH,Tier2,1.4028545458581203
PLHH,GLTSK,Tier2,2.6024334203677033
PLHH,AVLAPH,Tier2,3.0529558775671073
PLHH,GIVSPH,Tier2,2.7443344233498217
PLHH,SPHWTIN,Tier2,2.9768115530779085
PLHH,VPSGHPI,Tier2,2.8661221633175336
HPHL,LLHH,Tier2,2.577470958270878
HPHL,HHPLL,Tier2,1.749797268864414
HPHL,HLHP,Tier2,1.3473389437676775
HPHL,LPHH,Tier2,1.1930712284882483
HPHL,LLPHH,Tier2,2.0131078533257956
HPHL,HLH,Tier2,2.9596131427660843
HPHL,LLPHHH,Tier2,1.4550489563797118
HPHL,LHH,Tier2,1.3970868242918844
HPHL,GLTSK,Tier2,2.6558461746708204
HPHL,AVLAPH,Tier2,2.90226753786777
HPHL,GIVSPH,Tier2,2.589855846497689
HPHL,SPHWTIN,Tier2,2.9952549056897877
HPHL,GTAHWL,Tier2,2.488502744034955
HPHL,VPSGHPI,Tier2,2.587855368107613
HPHL,VVPSGHPI,Tier2,2.995149247941742
HPH,PHH,Tier2,0.2783506151113623
LLHH,HHPLL,Tier2,1.1932790415681562
LLHH,HLHP,Tier2,2.908380781486977
LLHH,LPHH,Tier2,2.774248568192005
LLHH,HHPL,Tier2,2.577470958270878
LLHH,LHPH,Tier2,2.577470958270878
LLHH,LLPHH,Tier2,1.4554969305889158
LLHH,LLPHHH,Tier2,2.009221102326466
LLHH,LHH,Tier2,2.1609189132846662
LLHH,AVLAPH,Tier2,2.5116544372922993
LLHH,GIVSPH,Tier2,2.698189951558772
LLHH,GTAHWL,Tier2,3.043296229498068
LLHH,FVVPSGHPI,Tier2,2.9961653513273245
LLHH,VVPSGHPI,Tier2,2.773656023104092
HHPLL,HLHP,Tier2,2.40515567608728
HHPLL,LPHH,Tier2,2.0941415113652653
HHPLL,HHPL,Tier2,1.749797268864414
HHPLL,LHPH,Tier2,1.749797268864414
HHPLL,LLPHH,Tier2,0.9544569827905987
HHPLL,LLPHHH,Tier2,1.2999362655348092
HHPLL,LHH,Tier2,2.041676259377257
HHPLL,IPAGM,Tier2,2.9165296585680185
HHPLL,IPAGV,Tier2,2.968801585672426
HHPLL,RASDPLLSV,Tier2,3.07711593149282
HHPLL,GLTSK,Tier2,2.8392918535243723
HHPLL,AVLAPH,Tier2,1.9838178768163777
HHPLL,GIVSPH,Tier2,2.0035061958017146
HHPLL,SPHWTIN,Tier2,3.0687676264758594
HHPLL,ALFSPH,Tier2,2.782921825115087
HHPLL,GTAHWL,Tier2,2.080654176603165
HHPLL,IGGIGTVPVGR,Tier2,3.061160403883563
HHPLL,SMLLTGGSASGGL,Tier2,2.888306397153251
HHPLL,FVVPSGHPI,Tier2,2.4235393439350155
HHPLL,VPSGHPI,Tier2,2.2608286795055252
HHPLL,VVPSGHPI,Tier2,2.084599729865836
HHPLL,ILAGPTTI,Tier2,2.6291786443226357
HHPLL,KKGVLGLA,Tier2,2.975605506929837
HLHP,LPHH,Tier2,1.799650295373926
HLHP,HHPL,Tier2,1.3473389437676775
HLHP,LHPH,Tier2,1.3473389437676775
HLHP,LLPHH,Tier2,2.6029956921231148
HLHP,HLH,Tier2,1.820259120744828
HLHP,LLPHHH,Tier2,2.3205058669111547
HLHP,LHH,Tier2,1.3970868242918841
HLHP,GLTSK,Tier2,2.6558461746708204
HLHP,GIVSPH,Tier2,2.7922296902787314
HLHP,SPHWTIN,Tier2,2.9952549056897877
HLHP,GTAHWL,Tier2,3.075748026086809
HLHP,VPSGHPI,Tier2,2.9175876397524703
LPHH,HHPL,Tier2,1.1930712284882483
LPHH,LHPH,Tier2,1.1930712284882483
LPHH,LLPHH,Tier2,1.760332663625116
LPHH,LLPHHH,Tier2,1.2150692156410259
LPHH,LHH,Tier2,1.74579819193294
LPHH,GLTSK,Tier2,2.8426925243372296
LPHH,AVLAPH,Tier2,2.789692204293846
LPHH,FSPH,Tier2,2.9051058123636264
LPHH,GIVSPH,Tier2,2.325191874357801
LPHH,SPHWTIN,Tier2,2.8384777845559652
LPHH,ALFSPH,Tier2,2.645371437614211
LPHH,GTAHWL,Tier2,2.8013416607233044
LPHH,VPSGHPI,Tier2,2.25306295445439
LPHH,VVPSGHPI,Tier2,2.7691819221908904
HHPL,LLPHH,Tier2,2.0131078533257956
HHPL,HLH,Tier2,2.9596131427660843
HHPL,LLPHHH,Tier2,1.4550489563797118
HHPL,LHH,Tier2,1.3970868242918844
HHPL,GLTSK,Tier2,2.6558461746708204
HHPL,AVLAPH,Tier2,2.90226753786777
HHPL,GIVSPH,Tier2,2.589855846497689
HHPL,SPHWTIN,Tier2,2.9952549056897877
HHPL,GTAHWL,Tier2,2.488502744034955
HHPL,VPSGHPI,Tier2,2.587855368107613
HHPL,VVPSGHPI,Tier2,2.995149247941742
LHPH,LLPHH,Tier2,2.0131078533257956
LHPH,HLH,Tier2,2.9596131427660843
LHPH,LLPHHH,Tier2,1.4550489563797118
LHPH,LHH,Tier2,1.3970868242918844
LHPH,GLTSK,Tier2,2.6558461746708204
LHPH,AVLAPH,Tier2,2.90226753786777
LHPH,GIVSPH,Tier2,2.589855846497689
LHPH,SPHWTIN,Tier2,2.9952549056897877
LHPH,GTAHWL,Tier2,2.488502744034955
LHPH,VPSGHPI,Tier2,2.587855368107613
LHPH,VVPSGHPI,Tier2,2.995149247941742
HHP,PHH,Tier2,0.2783506151113623
LLPHH,LLPHHH,Tier2,1.0145405182256146
LLPHH,LHH,Tier2,2.2129815444285215
LLPHH,IPAGM,Tier2,2.798600035692865
LLPHH,LPAGV,Tier2,2.9108760251154417
LLPHH,IPAGV,Tier2,2.853033432254928
LLPHH,PSIPA,Tier2,3.049700040533404
LLPHH,GLTSK,Tier2,2.955598301362458
LLPHH,AVLAPH,Tier2,1.8096937688584642
LLPHH,GIVSPH,Tier2,1.6809062484767996
LLPHH,SPHWTIN,Tier2,2.9219403953525376
LLPHH,ALFSPH,Tier2,2.321984230411732
LLPHH,GTAHWL,Tier2,2.346293830500191
LLPHH,IGGIGTVPVGR,Tier2,3.0083314210288554
LLPHH,SMLLTGGSASGGL,Tier2,2.907442183364626
LLPHH,FVVPSGHPI,Tier2,2.209421082977791
LLPHH,VPSGHPI,Tier2,1.9149051455534933
LLPHH,VVPSGHPI,Tier2,1.7763989462816236
LLPHH,ILAGPTTI,Tier2,2.5622444044751918
HLH,LHH,Tier2,2.0210084156515165
LLPHHH,LHH,Tier2,1.8758456754555695
LLPHHH,GLTSK,Tier2,3.0252113584684506
LLPHHH,AVLAPH,Tier2,2.497631300813759
LLPHHH,GIVSPH,Tier2,2.22902579223714
LLPHHH,SPHWTIN,Tier2,2.9991112932775392
LLPHHH,ALFSPH,Tier2,2.6907239486772396
LLPHHH,GTAHWL,Tier2,2.49641028396461
LLPHHH,FVVPSGHPI,Tier2,2.7558870884407747
LLPHHH,VPSGHPI,Tier2,2.2376889964402853
LLPHHH,VVPSGHPI,Tier2,2.3672777077273666
SCH,MPACGSS,Tier2,3.0182693571712216
AVPYPQR,KVLPVPQK,Tier2,2.8017946077798417
AVPYPQR,PSIPA,Tier2,2.959753099594833
AVPYPQR,PSLPA,Tier2,3.0542310189808286
AVPYPQR,VECYGPNRPQF,Tier2,2.8149642268224233
AVPYPQR,LAPSLPGKPKPD,Tier2,2.3157072722493424
AVPYPQR,NFHPQ,Tier2,2.716117917812209
AVPYPQR,LSGNK,Tier2,1.923198324694773
AVPYPQR,GLTSK,Tier2,2.2893631618904733
AVPYPQR,AIQSPH,Tier2,2.515050557671732
AVPYPQR,FSPH,Tier2,2.6999476658538706
AVPYPQR,GIVSPH,Tier2,2.923065550792079
AVPYPQR,SPHWTIN,Tier2,2.198635531432676
AVPYPQR,ALFSPH,Tier2,2.5701395748203115
AVPYPQR,DNIQGITKPAIR,Tier2,2.759091275864812
AVPYPQR,GLLLPSFSNAPR,Tier2,2.2703545099113507
AVPYPQR,GVDLIRQGWSR,Tier2,2.901443052160538
AVPYPQR,HAVSEGTK,Tier2,2.512728626924816
AVPYPQR,VSAVNVKQEHSAS,Tier2,2.734785103994152
AVPYPQR,YLAGNPHQQQQGGR,Tier2,2.5196022792423953
AVPYPQR,GPHWPLPPF,Tier2,2.655834478898703
AVPYPQR,PHWPLPPF,Tier2,2.861982305509808
AVPYPQR,RHASEGGHG,Tier2,2.980724337928225
AVPYPQR,VPSGHPI,Tier2,2.645455607576366
AVPYPQR,VVPSGHPI,Tier2,3.067287487776414
AVPYPQR,AQKIPAGT,Tier2,2.2155447947091544
KVLPVPQK,LSGNK,Tier2,2.5733053351553976
KVLPVPQK,DNIQGITKPAIR,Tier2,2.316079456234319
KVLPVPQK,GLLLPSFSNAPR,Tier2,2.6544432404578067
KVLPVPQK,GVDLIRQGWSR,Tier2,2.241923977156024
KVLPVPQK,KKGVLGLA,Tier2,2.567872328562931
IPAGM,LPAGV,Tier2,1.3212466428208707
IPAGM,IPAGV,Tier2,0.9551866443133151
IPAGM,LALPA,Tier2,2.1024807817783695
IPAGM,PSIPA,Tier2,1.7873943984145415
IPAGM,PSLPA,Tier2,2.4207507185195976
IPAGM,VSYT,Tier2,2.5099634425782247
IPAGM,RASDPLLSV,Tier2,3.005953620682989
IPAGM,GLTSK,Tier2,2.881176025748873
IPAGM,AVLAPH,Tier2,1.353990446675068
IPAGM,GIVSPH,Tier2,1.3630995121419633
IPAGM,SPHWTIN,Tier2,2.7214646861583205
IPAGM,ALFSPH,Tier2,1.9531643229128866
IPAGM,GTAHWL,Tier2,2.4209767608387662
IPAGM,GLLLPSFSNAPR,Tier2,2.9146013731845977
IPAGM,IGGIGTVPVGR,Tier2,2.043257695342346
IPAGM,SMLLTGGSASGGL,Tier2,2.049141966638186
IPAGM,FVVPSGHPI,Tier2,1.8152084473346275
IPAGM,GPHWPLPPF,Tier2,2.785150851796001
IPAGM,PHWPLPPF,Tier2,2.9268696476805878
IPAGM,VPSGHPI,Tier2,1.724203167908072
IPAGM,VVPSGHPI,Tier2,1.4883824855413583
IPAGM,ILAGPTTI,Tier2,1.460789547607141
LPAGV,IPAGV,Tier2,0.9617328899394411
LPAGV,LALPA,Tier2,1.2154290626398714
LPAGV,PSIPA,Tier2,1.925928042827732
LPAGV,PSLPA,Tier2,2.1485373663489233
LPAGV,AVLAPH,Tier2,1.5532942407617716
LPAGV,GIVSPH,Tier2,1.7579965244354214
LPAGV,ALFSPH,Tier2,2.1731514525400297
LPAGV,IGGIGTVPVGR,Tier2,2.4459029147396136
LPAGV,SMLLTGGSASGGL,Tier2,2.676950862469693
LPAGV,FVVPSGHPI,Tier2,2.186859628686136
LPAGV,VPSGHPI,Tier2,2.1303793731047196
LPAGV,VVPSGHPI,Tier2,1.7918640331608897
LPAGV,ILAGPTTI,Tier2,1.6282558944153245
LPAGV,RAILTLV,Tier2,2.8601645937081854
EFLQ,EFQI,Tier2,2.34857655923714
EFLQ,FEQI,Tier2,0.737125617085545
EFLQ,EFQL,Tier2,2.3439341818795305
EFLQ,FEQL,Tier2,0.7221978743729764
EFLQ,EFIQ,Tier2,1.7629247623424789
IPAGV,LALPA,Tier2,1.5265962605903483
IPAGV,PSIPA,Tier2,2.1485373663489233
IPAGV,PSLPA,Tier2,2.71534290766883
IPAGV,VSYT,Tier2,2.9074411535747573
IPAGV,AVLAPH,Tier2,1.2598474339120898
IPAGV,FPILEHL,Tier2,3.0762093741145553
IPAGV,GIVSPH,Tier2,1.7114889525951784
IPAGV,ALFSPH,Tier2,2.392145944566118
IPAGV,GTAHWL,Tier2,2.834587075508085
IPAGV,IGGIGTVPVGR,Tier2,2.2090283249902942
IPAGV,SMLLTGGSASGGL,Tier2,2.3739210203413887
IPAGV,FVVPSGHPI,Tier2,2.0820135904783847
IPAGV,VPSGHPI,Tier2,2.1659596318771692
IPAGV,VVPSGHPI,Tier2,1.7344932796557233
IPAGV,ILAGPTTI,Tier2,1.208114019710767
IPAGV,RAILTLV,Tier2,2.652324787302973
EFQI,FEQI,Tier2,1.8681279472080996
EFQI,EFQL,Tier2,0.14759541190328396
EFQI,FEQL,Tier2,1.8739494210770067
EFQI,EFIQ,Tier2,1.5517435796283738
FEQI,EFQL,Tier2,1.8739494210770067
FEQI,FEQL,Tier2,0.14759541190328396
FEQI,EFIQ,Tier2,1.040189353061292
LALPA,PSIPA,Tier2,2.6047331006386183
LALPA,PSLPA,Tier2,2.7862789395647827
LALPA,LPL,Tier2,2.4023505724371437
LALPA,AVLAPH,Tier2,2.2467192126730815
LALPA,GIVSPH,Tier2,2.583508195707867
LALPA,ALFSPH,Tier2,2.9747098883031757
LALPA,IGGIGTVPVGR,Tier2,2.5722302764623795
LALPA,FVVPSGHPI,Tier2,3.0590308545594005
LALPA,VPSGHPI,Tier2,3.013142102120541
LALPA,VVPSGHPI,Tier2,2.7235988669899385
LALPA,ILAGPTTI,Tier2,2.4108575498415514
LALPA,RAILTLV,Tier2,2.8655124270862795
EFQL,FEQL,Tier2,1.8681279472080996
EFQL,EFIQ,Tier2,1.5587471066638037
LEEAF,IEEAF,Tier2,1.8979330503879788
LEEAF,GIFE,Tier2,2.9885137795352406
LEEAF,FPILEH,Tier2,2.9011049994169427
LEEAF,SEVFH,Tier2,2.6222936811557096
LEEAF,SEVFHVD,Tier2,2.121971748364183
LEEAF,IINVIGEPIDER,Tier2,2.958052952662887
PSIPA,PSLPA,Tier2,0.9617328899394411
PSIPA,VSYT,Tier2,2.7219823424444654
PSIPA,MPACGSS,Tier2,2.8121480114949327
PSIPA,GLTSK,Tier2,2.812612427797442
PSIPA,AIQSPH,Tier2,2.9361282083076565
PSIPA,AVLAPH,Tier2,1.877513621769216
PSIPA,FSPH,Tier2,2.96990552298711
PSIPA,GIVSPH,Tier2,1.5312593878219574
PSIPA,SPHWTIN,Tier2,2.624157209562611
PSIPA,ALFSPH,Tier2,1.8158434223405098
PSIPA,GTAHWL,Tier2,2.82537018111771
PSIPA,IGGIGTVPVGR,Tier2,2.6110304766517523
PSIPA,SMLLTGGSASGGL,Tier2,2.4167818068913833
PSIPA,FVVPSGHPI,Tier2,2.5944764524647175
PSIPA,GPHWPLPPF,Tier2,2.5765023598936043
PSIPA,PHWPLPPF,Tier2,2.8189398556920033
PSIPA,VPSGHPI,Tier2,1.3981956025389273
PSIPA,VVPSGHPI,Tier2,1.9502269210475889
PSIPA,ILAGPTTI,Tier2,2.3008128987166185
PSLPA,MPACGSS,Tier2,2.0724311039795293
PSLPA,AIQSPH,Tier2,2.500762639334305
PSLPA,AVLAPH,Tier2,2.4864651579333157
PSLPA,FSPH,Tier2,2.819179771253227
PSLPA,GIVSPH,Tier2,2.082800229955608
PSLPA,SPHWTIN,Tier2,2.9870484158142174
PSLPA,ALFSPH,Tier2,2.0321064170137815
PSLPA,SMLLTGGSASGGL,Tier2,3.0337012627182482
PSLPA,FVVPSGHPI,Tier2,3.0018038988370064
PSLPA,GPHWPLPPF,Tier2,2.7862033439428506
PSLPA,PHWPLPPF,Tier2,2.959902253117222
PSLPA,VPSGHPI,Tier2,1.9063132558491922
PSLPA,VVPSGHPI,Tier2,2.416120642638128
PSLPA,ILAGPTTI,Tier2,2.8839836871965634
WVYY,AWFS,Tier2,2.294415632648655
LPL,LLGIL,Tier2,2.727382281278645
LPL,RAILTLV,Tier2,3.000430849442735
LPL,LAF,Tier2,3.018021639159074
LQL,FLQL,Tier2,2.6269245151773686
FEQL,EFIQ,Tier2,1.050608535962358
VSYT,AWFS,Tier2,2.9046338903184803
VSYT,GLTSK,Tier2,2.9572862855867283
VSYT,AVLAPH,Tier2,2.6469670074868077
VSYT,GIVSPH,Tier2,2.536177747456
VSYT,SPHWTIN,Tier2,2.62990977930321
VSYT,ALFSPH,Tier2,2.4528722296978467
VSYT,GTAHWL,Tier2,1.4580225819926533
VSYT,SMLLTGGSASGGL,Tier2,2.5143278571512657
VSYT,FVVPSGHPI,Tier2,2.601279933073846
VSYT,GPHWPLPPF,Tier2,2.8060375847400985
VSYT,VPSGHPI,Tier2,2.496649653395514
VSYT,VVPSGHPI,Tier2,2.6841064826673087
VSYT,AQKIPAGT,Tier2,2.9975528682813843
VSYT,ILAGPTTI,Tier2,2.7282200494069886
EFIQ,GIFE,Tier2,2.769880831625864
VECYGPNRPQF,DHHQVYSPGEQ,Tier2,2.706014678975273
VECYGPNRPQF,RNDDLNYIQ,Tier2,2.9957731461345145
VECYGPNRPQF,LAPSLPGKPKPD,Tier2,2.881337426713095
VECYGPNRPQF,TSQLLSDQ,Tier2,2.569575727529115
VECYGPNRPQF,TRTGDPFF,Tier2,2.589547926017204
VECYGPNRPQF,NFHPQ,Tier2,2.5087899396671194
VECYGPNRPQF,SDRDLLGPNNQYLPK,Tier2,2.4636980094154017
VECYGPNRPQF,DFIRH,Tier2,3.0184384686006807
VECYGPNRPQF,GENDQRGHIIFVQ,Tier2,2.2786043357489176
VECYGPNRPQF,GVDFIRH,Tier2,2.9452587595618716
VECYGPNRPQF,NIDNPSHADFVNPQ,Tier2,2.207701614594883
VECYGPNRPQF,SEVFH,Tier2,2.7602727941359415
VECYGPNRPQF,SFLAGGISSEHIQGQQQ,Tier2,2.517603812153235
VECYGPNRPQF,SPHWTIN,Tier2,3.0638685759742423
VECYGPNRPQF,YANQLDPNHRRF,Tier2,2.0464426399662656
VECYGPNRPQF,GVDFIRHR,Tier2,2.82839377216713
VECYGPNRPQF,NPSHADFV,Tier2,2.289998215868832
VECYGPNRPQF,DNIQGITKPAIR,Tier2,2.2073244233579365
VECYGPNRPQF,GLLLPSFSNAPR,Tier2,3.0050257356780072
VECYGPNRPQF,GVDLIRQGWSR,Tier2,2.1067295139838067
VECYGPNRPQF,ISITDFGGVGDGR,Tier2,3.0354295871280033
VECYGPNRPQF,LQLWDTAGQER,Tier2,1.76510233447941
VECYGPNRPQF,VSAVNVKQEHSAS,Tier2,2.149337448139043
VECYGPNRPQF,YLAGNPHQQQQGGR,Tier2,2.6538237163681613
DHHQ,DAHK,Tier2,1.5832159009816662
DHHQ,DHHK,Tier2,2.0842356706049667
DHHQ,RPNYTDA,Tier2,2.9894055025641846
DHHQVYSPGEQ,TSQLLSDQ,Tier2,2.5026969428502235
DHHQVYSPGEQ,TRTGDPFF,Tier2,2.888455085790656
DHHQVYSPGEQ,SDRDLLGPNNQYLPK,Tier2,2.551034397385047
DHHQVYSPGEQ,GENDQRGHIIFVQ,Tier2,2.5936060899711895
DHHQVYSPGEQ,NIDNPSHADFVNPQ,Tier2,1.970144889029961
DHHQVYSPGEQ,SFLAGGISSEHIQGQQQ,Tier2,2.7028201625234605
DHHQVYSPGEQ,WVHNDGNAE,Tier2,2.330230932728207
DHHQVYSPGEQ,NPSHADFV,Tier2,2.337676760990475
DHHQVYSPGEQ,DAYVGDEAQSK,Tier2,2.0233806021909726
DHHQVYSPGEQ,DSGDGVSHTVPIYEGY,Tier2,2.6717377757550427
DHHQVYSPGEQ,EVVLEKSETVKDT,Tier2,2.9232897408186544
DHHQVYSPGEQ,EYLAAEVLELAGNAAR,Tier2,2.982231581481657
DHHQVYSPGEQ,HAVSEGTK,Tier2,2.804287336876603
DHHQVYSPGEQ,LQLWDTAGQER,Tier2,2.4628159229228923
DHHQVYSPGEQ,LTDQHPEQIVTSEAKGS,Tier2,2.026682346909111
DHHQVYSPGEQ,TGLVIDSGDGVTH,Tier2,3.0046139406785333
DHHQVYSPGEQ,TIHSDHEGGNVSAH,Tier2,1.8032794808325134
DHHQVYSPGEQ,TTGIVLDSGDGVSH,Tier2,2.947496434195695
DHHQVYSPGEQ,VSAVNVKQEHSAS,Tier2,3.030164816296074
DHHQVYSPGEQ,ASEGGHG,Tier2,2.8469105762804046
DHHQVYSPGEQ,RHASEGG,Tier2,2.9517042547922863
DHHQVYSPGEQ,RHASEGGHG,Tier2,2.8440074696705127
DAHK,DHHK,Tier2,1.822492130214219
DAHK,RPNYTDA,Tier2,2.6867443728007885
DAHK,RHASEGG,Tier2,2.4452000581431066
DAHK,RHASEGGHG,Tier2,2.961694922121067
RASDPLLSV,LAPSLPGKPKPD,Tier2,2.1766973102526253
RASDPLLSV,TSQLLSDQ,Tier2,2.3567807665124754
RASDPLLSV,TRTGDPFF,Tier2,3.062993149711861
RASDPLLSV,LSGNK,Tier2,2.6584910575081686
RASDPLLSV,GLTSK,Tier2,2.361820621703489
RASDPLLSV,SDRDLLGPNNQYLPK,Tier2,3.0076471602784105
RASDPLLSV,AVLAPH,Tier2,2.831139422069588
RASDPLLSV,FPILEH,Tier2,2.5337598947029334
RASDPLLSV,FPILEHL,Tier2,2.749446435866643
RASDPLLSV,GENDQRGHIIFVQ,Tier2,3.0295799624565314
RASDPLLSV,GIVSPH,Tier2,2.818460612400943
RASDPLLSV,HNDGNTELVVVVF,Tier2,3.0268966987035135
RASDPLLSV,SEVFH,Tier2,2.8979680695854038
RASDPLLSV,SPHWTIN,Tier2,3.0290365791530234
RASDPLLSV,GTAHWL,Tier2,2.995734474938065
RASDPLLSV,NPSHADFV,Tier2,2.5551964483901752
RASDPLLSV,DNIQGITKPAIR,Tier2,2.5508665137674056
RASDPLLSV,EYLAAEVLELAGNAAR,Tier2,2.933296027279609
RASDPLLSV,GLLLPSFSNAPR,Tier2,1.9632902407966337
RASDPLLSV,GVDLIRQGWSR,Tier2,2.64983035807922
RASDPLLSV,HAVSEGTK,Tier2,2.3010299561317087
RASDPLLSV,IGGIGTVPVGR,Tier2,2.509497954278684
RASDPLLSV,ISITDFGGVGDGR,Tier2,1.7002688677600222
RASDPLLSV,SMLLTGGSASGGL,Tier2,2.7997940687996987
RASDPLLSV,TGLVIDSGDGVTH,Tier2,2.5384571425322027
RASDPLLSV,TTGIVLDSGDGVSH,Tier2,2.693650037112759
RASDPLLSV,VSAVNVKQEHSAS,Tier2,2.5579072299345116
RASDPLLSV,FVVPSGHPI,Tier2,2.7923677101930453
RASDPLLSV,VPSGHPI,Tier2,2.921125393358574
RASDPLLSV,VVPSGHPI,Tier2,2.69006063339629
RASDPLLSV,AQKIPAGT,Tier2,2.716773736018075
RASDPLLSV,ILAGPTTI,Tier2,2.818609711071258
RASDPLLSV,KKGVLGLA,Tier2,2.693546519773003
RASDPLLSV,CGN,Tier2,3.050796577831508
RASDPLLSV,CSGD,Tier2,2.988829300160058
RASDPLLSV,LAN,Tier2,2.2157036343439747
RNDDLNYIQ,TSQLLSDQ,Tier2,2.838549358298877
RNDDLNYIQ,SDRDLLGPNNQYLPK,Tier2,2.7797740317906383
RNDDLNYIQ,GENDQRGHIIFVQ,Tier2,2.286794166715508
RNDDLNYIQ,NIDNPSHADFVNPQ,Tier2,2.6048194694417073
RNDDLNYIQ,EVVLEKSETVKDT,Tier2,2.4958655179331055
RNDDLNYIQ,IINVIGEPIDER,Tier2,2.8849208488421176
RNDDLNYIQ,LQLWDTAGQER,Tier2,1.9077811002328604
LAPSLPGKPKPD,TSQLLSDQ,Tier2,3.060584028201221
LAPSLPGKPKPD,TRTGDPFF,Tier2,2.6488949098700845
LAPSLPGKPKPD,LSGNK,Tier2,2.3183506921619896
LAPSLPGKPKPD,GLTSK,Tier2,2.343485639907022
LAPSLPGKPKPD,SDRDLLGPNNQYLPK,Tier2,2.644931236351634
LAPSLPGKPKPD,SFLAGGISSEHIQGQQQ,Tier2,3.031808400090779
LAPSLPGKPKPD,YANQLDPNHRRF,Tier2,3.009905654033404
LAPSLPGKPKPD,NPSHADFV,Tier2,2.7804367776100354
LAPSLPGKPKPD,DNIQGITKPAIR,Tier2,2.225082243400797
LAPSLPGKPKPD,GLLLPSFSNAPR,Tier2,2.0527441714781594
LAPSLPGKPKPD,GVDLIRQGWSR,Tier2,2.7228762506415696
LAPSLPGKPKPD,HAVSEGTK,Tier2,1.4679771255191316
LAPSLPGKPKPD,ISITDFGGVGDGR,Tier2,2.7378009255288664
LAPSLPGKPKPD,VSAVNVKQEHSAS,Tier2,2.4977300595414205
LAPSLPGKPKPD,YLAGNPHQQQQGGR,Tier2,1.9918033963313142
LAPSLPGKPKPD,RHASEGG,Tier2,2.7638462326474937
LAPSLPGKPKPD,RHASEGGHG,Tier2,2.5618915926621746
LAPSLPGKPKPD,AQKIPAGT,Tier2,2.232913351772093
AGTTCLFTPLALPYDYSH,RCMAFLLSDGAAAAQQLLPQYW,Tier2,2.2466660920226595
AGTTCLFTPLALPYDYSH,SFLAGGISSEHIQGQQQ,Tier2,2.128841590574468
AGTTCLFTPLALPYDYSH,DSGDGVSHTVPIYEGY,Tier2,2.7796889863864336
AGTTCLFTPLALPYDYSH,EYLAAEVLELAGNAAR,Tier2,3.0024024123138755
AGTTCLFTPLALPYDYSH,GLLLPSFSNAPR,Tier2,2.8313417335977413
AGTTCLFTPLALPYDYSH,ISITDFGGVGDGR,Tier2,2.6711755185408608
AGTTCLFTPLALPYDYSH,SMLLTGGSASGGL,Tier2,2.5366446883940035
AGTTCLFTPLALPYDYSH,TGLVIDSGDGVTH,Tier2,2.8241293310579882
AGTTCLFTPLALPYDYSH,TTGIVLDSGDGVSH,Tier2,2.6551022176212284
AGTTCLFTPLALPYDYSH,VSAVNVKQEHSAS,Tier2,2.9958729425668813
AGTTCLFTPLALPYDYSH,FVVPSGHPI,Tier2,3.0135431054462805
AGTTCLFTPLALPYDYSH,GPHWPLPPF,Tier2,2.9301948756272185
RPNYTDA,TRTGDPFF,Tier2,2.5580795659481677
RPNYTDA,WVHNDGNAE,Tier2,2.862752952938914
RPNYTDA,DAYVGDEAQSK,Tier2,2.9352024877041303
RPNYTDA,HAVSEGTK,Tier2,2.9593215590470687
RPNYTDA,RHASEGG,Tier2,2.5621487518469785
RPNYTDA,RHASEGGHG,Tier2,3.026927822537792
TSQLLSDQ,TRTGDPFF,Tier2,3.023262013290131
TSQLLSDQ,LSGNK,Tier2,2.961233081203862
TSQLLSDQ,SDRDLLGPNNQYLPK,Tier2,2.59686401345891
TSQLLSDQ,FPILEH,Tier2,2.885849350428705
TSQLLSDQ,GENDQRGHIIFVQ,Tier2,2.1111362248128414
TSQLLSDQ,HNDGNTELVVVVF,Tier2,2.451241285771824
TSQLLSDQ,NIDNPSHADFVNPQ,Tier2,2.2043053219833624
TSQLLSDQ,SEVFH,Tier2,2.5055795396076506
TSQLLSDQ,SEVFHVD,Tier2,2.7176620268372873
TSQLLSDQ,SFLAGGISSEHIQGQQQ,Tier2,2.639877743443685
TSQLLSDQ,WVHNDGNAE,Tier2,2.5063633244231616
TSQLLSDQ,NPSHADFV,Tier2,1.769657057275656
TSQLLSDQ,DAYVGDEAQSK,Tier2,2.7358836469829546
TSQLLSDQ,DNIQGITKPAIR,Tier2,2.7764991323474644
TSQLLSDQ,EVVLEKSETVKDT,Tier2,2.501087494000028
TSQLLSDQ,EYLAAEVLELAGNAAR,Tier2,2.390359244696439
TSQLLSDQ,GVDLIRQGWSR,Tier2,2.9838587544695265
TSQLLSDQ,HAVSEGTK,Tier2,2.759903913288296
TSQLLSDQ,IINVIGEPIDER,Tier2,2.53565374692639
TSQLLSDQ,ISITDFGGVGDGR,Tier2,2.2897013182599864
TSQLLSDQ,LQLWDTAGQER,Tier2,1.9773966207590508
TSQLLSDQ,LTDQHPEQIVTSEAKGS,Tier2,2.636848861920316
TSQLLSDQ,TGLVIDSGDGVTH,Tier2,2.165962907261495
TSQLLSDQ,TIHSDHEGGNVSAH,Tier2,2.6438495948930885
TSQLLSDQ,TTGIVLDSGDGVSH,Tier2,2.3128489120942404
TSQLLSDQ,VSAVNVKQEHSAS,Tier2,2.3203146707156663
TSQLLSDQ,CSGD,Tier2,2.5973780075126047
TSQLLSDQ,QFAAD,Tier2,2.4069543748955984
TRTGDPFF,NFHPQ,Tier2,2.7481002317166348
TRTGDPFF,SEVFH,Tier2,2.8278690194100116
TRTGDPFF,WVHNDGNAE,Tier2,2.4322841574787852
TRTGDPFF,NPSHADFV,Tier2,2.053815553633282
TRTGDPFF,DAYVGDEAQSK,Tier2,2.8160765444258726
TRTGDPFF,HAVSEGTK,Tier2,2.333042647744855
TRTGDPFF,ISITDFGGVGDGR,Tier2,2.8628278666351723
TRTGDPFF,RHASEGG,Tier2,3.0616083952732005
TRTGDPFF,CSGD,Tier2,2.8503855643709337
TRTGDPFF,QFAAD,Tier2,2.905744255996965
NFHPQ,LSGNK,Tier2,2.4625400334909364
NFHPQ,GLTSK,Tier2,3.0697067444473953
NFHPQ,SPHWTIN,Tier2,2.739024349873927
NFHPQ,GVDFIRHR,Tier2,2.95862407725781
NFHPQ,NPSHADFV,Tier2,2.557867692027533
NFHPQ,GVDLIRQGWSR,Tier2,3.0090946995858987
NFHPQ,HAVSEGTK,Tier2,2.8343506430961654
NFHPQ,VSAVNVKQEHSAS,Tier2,3.0516305254608365
NFHPQ,AQKIPAGT,Tier2,2.841133679884114
NFHPQ,QFAAD,Tier2,2.7868776311136942
AWFS,WAFS,Tier2,1.5723981989732403
AWFS,GPHWPLPPF,Tier2,3.080994233846464
AWFS,HWPLPPF,Tier2,2.82093759803276
AWFS,PHWPLPPF,Tier2,2.93853602200217
AWFS,MMGW,Tier2,2.5055686493565226
AWFS,QFAW,Tier2,2.3850476086652677
YLLLK,RAILTLV,Tier2,2.5193388470607703
GIFE,FPILEH,Tier2,2.5592607690635174
GIFE,FPILEHL,Tier2,2.8330774878107303
GIFE,GVDFIRH,Tier2,2.8267825919753964
GIFE,SEVFH,Tier2,2.6021220563969694
GIFE,SEVFHVD,Tier2,2.2210867531571985
GIFE,PAIDL,Tier2,2.7264451493925455
GIFE,QFAAD,Tier2,2.713508406799551
WAFS,QFAW,Tier2,2.7386977857034367
MPACGSS,AIQSPH,Tier2,2.735353669882557
MPACGSS,FSPH,Tier2,2.9108448564843226
MPACGSS,ALFSPH,Tier2,2.9653390192286735
MTEEY,WVHNDGNAE,Tier2,2.9142439076413016
MTEEY,DAYVGDEAQSK,Tier2,2.543904602685757
MTEEY,GEHIEESR,Tier2,3.0217200680617244
LSGNK,GLTSK,Tier2,1.8584596320516185
LSGNK,SPHWTIN,Tier2,2.919831080082888
LSGNK,NPSHADFV,Tier2,2.9780001170280577
LSGNK,DNIQGITKPAIR,Tier2,2.4790333617584968
LSGNK,GLLLPSFSNAPR,Tier2,2.7196590398084592
LSGNK,GVDLIRQGWSR,Tier2,2.743008145144592
LSGNK,HAVSEGTK,Tier2,2.2603793081722072
LSGNK,VSAVNVKQEHSAS,Tier2,2.781125192817426
LSGNK,YLAGNPHQQQQGGR,Tier2,2.873448009858601
LSGNK,AQKIPAGT,Tier2,1.9841062862271537
LSGNK,KKGVLGLA,Tier2,2.9080477381245164
LSGNK,CGN,Tier2,2.9605419475673123
LSGNK,CTN,Tier2,2.6957865995988204
GEGSGA,NPSHADFV,Tier2,2.7808183789895966
GEGSGA,HAVSEGTK,Tier2,2.740951127714301
GEGSGA,ASEGGHG,Tier2,1.5802691441740522
GEGSGA,RHASEGGHG,Tier2,2.994312286398006
GEGSGA,CSGD,Tier2,2.6569394065350886
GLTSK,AVLAPH,Tier2,2.6944555699203594
GLTSK,GIVSPH,Tier2,2.4174300715518555
GLTSK,SPHWTIN,Tier2,2.4885578952598895
GLTSK,ALFSPH,Tier2,2.888278826665592
GLTSK,GTAHWL,Tier2,2.6277028669953095
GLTSK,GLLLPSFSNAPR,Tier2,2.5042599374254992
GLTSK,HAVSEGTK,Tier2,2.1245285631234236
GLTSK,IGGIGTVPVGR,Tier2,2.4480581299409025
GLTSK,VPSGHPI,Tier2,2.451479995642055
GLTSK,VVPSGHPI,Tier2,2.7940889058860723
GLTSK,AQKIPAGT,Tier2,1.9111826553725701
GLTSK,KKGVLGLA,Tier2,2.3566417511292257
GLTSK,CGN,Tier2,2.803897429453535
GLTSK,CTN,Tier2,2.9836865896925167
GLTSK,LAN,Tier2,2.9175884615585423
SDRDLLGPNNQYLPK,RCMAFLLSDGAAAAQQLLPQYW,Tier2,3.0189907755918606
SDRDLLGPNNQYLPK,GENDQRGHIIFVQ,Tier2,1.516656301216633
SDRDLLGPNNQYLPK,NIDNPSHADFVNPQ,Tier2,2.3878226208311286
SDRDLLGPNNQYLPK,SFLAGGISSEHIQGQQQ,Tier2,2.3699237040857
SDRDLLGPNNQYLPK,WVHNDGNAE,Tier2,2.9343019155080707
SDRDLLGPNNQYLPK,YANQLDPNHRRF,Tier2,2.73768330464593
SDRDLLGPNNQYLPK,NPSHADFV,Tier2,2.7770234047488693
SDRDLLGPNNQYLPK,DAYVGDEAQSK,Tier2,3.0529357811016804
SDRDLLGPNNQYLPK,DNIQGITKPAIR,Tier2,2.2975276439900716
SDRDLLGPNNQYLPK,EVVLEKSETVKDT,Tier2,2.6286396423878085
SDRDLLGPNNQYLPK,EYLAAEVLELAGNAAR,Tier2,2.5070111174657375
SDRDLLGPNNQYLPK,GVDLIRQGWSR,Tier2,2.5454984916031402
SDRDLLGPNNQYLPK,HAVSEGTK,Tier2,3.0375777325180042
SDRDLLGPNNQYLPK,ISITDFGGVGDGR,Tier2,2.568492501787647
SDRDLLGPNNQYLPK,LQLWDTAGQER,Tier2,2.336270054185891
SDRDLLGPNNQYLPK,LTDQHPEQIVTSEAKGS,Tier2,2.0808673101806594
SDRDLLGPNNQYLPK,TIHSDHEGGNVSAH,Tier2,2.766694008876196
SDRDLLGPNNQYLPK,VSAVNVKQEHSAS,Tier2,2.2486373237966375
SDRDLLGPNNQYLPK,YLAGNPHQQQQGGR,Tier2,2.428929767663945
FFRSKLLSDGAAAKGALLPQYW,RCMAFLLSDGAAAAQQLLPQYW,Tier2,2.1751610172513316
RCMAFLLSDGAAAAQQLLPQYW,SFLAGGISSEHIQGQQQ,Tier2,2.40817123858298
AIQSPH,FSPH,Tier2,2.878672478392023
AIQSPH,ALFSPH,Tier2,2.884220661833962
AIQSPH,VPSGHPI,Tier2,2.80571753049069
AVLAPH,GIVSPH,Tier2,0.8121789482581857
AVLAPH,SPHWTIN,Tier2,2.7576670822391485
AVLAPH,ALFSPH,Tier2,1.798175244358836
AVLAPH,GTAHWL,Tier2,2.128516110069959
AVLAPH,GLLLPSFSNAPR,Tier2,2.7366433833214736
AVLAPH,IGGIGTVPVGR,Tier2,2.0544935032702063
AVLAPH,SMLLTGGSASGGL,Tier2,1.9338956563835892
AVLAPH,FVVPSGHPI,Tier2,1.6287028691508982
AVLAPH,GPHWPLPPF,Tier2,2.9447292435599723
AVLAPH,VPSGHPI,Tier2,1.2879308036836425
AVLAPH,VVPSGHPI,Tier2,0.9730609183999426
AVLAPH,AQKIPAGT,Tier2,3.00683114997521
AVLAPH,ILAGPTTI,Tier2,1.1871645713666568
AVLAPH,KKGVLGLA,Tier2,2.9467190410035693
AVLAPH,RAILTLV,Tier2,2.8964058274163786
DFIRH,GVDFIRH,Tier2,1.6813971110655155
DFIRH,SEVFH,Tier2,2.713044532772918
DFIRH,DFIRHR,Tier2,1.7000157373777844
DFIRH,GVDFIRHR,Tier2,1.7182676626139892
DFIRH,GVDLIRQGWSR,Tier2,2.8400219845412984
DFIRH,LQLWDTAGQER,Tier2,2.9387458262908916
DFIRH,ERF,Tier2,2.9612686315885797
FPILEH,FPILEHL,Tier2,1.0370498676149895
FPILEH,GIVSPH,Tier2,3.08023968308817
FPILEH,GVDFIRH,Tier2,2.5893652066208093
FPILEH,HNDGNTELVVVVF,Tier2,3.033397423950749
FPILEH,SEVFH,Tier2,1.6500346508455668
FPILEH,SEVFHVD,Tier2,2.262085321001582
FPILEH,SPHWTIN,Tier2,2.9330798536209493
FPILEH,ALFSPH,Tier2,2.9957196975342337
FPILEH,NPSHADFV,Tier2,3.03503914421408
FPILEH,GVDLIRQGWSR,Tier2,2.9208082267777256
FPILEH,IINVIGEPIDER,Tier2,3.018284140874551
FPILEH,ISITDFGGVGDGR,Tier2,2.5599030922934416
FPILEH,TGLVIDSGDGVTH,Tier2,2.909514473130684
FPILEH,FVVPSGHPI,Tier2,2.6992452354306984
FPILEH,VVPSGHPI,Tier2,2.9512843378804594
FPILEH,PAIDL,Tier2,2.5988493091634552
FPILEHL,SEVFH,Tier2,2.6338179966462767
FPILEHL,SEVFHVD,Tier2,2.8145992624605802
FPILEHL,ISITDFGGVGDGR,Tier2,2.866533920933478
FPILEHL,FVVPSGHPI,Tier2,2.7865432023163943
FPILEHL,VVPSGHPI,Tier2,3.075947149598636
FPILEHL,PAIDL,Tier2,2.769285755944953
FPILEHL,RAILTLV,Tier2,2.725389171099569
FSPH,GIVSPH,Tier2,3.0091179705924618
FSPH,PHYA,Tier2,2.627292947978896
FSPH,SPHWTIN,Tier2,2.634663375611426
FSPH,ALFSPH,Tier2,2.040969537664856
FSPH,GPHWPLPPF,Tier2,2.3521035728993707
FSPH,HWPLPPF,Tier2,2.865252481104995
FSPH,PHWPLPPF,Tier2,2.5159429582204
FSPH,VPSGHPI,Tier2,2.732787649883599
GENDQRGHIIFVQ,HNDGNTELVVVVF,Tier2,2.2927445100569206
GENDQRGHIIFVQ,NIDNPSHADFVNPQ,Tier2,1.952928974460284
GENDQRGHIIFVQ,SFLAGGISSEHIQGQQQ,Tier2,2.3452249976389092
GENDQRGHIIFVQ,WVHNDGNAE,Tier2,2.925643485010276
GENDQRGHIIFVQ,NPSHADFV,Tier2,2.436964807289568
GENDQRGHIIFVQ,DNIQGITKPAIR,Tier2,2.501400431516799
GENDQRGHIIFVQ,EVVLEKSETVKDT,Tier2,2.044833165382046
GENDQRGHIIFVQ,EYLAAEVLELAGNAAR,Tier2,2.342044578908288
GENDQRGHIIFVQ,GVDLIRQGWSR,Tier2,2.471313183800443
GENDQRGHIIFVQ,IINVIGEPIDER,Tier2,2.325662038079367
GENDQRGHIIFVQ,ISITDFGGVGDGR,Tier2,2.6637379791521214
GENDQRGHIIFVQ,LQLWDTAGQER,Tier2,1.475851462584298
GENDQRGHIIFVQ,LTDQHPEQIVTSEAKGS,Tier2,2.338219710940144
GENDQRGHIIFVQ,TGLVIDSGDGVTH,Tier2,2.8654879024526427
GENDQRGHIIFVQ,TIHSDHEGGNVSAH,Tier2,2.993196973924953
GENDQRGHIIFVQ,TTGIVLDSGDGVSH,Tier2,2.9073629331582405
GENDQRGHIIFVQ,VSAVNVKQEHSAS,Tier2,2.1044394595438183
GIVSPH,SPHWTIN,Tier2,2.201907519689436
GIVSPH,ALFSPH,Tier2,1.3337183350391586
GIVSPH,GTAHWL,Tier2,1.9254483905465885
GIVSPH,GLLLPSFSNAPR,Tier2,2.564491360633568
GIVSPH,IGGIGTVPVGR,Tier2,2.0913834773114686
GIVSPH,SMLLTGGSASGGL,Tier2,1.8780028565053917
GIVSPH,FVVPSGHPI,Tier2,1.548203475784573
GIVSPH,GPHWPLPPF,Tier2,2.4193213901857584
GIVSPH,HWPLPPF,Tier2,3.0155849732927282
GIVSPH,PHWPLPPF,Tier2,2.6476933638285383
GIVSPH,VPSGHPI,Tier2,0.627603656296181
GIVSPH,VVPSGHPI,Tier2,0.7786256223324751
GIVSPH,AQKIPAGT,Tier2,2.7754899871061407
GIVSPH,ILAGPTTI,Tier2,1.6089012334902297
GIVSPH,KKGVLGLA,Tier2,3.0758853927070375
GVDFIRH,SEVFH,Tier2,2.366372910854362
GVDFIRH,SEVFHVD,Tier2,2.7764635088329634
GVDFIRH,DFIRHR,Tier2,2.7933964239854165
GVDFIRH,GVDFIRHR,Tier2,1.5165518789142298
GVDFIRH,NPSHADFV,Tier2,2.7979764370273355
GVDFIRH,DNIQGITKPAIR,Tier2,2.7718688016302417
GVDFIRH,GVDLIRQGWSR,Tier2,2.1766254683058404
GVDFIRH,LQLWDTAGQER,Tier2,2.9819291249195774
GVDFIRH,VSAVNVKQEHSAS,Tier2,2.6365351761389175
GVDFIRH,PAIDL,Tier2,2.976764334375928
GVDFIRH,QFAAD,Tier2,3.03855911140111
HNDGNTELVVVVF,NIDNPSHADFVNPQ,Tier2,2.603731451196024
HNDGNTELVVVVF,SEVFHVD,Tier2,2.9486947287375247
HNDGNTELVVVVF,SFLAGGISSEHIQGQQQ,Tier2,2.943253785911979
HNDGNTELVVVVF,WVHNDGNAE,Tier2,2.9671085545365865
HNDGNTELVVVVF,NPSHADFV,Tier2,2.81809685988427
HNDGNTELVVVVF,AVFVDLEPTVIDEVR,Tier2,2.835209141626666
HNDGNTELVVVVF,EVVLEKSETVKDT,Tier2,2.273496955504925
HNDGNTELVVVVF,EYLAAEVLELAGNAAR,Tier2,2.017678562206158
HNDGNTELVVVVF,IINVIGEPIDER,Tier2,2.0659086792101613
HNDGNTELVVVVF,ISITDFGGVGDGR,Tier2,2.7580330200457364
HNDGNTELVVVVF,LQLWDTAGQER,Tier2,2.649404076372034
HNDGNTELVVVVF,LTDQHPEQIVTSEAKGS,Tier2,2.6397289488848736
HNDGNTELVVVVF,TGLVIDSGDGVTH,Tier2,2.351716236966688
HNDGNTELVVVVF,TTGIVLDSGDGVSH,Tier2,2.5195105899456407
NIDNPSHADFVNPQ,SFLAGGISSEHIQGQQQ,Tier2,2.356452691628547
NIDNPSHADFVNPQ,WVHNDGNAE,Tier2,2.708760786078667
NIDNPSHADFVNPQ,NPSHADFV,Tier2,2.5649382997967742
NIDNPSHADFVNPQ,DAYVGDEAQSK,Tier2,2.7098223774685852
NIDNPSHADFVNPQ,DSGDGVSHTVPIYEGY,Tier2,3.082673917664275
NIDNPSHADFVNPQ,EVVLEKSETVKDT,Tier2,2.098128557624109
NIDNPSHADFVNPQ,EYLAAEVLELAGNAAR,Tier2,2.240367614495515
NIDNPSHADFVNPQ,IINVIGEPIDER,Tier2,2.802043692465963
NIDNPSHADFVNPQ,LQLWDTAGQER,Tier2,1.3858968694234775
NIDNPSHADFVNPQ,LTDQHPEQIVTSEAKGS,Tier2,1.8753900230613443
NIDNPSHADFVNPQ,TGLVIDSGDGVTH,Tier2,2.8980646206459313
NIDNPSHADFVNPQ,TIHSDHEGGNVSAH,Tier2,2.572035464862085
NIDNPSHADFVNPQ,TTGIVLDSGDGVSH,Tier2,2.8944483320585195
NIDNPSHADFVNPQ,VSAVNVKQEHSAS,Tier2,2.7129799421026592
SEVFH,SEVFHVD,Tier2,1.825142574026842
SEVFH,SPHWTIN,Tier2,2.842301221318986
SEVFH,NPSHADFV,Tier2,2.067092967128378
SEVFH,ISITDFGGVGDGR,Tier2,2.6014614558458033
SEVFH,LQLWDTAGQER,Tier2,2.829384607902945
SEVFH,TGLVIDSGDGVTH,Tier2,2.8244710657287446
SEVFH,TTGIVLDSGDGVSH,Tier2,3.0355514033415405
SEVFH,VSAVNVKQEHSAS,Tier2,3.0547763625896165
SEVFH,CSGD,Tier2,2.7483489812959574
SEVFH,QFAAD,Tier2,2.4403367894735934
SEVFHVD,NPSHADFV,Tier2,2.9122489533466522
SEVFHVD,AVFVDLEPTVIDEVR,Tier2,2.6641461068216934
SEVFHVD,EVVLEKSETVKDT,Tier2,2.577445281603422
SEVFHVD,EYLAAEVLELAGNAAR,Tier2,2.8879246628057698
SEVFHVD,IINVIGEPIDER,Tier2,2.225227558739618
SEVFHVD,ISITDFGGVGDGR,Tier2,2.7316102089100065
SEVFHVD,LQLWDTAGQER,Tier2,2.955908148017668
SEVFHVD,TGLVIDSGDGVTH,Tier2,2.649643152506063
SEVFHVD,TTGIVLDSGDGVSH,Tier2,2.8824285361673576
SEVFHVD,PAIDL,Tier2,3.0098865904033554
SEVFHVD,QFAAD,Tier2,2.5962457431624646
SFLAGGISSEHIQGQQQ,NPSHADFV,Tier2,3.041358072541566
SFLAGGISSEHIQGQQQ,DNIQGITKPAIR,Tier2,2.890016521474095
SFLAGGISSEHIQGQQQ,DSGDGVSHTVPIYEGY,Tier2,2.5947771552398824
SFLAGGISSEHIQGQQQ,EYLAAEVLELAGNAAR,Tier2,2.405513056703284
SFLAGGISSEHIQGQQQ,GLLLPSFSNAPR,Tier2,2.781413686446694
SFLAGGISSEHIQGQQQ,ISITDFGGVGDGR,Tier2,2.3625447216644133
SFLAGGISSEHIQGQQQ,LQLWDTAGQER,Tier2,2.637375947931277
SFLAGGISSEHIQGQQQ,LTDQHPEQIVTSEAKGS,Tier2,2.152605028336681
SFLAGGISSEHIQGQQQ,TGLVIDSGDGVTH,Tier2,2.571366804006385
SFLAGGISSEHIQGQQQ,TIHSDHEGGNVSAH,Tier2,2.496179187906872
SFLAGGISSEHIQGQQQ,TTGIVLDSGDGVSH,Tier2,2.5367103052399655
SFLAGGISSEHIQGQQQ,VSAVNVKQEHSAS,Tier2,2.3517661764528306
SFLAGGISSEHIQGQQQ,YLAGNPHQQQQGGR,Tier2,3.083239035911902
SPHWTIN,ALFSPH,Tier2,1.975875656695907
SPHWTIN,GTAHWL,Tier2,2.2526497167068538
SPHWTIN,NPSHADFV,Tier2,2.9329832209751023
SPHWTIN,GLLLPSFSNAPR,Tier2,2.593267639868094
SPHWTIN,GVDLIRQGWSR,Tier2,2.9214418644063955
SPHWTIN,HAVSEGTK,Tier2,3.042539345349941
SPHWTIN,IGGIGTVPVGR,Tier2,2.7078120958235186
SPHWTIN,ISITDFGGVGDGR,Tier2,2.8478339649743947
SPHWTIN,SMLLTGGSASGGL,Tier2,2.6558464585512427
SPHWTIN,VSAVNVKQEHSAS,Tier2,2.5053197279898365
SPHWTIN,FVVPSGHPI,Tier2,2.4609169428103073
SPHWTIN,GPHWPLPPF,Tier2,1.6197998740445885
SPHWTIN,HWPLPPF,Tier2,2.357366773587649
SPHWTIN,PHWPLPPF,Tier2,1.8940646380879498
SPHWTIN,VPSGHPI,Tier2,2.0607012400514333
SPHWTIN,VVPSGHPI,Tier2,2.41446174374727
SPHWTIN,AQKIPAGT,Tier2,2.6505306602848897
WVHNDGNAE,NPSHADFV,Tier2,2.659464480617732
WVHNDGNAE,DAYVGDEAQSK,Tier2,1.2574200355612892
WVHNDGNAE,EVVLEKSETVKDT,Tier2,2.633157868561833
WVHNDGNAE,LQLWDTAGQER,Tier2,3.0305535105040815
WVHNDGNAE,LTDQHPEQIVTSEAKGS,Tier2,2.4394787238448985
WVHNDGNAE,TIHSDHEGGNVSAH,Tier2,2.7184348649245
WVHNDGNAE,HADAD,Tier2,2.9369777467352973
WVHNDGNAE,CSGD,Tier2,3.0161176893807116
YANQLDPNHRRF,DFIRHR,Tier2,2.774427564069158
YANQLDPNHRRF,GVDFIRHR,Tier2,2.9985003779964368
YANQLDPNHRRF,DNIQGITKPAIR,Tier2,2.4821183431627167
YANQLDPNHRRF,GVDLIRQGWSR,Tier2,2.748688090763284
YANQLDPNHRRF,LQLWDTAGQER,Tier2,2.8937400055147355
YANQLDPNHRRF,YLAGNPHQQQQGGR,Tier2,2.096735052755986
ALFSPH,GTAHWL,Tier2,2.046232379523746
ALFSPH,GLLLPSFSNAPR,Tier2,2.579543776739968
ALFSPH,IGGIGTVPVGR,Tier2,2.5515284957619806
ALFSPH,SMLLTGGSASGGL,Tier2,2.3597907274091448
ALFSPH,FVVPSGHPI,Tier2,1.5611161021539062
ALFSPH,GPHWPLPPF,Tier2,1.6841877651453834
ALFSPH,HWPLPPF,Tier2,2.240409648248199
ALFSPH,PHWPLPPF,Tier2,1.8743706786294325
ALFSPH,VPSGHPI,Tier2,1.3124267061619272
ALFSPH,VVPSGHPI,Tier2,1.5371165447098938
ALFSPH,ILAGPTTI,Tier2,2.3274749952188194
DFIRHR,GVDFIRHR,Tier2,1.684047728014281
DFIRHR,GVDLIRQGWSR,Tier2,2.965561993766384
GTAHWL,NPSHADFV,Tier2,2.841647733924258
GTAHWL,GLLLPSFSNAPR,Tier2,2.829954733625513
GTAHWL,IGGIGTVPVGR,Tier2,2.9878295391884317
GTAHWL,SMLLTGGSASGGL,Tier2,2.024613525433736
GTAHWL,FVVPSGHPI,Tier2,1.7924069561319058
GTAHWL,GPHWPLPPF,Tier2,2.6402707122731983
GTAHWL,PHWPLPPF,Tier2,2.973694103360218
GTAHWL,VPSGHPI,Tier2,1.8785962694494753
GTAHWL,VVPSGHPI,Tier2,1.9076018858264
GTAHWL,AQKIPAGT,Tier2,2.495103455079148
GTAHWL,ILAGPTTI,Tier2,2.3409772271114555
GVDFIRHR,DNIQGITKPAIR,Tier2,2.2567459811529167
GVDFIRHR,GVDLIRQGWSR,Tier2,1.8121769658911173
GVDFIRHR,VSAVNVKQEHSAS,Tier2,2.7490470432517404
NPSHADFV,DAYVGDEAQSK,Tier2,3.013864952892928
NPSHADFV,DNIQGITKPAIR,Tier2,3.0565420498617084
NPSHADFV,EVVLEKSETVKDT,Tier2,3.0268557061264234
NPSHADFV,EYLAAEVLELAGNAAR,Tier2,2.73451617239921
NPSHADFV,GVDLIRQGWSR,Tier2,3.0343954238612927
NPSHADFV,HAVSEGTK,Tier2,2.281119665021811
NPSHADFV,ISITDFGGVGDGR,Tier2,2.443704469416392
NPSHADFV,LQLWDTAGQER,Tier2,2.4246125583720044
NPSHADFV,LTDQHPEQIVTSEAKGS,Tier2,2.8829771638294717
NPSHADFV,TGLVIDSGDGVTH,Tier2,2.400850194425021
NPSHADFV,TIHSDHEGGNVSAH,Tier2,2.4580473155875433
NPSHADFV,TTGIVLDSGDGVSH,Tier2,2.423364847634206
NPSHADFV,VSAVNVKQEHSAS,Tier2,2.273824029963646
NPSHADFV,ASEGGHG,Tier2,2.6698373349143476
NPSHADFV,RHASEGGHG,Tier2,3.043606992681413
NPSHADFV,AQKIPAGT,Tier2,2.6120590774494596
NPSHADFV,CSGD,Tier2,2.519880316660515
NPSHADFV,QFAAD,Tier2,2.106106507285268
AVFVDLEPTVIDEVR,EVVLEKSETVKDT,Tier2,2.575809495417307
AVFVDLEPTVIDEVR,EYLAAEVLELAGNAAR,Tier2,2.6110954877460517
AVFVDLEPTVIDEVR,IINVIGEPIDER,Tier2,1.7256628191265526
DAYVGDEAQSK,DSGDGVSHTVPIYEGY,Tier2,2.8654831420175317
DAYVGDEAQSK,EVVLEKSETVKDT,Tier2,2.8178649495912715
DAYVGDEAQSK,EYLAAEVLELAGNAAR,Tier2,3.0313347163580486
DAYVGDEAQSK,LTDQHPEQIVTSEAKGS,Tier2,2.2067839651797403
DAYVGDEAQSK,TIHSDHEGGNVSAH,Tier2,2.477916687227529
DAYVGDEAQSK,HADAD,Tier2,2.8426991423219157
DNIQGITKPAIR,GLLLPSFSNAPR,Tier2,2.3406167250754075
DNIQGITKPAIR,GVDLIRQGWSR,Tier2,1.0531559332263516
DNIQGITKPAIR,HAVSEGTK,Tier2,2.9084480754789728
DNIQGITKPAIR,ISITDFGGVGDGR,Tier2,2.9273371795544594
DNIQGITKPAIR,LQLWDTAGQER,Tier2,2.5598111896061835
DNIQGITKPAIR,VSAVNVKQEHSAS,Tier2,1.6358327322644928
DNIQGITKPAIR,YLAGNPHQQQQGGR,Tier2,2.5971700763854537
DNIQGITKPAIR,AQKIPAGT,Tier2,2.635602103660428
DSGDGVSHTVPIYEGY,EYLAAEVLELAGNAAR,Tier2,2.2706183868955154
DSGDGVSHTVPIYEGY,ISITDFGGVGDGR,Tier2,2.460938035955753
DSGDGVSHTVPIYEGY,LTDQHPEQIVTSEAKGS,Tier2,2.1452513104550173
DSGDGVSHTVPIYEGY,TGLVIDSGDGVTH,Tier2,2.063108528491947
DSGDGVSHTVPIYEGY,TIHSDHEGGNVSAH,Tier2,1.7869178439715498
DSGDGVSHTVPIYEGY,TTGIVLDSGDGVSH,Tier2,1.9340380655141534
EVVLEKSETVKDT,EYLAAEVLELAGNAAR,Tier2,2.007829508063956
EVVLEKSETVKDT,IINVIGEPIDER,Tier2,1.6672012680768122
EVVLEKSETVKDT,ISITDFGGVGDGR,Tier2,3.0138629654672373
EVVLEKSETVKDT,LQLWDTAGQER,Tier2,2.134607267101006
EVVLEKSETVKDT,LTDQHPEQIVTSEAKGS,Tier2,2.2775923533432714
EVVLEKSETVKDT,TGLVIDSGDGVTH,Tier2,2.8224091295217395
EVVLEKSETVKDT,TIHSDHEGGNVSAH,Tier2,3.007226386798956
EVVLEKSETVKDT,TTGIVLDSGDGVSH,Tier2,2.9332597766940602
EYLAAEVLELAGNAAR,IINVIGEPIDER,Tier2,2.124932169448649
EYLAAEVLELAGNAAR,ISITDFGGVGDGR,Tier2,2.0300826206115716
EYLAAEVLELAGNAAR,LQLWDTAGQER,Tier2,2.6698289574475766
EYLAAEVLELAGNAAR,LTDQHPEQIVTSEAKGS,Tier2,1.7921714726361306
EYLAAEVLELAGNAAR,TGLVIDSGDGVTH,Tier2,1.683867547643886
EYLAAEVLELAGNAAR,TIHSDHEGGNVSAH,Tier2,2.2661934142663465
EYLAAEVLELAGNAAR,TTGIVLDSGDGVSH,Tier2,1.6894231606469117
EYLAAEVLELAGNAAR,VSAVNVKQEHSAS,Tier2,2.78965753785567
GLLLPSFSNAPR,GVDLIRQGWSR,Tier2,2.3329774326403077
GLLLPSFSNAPR,HAVSEGTK,Tier2,2.885002214406013
GLLLPSFSNAPR,IGGIGTVPVGR,Tier2,1.9591787189541714
GLLLPSFSNAPR,ISITDFGGVGDGR,Tier2,2.608753951912012
GLLLPSFSNAPR,SMLLTGGSASGGL,Tier2,2.4551790092693997
GLLLPSFSNAPR,VSAVNVKQEHSAS,Tier2,2.4013687674240876
GLLLPSFSNAPR,YLAGNPHQQQQGGR,Tier2,3.0516123052211244
GLLLPSFSNAPR,FVVPSGHPI,Tier2,2.174726217478766
GLLLPSFSNAPR,GPHWPLPPF,Tier2,2.696653853363882
GLLLPSFSNAPR,PHWPLPPF,Tier2,2.875710915796705
GLLLPSFSNAPR,VPSGHPI,Tier2,2.50774893628156
GLLLPSFSNAPR,VVPSGHPI,Tier2,2.307239425611045
GLLLPSFSNAPR,AQKIPAGT,Tier2,2.5232653948283437
GLLLPSFSNAPR,ILAGPTTI,Tier2,2.6920908085913133
GLLLPSFSNAPR,KKGVLGLA,Tier2,2.5770221729881944
GVDLIRQGWSR,ISITDFGGVGDGR,Tier2,2.8863366655012657
GVDLIRQGWSR,LQLWDTAGQER,Tier2,2.588276522092736
GVDLIRQGWSR,VSAVNVKQEHSAS,Tier2,1.8084611614931618
GVDLIRQGWSR,AQKIPAGT,Tier2,2.921466590278762
GVDLIRQGWSR,KKGVLGLA,Tier2,3.0653422767275926
HAVSEGTK,ISITDFGGVGDGR,Tier2,2.6543096018876997
HAVSEGTK,TIHSDHEGGNVSAH,Tier2,2.5931251705214784
HAVSEGTK,VSAVNVKQEHSAS,Tier2,2.7676066002358453
HAVSEGTK,YLAGNPHQQQQGGR,Tier2,2.7905477185884386
HAVSEGTK,ASEGGHG,Tier2,2.2763023756993768
HAVSEGTK,RHASEGG,Tier2,2.135523650281311
HAVSEGTK,RHASEGGHG,Tier2,1.9659817169954037
HAVSEGTK,AQKIPAGT,Tier2,2.313347057075802
HAVSEGTK,CSGD,Tier2,2.5873072203458647
IGGIGTVPVGR,SMLLTGGSASGGL,Tier2,2.5034856385600306
IGGIGTVPVGR,FVVPSGHPI,Tier2,2.331711898816356
IGGIGTVPVGR,GPHWPLPPF,Tier2,2.636238858852047
IGGIGTVPVGR,HWPLPPF,Tier2,2.9262021224938572
IGGIGTVPVGR,PHWPLPPF,Tier2,2.6621270555822116
IGGIGTVPVGR,VPSGHPI,Tier2,2.3625094517177687
IGGIGTVPVGR,VVPSGHPI,Tier2,2.159436066775088
IGGIGTVPVGR,ILAGPTTI,Tier2,2.3058782938096822
IGGIGTVPVGR,KKGVLGLA,Tier2,2.0295648164548257
IGGIGTVPVGR,RAILTLV,Tier2,2.613682867626172
IINVIGEPIDER,ISITDFGGVGDGR,Tier2,2.971629202112569
IINVIGEPIDER,LQLWDTAGQER,Tier2,2.4787158305802732
IINVIGEPIDER,TGLVIDSGDGVTH,Tier2,2.6473917404802547
IINVIGEPIDER,TTGIVLDSGDGVSH,Tier2,2.847179681793247
ISITDFGGVGDGR,LTDQHPEQIVTSEAKGS,Tier2,2.663452584048809
ISITDFGGVGDGR,SMLLTGGSASGGL,Tier2,3.008874733653931
ISITDFGGVGDGR,TGLVIDSGDGVTH,Tier2,1.804387290476278
ISITDFGGVGDGR,TIHSDHEGGNVSAH,Tier2,2.384548552400381
ISITDFGGVGDGR,TTGIVLDSGDGVSH,Tier2,1.9038746965164446
ISITDFGGVGDGR,VSAVNVKQEHSAS,Tier2,2.5428992777883646
ISITDFGGVGDGR,CSGD,Tier2,2.8416190121929477
ISITDFGGVGDGR,QFAAD,Tier2,2.7829139749133707
LQLWDTAGQER,LTDQHPEQIVTSEAKGS,Tier2,2.7101777340043123
LQLWDTAGQER,VSAVNVKQEHSAS,Tier2,2.2460902787087305
LTDQHPEQIVTSEAKGS,TGLVIDSGDGVTH,Tier2,2.4459254198485736
LTDQHPEQIVTSEAKGS,TIHSDHEGGNVSAH,Tier2,1.6066817077603779
LTDQHPEQIVTSEAKGS,TTGIVLDSGDGVSH,Tier2,2.358991505893044
LTDQHPEQIVTSEAKGS,VSAVNVKQEHSAS,Tier2,3.078491050073271
SMLLTGGSASGGL,TGLVIDSGDGVTH,Tier2,2.848948622030631
SMLLTGGSASGGL,TTGIVLDSGDGVSH,Tier2,2.7753501096850193
SMLLTGGSASGGL,VSAVNVKQEHSAS,Tier2,2.7664438499937902
SMLLTGGSASGGL,FVVPSGHPI,Tier2,1.5925102378611944
SMLLTGGSASGGL,GPHWPLPPF,Tier2,2.8013787971642805
SMLLTGGSASGGL,VPSGHPI,Tier2,1.693839540170366
SMLLTGGSASGGL,VVPSGHPI,Tier2,1.4376769201198296
SMLLTGGSASGGL,AQKIPAGT,Tier2,2.76039785405485
SMLLTGGSASGGL,ILAGPTTI,Tier2,1.4830596093786366
TGLVIDSGDGVTH,TIHSDHEGGNVSAH,Tier2,1.963117576357196
TGLVIDSGDGVTH,TTGIVLDSGDGVSH,Tier2,0.3709900701849027
TGLVIDSGDGVTH,VSAVNVKQEHSAS,Tier2,2.8669178365061168
TIHSDHEGGNVSAH,TTGIVLDSGDGVSH,Tier2,1.8314527790134554
TIHSDHEGGNVSAH,VSAVNVKQEHSAS,Tier2,3.002628129516829
TIHSDHEGGNVSAH,ASEGGHG,Tier2,2.9460461533569444
TTGIVLDSGDGVSH,VSAVNVKQEHSAS,Tier2,2.8487036184370353
VSAVNVKQEHSAS,YLAGNPHQQQQGGR,Tier2,2.899617494322432
VSAVNVKQEHSAS,FVVPSGHPI,Tier2,2.9663461392990675
VSAVNVKQEHSAS,VPSGHPI,Tier2,2.974342477143619
VSAVNVKQEHSAS,VVPSGHPI,Tier2,2.925862903045366
VSAVNVKQEHSAS,AQKIPAGT,Tier2,2.146355744847112
YLAGNPHQQQQGGR,RHASEGGHG,Tier2,2.8764110846304254
YLAGNPHQQQQGGR,AQKIPAGT,Tier2,3.01055012262219
ASEGGHG,RHASEGG,Tier2,2.0206100045620916
ASEGGHG,RHASEGGHG,Tier2,1.8102334298348928
ASEGGHG,CSGD,Tier2,2.965209472249603
FVVPSGHPI,GPHWPLPPF,Tier2,2.4468519848818784
FVVPSGHPI,HWPLPPF,Tier2,3.04383770915252
FVVPSGHPI,PHWPLPPF,Tier2,2.6760222955363773
FVVPSGHPI,VPSGHPI,Tier2,1.6559739966291722
FVVPSGHPI,VVPSGHPI,Tier2,0.9979812455126579
FVVPSGHPI,ILAGPTTI,Tier2,1.47510938146742
FVVPSGHPI,RAILTLV,Tier2,3.0271651949118095
GPHWPLPPF,HWPLPPF,Tier2,1.297263297150273
GPHWPLPPF,PHWPLPPF,Tier2,0.5842767432911391
GPHWPLPPF,VPSGHPI,Tier2,2.282577527130525
GPHWPLPPF,VVPSGHPI,Tier2,2.6017573627323753
HWPLPPF,PHWPLPPF,Tier2,0.7730032496796176
PHWPLPPF,VPSGHPI,Tier2,2.6161222241885835
PHWPLPPF,VVPSGHPI,Tier2,2.868709094719148
RHASEGG,RHASEGGHG,Tier2,1.107219339770301
RHASEGGHG,AQKIPAGT,Tier2,2.992225627522096
VPSGHPI,VVPSGHPI,Tier2,0.9139972317862151
VPSGHPI,AQKIPAGT,Tier2,2.5400770497164906
VPSGHPI,ILAGPTTI,Tier2,1.8330442235844433
VVPSGHPI,AQKIPAGT,Tier2,2.7877115376994754
VVPSGHPI,ILAGPTTI,Tier2,1.1665320010104938
AIVIL,LLGIL,Tier2,1.154166162117348
AIVIL,LLLGI,Tier2,1.4217937900467137
AIVIL,LLLLG,Tier2,0.81972337184403
ILAGPTTI,RAILTLV,Tier2,2.8004235944687426
KKGVLGLA,RAILTLV,Tier2,2.4591436297656686
LLGIL,LLLGI,Tier2,0.8302999768991387
LLGIL,LLLLG,Tier2,1.118316170428375
LLGIL,RAILTLV,Tier2,2.783917327643982
LLLGI,LLLLG,Tier2,1.0812123162152039
LLLGI,RAILTLV,Tier2,2.9451473550762484
LLLLG,RAILTLV,Tier2,2.9801773827911515
CGN,CSGD,Tier2,2.7137505050790183
CGN,CTN,Tier2,1.8770899797535379
CGN,LAN,Tier2,2.709536791339672
CSGD,CTN,Tier2,2.9125174427562386
CSGD,QFAAD,Tier2,2.327232864503544
CTN,LAN,Tier2,2.955551966269219
